10000168395|6
10000168396|8
10000338739|8
10000413084|2
10000549504|8
10000631417|8
10000658326|1
10000669302|4
10000683167|9
10000683207|4
10000683878|8
10000856119|4
10000963090|5
10000979384|1
10000990224|2
10000990480|9
10000991935|0
10000991937|0
10001351032|9
10001351034|9
10001351035|2
10001351037|2
10001351102|5
10001352464|5
10001354559|8
10001361760|2
10001362658|5
10001362660|5
10001362662|8
10001363332|2
10001363333|3
10001364158|2
10001364159|7
10001365255|2
10001365260|6
10001370028|9
10001370629|7
10001370704|2
10001370725|5
10001370746|7
10001371786|3
10001371886|5
10001373506|7
10001373731|5
10001374111|6
10001374136|6
10001374696|9
10001374698|5
10001374700|6
10001375592|8
10001377568|6
10001377569|4
10001379394|2
10001379396|7
10001379398|2
10001379609|4
10001379610|0
10001379611|6
10001379612|7
10001379614|9
10001379615|3
10001379616|9
10001379619|3
10001379621|6
10001379622|9
10001379623|8
10001379624|5
10001379646|6
10001379648|2
10001379649|0
10001379650|4
10001379658|8
10001379659|1
10001379660|3
10001379661|1
10001379663|4
10001379998|9
10001380002|3
10001380010|5
10001380328|4
10001380374|2
10001381081|0
10001381134|3
10001381137|9
10001381141|4
10001381143|4
10001381145|1
10001381147|1
10001381151|6
10001381155|4
10001381160|5
10001381161|8
10001381164|4
10001381322|0
10001381583|8
10001381584|6
10001381774|7
10001387305|1
10001387307|4
10001387310|4
10001387313|5
10001387363|7
10001387634|0
10001387635|1
10001388167|6
10001388171|6
10001388172|4
10001388177|6
10001388182|2
10001388190|5
10001388193|7
10001388483|8
10001388739|1
10001388787|2
10001388788|7
10001388790|9
10001388791|3
10001388793|7
10001388795|7
10001388826|8
10001388828|1
10001388831|6
10001388833|4
10001388835|9
10001388840|0
10001388841|1
10001388842|3
10001388845|1
10001388847|2
10001388853|8
10001388859|7
10001388868|4
10001388870|8
10001390148|0
10001390149|3
10001390152|0
10001390153|9
10001390155|4
10001390157|3
10001390158|3
10001390160|9
10001390163|3
10001390214|5
10001390215|9
10001390221|9
10001390225|1
10001390227|5
10001390230|0
10001390232|3
10001390236|0
10001390238|5
10001390239|4
10001390241|5
10001390243|6
10001390244|4
10001390246|0
10001390247|6
10001390251|7
10001390252|2
10001390882|9
10001390887|5
10001390896|1
10001391016|5
10001391033|4
10001391038|1
10001391044|3
10001391051|5
10001391055|6
10001391059|6
10001391679|4
10001391790|3
10001391827|5
10001391833|8
10001391836|8
10001391980|9
10001391985|4
10001391987|7
10001392000|2
10001392001|0
10001392002|5
10001392004|5
10001392006|0
10001392007|1
10001392009|8
10001392019|2
10001392020|4
10001392023|1
10001392025|5
10001392028|2
10001392031|2
10001392033|4
10001392035|3
10001393549|9
10001393551|9
10001393555|8
10001393559|0
10001393561|7
10001393565|8
10001393567|9
10001393568|9
10001393571|3
10001393574|2
10001393576|1
10001393579|6
10001393605|0
10001393607|1
10001393609|9
10001393613|9
10001393616|2
10001394275|6
10001394277|4
10001394280|3
10001394282|0
10001394290|5
10001394292|1
10001394293|5
10001394296|0
10001394297|2
10001394305|3
10001394306|2
10001394308|0
10001394312|0
10001394327|4
10001394329|8
10001394332|0
10001394336|7
10001394337|0
10001395283|5
10001395284|8
10001395287|1
10001396146|2
10001396161|8
10001396164|6
10001396166|0
10001396167|9
10001396170|4
10001396237|3
10001396400|6
10001397406|1
10001397783|7
10001397786|9
10001398047|3
10001398578|7
10001398580|8
10001398581|3
10001398583|9
10001399558|0
10001399560|1
10001399563|7
10001399565|5
10001399577|1
10001399579|4
10001399580|5
10001399585|6
10001399594|4
10001399621|9
10001399626|3
10001399629|6
10001399634|0
10001399638|0
10001399642|0
10001399757|6
10001399800|7
10001399801|0
10001399803|6
10001399804|3
10001399805|7
10001399806|1
10001399807|8
10001399808|4
10001400016|2
10001400018|0
10001400020|2
10001400022|9
10001400023|9
10001400025|1
10001400026|9
10001400027|0
10001400029|4
10001400031|7
10001400035|7
10001400048|2
10001400180|9
10001400183|6
10001400186|0
10001400190|4
10001400193|7
10001400195|3
10001400200|7
10001400281|6
10001400285|0
10001400286|0
10001400289|0
10001400697|5
10001400700|2
10001400704|0
10001400940|0
10001400944|0
10001401528|3
10001401586|6
10001401744|0
10001402799|1
10001402805|3
10001402808|3
10001403364|8
10001403693|2
10001403897|7
10001403899|1
10001404309|3
10001404318|0
10001404647|3
10001405426|6
10001406421|8
10001407264|0
10001407267|0
10001407270|3
10001407397|0
10001407934|6
10001409094|6
10001409429|0
10001409641|9
10001409781|5
10001410100|9
10001410115|8
10001410119|2
10001410121|6
10001410122|7
10001410125|1
10001410127|5
10001410128|8
10001410131|5
10001410134|9
10001410136|6
10001410137|5
10001410141|9
10001410149|1
10001410151|5
10001410155|2
10001410813|0
10001410814|6
10001410816|8
10001410817|9
10001410822|3
10001410823|8
10001410825|9
10001410832|2
10001410834|5
10001410836|2
10001410837|9
10001410874|0
10001410879|4
10001410885|3
10001410961|0
10001410968|1
10001410971|4
10001410974|4
10001410979|4
10001410986|9
10001410989|5
10001410990|0
10001410994|1
10001410997|1
10001411001|3
10001411315|1
10001411320|3
10001411325|5
10001411331|2
10001411414|3
10001411455|3
10001411465|4
10001411470|6
10001411532|3
10001411533|7
10001411534|3
10001412212|4
10001412213|9
10001412719|6
10001413326|0
10001413334|2
10001413336|9
10001413337|5
10001413338|9
10001414626|6
10001415049|7
10001415050|3
10001415059|2
10001415109|1
10001415112|0
10001415115|5
10001415116|9
10001415118|4
10001415119|9
10001415123|0
10001415126|8
10001415127|0
10001415131|2
10001415135|3
10001415139|6
10001415140|4
10001415142|7
10001415144|0
10001415154|8
10001415156|5
10001415453|5
10001415456|7
10001415659|8
10001415662|0
10001415666|6
10001415673|9
10001415677|0
10001416260|1
10001417165|0
10001417172|5
10001417176|8
10001417186|6
10001417227|8
10001417230|8
10001417234|3
10001417240|9
10001417242|5
10001417249|8
10001417250|5
10001417264|6
10001417305|1
10001417309|8
10001417311|0
10001417314|8
10001417317|2
10001417440|7
10001417452|6
10001418123|2
10001418124|3
10001418481|9
10001418696|9
10001418700|1
10001418703|0
10001418705|2
10001418706|7
10001418708|2
10001418712|9
10001418713|6
10001418718|1
10001418719|6
10001418720|2
10001418722|1
10001418723|6
10001418724|3
10001418734|2
10001418850|9
10001418854|8
10001418855|5
10001418856|5
10001418857|5
10001418859|6
10001418861|9
10001419015|8
10001419021|8
10001419025|1
10001419036|2
10001419037|2
10001419039|5
10001419391|0
10001419393|4
10001420712|7
10001420713|6
10001420715|7
10001420722|6
10001420725|4
10001421640|1
10001421641|8
10001421642|2
10001421643|9
10001421645|8
10001421646|0
10001421647|3
10001421758|9
10001421847|9
10001421849|6
10001421851|5
10001421856|0
10001421859|6
10001422282|7
10001423316|9
10001423320|7
10001423323|1
10001423325|8
10001423366|7
10001423371|5
10001423378|7
10001423383|9
10001423388|4
10001423393|4
10001423397|6
10001423402|6
10001423408|4
10001423415|5
10001423489|3
10001423494|4
10001423499|9
10001423504|3
10001423512|6
10001423524|1
10001423532|4
10001423543|3
10001423546|8
10001423552|0
10001423557|5
10001423563|9
10001423569|8
10001423574|3
10001423575|7
10001423632|1
10001423638|4
10001423641|9
10001423650|7
10001423657|3
10001423662|1
10001423667|5
10001423671|3
10001424108|7
10001424113|3
10001424128|7
10001424534|6
10001424536|0
10001424549|2
10001424553|6
10001424564|6
10001424567|8
10001424572|5
10001425178|1
10001425184|4
10001425214|0
10001425221|3
10001425231|7
10001426086|5
10001426102|1
10001426796|5
10001426880|4
10001426898|5
10001426905|2
10001426915|5
10001426920|6
10001426921|2
10001426931|1
10001426980|5
10001426990|8
10001427179|8
10001427183|1
10001427364|1
10001427881|6
10001427883|0
10001427889|2
10001428643|1
10001428644|1
10001428645|5
10001428648|3
10001428650|1
10001428651|7
10001428652|7
10001429634|8
10001430716|7
10001432285|9
10001432291|2
10001432292|2
10001432293|1
10001432307|5
10001432419|9
10001432760|6
10001432769|0
10001433207|3
10001433501|9
10001433586|8
10001435218|0
10001436487|7
10001436491|4
10001436493|6
10001436494|9
10001436496|4
10001436497|7
10001436499|3
10001436500|2
10001436501|0
10001436507|3
10001436509|9
10001436512|3
10001437312|3
10001437673|8
10001437677|0
10001437681|3
10001437923|5
10001437924|1
10001437925|9
10001437927|7
10001437929|9
10001437930|4
10001438347|1
10001438355|0
10001438357|2
10001438358|4
10001438359|9
10001438360|4
10001438361|4
10001438362|0
10001438363|4
10001438374|4
10001438376|4
10001438379|5
10001438386|3
10001438389|4
10001438395|3
10001438398|0
10001438399|0
10001438401|1
10001438405|2
10001439760|1
10001439768|4
10001440126|8
10001440131|8
10001440134|4
10001440155|8
10001440199|3
10001440205|9
10001440358|5
10001440359|0
10001440362|9
10001440366|4
10001440369|1
10001440373|9
10001440374|2
10001440377|0
10001440378|7
10001440383|4
10001440387|1
10001440541|7
10001440570|4
10001440577|4
10001440624|6
10001440642|4
10001440647|7
10001440660|6
10001440670|7
10001440673|8
10001440676|7
10001440678|3
10001440684|9
10001440686|2
10001440688|9
10001440690|7
10001440693|9
10001440695|9
10001440697|9
10001440699|3
10001440700|0
10001440736|6
10001441152|5
10001441155|1
10001441730|8
10001441735|2
10001441771|8
10001442665|7
10001442940|1
10001442979|1
10001443054|4
10001443058|3
10001443069|6
10001443075|2
10001443657|7
10001443790|0
10001443838|8
10001443840|8
10001445261|4
10001445267|3
10001445269|0
10001445272|6
10001445273|1
10001445418|8
10001445546|1
10001446071|5
10001446077|8
10001446082|8
10001446238|1
10001447265|1
10001447266|1
10001447267|6
10001448416|9
10001448418|1
10001448420|2
10001448421|2
10001448423|3
10001448424|7
10001448425|9
10001448427|9
10001448429|5
10001448492|4
10001448495|2
10001448499|2
10001448501|2
10001448504|1
10001448868|7
10001448871|7
10001448875|2
10001448882|0
10001448886|3
10001448888|7
10001448889|8
10001448890|2
10001450276|5
10001450293|4
10001450297|4
10001450302|6
10001450321|7
10001450331|7
10001450342|1
10001450347|7
10001450349|9
10001450352|3
10001450354|6
10001450359|9
10001450361|5
10001450364|5
10001450627|3
10001450630|2
10001450634|3
10001450639|1
10001450729|6
10001450732|5
10001450977|5
10001451170|3
10001451175|8
10001451180|2
10001451182|8
10001451596|0
10001452792|8
10001452799|3
10001452802|5
10001452805|0
10001452810|8
10001452863|6
10001453143|2
10001453527|8
10001453580|9
10001453837|2
10001453913|0
10001454289|4
10001454301|3
10001454305|2
10001454310|4
10001454315|9
10001454819|6
10001454820|2
10001454823|5
10001454828|4
10001455233|9
10001455695|4
10001455963|8
10001455970|4
10001455991|7
10001455996|0
10001456001|6
10001456006|9
10001456007|0
10001456074|8
10001456084|2
10001456269|1
10001456282|8
10001456288|4
10001456289|2
10001456291|1
10001456293|2
10001456294|8
10001456296|0
10001456297|5
10001456318|9
10001456447|3
10001456453|2
10001456454|2
10001456457|2
10001456460|7
10001456462|4
10001456463|5
10001456464|5
10001456465|1
10001456469|5
10001456472|4
10001456473|6
10001456475|7
10001456476|1
10001456478|6
10001456479|1
10001456634|3
10001457709|2
10001457872|6
10001457874|4
10001457923|5
10001458219|3
10001458230|7
10001458234|5
10001458274|5
10001458276|9
10001458318|0
10001458378|4
10001458386|8
10001458390|2
10001458398|2
10001458418|3
10001458421|5
10001458432|6
10001458437|2
10001458442|1
10001459076|7
10001459081|1
10001459084|1
10001459120|1
10001459128|2
10001459129|2
10001459131|4
10001459137|9
10001459142|9
10001459144|9
10001459312|9
10001459529|9
10001459539|4
10001459577|4
10001459612|2
10001459631|8
10001459643|3
10001459712|1
10001459726|5
10001459729|4
10001459761|8
10001459772|1
10001460226|5
10001460357|9
10001460363|8
10001460479|8
10001460490|9
10001460499|9
10001460504|6
10001460528|7
10001460584|6
10001460598|0
10001460607|3
10001460621|4
10001460643|8
10001460654|4
10001460663|9
10001460678|2
10001460687|1
10001461011|3
10001461338|3
10001461370|1
10001462026|5
10001462058|2
10001462068|9
10001462117|4
10001462120|9
10001462130|3
10001462134|8
10001462137|4
10001462148|3
10001462151|2
10001462155|9
10001462158|1
10001462159|0
10001462167|0
10001462170|2
10001462173|2
10001462174|6
10001462199|7
10001462343|1
10001462344|8
10001462347|0
10001462364|7
10001462370|7
10001462371|5
10001462375|9
10001462378|4
10001462409|1
10001462418|1
10001462426|8
10001462437|2
10001462445|1
10001462462|8
10001462551|9
10001462553|1
10001462606|2
10001462616|8
10001462625|8
10001462632|9
10001462636|8
10001462746|4
10001462748|3
10001462752|6
10001463042|8
10001463732|7
10001463891|6
10001463991|9
10001464012|6
10001464017|2
10001464061|0
10001464065|8
10001464070|7
10001464072|0
10001464079|1
10001464084|9
10001464086|3
10001464169|2
10001464175|4
10001464177|8
10001464198|6
10001464201|1
10001464304|3
10001464335|8
10001464336|5
10001464526|9
10001464608|9
10001464610|7
10001464612|6
10001464618|5
10001464623|6
10001464629|7
10001464655|5
10001464844|2
10001464852|7
10001464865|5
10001465051|1
10001465432|8
10001466223|0
10001466355|7
10001466381|1
10001466391|4
10001466402|9
10001466414|0
10001466421|1
10001466468|7
10001467737|9
10001467925|8
10001468183|1
10001468185|4
10001468187|4
10001468190|1
10001468192|1
10001468195|9
10001468364|4
10001468366|7
10001468381|3
10001468387|7
10001468398|1
10001468403|4
10001468607|8
10001468615|4
10001468635|8
10001468666|0
10001468680|5
10001468687|1
10001468692|5
10001468702|9
10001468707|2
10001468712|3
10001468727|5
10001468737|1
10001468745|1
10001468754|6
10001468757|2
10001468776|0
10001468787|4
10001468906|0
10001469004|6
10001469008|8
10001469013|2
10001469018|8
10001469023|1
10001469027|8
10001469073|1
10001469075|6
10001469077|0
10001469079|7
10001469081|7
10001469087|1
10001469100|0
10001469145|0
10001469150|7
10001469160|5
10001469683|8
10001470050|2
10001470059|6
10001470060|4
10001470174|4
10001470181|1
10001470217|6
10001470233|0
10001470236|2
10001470294|8
10001470297|3
10001470412|7
10001470415|5
10001470418|9
10001470461|1
10001470565|9
10001470578|1
10001470590|0
10001470803|9
10001470846|0
10001470847|5
10001470850|3
10001470853|3
10001470857|1
10001472095|1
10001472791|0
10001472800|5
10001472851|2
10001472866|0
10001472876|6
10001473544|9
10001473768|2
10001474156|3
10001474371|9
10001474376|3
10001474381|6
10001474384|0
10001474385|0
10001474391|4
10001474480|9
10001474495|0
10001474790|7
10001474792|0
10001474836|9
10001474847|3
10001474848|3
10001474849|6
10001474855|8
10001474859|7
10001474860|2
10001474874|9
10001474971|7
10001474972|6
10001474974|7
10001474977|7
10001474979|8
10001474981|8
10001475358|4
10001475387|7
10001475538|7
10001475902|6
10001475917|4
10001476523|3
10001476524|5
10001476526|2
10001476987|5
10001476989|7
10001476990|1
10001477033|4
10001477042|4
10001477122|9
10001477152|7
10001477154|8
10001477220|2
10001477223|5
10001477230|9
10001477233|9
10001477234|7
10001477237|0
10001477244|1
10001477247|6
10001477354|1
10001477571|9
10001479111|2
10001479121|3
10001479128|7
10001479133|7
10001479214|2
10001479260|2
10001479265|9
10001479272|8
10001480457|2
10001480458|8
10001480588|3
10001480991|2
10001481076|2
10001481309|1
10001481321|2
10001481327|7
10001481329|9
10001482318|2
10001482399|5
10001482404|9
10001482405|6
10001482421|8
10001482423|1
10001482429|3
10001482430|9
10001482431|5
10001482463|9
10001482596|4
10001482793|7
10001483926|1
10001483930|6
10001483938|0
10001483955|3
10001483961|4
10001483962|9
10001483996|9
10001483998|9
10001484000|6
10001484001|6
10001484002|0
10001484003|5
10001484244|3
10001484247|3
10001484249|8
10001484252|0
10001484253|3
10001484287|3
10001484288|3
10001484931|4
10001484934|2
10001485182|7
10001485185|7
10001485188|7
10001485190|4
10001485228|9
10001485269|4
10001485279|6
10001485284|1
10001485298|0
10001485322|2
10001485340|1
10001485353|0
10001485863|7
10001486054|5
10001486259|8
10001486267|4
10001486268|5
10001486275|5
10001486280|5
10001486518|2
10001486574|0
10001486579|3
10001486581|1
10001486597|2
10001486603|8
10001486605|8
10001486697|6
10001486718|3
10001486720|8
10001487120|8
10001487463|6
10001487734|6
10001487736|3
10001487739|8
10001487742|6
10001487743|7
10001487757|9
10001487957|0
10001487966|1
10001487967|2
10001487968|4
10001487969|6
10001488000|1
10001488085|2
10001488127|8
10001488177|1
10001488197|7
10001488206|6
10001488216|5
10001488221|7
10001488226|7
10001488230|1
10001488232|3
10001488235|3
10001488238|8
10001488248|1
10001488249|7
10001488252|2
10001488253|4
10001488282|2
10001488285|5
10001488289|4
10001488291|1
10001488293|2
10001488296|1
10001488299|3
10001488300|4
10001488303|5
10001488377|6
10001488380|6
10001488389|7
10001489297|2
10001489332|5
10001489344|4
10001489979|8
10001489995|7
10001491498|3
10001491562|1
10001492125|7
10001492278|1
10001492293|9
10001492665|4
10001492923|4
10001493029|6
10001493032|8
10001493035|4
10001493040|5
10001493044|1
10001493293|4
10001493295|1
10001493297|3
10001493300|0
10001493302|8
10001493303|0
10001493308|7
10001493312|8
10001493315|2
10001493317|4
10001493338|4
10001493359|7
10001493362|9
10001493404|2
10001493407|2
10001493479|0
10001493647|8
10001493648|4
10001493649|1
10001493650|3
10001493669|8
10001493673|0
10001493678|3
10001493686|9
10001493688|3
10001493702|9
10001493709|5
10001493712|1
10001493718|8
10001493721|5
10001493729|2
10001493738|8
10001493903|2
10001493977|5
10001494060|9
10001494061|7
10001494185|0
10001494195|4
10001494212|3
10001494283|3
10001494285|4
10001494294|5
10001494299|5
10001494305|8
10001494307|1
10001494312|7
10001494315|5
10001494316|6
10001494650|6
10001494652|9
10001495727|6
10001495900|2
10001495902|2
10001495904|9
10001495907|3
10001496123|6
10001497243|5
10001497244|1
10001497246|2
10001497247|1
10001497250|1
10001497252|7
10001497254|5
10001498999|9
10001499002|3
10001499004|3
10001499006|6
10001499011|8
10001499605|1
10001499653|4
10001499694|2
10001499698|2
10001499722|9
10001499770|2
10001499784|1
10001499821|3
10001499990|1
10001500020|1
10001501475|4
10001501497|6
10001501628|1
10001501630|8
10001501634|1
10001501639|8
10001501647|5
10001501650|9
10001501662|3
10001501673|4
10001501688|5
10001501695|0
10001501860|0
10001501862|7
10001501864|5
10001501865|1
10001501869|6
10001501872|6
10001501909|2
10001501916|0
10001501917|2
10001501920|4
10001502025|1
10001502029|8
10001502030|9
10001502033|7
10001502036|6
10001502252|9
10001502261|9
10001502270|8
10001502361|5
10001502369|4
10001502370|2
10001502373|9
10001502378|3
10001502382|0
10001502386|0
10001502650|5
10001502654|7
10001503093|4
10001503100|1
10001503104|4
10001503129|1
10001503134|0
10001503137|5
10001503277|3
10001503356|9
10001503358|0
10001503359|3
10001503362|2
10001503366|5
10001503368|7
10001503369|6
10001503376|4
10001503381|9
10001503386|4
10001503387|1
10001503392|1
10001503394|4
10001503396|2
10001503401|7
10001503403|5
10001503411|8
10001503417|5
10001503418|2
10001503421|3
10001503442|5
10001503445|2
10001503448|1
10001503450|7
10001503451|2
10001503457|2
10001503462|8
10001503466|9
10001503468|6
10001503469|8
10001503471|9
10001503474|1
10001503476|9
10001503478|1
10001503481|6
10001503482|2
10001503485|8
10001503486|9
10001503487|7
10001503488|3
10001503489|8
10001503493|5
10001503582|0
10001503589|8
10001503592|5
10001503601|5
10001503606|4
10001503720|2
10001503727|9
10001503753|6
10001503760|1
10001503765|8
10001503778|1
10001503781|5
10001503786|6
10001504031|1
10001504206|2
10001504207|5
10001505217|5
10001506092|3
10001506506|5
10001506583|7
10001506586|4
10001507631|8
10001507634|3
10001507636|4
10001507637|4
10001507638|6
10001507642|7
10001507644|2
10001507664|8
10001507665|3
10001507666|3
10001507667|3
10001507668|4
10001507669|7
10001507670|6
10001507671|7
10001507672|6
10001507673|2
10001507675|5
10001507803|7
10001507804|7
10001507815|3
10001507816|3
10001507817|0
10001507820|3
10001507821|9
10001507822|1
10001507833|0
10001507849|6
10001507855|2
10001507861|8
10001507899|1
10001507922|2
10001508696|7
10001508734|6
10001509913|8
10001510050|0
10001510414|1
10001510422|4
10001510426|1
10001510427|1
10001510428|0
10001510828|9
10001510829|0
10001510832|9
10001510833|0
10001510835|6
10001510921|1
10001510930|2
10001510935|5
10001510936|0
10001510939|2
10001511407|1
10001511416|0
10001511621|6
10001511630|2
10001511665|7
10001511679|8
10001511876|2
10001511982|2
10001511986|5
10001511988|3
10001511990|2
10001511992|7
10001511996|6
10001511997|8
10001511998|5
10001512008|2
10001512012|0
10001512019|8
10001512025|8
10001512047|7
10001512051|2
10001512054|3
10001512056|9
10001512061|0
10001512066|6
10001512075|6
10001512155|1
10001512156|3
10001512158|5
10001512161|8
10001512195|5
10001512498|8
10001512537|7
10001512768|3
10001512992|5
10001512996|7
10001513001|6
10001513012|1
10001513018|9
10001513045|0
10001513094|3
10001513444|7
10001514204|0
10001514205|2
10001514208|0
10001514260|6
10001514263|0
10001515143|1
10001515183|7
10001515200|7
10001515204|1
10001515207|4
10001515209|3
10001515219|7
10001515439|7
10001515445|9
10001515472|3
10001515474|1
10001515480|6
10001515927|0
10001516033|9
10001516606|0
10001517108|9
10001517109|0
10001517113|9
10001517121|0
10001517123|1
10001517126|7
10001517161|5
10001517182|7
10001517186|0
10001517187|7
10001517492|4
10001517526|7
10001517534|1
10001517537|9
10001517542|7
10001517876|0
10001517943|8
10001517949|4
10001517960|2
10001517968|8
10001517975|8
10001518559|6
10001518720|8
10001519307|2
10001519326|2
10001519331|6
10001519338|6
10001519398|5
10001519406|9
10001519411|0
10001519418|7
10001519423|3
10001519704|7
10001519904|5
10001519909|7
10001519915|8
10001519923|0
10001519927|7
10001519932|8
10001519943|8
10001519960|9
10001520130|0
10001520135|2
10001520141|5
10001520143|9
10001520145|9
10001520148|6
10001520153|7
10001520155|2
10001520157|6
10001520158|3
10001520161|3
10001520165|5
10001520169|0
10001520172|0
10001520175|9
10001520181|1
10001520564|0
10001520869|6
10001520877|5
10001520888|7
10001520893|5
10001520945|9
10001520995|2
10001521000|6
10001521006|6
10001521016|6
10001521723|9
10001521728|0
10001521800|5
10001521801|7
10001521802|1
10001521880|5
10001521917|4
10001521923|8
10001521965|6
10001522145|4
10001522320|7
10001522335|9
10001522338|8
10001522340|9
10001522341|3
10001522343|3
10001522344|8
10001522345|6
10001522353|5
10001522361|5
10001522362|2
10001522364|1
10001522366|1
10001522367|3
10001522369|0
10001522504|6
10001522510|8
10001522514|9
10001522520|1
10001522525|4
10001522967|3
10001522968|5
10001522980|0
10001523081|3
10001523082|7
10001523092|9
10001523127|4
10001523129|9
10001523134|9
10001523136|6
10001523139|7
10001523143|7
10001523151|8
10001523176|5
10001526103|7
10001526110|4
10001526143|8
10001526148|3
10001526154|3
10001526157|7
10001526162|5
10001526181|7
10001526188|9
10001526191|1
10001526198|8
10001526201|5
10001526204|2
10001526309|5
10001526626|6
10001526631|4
10001526797|1
10001526802|2
10001526818|9
10001526823|7
10001526843|5
10001526847|5
10001526871|4
10001527018|2
10001527064|5
10001527069|6
10001527071|1
10001527080|3
10001527150|6
10001527154|9
10001527159|3
10001527448|7
10001527450|5
10001527535|7
10001527539|3
10001527544|5
10001527548|6
10001527550|3
10001527760|1
10001528410|9
10001528452|5
10001528612|0
10001528616|6
10001528621|7
10001528628|9
10001528632|4
10001528640|1
10001528829|1
10001528865|0
10001528866|9
10001529228|2
10001529341|3
10001529362|0
10001530024|6
10001530556|9
10001530559|6
10001530565|0
10001530569|6
10001530932|2
10001530937|0
10001530939|2
10001530941|8
10001530946|5
10001530948|7
10001530962|6
10001530964|6
10001530967|2
10001530968|5
10001530970|3
10001531162|9
10001531165|1
10001531167|8
10001531170|9
10001531176|9
10001531367|5
10001531380|2
10001531381|5
10001531398|7
10001531667|3
10001531671|0
10001531675|9
10001531679|9
10001531964|8
10001531967|9
10001531968|7
10001531971|9
10001531973|5
10001531975|7
10001532040|6
10001532208|3
10001532211|8
10001532279|6
10001532336|7
10001532343|7
10001532344|4
10001532639|0
10001532640|8
10001532849|6
10001532854|3
10001532958|5
10001533547|4
10001533704|5
10001533707|2
10001533709|6
10001533869|3
10001533902|9
10001533905|0
10001533908|7
10001533913|9
10001533917|8
10001533920|6
10001533927|0
10001533930|7
10001533933|3
10001533947|8
10001533952|2
10001533956|6
10001533958|5
10001533966|2
10001533991|1
10001533994|6
10001533996|6
10001533998|4
10001534000|3
10001534002|7
10001534003|0
10001534004|4
10001534005|8
10001534007|4
10001534009|8
10001534043|7
10001534045|0
10001534049|4
10001534050|2
10001534052|6
10001534057|1
10001534206|8
10001534227|5
10001534235|1
10001534343|8
10001534436|7
10001534440|6
10001534443|7
10001534890|0
10001534902|6
10001535041|3
10001535043|6
10001535044|6
10001535047|9
10001535115|9
10001535117|0
10001535198|1
10001535199|7
10001535425|6
10001535432|8
10001535436|0
10001535439|8
10001535443|2
10001535561|8
10001535778|6
10001535797|1
10001535939|3
10001535942|1
10001535945|9
10001535954|2
10001535956|4
10001536144|8
10001536152|3
10001536728|5
10001536897|0
10001536908|4
10001536925|9
10001536926|9
10001536935|5
10001536944|3
10001536954|2
10001536964|7
10001536984|8
10001537257|1
10001537282|0
10001537289|6
10001537295|7
10001537299|2
10001537431|1
10001537434|2
10001537435|3
10001537436|7
10001537499|8
10001537519|2
10001537537|2
10001537546|2
10001537558|5
10001537573|3
10001537587|5
10001537793|8
10001538164|0
10001538171|4
10001538178|1
10001538182|4
10001538209|9
10001538220|0
10001538223|6
10001538225|1
10001538596|6
10001538600|0
10001538602|6
10001538606|4
10001538754|2
10001538837|0
10001538842|1
10001538844|1
10001538849|3
10001538909|5
10001538913|5
10001538921|8
10001538924|8
10001538926|4
10001539105|9
10001539107|9
10001539108|7
10001539131|8
10001539137|0
10001539143|9
10001539162|5
10001539188|5
10001539223|0
10001539266|5
10001539272|0
10001539275|2
10001539283|4
10001539286|1
10001539287|1
10001539288|6
10001539289|2
10001539290|1
10001539295|0
10001539298|7
10001539302|5
10001539348|6
10001539353|4
10001539356|4
10001539361|2
10001539366|7
10001539370|2
10001539376|5
10001539382|8
10001539386|3
10001539407|6
10001539415|9
10001539423|7
10001539547|1
10001539549|6
10001539553|7
10001539555|0
10001539565|5
10001539570|0
10001539580|0
10001539587|9
10001539590|6
10001539595|1
10001539597|2
10001539600|3
10001539604|4
10001539612|9
10001539616|2
10001539697|0
10001539701|6
10001539703|1
10001539714|2
10001539727|5
10001539729|7
10001539737|5
10001539756|8
10001539758|1
10001539803|3
10001539807|4
10001539811|9
10001539814|3
10001539821|7
10001539988|4
10001540136|0
10001540525|0
10001540532|9
10001540538|5
10001540548|3
10001540552|3
10001540559|8
10001540575|2
10001541109|9
10001541218|5
10001541422|8
10001541476|9
10001541478|6
10001541482|3
10001541765|1
10001541973|2
10001541994|5
10001542005|2
10001542009|5
10001542258|1
10001542261|3
10001542264|0
10001542266|3
10001542267|2
10001542270|1
10001542272|0
10001542273|2
10001542277|2
10001542279|8
10001542280|8
10001542360|0
10001542363|2
10001542487|7
10001542492|5
10001542528|3
10001542744|4
10001543136|5
10001543140|2
10001543170|6
10001543363|5
10001543379|7
10001543381|9
10001543390|9
10001543394|7
10001543440|9
10001543447|3
10001543453|0
10001543459|0
10001543466|9
10001543475|2
10001544005|9
10001544016|1
10001544023|6
10001544025|4
10001544037|2
10001544047|3
10001544052|0
10001544055|4
10001544249|6
10001544443|5
10001544522|8
10001544580|7
10001545112|4
10001545119|9
10001545262|5
10001545264|9
10001545438|9
10001545591|5
10001545954|0
10001545997|5
10001546476|2
10001546781|4
10001546917|0
10001546986|7
10001546992|9
10001546994|8
10001547019|7
10001547402|9
10001548141|8
10001548145|1
10001548148|3
10001548150|7
10001548154|0
10001548162|9
10001548168|9
10001548173|3
10001548175|1
10001548176|8
10001548186|1
10001548649|1
10001548657|4
10001548665|6
10001548669|0
10001548673|9
10001548675|9
10001548677|0
10001548702|8
10001548712|7
10001548868|1
10001548872|9
10001548874|3
10001548875|9
10001549091|6
10001549254|8
10001550077|4
10001550082|9
10001550085|9
10001550330|8
10001550336|8
10001550340|5
10001550626|4
10001550630|7
10001550765|6
10001550770|1
10001551594|0
10001551596|3
10001551598|0
10001551599|6
10001552346|0
10001552739|7
10001552998|4
10001553005|2
10001553049|5
10001553055|6
10001553059|9
10001553061|8
10001553069|9
10001554395|3
10001554626|2
10001554634|1
10001554639|3
10001554646|9
10001554654|2
10001554745|2
10001554748|4
10001554751|7
10001554752|4
10001554754|0
10001554758|7
10001554760|3
10001554761|0
10001554765|9
10001554767|2
10001554768|4
10001554770|0
10001554772|0
10001554773|6
10001555123|0
10001555126|1
10001555132|7
10001555451|6
10001555465|0
10001555471|8
10001555474|8
10001555798|1
10001555800|4
10001555801|0
10001556023|5
10001556026|4
10001556127|7
10001556133|4
10001556138|7
10001557376|1
10001557378|4
10001557383|2
10001557728|9
10001557849|5
10001557855|0
10001557860|5
10001557862|8
10001557863|6
10001557864|9
10001557867|8
10001557871|2
10001557873|3
10001557875|8
10001557937|3
10001557941|6
10001557943|5
10001557946|0
10001557949|4
10001557953|0
10001557954|9
10001558172|7
10001558207|8
10001558235|8
10001558236|2
10001558460|0
10001558686|3
10001559647|9
10001559671|9
10001560581|9
10001560583|3
10001560754|6
10001560846|5
10001560849|2
10001561348|6
10001561353|5
10001561358|3
10001561363|0
10001561366|2
10001561369|6
10001561378|4
10001561381|6
10001561801|1
10001561810|1
10001562604|4
10001562618|9
10001562627|7
10001562943|0
10001562952|4
10001562959|5
10001562964|1
10001562971|9
10001562999|6
10001563013|2
10001563019|0
10001563024|0
10001563031|9
10001563032|5
10001563033|8
10001563034|9
10001563037|9
10001563041|2
10001563045|1
10001563049|8
10001563052|5
10001563054|2
10001563058|0
10001563061|3
10001563064|1
10001563066|3
10001563069|0
10001563297|1
10001563300|7
10001563305|9
10001563306|5
10001563307|4
10001563309|6
10001563629|5
10001563634|1
10001563765|7
10001563786|5
10001563815|7
10001563827|4
10001563828|1
10001563829|1
10001563831|6
10001563906|5
10001563907|1
10001563920|0
10001563924|0
10001564913|6
10001565137|8
10001565695|4
10001565711|8
10001565808|1
10001565849|5
10001565868|5
10001565874|7
10001565886|3
10001565889|3
10001565890|5
10001565892|5
10001566129|1
10001566191|3
10001566256|0
10001566258|9
10001567207|9
10001567214|2
10001567215|6
10001567217|0
10001567219|8
10001567696|0
10001567700|6
10001567707|6
10001567715|4
10001567725|5
10001567729|2
10001567738|3
10001567749|9
10001567759|2
10001567947|6
10001567948|6
10001567950|0
10001567951|3
10001567953|3
10001567955|6
10001567956|4
10001567958|1
10001567960|3
10001567961|1
10001567963|1
10001568142|3
10001568192|7
10001568210|7
10001568215|9
10001568222|5
10001568235|0
10001568239|1
10001568757|4
10001568760|3
10001568761|6
10001568762|1
10001568763|8
10001568766|2
10001568768|1
10001568771|1
10001568774|4
10001568776|2
10001568779|3
10001568783|7
10001569220|8
10001569251|7
10001569258|7
10001569574|0
10001570107|3
10001570140|0
10001570143|8
10001570170|6
10001570171|3
10001570174|8
10001570430|1
10001570661|7
10001570671|9
10001570674|7
10001571082|9
10001571148|8
10001571149|0
10001571150|9
10001571153|2
10001571246|4
10001571372|4
10001571496|3
10001571544|8
10001572455|9
10001572463|9
10001572621|6
10001572627|7
10001572658|0
10001572674|6
10001572681|9
10001572789|8
10001572793|0
10001572834|2
10001572842|3
10001573166|2
10001573187|7
10001573193|8
10001573201|7
10001573439|2
10001573440|1
10001573441|9
10001574956|0
10001574959|8
10001574961|3
10001574969|4
10001575124|9
10001575127|0
10001575240|6
10001575272|5
10001575290|5
10001575314|6
10001575319|4
10001575332|7
10001575489|4
10001575490|5
10001575497|3
10001575498|1
10001575500|3
10001575502|2
10001575505|0
10001575946|8
10001576291|4
10001576819|6
10001577401|7
10001577416|0
10001577419|6
10001577421|4
10001577437|0
10001577514|6
10001577519|5
10001577525|7
10001577538|5
10001577549|8
10001577552|4
10001577554|8
10001577746|0
10001577751|6
10001577784|6
10001577789|7
10001577821|1
10001577834|0
10001577840|7
10001577854|3
10001578167|1
10001578181|5
10001578192|3
10001578228|9
10001578251|6
10001578261|9
10001578306|3
10001578658|4
10001578807|3
10001578811|4
10001579406|3
10001579423|4
10001580200|4
10001580201|4
10001580220|8
10001580222|9
10001580233|7
10001580491|8
10001580494|0
10001580824|8
10001580854|5
10001580886|1
10001580898|8
10001580938|0
10001580947|6
10001581059|2
10001581136|9
10001581597|7
10001581600|6
10001581763|1
10001581769|1
10001581770|4
10001581775|2
10001581777|1
10001581779|9
10001581792|5
10001581794|7
10001581930|1
10001581942|6
10001581949|3
10001581956|9
10001581994|1
10001581998|0
10001582166|7
10001582642|6
10001582650|8
10001582655|3
10001582658|1
10001583012|8
10001583449|4
10001583454|5
10001583460|5
10001583575|4
10001583578|4
10001583581|6
10001583607|9
10001583659|3
10001583667|4
10001583674|4
10001583695|2
10001583698|6
10001583867|4
10001583869|1
10001584119|2
10001584123|4
10001584128|8
10001584134|7
10001584190|2
10001584228|9
10001584653|5
10001584656|4
10001584661|5
10001584663|5
10001584672|3
10001584676|4
10001584916|2
10001584918|9
10001584920|7
10001584921|1
10001584922|4
10001584924|5
10001584927|1
10001584928|5
10001584929|9
10001584932|2
10001585682|5
10001585843|5
10001586043|5
10001586107|2
10001586109|7
10001587250|3
10001587254|4
10001587469|7
10001587551|6
10001587566|9
10001587968|1
10001587972|5
10001587976|1
10001587982|9
10001588410|5
10001588938|4
10001588993|7
10001589482|5
10001589492|2
10001589572|6
10001589762|0
10001589769|8
10001589817|4
10001589938|3
10001590074|0
10001590480|1
10001590518|9
10001590590|9
10001590676|2
10001590687|9
10001590693|7
10001590698|1
10001590704|9
10001590746|3
10001590748|4
10001590824|7
10001591282|1
10001591415|4
10001591424|6
10001591995|9
10001591997|2
10001592143|7
10001592148|0
10001592156|6
10001592196|4
10001592199|4
10001592202|1
10001592275|8
10001592277|1
10001592358|5
10001592359|7
10001592547|3
10001592549|2
10001592553|7
10001592646|2
10001592650|8
10001592655|2
10001593267|5
10001593322|7
10001593389|3
10001593454|9
10001593455|9
10001593466|2
10001593469|6
10001593471|7
10001593475|3
10001593482|5
10001593484|8
10001593503|2
10001593504|7
10001593505|0
10001593506|5
10001593508|7
10001593592|9
10001593611|5
10001593612|1
10001593621|1
10001593623|0
10001593625|5
10001593627|0
10001593629|0
10001593631|2
10001593633|9
10001593657|7
10001593678|3
10001593739|7
10001593741|3
10001593746|4
10001593775|5
10001593802|7
10001593898|6
10001593902|9
10001593906|2
10001593914|0
10001593919|2
10001593998|5
10001594039|7
10001594087|4
10001594092|2
10001594094|9
10001594096|0
10001594099|8
10001594102|6
10001594105|7
10001594108|9
10001594109|2
10001594110|4
10001594112|6
10001594113|0
10001594114|7
10001594117|7
10001594126|4
10001594130|2
10001594132|9
10001594151|9
10001594153|6
10001594182|5
10001594183|5
10001594184|8
10001594186|6
10001594190|6
10001594191|9
10001594200|0
10001594203|8
10001594223|8
10001594231|2
10001594244|9
10001594245|4
10001594247|2
10001594250|6
10001594254|0
10001594268|8
10001594277|9
10001594278|9
10001594279|4
10001594280|8
10001594281|5
10001594283|8
10001594284|7
10001594343|0
10001594489|9
10001594492|6
10001594493|2
10001594528|7
10001594530|9
10001594543|7
10001594545|4
10001594547|4
10001594548|6
10001594570|9
10001594701|7
10001594707|1
10001594737|7
10001594746|2
10001595081|3
10001595090|0
10001595324|1
10001595487|4
10001595560|1
10001595631|1
10001595632|7
10001595660|6
10001595667|5
10001595683|6
10001595694|6
10001595910|5
10001595913|3
10001595914|5
10001595923|4
10001595928|4
10001595931|3
10001595938|9
10001596114|0
10001596116|0
10001596119|8
10001596121|3
10001596196|4
10001596216|4
10001596229|2
10001596233|3
10001596235|2
10001596239|0
10001596306|2
10001596308|3
10001596316|2
10001596320|6
10001596323|2
10001596325|8
10001596327|8
10001596330|3
10001596398|9
10001596399|9
10001596402|7
10001596876|4
10001596877|6
10001596878|4
10001596882|2
10001596898|6
10001596900|4
10001596901|2
10001596903|2
10001596904|9
10001596906|6
10001596907|3
10001596908|5
10001596909|4
10001596910|4
10001596911|1
10001596912|1
10001596913|9
10001596915|3
10001597136|9
10001597138|5
10001597149|7
10001597153|2
10001597158|5
10001597165|8
10001597390|0
10001597526|0
10001597532|5
10001597543|4
10001597545|7
10001597546|0
10001597695|0
10001597718|0
10001597720|2
10001597721|6
10001597722|8
10001597724|6
10001597726|0
10001597746|5
10001597749|3
10001597804|8
10001597806|9
10001597809|0
10001597811|1
10001597850|5
10001597854|4
10001597857|3
10001597860|0
10001597875|3
10001597878|8
10001597883|6
10001597902|8
10001597904|9
10001597906|5
10001597909|6
10001597913|0
10001598373|2
10001598410|9
10001598524|2
10001598547|2
10001598822|2
10001598827|0
10001598833|7
10001598839|2
10001598843|4
10001598845|6
10001598846|3
10001598880|2
10001599108|3
10001599119|1
10001599126|7
10001599150|0
10001599154|6
10001599158|3
10001599159|5
10001599160|4
10001599162|6
10001599163|6
10001599167|0
10001599168|0
10001599375|2
10001599414|1
10001599416|0
10001599695|3
10001599700|0
10001599712|3
10001599717|7
10001599730|1
10001599783|6
10001599795|0
10001599801|5
10001599805|6
10001599814|1
10001599821|1
10001599825|8
10001599826|0
10001599828|7
10001599833|7
10001599836|9
10001599840|5
10001599849|0
10001599855|3
10001599858|6
10001599861|7
10001599871|9
10001599873|2
10001599969|6
10001600004|5
10001600006|4
10001600008|2
10001600012|7
10001600014|0
10001600016|1
10001600032|5
10001600036|6
10001600038|6
10001600040|9
10001600044|7
10001600047|8
10001600048|6
10001600051|9
10001600056|8
10001600058|4
10001600059|4
10001600063|3
10001600066|9
10001600067|7
10001600068|8
10001600069|7
10001600070|6
10001600075|6
10001600077|5
10001600079|7
10001600081|5
10001600083|6
10001600084|7
10001600085|3
10001600567|3
10001600572|3
10001600577|2
10001600671|8
10001600677|6
10001600678|0
10001600679|9
10001600813|1
10001600871|3
10001600876|4
10001600883|7
10001600952|8
10001600955|9
10001601432|9
10001601693|3
10001601694|9
10001601698|3
10001601774|0
10001602577|0
10001603106|0
10001603479|9
10001603509|1
10001603511|5
10001603747|2
10001603749|8
10001603751|2
10001603783|8
10001603788|1
10001603792|6
10001603798|0
10001603802|5
10001603804|0
10001603805|2
10001603807|7
10001603814|9
10001603816|3
10001603819|8
10001603820|0
10001603972|8
10001604342|1
10001604441|3
10001604508|5
10001604531|6
10001604533|3
10001604537|4
10001604543|7
10001604548|1
10001604613|9
10001604614|7
10001605096|9
10001605124|1
10001605143|6
10001605146|1
10001605156|4
10001605162|5
10001605178|7
10001605180|6
10001605222|0
10001605239|0
10001605251|2
10001605255|3
10001605262|7
10001605294|1
10001605301|3
10001605381|5
10001605383|5
10001605387|5
10001605391|3
10001605394|7
10001605396|1
10001605400|3
10001605409|0
10001605534|3
10001605537|5
10001605541|1
10001605583|7
10001605585|7
10001605587|9
10001605595|0
10001605597|7
10001605600|6
10001605602|1
10001605604|9
10001605606|1
10001605608|7
10001605609|5
10001605613|8
10001605685|5
10001605706|1
10001605933|0
10001605938|5
10001605939|4
10001605942|3
10001605944|2
10001605946|1
10001605949|1
10001605951|6
10001605955|4
10001605961|5
10001605964|6
10001605972|3
10001605974|6
10001605976|0
10001605977|2
10001605978|8
10001605979|2
10001605980|9
10001605983|4
10001605986|2
10001605989|5
10001605990|1
10001605997|8
10001606008|3
10001606009|6
10001606014|4
10001606627|8
10001606750|7
10001606776|1
10001606781|4
10001606787|7
10001606790|8
10001606799|9
10001606810|2
10001606812|8
10001606813|6
10001606816|8
10001606818|1
10001606870|4
10001606877|0
10001606886|9
10001606888|1
10001606953|5
10001607038|0
10001607147|8
10001607152|9
10001607156|8
10001607417|1
10001607423|6
10001607427|2
10001607431|5
10001607734|3
10001607735|0
10001607737|0
10001607738|1
10001607739|1
10001607823|2
10001607828|0
10001607831|6
10001607833|0
10001607835|8
10001608103|4
10001608104|4
10001608362|3
10001608384|4
10001608471|2
10001608477|7
10001608482|1
10001608513|0
10001608525|2
10001608537|7
10001608903|8
10001608906|1
10001608998|7
10001608999|7
10001609007|9
10001609009|0
10001609010|5
10001609012|8
10001609013|6
10001609014|1
10001609019|9
10001609020|6
10001609023|1
10001609024|8
10001609027|1
10001609044|3
10001609046|6
10001609049|3
10001609050|3
10001609070|2
10001609072|0
10001609074|6
10001609075|4
10001609077|2
10001609078|9
10001609331|5
10001609581|1
10001609583|1
10001609584|9
10001609586|1
10001609588|9
10001609589|0
10001609590|4
10001609593|9
10001609595|7
10001609596|4
10001609717|3
10001609719|9
10001609724|9
10001609727|5
10001609733|6
10001609737|8
10001609741|2
10001609742|6
10001609745|9
10001609760|7
10001609764|5
10001609767|7
10001609779|3
10001609780|0
10001609782|4
10001609802|8
10001609803|6
10001609805|2
10001609813|3
10001609827|9
10001609831|8
10001609838|9
10001609842|1
10001609845|0
10001609847|8
10001609850|6
10001609851|1
10001609854|4
10001609857|4
10001609858|0
10001609862|7
10001609864|4
10001610058|7
10001610063|9
10001610068|2
10001610079|0
10001610310|3
10001610315|2
10001610317|7
10001610336|6
10001610543|7
10001610553|7
10001610557|7
10001610561|6
10001610568|7
10001610675|7
10001610676|1
10001610680|6
10001610682|0
10001610684|2
10001610685|4
10001610690|1
10001610693|8
10001610694|0
10001610696|8
10001610698|4
10001610702|0
10001610726|6
10001610740|5
10001610743|6
10001610772|7
10001610821|4
10001610935|0
10001610952|9
10001610977|6
10001611016|3
10001611033|9
10001611034|2
10001611035|7
10001611300|4
10001611309|3
10001611332|3
10001611347|7
10001611356|3
10001611359|5
10001611363|9
10001611375|5
10001611395|3
10001611397|4
10001611405|7
10001611408|7
10001611814|4
10001612405|9
10001612408|0
10001612413|0
10001612414|0
10001612416|0
10001612418|9
10001612419|8
10001612420|4
10001612421|9
10001612640|5
10001612641|0
10001612644|1
10001612646|5
10001612801|4
10001612805|6
10001613397|2
10001613473|7
10001613585|7
10001613589|6
10001613604|4
10001613906|7
10001613908|7
10001613909|9
10001613910|4
10001613961|1
10001613962|7
10001614001|5
10001614008|3
10001614038|8
10001614058|7
10001614065|6
10001614076|6
10001614079|8
10001614105|8
10001614211|4
10001614235|2
10001614236|5
10001614244|9
10001614510|2
10001615023|2
10001616006|7
10001616014|2
10001616017|6
10001616024|8
10001616027|1
10001616029|5
10001616438|3
10001616533|6
10001616538|8
10001616542|4
10001616548|3
10001616970|3
10001616988|5
10001617070|6
10001617075|1
10001617090|4
10001617291|5
10001617295|7
10001617297|1
10001617689|2
10001618064|7
10001618067|5
10001618120|3
10001618434|5
10001618440|8
10001618471|6
10001618477|2
10001618482|5
10001618505|5
10001618815|2
10001618818|5
10001618820|3
10001618821|5
10001618826|9
10001618828|9
10001618834|8
10001618837|0
10001618851|5
10001618852|2
10001618853|1
10001618855|8
10001618860|8
10001618865|3
10001619043|5
10001619044|0
10001619136|0
10001619138|4
10001619139|3
10001619140|3
10001619141|2
10001619190|5
10001619194|5
10001619199|8
10001619206|8
10001619208|0
10001619325|3
10001619350|7
10001619354|7
10001619404|1
10001619412|9
10001620387|9
10001620496|2
10001620499|4
10001620506|1
10001620511|6
10001620514|7
10001620515|7
10001620518|5
10001620689|0
10001620692|9
10001620715|0
10001620716|7
10001620719|0
10001620721|5
10001620723|1
10001620725|5
10001620726|7
10001620727|7
10001620735|3
10001620736|5
10001620741|1
10001620743|6
10001620745|1
10001620746|4
10001620747|7
10001620765|5
10001620766|7
10001620767|2
10001620768|3
10001620771|5
10001620772|3
10001620775|7
10001620776|9
10001620778|3
10001620779|2
10001620820|9
10001620829|8
10001620847|1
10001620850|3
10001620854|4
10001620857|0
10001620930|7
10001620933|3
10001620936|6
10001620937|5
10001620943|7
10001620944|2
10001621146|7
10001621151|6
10001621220|8
10001621228|7
10001621234|3
10001621238|9
10001621240|7
10001621243|2
10001621429|9
10001621436|1
10001621441|6
10001621444|8
10001621445|1
10001621517|2
10001621519|6
10001621521|9
10001621523|2
10001622296|9
10001622311|4
10001622312|7
10001622430|4
10001622437|7
10001622441|2
10001622442|4
10001622446|4
10001622448|1
10001622452|9
10001622505|9
10001622506|6
10001622512|7
10001622513|0
10001622976|2
10001623108|8
10001623266|6
10001623290|7
10001623295|5
10001623296|0
10001623573|3
10001623578|6
10001623754|9
10001623919|0
10001623936|5
10001623979|3
10001623983|6
10001623986|1
10001623989|5
10001623991|7
10001623993|3
10001623994|6
10001624005|0
10001624006|4
10001624010|3
10001624012|4
10001624014|8
10001624020|2
10001624022|1
10001624024|4
10001624028|8
10001624032|0
10001624033|5
10001624034|3
10001624036|1
10001624037|4
10001624039|7
10001624073|7
10001624077|6
10001624078|2
10001624080|8
10001624121|4
10001624125|8
10001624127|5
10001624129|2
10001624209|6
10001624220|5
10001624417|9
10001624419|1
10001624453|5
10001624458|0
10001624463|0
10001624464|3
10001624531|0
10001624536|5
10001624540|5
10001624544|3
10001624549|0
10001624601|0
10001624605|6
10001624754|4
10001624889|0
10001624894|9
10001624896|4
10001624898|9
10001624899|2
10001624901|1
10001624902|5
10001625083|1
10001625085|7
10001625087|7
10001625440|7
10001625728|5
10001625729|4
10001625735|1
10001625737|5
10001625740|9
10001625890|7
10001625893|0
10001625897|0
10001625903|8
10001625912|3
10001626066|8
10001626348|2
10001626390|7
10001626400|9
10001626410|6
10001626421|9
10001626429|2
10001626629|1
10001626633|3
10001626634|7
10001626635|2
10001626636|7
10001626642|0
10001626692|5
10001626699|8
10001626832|0
10001627033|1
10001627262|0
10001627270|5
10001627276|4
10001627283|7
10001627285|4
10001627286|7
10001627293|8
10001627294|6
10001627296|9
10001627414|2
10001627422|0
10001627666|4
10001628016|2
10001628183|7
10001628193|7
10001628198|1
10001628202|5
10001628205|4
10001628207|5
10001628211|0
10001628522|0
10001628611|3
10001628613|7
10001628615|1
10001628617|8
10001628618|5
10001628619|1
10001628621|9
10001628670|9
10001628673|6
10001628675|3
10001628680|2
10001628682|2
10001628683|5
10001628684|0
10001628686|9
10001628687|4
10001628740|2
10001628892|9
10001628895|2
10001628896|5
10001628899|6
10001628904|3
10001628916|4
10001628918|9
10001628920|6
10001628922|2
10001628923|3
10001628930|9
10001628932|1
10001628949|3
10001628950|6
10001629028|0
10001629108|0
10001629110|7
10001629111|5
10001629116|4
10001629135|3
10001629177|5
10001629457|9
10001629588|8
10001629592|9
10001629594|2
10001629597|1
10001629598|3
10001629599|3
10001629600|6
10001629606|2
10001629622|4
10001629632|2
10001629633|9
10001629635|3
10001629648|1
10001629728|6
10001629737|7
10001629766|1
10001629768|8
10001629770|6
10001629899|8
10001630038|1
10001630039|3
10001630040|2
10001630042|6
10001630098|8
10001630102|4
10001630112|6
10001630118|7
10001630402|1
10001630528|4
10001630656|8
10001630662|4
10001630664|3
10001630667|2
10001630691|0
10001630692|0
10001630693|6
10001630694|4
10001630696|6
10001630721|3
10001630733|3
10001630742|3
10001630802|9
10001630855|9
10001630859|8
10001630865|6
10001630885|3
10001630888|3
10001630916|8
10001630921|1
10001630924|4
10001630934|5
10001630938|3
10001630944|2
10001630950|2
10001630971|4
10001630974|9
10001630975|3
10001630976|3
10001630977|3
10001630980|4
10001630981|2
10001630982|9
10001630987|7
10001630988|5
10001630990|3
10001630991|4
10001630993|9
10001630994|9
10001630997|1
10001631001|7
10001631002|3
10001631007|9
10001631008|8
10001631009|7
10001631010|1
10001631016|2
10001631019|0
10001631025|1
10001631030|7
10001631032|6
10001631044|8
10001631135|9
10001631156|9
10001631160|7
10001631850|5
10001631856|1
10001632072|0
10001632128|3
10001632398|9
10001632402|6
10001632407|3
10001632463|4
10001632472|7
10001632474|6
10001632479|7
10001632526|5
10001632527|7
10001632862|9
10001632863|0
10001632865|8
10001632867|4
10001632868|4
10001632869|4
10001632871|1
10001632872|2
10001632874|1
10001632877|1
10001632878|2
10001632884|3
10001632887|3
10001632893|4
10001632905|6
10001632907|7
10001632908|8
10001632915|2
10001632917|3
10001633044|5
10001633049|1
10001633053|1
10001633057|3
10001633062|6
10001633064|8
10001633167|2
10001633172|6
10001633183|6
10001633193|0
10001633273|7
10001633276|0
10001633303|4
10001633553|9
10001633557|8
10001633559|1
10001633566|8
10001633568|1
10001633572|6
10001633574|6
10001633576|4
10001633580|8
10001633584|7
10001633973|9
10001633974|6
10001633975|9
10001633976|3
10001634129|6
10001634130|7
10001634241|8
10001634245|8
10001634256|0
10001634259|2
10001634260|4
10001634261|8
10001634263|3
10001634265|5
10001634266|9
10001634269|9
10001634270|8
10001634272|3
10001634273|0
10001634274|9
10001634281|0
10001634286|9
10001634295|1
10001634297|3
10001634299|0
10001634303|4
10001634525|8
10001634685|6
10001634713|4
10001634728|1
10001634752|0
10001635044|6
10001635067|0
10001635069|7
10001635090|7
10001635134|8
10001635146|7
10001635340|5
10001635341|4
10001635440|1
10001635444|8
10001635447|4
10001635455|4
10001635462|6
10001635468|3
10001635475|7
10001635481|2
10001635497|8
10001635580|9
10001636061|3
10001636070|7
10001636077|9
10001636100|1
10001636109|8
10001636111|8
10001636118|6
10001636130|1
10001636138|3
10001636147|0
10001636158|6
10001636330|9
10001636335|3
10001636458|9
10001636657|0
10001636662|0
10001636665|9
10001636671|3
10001636674|5
10001636676|6
10001636682|9
10001636796|5
10001636991|6
10001637140|7
10001637141|1
10001637146|2
10001637148|9
10001637150|4
10001637155|5
10001637160|6
10001637162|1
10001637163|9
10001637571|7
10001637575|1
10001637610|5
10001637612|9
10001637614|6
10001637615|3
10001637617|8
10001637620|0
10001637622|9
10001637626|1
10001637627|4
10001637628|0
10001637631|9
10001637634|5
10001637635|9
10001637651|8
10001637691|8
10001637694|4
10001637697|0
10001637703|3
10001637713|2
10001637715|8
10001637720|4
10001637731|5
10001637735|3
10001637739|6
10001637743|0
10001637826|5
10001637842|8
10001637850|5
10001637861|1
10001637868|6
10001637871|3
10001637881|8
10001637885|5
10001637887|1
10001637889|0
10001637908|9
10001637940|3
10001637941|1
10001637988|6
10001638110|0
10001638111|3
10001638113|2
10001638116|1
10001638120|8
10001638137|2
10001638243|4
10001638602|5
10001638604|7
10001638649|5
10001638655|5
10001639319|2
10001639321|3
10001639380|2
10001639382|4
10001639389|4
10001639449|5
10001639452|3
10001639460|9
10001639703|4
10001640456|9
10001640476|4
10001640494|8
10001640498|1
10001640501|9
10001640503|5
10001640505|0
10001640507|3
10001640511|8
10001640513|3
10001640520|6
10001640536|3
10001640544|9
10001640550|0
10001640571|0
10001640576|6
10001640579|5
10001640583|1
10001640584|0
10001640586|0
10001640588|4
10001640591|2
10001640599|7
10001640602|4
10001640612|4
10001640613|4
10001640614|9
10001640616|7
10001640617|7
10001640618|7
10001640620|5
10001640622|1
10001640624|2
10001640626|1
10001640671|6
10001640911|7
10001640913|8
10001640932|2
10001640939|5
10001640940|0
10001641050|5
10001641051|4
10001641052|0
10001641054|0
10001641057|7
10001641059|4
10001641063|2
10001641299|9
10001641303|4
10001641313|6
10001641322|6
10001641793|9
10001641887|8
10001642201|0
10001642204|0
10001642206|7
10001642207|8
10001642273|8
10001642527|6
10001642536|7
10001642540|4
10001642544|9
10001642551|7
10001642625|2
10001642629|8
10001642632|6
10001642636|8
10001642748|0
10001642758|9
10001643060|9
10001643061|3
10001643554|4
10001643749|5
10001643799|5
10001644057|9
10001644059|1
10001644062|1
10001644065|8
10001644080|3
10001644082|3
10001644112|5
10001644270|8
10001644273|1
10001644276|8
10001644277|5
10001644278|7
10001644296|7
10001644302|1
10001644304|3
10001644307|8
10001644308|9
10001644310|3
10001644311|7
10001644312|2
10001644314|2
10001644318|6
10001644320|2
10001644321|5
10001644322|0
10001644324|0
10001644457|7
10001644780|7
10001644786|4
10001644788|7
10001644791|0
10001644792|8
10001644798|9
10001644803|4
10001644809|2
10001644880|6
10001644951|3
10001644958|7
10001644970|1
10001644979|1
10001644984|2
10001645030|0
10001645031|7
10001645032|4
10001645035|4
10001645309|8
10001645313|8
10001645343|1
10001645349|2
10001645353|0
10001645379|3
10001645389|0
10001645438|4
10001645580|5
10001645582|0
10001645586|0
10001645856|4
10001646002|8
10001646006|9
10001646009|3
10001646185|2
10001646197|9
10001646201|4
10001646203|9
10001646210|5
10001646214|3
10001646219|4
10001646558|9
10001646559|2
10001646560|5
10001646561|8
10001646563|4
10001646565|3
10001646566|7
10001646567|8
10001646568|7
10001646571|6
10001646572|4
10001646579|8
10001646582|5
10001646586|0
10001646587|7
10001646588|8
10001646722|4
10001646724|7
10001646728|6
10001646729|8
10001646731|0
10001646732|2
10001646736|8
10001646741|8
10001646742|5
10001646747|9
10001646748|6
10001646749|9
10001646750|5
10001646751|5
10001646753|9
10001646757|1
10001646759|3
10001646763|8
10001646766|3
10001646770|5
10001646774|9
10001646776|9
10001646780|1
10001646781|0
10001646782|1
10001646783|4
10001646787|5
10001646791|2
10001646792|1
10001646800|5
10001646874|5
10001646876|7
10001646878|1
10001646879|8
10001646942|6
10001646943|7
10001647082|0
10001647195|0
10001647198|8
10001647406|7
10001647408|1
10001648020|9
10001648021|9
10001648022|8
10001648029|5
10001648084|6
10001648088|5
10001648090|8
10001648340|6
10001648355|0
10001648404|8
10001648417|3
10001648420|4
10001648425|1
10001648434|5
10001648441|8
10001648443|2
10001648446|6
10001648448|3
10001648451|4
10001648460|3
10001648525|8
10001648539|2
10001648543|5
10001648546|5
10001648581|5
10001648586|6
10001648594|5
10001649262|7
10001649264|1
10001649351|4
10001649638|8
10001649640|8
10001649945|7
10001649979|8
10001650013|7
10001650020|9
10001650036|5
10001650037|0
10001650042|9
10001650044|6
10001650083|4
10001650098|4
10001650099|1
10001650107|8
10001650263|9
10001650265|9
10001650275|1
10001650280|7
10001650367|0
10001650368|6
10001650370|3
10001650372|4
10001650463|7
10001650466|6
10001650490|7
10001650495|0
10001650498|6
10001650501|6
10001650503|0
10001650519|3
10001650521|5
10001650526|3
10001650534|3
10001650538|1
10001650565|9
10001650664|2
10001650667|5
10001650675|0
10001650683|6
10001650709|7
10001650711|1
10001650904|2
10001650905|6
10001650911|3
10001650912|7
10001650957|8
10001650994|8
10001651011|9
10001651050|8
10001651584|2
10001651648|8
10001651654|3
10001651737|5
10001651967|4
10001651992|5
10001652110|0
10001652111|8
10001652112|8
10001652114|0
10001652116|5
10001652117|2
10001652118|5
10001652126|6
10001652128|7
10001652352|6
10001652356|1
10001652512|9
10001652517|9
10001652808|6
10001652824|9
10001652829|1
10001652844|8
10001653058|9
10001653199|9
10001653245|8
10001653638|8
10001653641|9
10001653642|7
10001653643|4
10001653645|0
10001653646|6
10001653647|9
10001653713|3
10001653736|3
10001653787|0
10001653844|2
10001653850|6
10001653852|8
10001653855|1
10001653863|3
10001653867|1
10001653869|2
10001653870|5
10001654034|5
10001654068|0
10001654074|8
10001654083|8
10001654092|9
10001654101|9
10001654233|0
10001654370|6
10001654373|3
10001654378|7
10001654423|9
10001654427|0
10001654510|7
10001654523|3
10001654558|6
10001654564|3
10001654568|6
10001654572|7
10001654578|3
10001654697|1
10001654698|9
10001654720|2
10001654733|3
10001654737|8
10001654739|5
10001654740|8
10001654742|3
10001654744|1
10001654745|0
10001655254|9
10001655259|3
10001655262|1
10001655264|0
10001655272|6
10001655275|9
10001655278|1
10001655282|0
10001655287|3
10001655292|0
10001655295|4
10001655297|6
10001655304|8
10001655305|6
10001655714|5
10001655731|4
10001655744|6
10001655746|9
10001655751|8
10001656033|8
10001656046|4
10001656050|7
10001656053|5
10001656056|2
10001656058|5
10001656060|1
10001656090|8
10001656244|7
10001656388|4
10001656437|2
10001656441|4
10001656476|1
10001656482|2
10001656488|1
10001656490|9
10001656494|0
10001656753|6
10001656755|9
10001656757|6
10001656759|4
10001656761|9
10001656762|6
10001656764|3
10001656775|3
10001656776|2
10001656779|0
10001656780|8
10001656782|3
10001656783|9
10001656785|4
10001656786|5
10001656787|9
10001656884|8
10001656886|7
10001656891|7
10001656894|2
10001656896|9
10001657003|9
10001657010|3
10001657020|6
10001657025|3
10001657029|6
10001657044|2
10001657096|1
10001657100|3
10001657102|5
10001657106|7
10001657219|0
10001657221|9
10001657225|3
10001657226|9
10001657227|8
10001657228|6
10001657229|4
10001657230|9
10001657234|2
10001657235|7
10001657237|8
10001657254|8
10001657257|8
10001657261|6
10001657263|7
10001657264|3
10001657291|0
10001657300|0
10001657302|8
10001657307|5
10001657314|2
10001657320|6
10001657339|7
10001657344|7
10001657353|5
10001657389|9
10001657391|4
10001657432|6
10001657459|8
10001657651|0
10001657654|5
10001657657|4
10001657875|2
10001658162|1
10001658772|3
10001658775|2
10001658780|6
10001658979|7
10001659039|1
10001659055|3
10001659142|8
10001659146|7
10001659608|3
10001659618|8
10001659821|2
10001659824|3
10001660027|8
10001660141|7
10001660144|0
10001660150|1
10001660187|9
10001660191|6
10001660687|1
10001660689|7
10001660696|1
10001660736|3
10001660739|5
10001660756|8
10001660807|1
10001660814|6
10001660819|1
10001660826|6
10001660833|8
10001660868|7
10001660871|2
10001660944|0
10001660990|6
10001660993|3
10001660996|8
10001660999|2
10001661003|8
10001661007|0
10001661010|7
10001661171|4
10001661182|6
10001661184|1
10001661188|7
10001661192|8
10001661465|1
10001661466|2
10001661468|6
10001661470|1
10001661472|4
10001661474|4
10001661476|2
10001661479|0
10001661492|7
10001661548|3
10001661591|0
10001661595|4
10001661797|9
10001661798|2
10001662070|2
10001662073|7
10001662074|2
10001662078|3
10001662081|7
10001662082|8
10001662084|1
10001662125|5
10001662202|2
10001662227|7
10001662230|3
10001662962|9
10001662968|5
10001662975|0
10001662983|0
10001662986|6
10001662988|2
10001662990|0
10001662994|0
10001662996|1
10001663003|7
10001663007|7
10001663010|1
10001663011|0
10001663055|2
10001663062|1
10001663064|7
10001663065|9
10001663066|6
10001663067|8
10001663068|5
10001663071|2
10001663072|9
10001663074|1
10001663076|0
10001663077|4
10001663145|6
10001663146|2
10001663147|6
10001663148|1
10001663149|2
10001663154|5
10001663156|3
10001663161|1
10001663163|2
10001663587|0
10001663616|5
10001663620|5
10001663622|7
10001663624|0
10001663627|1
10001663632|8
10001663634|3
10001663635|2
10001663639|1
10001663645|7
10001663657|7
10001663660|1
10001663668|6
10001663675|2
10001663717|2
10001663718|2
10001663722|1
10001663726|3
10001663729|7
10001663740|2
10001663763|9
10001663773|9
10001663777|1
10001663778|3
10001663810|5
10001663821|6
10001664218|1
10001664223|1
10001664225|9
10001664234|9
10001664741|4
10001664743|6
10001664820|7
10001664822|9
10001665001|4
10001665007|3
10001665014|1
10001665024|6
10001665026|0
10001665038|9
10001665084|1
10001665085|8
10001665086|2
10001665089|0
10001665359|1
10001665361|1
10001665456|1
10001665458|1
10001665460|9
10001665463|8
10001665470|9
10001665474|5
10001665478|0
10001665820|0
10001666231|0
10001666232|6
10001666233|8
10001666235|6
10001666236|9
10001666239|5
10001666241|9
10001666243|1
10001666244|2
10001666247|2
10001666250|9
10001666252|4
10001666254|1
10001666256|0
10001666259|4
10001666260|0
10001666264|0
10001666266|5
10001666269|8
10001666273|9
10001666275|5
10001666277|4
10001666280|0
10001666283|5
10001666286|7
10001666287|5
10001666393|0
10001666599|2
10001666605|3
10001666606|3
10001666670|1
10001666686|6
10001666898|5
10001667282|7
10001667444|1
10001667446|2
10001667447|1
10001667499|1
10001667500|1
10001667501|6
10001667504|6
10001667505|3
10001667774|6
10001667789|9
10001667791|7
10001667792|5
10001667797|5
10001667971|5
10001668159|3
10001668161|8
10001668167|8
10001668169|8
10001668170|4
10001668179|6
10001668181|0
10001668185|4
10001668186|9
10001668331|6
10001668332|9
10001668436|1
10001668453|1
10001668465|9
10001668468|8
10001668885|0
10001669269|9
10001669271|9
10001669273|7
10001669275|9
10001669276|3
10001669277|4
10001669278|3
10001669296|0
10001669297|9
10001669298|9
10001669304|8
10001669671|5
10001669673|5
10001669677|1
10001669679|4
10001669682|7
10001669686|8
10001669693|7
10001669695|3
10001669775|9
10001669819|2
10001669820|3
10001669823|0
10001669830|7
10001669835|5
10001669838|0
10001669841|6
10001669843|3
10001669844|9
10001669845|3
10001669846|3
10001669852|2
10001669854|4
10001670022|1
10001670101|8
10001670103|4
10001670105|8
10001670107|2
10001670108|9
10001670109|8
10001670110|3
10001670122|6
10001670126|1
10001670128|9
10001670130|1
10001670135|4
10001670137|7
10001670187|8
10001670194|7
10001670196|6
10001670299|6
10001670300|3
10001670380|1
10001670409|9
10001670410|9
10001670436|5
10001670453|7
10001670490|2
10001670495|6
10001670859|3
10001670956|2
10001670960|5
10001671091|8
10001671094|7
10001671139|6
10001671140|6
10001671141|2
10001671142|8
10001671144|9
10001671147|7
10001671264|3
10001671266|8
10001671272|9
10001671281|5
10001671286|7
10001671289|8
10001671292|4
10001671293|7
10001671302|2
10001671304|1
10001671308|5
10001671321|6
10001671353|8
10001671355|4
10001671358|7
10001671362|9
10001671365|0
10001671378|8
10001671425|0
10001671428|7
10001671691|1
10001671706|2
10001671709|9
10001671713|0
10001671718|4
10001671756|6
10001671870|2
10001671872|2
10001671873|1
10001671885|7
10001671897|9
10001671903|6
10001671906|3
10001671984|0
10001672009|5
10001672012|8
10001672433|6
10001672465|9
10001672467|8
10001672473|0
10001672490|7
10001672492|9
10001672494|5
10001672539|6
10001672554|8
10001672565|5
10001672571|1
10001672575|6
10001672579|8
10001672583|7
10001672940|9
10001672945|2
10001673064|3
10001673177|6
10001673513|1
10001673517|9
10001673551|0
10001673562|8
10001673565|7
10001673567|4
10001673579|6
10001673585|7
10001673614|2
10001673633|7
10001673661|2
10001673662|3
10001673664|7
10001673667|3
10001673669|1
10001673671|5
10001673680|0
10001673807|3
10001674080|6
10001674193|1
10001674270|6
10001674274|7
10001674278|4
10001674281|7
10001674283|2
10001674284|8
10001674285|6
10001674289|2
10001674317|2
10001674527|7
10001674606|8
10001674608|1
10001674654|4
10001674656|2
10001674657|4
10001674658|6
10001674661|7
10001674663|4
10001674664|2
10001674665|9
10001674674|3
10001674677|5
10001674848|2
10001674856|1
10001674873|5
10001674874|1
10001675152|1
10001675162|6
10001675163|2
10001675166|8
10001675169|2
10001675172|3
10001675176|1
10001675192|1
10001675193|1
10001675194|5
10001675200|7
10001675201|5
10001675202|9
10001675203|3
10001675205|5
10001675206|0
10001675207|0
10001675208|5
10001675209|9
10001675211|8
10001675214|5
10001675216|1
10001675219|5
10001675220|5
10001675221|0
10001675222|0
10001675328|9
10001675331|0
10001675342|5
10001675345|2
10001675348|7
10001675352|7
10001675355|9
10001675359|9
10001675363|4
10001675367|7
10001675385|1
10001675388|0
10001675389|8
10001675650|9
10001675653|7
10001675726|9
10001675729|6
10001675730|2
10001675731|1
10001675734|3
10001675737|8
10001675739|5
10001675740|7
10001675741|8
10001675742|4
10001675744|0
10001675746|0
10001675748|2
10001675750|9
10001675752|8
10001675755|5
10001675760|6
10001675762|0
10001675764|2
10001675765|1
10001675767|0
10001675869|7
10001675870|5
10001675873|0
10001675879|1
10001675882|7
10001675889|0
10001675894|8
10001675901|8
10001676148|2
10001676153|8
10001676169|5
10001676182|3
10001676183|8
10001676186|7
10001676187|6
10001676202|4
10001676214|9
10001676221|2
10001676232|6
10001676245|8
10001676251|1
10001676512|0
10001676594|3
10001676600|5
10001676610|0
10001677010|2
10001677023|5
10001677025|7
10001677029|0
10001677032|6
10001677091|0
10001677096|1
10001677099|3
10001677102|9
10001677129|6
10001677154|1
10001677157|7
10001677159|0
10001677161|5
10001677163|4
10001677167|5
10001677172|1
10001677173|2
10001677176|6
10001677378|9
10001677415|8
10001677417|2
10001677420|2
10001677422|5
10001677423|5
10001677424|2
10001677426|7
10001677450|2
10001677803|5
10001677860|2
10001677861|0
10001677862|7
10001677864|9
10001677865|3
10001677868|9
10001677876|0
10001677881|4
10001677885|9
10001677889|7
10001677896|5
10001678173|9
10001678177|4
10001678183|7
10001678556|1
10001678922|2
10001679024|4
10001679025|2
10001679026|8
10001679166|3
10001679168|8
10001679169|3
10001679171|4
10001679173|2
10001679197|1
10001679201|4
10001679746|7
10001680573|4
10001680839|4
10001681021|3
10001681231|9
10001681233|0
10001681463|7
10001681468|6
10001681488|1
10001681495|5
10001681499|2
10001681501|1
10001681566|3
10001681579|5
10001681585|4
10001681595|0
10001681598|3
10001681600|6
10001681606|2
10001681613|1
10001681789|6
10001681810|5
10001681819|3
10001681820|9
10001681821|3
10001681822|4
10001681823|5
10001681842|2
10001681846|7
10001682109|3
10001682112|6
10001682115|6
10001682293|6
10001682513|1
10001682572|7
10001682575|4
10001682577|2
10001683130|7
10001683135|8
10001683138|7
10001683196|0
10001683201|7
10001683202|3
10001683203|1
10001683206|9
10001683209|8
10001683215|6
10001683216|2
10001683263|1
10001683283|6
10001683293|1
10001683301|5
10001683437|3
10001683492|5
10001683497|5
10001683499|6
10001683508|4
10001683510|9
10001683685|3
10001683699|5
10001683701|1
10001683705|6
10001683715|2
10001683717|0
10001683747|3
10001683754|3
10001683756|0
10001683763|0
10001683767|7
10001684047|2
10001684305|6
10001684307|3
10001684566|6
10001684897|2
10001684900|8
10001684901|8
10001684903|7
10001684904|8
10001684947|8
10001685310|4
10001685311|7
10001685313|5
10001685315|4
10001685317|8
10001685318|0
10001685319|0
10001685320|3
10001685321|7
10001685322|9
10001685323|5
10001685325|9
10001685326|6
10001685328|4
10001685329|0
10001685333|7
10001685334|5
10001685335|4
10001685752|5
10001685921|7
10001685926|3
10001685929|9
10001685949|0
10001685954|0
10001685955|4
10001685958|2
10001685960|5
10001685962|5
10001685965|7
10001685969|6
10001685975|9
10001685976|2
10001685977|8
10001685978|1
10001685979|2
10001685982|6
10001685990|3
10001685991|5
10001685998|5
10001686019|7
10001686055|9
10001686058|2
10001686071|7
10001686083|8
10001686165|5
10001686284|4
10001686285|8
10001686287|5
10001686358|7
10001686362|5
10001686365|5
10001686370|9
10001686372|4
10001686534|3
10001686796|2
10001686842|9
10001686850|3
10001686854|4
10001686856|8
10001686859|4
10001686861|3
10001686863|6
10001686866|1
10001686869|2
10001686873|2
10001686886|3
10001686895|0
10001686940|6
10001686948|9
10001686954|7
10001687108|3
10001687165|5
10001687395|6
10001687398|5
10001687403|6
10001687405|1
10001687410|9
10001687413|2
10001687418|8
10001687421|7
10001687423|3
10001687427|5
10001687428|3
10001687430|7
10001687431|3
10001687434|3
10001687439|5
10001687440|8
10001687442|9
10001687444|1
10001687445|5
10001687452|7
10001687455|0
10001687458|1
10001687465|7
10001687471|0
10001687662|0
10001687670|9
10001687681|9
10001687687|7
10001687689|3
10001688559|4
10001688566|4
10001688567|7
10001688569|9
10001688656|6
10001689047|9
10001689052|4
10001689060|3
10001689066|1
10001689080|1
10001689082|8
10001689083|0
10001689089|6
10001689092|2
10001689097|3
10001689099|0
10001689104|9
10001689107|3
10001689108|0
10001689160|3
10001689162|1
10001689425|8
10001689534|1
10001689538|8
10001689540|6
10001689541|7
10001689544|9
10001689547|6
10001689683|1
10001689751|7
10001689757|2
10001689763|1
10001689767|5
10001689773|5
10001689804|1
10001689842|3
10001689845|3
10001689857|0
10001689893|6
10001689959|4
10001690032|0
10001690046|4
10001690048|9
10001690053|6
10001690109|0
10001690111|8
10001690113|0
10001690115|8
10001690123|4
10001690153|0
10001690157|0
10001690296|7
10001690362|3
10001690613|4
10001690614|1
10001691419|8
10001691422|2
10001691468|1
10001691485|8
10001691504|7
10001691630|9
10001691638|7
10001691639|0
10001691644|1
10001691648|9
10001691778|7
10001691780|7
10001691783|5
10001691784|3
10001691786|5
10001691787|8
10001691803|7
10001691810|7
10001691824|3
10001692160|8
10001692301|4
10001692383|5
10001692386|6
10001692411|9
10001692417|9
10001692422|2
10001692850|6
10001692866|5
10001692877|2
10001692912|7
10001693021|9
10001693024|2
10001693096|2
10001693121|2
10001693174|7
10001693183|2
10001693386|1
10001693408|1
10001693890|9
10001693895|9
10001694220|8
10001694305|1
10001694373|1
10001694422|1
10001694424|3
10001694426|6
10001694429|7
10001694433|7
10001694436|7
10001694732|3
10001694737|6
10001694878|0
10001695143|9
10001695893|7
10001695895|8
10001695896|8
10001695912|1
10001695915|4
10001695917|2
10001695922|6
10001695929|5
10001695940|8
10001695948|4
10001695964|6
10001695990|0
10001696001|2
10001696011|5
10001696248|7
10001696254|5
10001696303|4
10001696448|4
10001696452|3
10001696457|6
10001696468|4
10001696476|7
10001696480|0
10001696527|4
10001696530|6
10001696533|6
10001696876|4
10001696904|6
10001697049|8
10001697097|3
10001697110|7
10001697121|0
10001697321|0
10001697467|3
10001697468|0
10001697474|7
10001697475|5
10001697478|6
10001697481|4
10001697486|6
10001697487|8
10001697495|0
10001697498|5
10001697506|4
10001697509|7
10001697511|2
10001697668|1
10001697728|2
10001697795|8
10001697802|9
10001698298|6
10001698602|0
10001698831|3
10001698834|1
10001698847|8
10001698851|7
10001698854|3
10001698856|5
10001698857|4
10001698859|2
10001698861|5
10001698888|7
10001698890|7
10001698892|5
10001698895|7
10001698897|7
10001698898|4
10001698929|6
10001698931|4
10001698932|2
10001698933|5
10001698936|6
10001698937|7
10001698939|3
10001698940|1
10001698941|2
10001698942|5
10001698945|4
10001698946|9
10001698947|9
10001698948|3
10001699163|4
10001699164|9
10001699197|0
10001699199|0
10001699201|6
10001699240|5
10001699251|4
10001699252|1
10001699256|6
10001699264|6
10001699270|6
10001699272|9
10001699280|9
10001699281|2
10001699284|5
10001699288|5
10001699292|8
10001699295|9
10001699297|2
10001699300|8
10001699316|2
10001699320|3
10001699324|1
10001699377|1
10001699383|3
10001699406|1
10001699407|6
10001699408|7
10001699409|3
10001699411|4
10001699413|1
10001699419|8
10001699424|3
10001699426|1
10001699437|6
10001699452|1
10001699645|1
10001699648|8
10001699676|7
10001699679|5
10001699775|6
10001699821|7
10001699843|7
10001699909|9
10001699969|0
10001699973|4
10001699975|9
10001699978|9
10001699980|3
10001699983|3
10001699985|1
10001699993|6
10001700005|2
10001700009|4
10001700011|0
10001700013|7
10001700016|1
10001700019|8
10001700036|5
10001700107|6
10001700108|0
10001700114|8
10001700124|4
10001700128|3
10001700236|6
10001700265|2
10001700269|1
10001700274|4
10001700276|0
10001700277|3
10001700280|7
10001700287|7
10001700316|5
10001700321|9
10001700329|0
10001700337|4
10001700360|1
10001700365|5
10001700368|6
10001700376|1
10001700383|3
10001700388|5
10001700390|6
10001700392|8
10001700509|0
10001700521|1
10001700524|8
10001700527|5
10001700533|6
10001700535|6
10001700536|3
10001700537|9
10001700539|4
10001700543|9
10001700548|5
10001700550|6
10001700552|6
10001700553|5
10001700555|3
10001700558|8
10001700560|2
10001700562|3
10001700564|4
10001700568|1
10001700572|1
10001700601|5
10001700604|0
10001700606|8
10001700608|4
10001700609|2
10001700610|0
10001700611|7
10001700612|5
10001700614|8
10001700615|0
10001700617|0
10001700621|4
10001700623|1
10001700624|5
10001700626|3
10001700627|4
10001700628|5
10001700631|8
10001700634|0
10001700638|9
10001700651|8
10001700654|3
10001700657|9
10001700663|7
10001700667|5
10001700668|5
10001700674|2
10001700677|2
10001700684|6
10001700687|7
10001700717|8
10001700724|4
10001700726|3
10001700727|9
10001700729|6
10001700730|3
10001700733|9
10001700734|4
10001700737|2
10001700744|7
10001700761|1
10001700773|9
10001701055|1
10001701310|2
10001701364|4
10001701368|9
10001701377|4
10001701805|9
10001701841|6
10001701844|7
10001701845|4
10001701848|1
10001701849|8
10001701852|8
10001701853|2
10001701854|0
10001702027|9
10001702131|2
10001702135|1
10001702523|0
10001702529|8
10001702543|5
10001702556|6
10001702569|8
10001702570|8
10001702572|9
10001702579|0
10001702584|0
10001702597|8
10001702826|7
10001702850|4
10001702854|3
10001702857|9
10001702860|7
10001702864|6
10001702866|4
10001703368|6
10001703527|5
10001703531|3
10001703539|8
10001703545|4
10001703557|5
10001703566|3
10001703569|7
10001703644|6
10001703658|3
10001703681|8
10001703720|3
10001703725|7
10001703743|0
10001703825|4
10001703874|6
10001704101|9
10001704221|8
10001704222|2
10001704223|2
10001704247|2
10001704628|2
10001704633|4
10001704635|7
10001704637|2
10001704640|4
10001704643|9
10001704645|5
10001704648|6
10001704651|4
10001704654|9
10001704660|3
10001704718|3
10001704721|6
10001704723|5
10001704727|1
10001704767|3
10001704797|5
10001704802|8
10001704806|8
10001704863|4
10001704872|6
10001704873|9
10001704875|6
10001704876|7
10001704877|2
10001705281|3
10001705428|4
10001705429|3
10001705433|9
10001705446|9
10001705448|9
10001705449|3
10001705450|3
10001705451|6
10001705452|4
10001706081|3
10001706082|1
10001706084|6
10001706086|6
10001706088|8
10001706222|9
10001706262|0
10001706265|5
10001706268|7
10001706272|6
10001706276|6
10001706278|1
10001706282|7
10001706286|8
10001706290|9
10001706292|1
10001706294|2
10001706295|4
10001706297|7
10001706298|7
10001706299|2
10001706300|6
10001706301|4
10001706303|6
10001706304|3
10001706306|5
10001706352|9
10001706680|3
10001706701|0
10001706706|2
10001706710|1
10001706714|6
10001707058|2
10001707062|6
10001707144|0
10001707278|7
10001707287|3
10001707299|1
10001707305|9
10001707317|1
10001707319|5
10001707320|7
10001707328|0
10001707335|9
10001707342|2
10001707346|7
10001707719|8
10001707836|5
10001707840|6
10001707848|2
10001707850|4
10001707861|6
10001707865|5
10001707871|7
10001707900|7
10001707928|7
10001707929|6
10001707932|5
10001707934|4
10001708207|6
10001708211|7
10001708213|0
10001708217|3
10001708219|3
10001708223|2
10001708225|4
10001708229|9
10001708230|5
10001708232|2
10001708233|7
10001708234|6
10001708236|7
10001708238|3
10001708241|0
10001708242|2
10001708248|2
10001708250|4
10001708285|4
10001708448|7
10001708449|8
10001708450|7
10001708455|9
10001708460|5
10001708462|2
10001708472|4
10001708474|6
10001708479|8
10001708496|5
10001708506|4
10001708516|7
10001708575|8
10001708582|8
10001708591|7
10001708725|7
10001708730|7
10001708877|3
10001709232|6
10001709237|4
10001709239|9
10001709255|1
10001709256|6
10001709514|9
10001709515|4
10001709517|5
10001709520|5
10001709524|9
10001709529|2
10001709535|9
10001709546|2
10001709701|3
10001709737|8
10001709738|4
10001709740|6
10001709749|9
10001709751|0
10001709752|3
10001709753|6
10001709758|9
10001709760|8
10001709908|2
10001710160|1
10001710210|8
10001710216|6
10001710218|0
10001710222|5
10001710225|3
10001710242|8
10001710327|2
10001710523|7
10001710524|6
10001710528|3
10001710530|7
10001710533|7
10001710552|1
10001710553|1
10001710725|2
10001710731|6
10001710786|8
10001710798|9
10001710810|2
10001710814|8
10001710816|2
10001710820|4
10001710824|8
10001710827|2
10001710829|5
10001710832|7
10001710837|1
10001710839|5
10001710844|5
10001710849|0
10001710852|8
10001710879|4
10001711151|2
10001711161|4
10001711162|4
10001711166|7
10001711192|3
10001711198|0
10001711216|3
10001711537|2
10001711548|7
10001711558|3
10001711563|4
10001712207|8
10001712226|5
10001712265|1
10001712273|1
10001712278|1
10001712283|4
10001712292|4
10001712293|4
10001712310|3
10001712366|8
10001712371|7
10001712447|1
10001712468|6
10001712482|2
10001712490|4
10001712496|7
10001712761|7
10001712765|6
10001712829|3
10001712891|2
10001712921|7
10001713140|9
10001713141|6
10001713171|1
10001713176|7
10001713178|7
10001713181|7
10001713186|0
10001713189|2
10001713414|2
10001713416|3
10001713422|3
10001713434|9
10001713487|5
10001713498|1
10001713590|6
10001713779|1
10001713785|7
10001713787|8
10001713891|3
10001713893|9
10001713899|9
10001713996|2
10001714003|2
10001714178|4
10001714257|6
10001714260|1
10001714307|4
10001714312|7
10001714317|3
10001714349|3
10001714501|6
10001714602|6
10001714614|9
10001714621|9
10001714625|6
10001714632|8
10001714636|5
10001714639|5
10001714749|1
10001714751|3
10001714827|6
10001714848|5
10001714856|1
10001714858|9
10001714871|7
10001714875|5
10001714877|9
10001714890|7
10001714896|2
10001714908|4
10001714926|7
10001714978|2
10001714980|5
10001714992|7
10001714995|4
10001714997|4
10001714999|6
10001715100|3
10001715104|0
10001715109|1
10001715113|6
10001715118|5
10001715131|7
10001715133|4
10001715151|6
10001715154|7
10001715156|4
10001715157|9
10001715162|4
10001715163|1
10001715288|5
10001715318|0
10001715340|8
10001715463|6
10001715768|8
10001715770|9
10001716658|9
10001716670|8
10001716683|6
10001716692|2
10001716847|7
10001716933|3
10001717170|5
10001717174|0
10001717221|8
10001717232|5
10001717458|8
10001717727|9
10001717749|5
10001717853|6
10001717909|9
10001718031|4
10001718032|4
10001718035|2
10001718036|7
10001718037|8
10001718038|3
10001718052|1
10001718479|6
10001718748|8
10001719077|4
10001719080|9
10001719082|5
10001719152|6
10001719153|0
10001719174|3
10001719177|7
10001719180|4
10001719185|5
10001719194|0
10001719201|1
10001719211|0
10001719214|2
10001719218|8
10001719219|6
10001719222|4
10001719224|1
10001719226|3
10001719228|0
10001719230|3
10001719521|0
10001719522|9
10001719546|7
10001719547|8
10001719548|7
10001719558|7
10001719570|6
10001719572|6
10001719573|4
10001719574|6
10001719575|0
10001719576|8
10001719701|1
10001719728|1
10001719967|0
10001719979|6
10001720448|0
10001720457|3
10001720461|7
10001720488|3
10001720489|3
10001720491|0
10001720493|8
10001720506|6
10001720581|9
10001720586|7
10001720597|7
10001720601|6
10001720604|6
10001720605|9
10001720608|5
10001720610|0
10001720613|4
10001720620|7
10001720629|4
10001720631|7
10001720709|3
10001720710|4
10001720711|1
10001720712|0
10001720714|6
10001720716|8
10001720727|4
10001720730|4
10001720732|2
10001720735|8
10001720740|9
10001720755|4
10001720757|8
10001720758|5
10001720824|6
10001720828|3
10001720832|2
10001720837|4
10001720886|1
10001721255|6
10001721297|7
10001721363|6
10001721365|9
10001721369|5
10001721374|6
10001721377|2
10001721382|8
10001721385|3
10001721411|7
10001721421|0
10001721767|6
10001721853|7
10001721857|6
10001721938|3
10001721939|3
10001721940|0
10001721942|3
10001721944|9
10001722283|3
10001722337|2
10001722338|5
10001722345|4
10001722357|5
10001722367|8
10001722371|4
10001722375|3
10001722389|3
10001722398|3
10001722404|3
10001722406|9
10001722418|5
10001722453|7
10001722469|0
10001722652|4
10001723036|4
10001723079|8
10001723083|9
10001723113|6
10001723117|0
10001723122|4
10001723194|0
10001723202|7
10001723340|0
10001723345|0
10001723346|5
10001723352|1
10001723357|2
10001723363|5
10001723425|2
10001723428|5
10001723448|8
10001723451|6
10001723458|5
10001723463|2
10001723495|7
10001723498|5
10001723501|8
10001723505|4
10001723509|4
10001723513|9
10001723515|9
10001723519|2
10001723522|8
10001723524|5
10001723913|3
10001723920|7
10001723922|0
10001723930|7
10001723934|2
10001723936|4
10001723950|6
10001723954|8
10001724038|6
10001724039|3
10001724042|3
10001724044|0
10001724083|0
10001724092|9
10001724098|5
10001724104|7
10001724106|0
10001724116|4
10001724124|4
10001724131|9
10001724133|3
10001724142|4
10001724144|8
10001724151|0
10001724158|0
10001724167|7
10001724173|2
10001724178|9
10001724185|5
10001724472|3
10001724580|0
10001724584|8
10001724665|1
10001724668|1
10001724903|5
10001725288|3
10001725294|4
10001725301|8
10001725304|1
10001725309|7
10001725323|1
10001725434|5
10001725443|0
10001725448|2
10001725457|8
10001725500|3
10001725505|0
10001725509|8
10001725517|9
10001725838|1
10001725839|3
10001725997|7
10001725998|1
10001726001|7
10001726008|5
10001726026|6
10001726032|8
10001726045|2
10001726048|1
10001726054|3
10001726060|2
10001726066|8
10001726073|5
10001726085|0
10001726104|1
10001726113|0
10001726125|4
10001726151|8
10001726215|4
10001726218|3
10001726219|3
10001726220|6
10001726222|3
10001726223|1
10001726226|0
10001726312|1
10001726420|9
10001726431|1
10001726438|2
10001726472|2
10001726478|4
10001726514|7
10001726518|4
10001726532|3
10001726580|4
10001726581|9
10001726582|8
10001726583|6
10001726588|2
10001726591|7
10001726596|3
10001726599|7
10001726651|1
10001726879|0
10001727225|9
10001727227|4
10001727236|4
10001727241|8
10001727244|9
10001727251|1
10001727253|0
10001727713|5
10001727740|7
10001727773|4
10001727822|8
10001727838|1
10001728054|8
10001728059|7
10001728061|2
10001728063|4
10001728067|5
10001728068|7
10001728070|1
10001728073|5
10001728164|0
10001728169|3
10001728174|4
10001728183|8
10001728187|3
10001728197|1
10001728199|9
10001728345|8
10001728347|3
10001728457|8
10001728461|4
10001728463|3
10001728527|7
10001728532|7
10001728536|1
10001728552|6
10001728596|4
10001728640|1
10001728658|3
10001728715|2
10001728717|4
10001729063|4
10001729304|3
10001729305|6
10001729308|2
10001729337|2
10001729344|7
10001729353|6
10001729364|6
10001729369|4
10001729378|1
10001729380|4
10001729411|2
10001729413|0
10001729417|9
10001729419|9
10001729421|0
10001729423|0
10001729424|8
10001729425|5
10001729426|3
10001729427|3
10001729428|6
10001729468|9
10001729469|9
10001729471|8
10001729473|7
10001729483|2
10001729782|4
10001729783|3
10001729785|0
10001729787|6
10001729856|6
10001729884|8
10001729893|4
10001729915|8
10001729966|0
10001730017|8
10001730025|0
10001730057|9
10001730059|3
10001730065|4
10001730071|3
10001730122|0
10001730219|0
10001730299|6
10001730328|9
10001730332|1
10001730340|3
10001730345|2
10001730350|2
10001730354|2
10001730357|0
10001730366|8
10001730367|8
10001730370|2
10001730373|6
10001730384|0
10001730392|3
10001730575|2
10001730578|9
10001730579|8
10001730773|2
10001730775|9
10001730947|2
10001731044|9
10001731046|5
10001731148|8
10001731163|2
10001731174|3
10001731175|0
10001731180|2
10001731183|2
10001731191|2
10001731199|1
10001731207|0
10001731216|0
10001731220|2
10001731224|8
10001731293|6
10001731295|6
10001731300|8
10001731303|1
10001731357|1
10001731377|6
10001731386|3
10001731388|2
10001731390|6
10001731395|3
10001731398|3
10001731400|5
10001731519|2
10001731555|3
10001731561|2
10001731563|4
10001731695|5
10001731835|0
10001731968|6
10001731972|7
10001731973|7
10001731979|1
10001731982|1
10001731986|1
10001731989|0
10001731993|6
10001731996|0
10001732160|6
10001732162|0
10001732174|2
10001732177|3
10001732180|1
10001732224|8
10001732230|1
10001732358|3
10001732578|7
10001732584|8
10001732602|2
10001732607|8
10001732610|6
10001732614|1
10001732618|8
10001732621|2
10001732623|7
10001732794|6
10001732799|4
10001732881|2
10001732987|2
10001733479|6
10001733483|8
10001733519|0
10001733654|1
10001733655|2
10001733658|1
10001733659|8
10001734643|0
10001734719|0
10001735051|3
10001735057|2
10001735058|7
10001735069|1
10001735075|2
10001735076|1
10001735077|1
10001735079|1
10001735080|5
10001735081|6
10001735084|0
10001735093|9
10001735098|3
10001735103|0
10001735133|8
10001735140|6
10001735308|9
10001735340|8
10001735342|7
10001735350|8
10001735455|5
10001735461|5
10001735463|9
10001735465|5
10001735468|4
10001735471|7
10001735473|2
10001735570|7
10001735572|7
10001735574|9
10001735581|2
10001735586|8
10001735591|9
10001735631|0
10001735633|0
10001735637|5
10001735639|0
10001735642|1
10001735644|3
10001735646|4
10001735650|6
10001735653|6
10001735659|2
10001735662|6
10001735668|5
10001735670|9
10001735672|9
10001735674|5
10001735679|5
10001735684|1
10001735691|9
10001735694|0
10001735697|4
10001735699|1
10001735702|1
10001735708|5
10001735715|1
10001735727|5
10001735742|7
10001735747|6
10001735750|3
10001735755|6
10001735758|6
10001735815|7
10001735833|5
10001736207|9
10001736248|9
10001736255|9
10001736267|0
10001736275|5
10001736370|8
10001736386|8
10001736387|1
10001736389|9
10001736561|9
10001736579|4
10001736589|4
10001736593|4
10001736594|0
10001736602|8
10001736615|7
10001736628|2
10001736706|4
10001736788|3
10001736790|4
10001736791|2
10001736814|0
10001736861|0
10001736865|3
10001736895|7
10001736903|3
10001736907|3
10001736917|1
10001736920|6
10001736921|1
10001736948|3
10001736951|7
10001736953|7
10001736955|5
10001736957|8
10001736961|5
10001736963|5
10001736965|0
10001736967|3
10001736969|0
10001736970|1
10001736974|3
10001736982|2
10001737101|9
10001737107|7
10001737111|9
10001737116|9
10001737118|8
10001737128|9
10001737130|8
10001737143|9
10001737410|4
10001737831|8
10001737924|6
10001738090|4
10001738093|0
10001738725|3
10001738727|8
10001738733|1
10001738742|9
10001738752|5
10001738757|8
10001738768|1
10001738772|0
10001738791|6
10001738796|3
10001738800|5
10001738878|6
10001738879|6
10001738907|3
10001738911|0
10001738915|7
10001738919|4
10001738922|9
10001738923|0
10001738926|4
10001738930|8
10001738934|8
10001738938|0
10001738940|1
10001738942|5
10001738945|5
10001738973|9
10001738991|9
10001739101|8
10001739219|3
10001739222|2
10001739328|4
10001739330|5
10001739332|2
10001739908|6
10001739917|5
10001739922|0
10001739929|1
10001739935|8
10001739950|9
10001739981|4
10001739988|7
10001740252|2
10001740352|1
10001740358|1
10001740360|0
10001740362|0
10001740363|5
10001740369|8
10001740371|8
10001740373|4
10001740376|2
10001740392|8
10001740400|5
10001740536|2
10001740624|3
10001740630|6
10001740632|7
10001740640|7
10001740648|3
10001740684|1
10001740700|4
10001740710|9
10001740729|3
10001740737|3
10001740739|7
10001740746|6
10001740754|0
10001740761|3
10001740765|3
10001740772|9
10001740779|4
10001740792|0
10001740833|3
10001741293|2
10001741294|4
10001741299|1
10001741301|8
10001741302|5
10001741305|1
10001741307|6
10001741367|2
10001741369|9
10001741372|6
10001741465|1
10001741467|4
10001741468|7
10001741470|3
10001741473|9
10001741474|8
10001741475|1
10001741477|1
10001741480|9
10001741482|5
10001741709|9
10001741713|2
10001741714|4
10001741716|7
10001741717|0
10001741723|3
10001741754|6
10001741755|7
10001741757|6
10001741759|9
10001741761|8
10001741764|6
10001741875|2
10001741876|6
10001741877|2
10001741879|5
10001741881|8
10001741884|3
10001741896|3
10001741897|9
10001741900|9
10001742030|8
10001742035|0
10001742040|2
10001742048|1
10001742061|1
10001742066|8
10001742073|3
10001742086|0
10001742142|3
10001742150|9
10001742161|7
10001742167|8
10001742174|5
10001742180|7
10001742189|4
10001742232|4
10001742245|1
10001742265|3
10001742274|8
10001742363|3
10001742364|4
10001742366|0
10001742368|7
10001742370|4
10001742371|3
10001742372|9
10001742373|4
10001742374|0
10001742375|4
10001742379|1
10001742381|3
10001742382|4
10001742383|4
10001742384|7
10001742386|3
10001742387|8
10001742390|7
10001742391|3
10001742707|7
10001742709|7
10001742773|1
10001742774|8
10001742896|1
10001742898|3
10001742989|0
10001743011|1
10001743013|7
10001743028|5
10001743030|2
10001743032|3
10001743038|9
10001743040|8
10001743045|8
10001743051|7
10001743053|2
10001743054|9
10001743058|5
10001743070|4
10001743081|4
10001743087|5
10001743091|1
10001743226|4
10001743227|6
10001743231|4
10001743252|6
10001743255|1
10001743266|8
10001743268|0
10001743271|7
10001743272|7
10001743276|0
10001743277|9
10001743280|4
10001743283|8
10001743285|6
10001743437|3
10001743451|3
10001743569|2
10001743577|6
10001743587|5
10001743594|1
10001743597|9
10001743604|5
10001743608|0
10001743612|0
10001743781|9
10001743822|1
10001743826|1
10001743875|6
10001743880|9
10001743885|2
10001743887|2
10001743892|3
10001743904|5
10001744255|0
10001744313|9
10001744318|7
10001744322|8
10001744325|6
10001744331|4
10001744339|2
10001744356|1
10001744632|2
10001744785|1
10001744786|3
10001744799|2
10001744800|1
10001744813|3
10001744834|7
10001744843|4
10001744895|9
10001744973|2
10001745177|9
10001745178|5
10001745185|8
10001745187|4
10001745188|4
10001745190|8
10001745192|8
10001745203|1
10001745205|6
10001745243|5
10001745249|2
10001745251|7
10001745260|4
10001745395|2
10001745498|5
10001745506|2
10001745618|9
10001745762|5
10001746147|2
10001746150|6
10001746153|0
10001746156|1
10001746160|0
10001746161|9
10001746163|3
10001746166|8
10001746167|6
10001746179|6
10001746303|4
10001746452|3
10001746525|0
10001746527|7
10001746530|6
10001746531|5
10001746681|8
10001746713|5
10001746718|3
10001746721|6
10001746724|1
10001746726|9
10001746728|5
10001746730|1
10001746734|7
10001746742|9
10001746746|3
10001746748|3
10001746755|8
10001746781|0
10001746806|3
10001746811|7
10001746812|1
10001746819|9
10001747010|7
10001747090|4
10001747114|2
10001747122|5
10001747127|9
10001747129|5
10001747170|6
10001747173|2
10001747178|7
10001747182|5
10001747193|0
10001747284|8
10001747285|9
10001747286|0
10001747288|3
10001747290|0
10001747291|9
10001747292|7
10001747293|5
10001747295|6
10001747297|3
10001747299|0
10001747300|9
10001747303|5
10001747378|4
10001747416|6
10001747423|9
10001747474|2
10001747475|7
10001747477|0
10001747479|8
10001747481|3
10001747490|5
10001747494|5
10001747508|0
10001747509|8
10001747514|9
10001747516|4
10001747518|9
10001747887|6
10001747966|0
10001747981|2
10001747982|1
10001747985|4
10001747997|3
10001748002|6
10001748129|5
10001748132|2
10001748134|2
10001748137|6
10001748141|6
10001748144|9
10001748158|3
10001748185|8
10001748192|9
10001748197|0
10001748201|4
10001748207|2
10001748212|0
10001748217|4
10001748220|6
10001748230|3
10001748232|2
10001748235|4
10001748239|6
10001748241|7
10001748243|5
10001748245|8
10001748246|2
10001748248|3
10001748250|4
10001748251|2
10001748260|7
10001748314|7
10001748776|7
10001748778|3
10001748780|1
10001748919|2
10001748924|6
10001748926|1
10001748928|2
10001748935|7
10001748936|3
10001748939|9
10001748950|1
10001748954|3
10001748993|1
10001748995|3
10001749001|3
10001749008|6
10001749014|3
10001749024|2
10001749044|2
10001749045|2
10001749047|6
10001749049|3
10001749053|9
10001749060|9
10001749180|3
10001749465|7
10001749576|7
10001749591|3
10001749662|9
10001749667|9
10001749810|5
10001749817|0
10001749832|1
10001749845|6
10001749850|8
10001749856|0
10001749859|1
10001749865|3
10001749866|0
10001749871|5
10001749878|5
10001749893|5
10001749899|6
10001749901|5
10001749916|7
10001749922|8
10001749943|9
10001750366|0
10001750763|8
10001751134|4
10001751137|8
10001751138|0
10001751140|9
10001751142|5
10001751144|3
10001751148|0
10001751155|6
10001751156|6
10001751161|3
10001751163|3
10001751166|4
10001751171|3
10001751173|6
10001751177|4
10001751183|5
10001751256|5
10001751259|2
10001751265|5
10001751270|8
10001751271|7
10001751280|3
10001751288|6
10001751324|4
10001751330|2
10001751334|1
10001751337|8
10001751347|5
10001751459|7
10001751500|5
10001751501|2
10001751502|0
10001751503|2
10001751505|3
10001751506|3
10001751573|3
10001751785|0
10001751803|2
10001751857|9
10001751862|2
10001751946|4
10001751963|3
10001751977|6
10001751980|0
10001751984|4
10001752003|5
10001752004|9
10001752363|7
10001752369|4
10001752371|6
10001752376|9
10001752394|8
10001752410|6
10001752419|5
10001752439|2
10001752447|7
10001752454|8
10001752459|1
10001752486|6
10001752509|6
10001752515|5
10001752521|2
10001752540|7
10001752550|9
10001752558|1
10001752563|0
10001752573|2
10001752590|4
10001752595|8
10001752609|3
10001752613|8
10001752615|7
10001752616|4
10001752618|3
10001752651|9
10001752658|7
10001752661|1
10001752662|3
10001752683|0
10001752691|9
10001752698|5
10001752702|0
10001752703|6
10001752704|3
10001752706|3
10001752710|5
10001752714|7
10001752717|0
10001752722|6
10001752726|0
10001752733|7
10001752767|5
10001752851|8
10001752877|1
10001752921|9
10001752925|2
10001752953|1
10001752955|3
10001752958|4
10001752959|3
10001752961|8
10001752963|9
10001752964|1
10001752965|0
10001752967|3
10001752968|5
10001752969|5
10001752972|1
10001752973|2
10001752974|3
10001752976|9
10001752977|6
10001753097|6
10001753164|1
10001753186|0
10001753201|7
10001753208|7
10001753213|4
10001753219|6
10001753220|0
10001753237|6
10001753239|8
10001753243|5
10001753249|8
10001753253|7
10001753257|1
10001753266|7
10001753268|4
10001753270|3
10001753274|2
10001753278|8
10001753283|8
10001753284|5
10001753290|8
10001753296|3
10001753298|1
10001753300|6
10001753304|1
10001753322|9
10001753328|4
10001753360|5
10001753476|1
10001753499|0
10001753512|1
10001754262|4
10001754340|5
10001754343|2
10001754443|3
10001754454|3
10001754476|4
10001754479|1
10001754495|0
10001754497|7
10001754498|3
10001754500|2
10001754503|5
10001754505|7
10001754507|0
10001754510|8
10001754514|6
10001754515|2
10001754522|3
10001754527|6
10001754821|5
10001754822|4
10001754823|8
10001754824|3
10001755108|8
10001755203|3
10001755539|8
10001755957|6
10001755973|0
10001755981|8
10001755987|8
10001755996|2
10001756006|7
10001756011|0
10001756015|8
10001756018|8
10001756020|3
10001756046|9
10001756048|8
10001756051|7
10001756053|3
10001756055|8
10001756068|8
10001756073|0
10001756076|7
10001756083|4
10001756086|0
10001756088|2
10001756095|9
10001756196|1
10001756200|6
10001756214|3
10001756540|3
10001756544|1
10001756548|7
10001756553|0
10001756556|1
10001756558|4
10001756564|3
10001756566|2
10001756574|5
10001756576|2
10001756588|3
10001756592|0
10001756598|9
10001756600|0
10001756603|3
10001756607|1
10001756615|2
10001756617|3
10001756621|2
10001756625|7
10001756628|7
10001756630|4
10001756631|0
10001756636|4
10001756639|0
10001756643|3
10001756647|6
10001756650|0
10001756655|5
10001756659|5
10001756660|1
10001756668|8
10001756680|1
10001756682|4
10001756686|2
10001756833|1
10001756834|9
10001756954|7
10001757050|5
10001757063|0
10001757073|0
10001757337|4
10001757341|8
10001757453|2
10001757518|9
10001757727|9
10001757820|2
10001757823|3
10001757828|0
10001757850|4
10001757858|4
10001757859|4
10001757865|3
10001757885|4
10001757902|8
10001757939|0
10001758395|7
10001758399|0
10001758402|2
10001758405|4
10001758409|4
10001758410|7
10001758411|5
10001758412|3
10001758423|8
10001758424|8
10001758428|7
10001758429|7
10001758431|8
10001758433|5
10001758434|7
10001758440|0
10001758481|5
10001758485|8
10001758497|3
10001758499|7
10001758501|2
10001758561|0
10001758633|7
10001758634|9
10001758674|5
10001758676|6
10001758773|4
10001758866|0
10001758891|6
10001758897|4
10001758900|0
10001759011|5
10001759028|8
10001759031|0
10001759032|3
10001759182|4
10001759185|0
10001759186|3
10001759211|0
10001759214|9
10001759263|2
10001759264|0
10001759278|9
10001759282|3
10001759347|8
10001759348|8
10001759349|8
10001759350|5
10001759354|6
10001759362|8
10001759417|6
10001759418|2
10001759419|7
10001759423|8
10001759427|2
10001759428|5
10001759429|9
10001759463|6
10001759465|6
10001759471|9
10001759472|5
10001759473|3
10001759474|3
10001759476|7
10001759477|1
10001759478|2
10001759481|5
10001759484|4
10001759486|1
10001759489|1
10001759491|3
10001759494|9
10001759499|1
10001759503|9
10001759506|9
10001759509|6
10001759511|4
10001759512|9
10001759538|1
10001759540|4
10001759542|8
10001759545|2
10001759650|6
10001759652|2
10001759656|9
10001759665|3
10001759669|9
10001759681|5
10001759685|6
10001759686|9
10001759688|3
10001759770|4
10001759773|3
10001759787|5
10001759796|5
10001759797|1
10001760013|6
10001760018|8
10001760036|6
10001760038|7
10001760040|5
10001760042|4
10001760045|9
10001760106|9
10001760346|0
10001760347|7
10001760481|1
10001760482|1
10001760483|2
10001760485|9
10001760486|4
10001760487|5
10001760488|2
10001760491|5
10001760496|1
10001760498|8
10001760500|8
10001760502|5
10001760506|4
10001760513|5
10001760515|2
10001760518|2
10001760519|2
10001760521|7
10001760522|8
10001760524|2
10001760526|8
10001760527|3
10001760529|0
10001760530|1
10001760531|1
10001760532|2
10001760533|7
10001760536|7
10001760537|9
10001760539|9
10001760541|9
10001760542|2
10001760543|4
10001760548|6
10001760551|4
10001760554|3
10001760556|2
10001760557|9
10001760561|5
10001760562|5
10001760563|3
10001760585|1
10001760593|0
10001760597|4
10001760600|2
10001760604|9
10001760640|3
10001760642|3
10001760764|7
10001760767|8
10001760768|7
10001760828|1
10001760829|0
10001760835|9
10001760836|2
10001760900|4
10001760904|8
10001760956|0
10001761045|2
10001761048|7
10001761050|7
10001761053|6
10001761055|8
10001761164|7
10001761168|8
10001761172|4
10001761188|8
10001761201|3
10001761430|7
10001761523|7
10001761666|6
10001761671|7
10001761677|4
10001761678|6
10001761682|1
10001761684|5
10001761690|3
10001761794|5
10001761796|7
10001761870|8
10001761880|1
10001761887|3
10001761917|2
10001761922|1
10001761957|9
10001761961|5
10001762077|9
10001762086|8
10001762088|6
10001762090|7
10001762093|2
10001762095|2
10001762097|2
10001762118|7
10001762441|4
10001762446|2
10001762450|5
10001762453|8
10001762454|4
10001762509|9
10001762519|9
10001762774|2
10001762781|9
10001762788|3
10001762792|9
10001762941|7
10001762944|3
10001762960|5
10001762964|7
10001762977|7
10001762979|9
10001762981|1
10001762983|9
10001762987|7
10001762991|1
10001762995|4
10001763002|0
10001763034|0
10001763050|6
10001763114|7
10001763119|6
10001763122|9
10001763125|7
10001763138|9
10001763267|1
10001763277|5
10001763516|5
10001763525|5
10001763535|9
10001763562|2
10001763612|3
10001763643|7
10001763648|7
10001763684|6
10001763768|1
10001763785|3
10001763878|3
10001763912|3
10001763932|0
10001763938|9
10001763949|0
10001763978|1
10001763987|1
10001763991|0
10001763996|6
10001764007|2
10001764084|3
10001764090|5
10001764094|0
10001764098|0
10001764355|2
10001764362|5
10001764551|6
10001764558|9
10001764560|3
10001764706|9
10001764708|2
10001765134|4
10001765253|9
10001765257|9
10001765266|1
10001765273|9
10001765278|0
10001765280|9
10001765333|3
10001765335|5
10001765339|2
10001765343|4
10001765349|4
10001765350|8
10001765358|8
10001765362|1
10001765364|2
10001765370|8
10001765371|7
10001765813|1
10001765834|0
10001765837|5
10001765842|6
10001765844|0
10001765845|9
10001765848|7
10001765849|9
10001765978|6
10001765992|7
10001765995|8
10001766053|5
10001766058|2
10001766064|0
10001766072|0
10001766115|3
10001766123|3
10001766130|4
10001766134|7
10001766161|7
10001766163|7
10001766373|7
10001766395|7
10001766396|5
10001766431|8
10001766433|4
10001766443|2
10001766447|0
10001766453|8
10001766462|1
10001766466|6
10001766622|7
10001766638|6
10001766641|1
10001766700|9
10001766713|0
10001766720|5
10001766750|2
10001766864|9
10001767131|6
10001767139|2
10001767194|0
10001767259|0
10001767501|0
10001767503|0
10001767505|3
10001767939|9
10001767941|8
10001767957|4
10001767960|2
10001768120|2
10001768123|3
10001768136|6
10001768139|0
10001768142|2
10001768147|6
10001768149|5
10001768153|3
10001768158|2
10001768163|1
10001768164|0
10001768167|3
10001768169|6
10001768170|2
10001768174|6
10001768300|1
10001768396|3
10001768398|8
10001768404|4
10001768432|8
10001768433|8
10001768438|5
10001768444|8
10001768815|9
10001768954|5
10001768966|0
10001768973|8
10001768976|1
10001768978|5
10001768999|6
10001769004|9
10001769005|6
10001769012|5
10001769015|7
10001769017|8
10001769018|3
10001769019|9
10001769023|9
10001769024|1
10001769027|5
10001769028|6
10001769030|0
10001769033|1
10001769329|7
10001769496|2
10001769514|9
10001769522|6
10001769525|9
10001769535|9
10001769546|1
10001769551|7
10001769560|2
10001769579|1
10001769596|4
10001769602|2
10001769613|2
10001769617|8
10001769750|6
10001769853|1
10001769855|5
10001769873|4
10001769879|2
10001769882|8
10001769886|6
10001770162|2
10001770215|7
10001770298|4
10001770311|3
10001770316|3
10001770320|6
10001770321|0
10001770524|9
10001770832|7
10001772296|9
10001772305|8
10001772367|9
10001772521|3
10001772528|5
10001772569|4
10001772575|7
10001772858|3
10001773062|0
10001773095|7
10001773104|0
10001773107|4
10001773112|2
10001773171|4
10001773392|6
10001773401|7
10001773412|8
10001773454|4
10001773604|5
10001773607|6
10001773731|2
10001774028|8
10001774355|9
10001774388|7
10001774835|0
10001774837|4
10001774839|0
10001774840|0
10001774844|4
10001774861|3
10001774862|1
10001774863|5
10001774877|8
10001774880|3
10001774884|6
10001774887|9
10001774890|7
10001774898|7
10001774899|2
10001774900|1
10001774904|1
10001774916|2
10001774919|5
10001774921|2
10001774925|1
10001774931|6
10001774935|2
10001774937|5
10001774939|7
10001774940|9
10001774942|7
10001774943|8
10001774948|0
10001774955|8
10001774957|4
10001774966|2
10001775022|8
10001775026|9
10001775029|4
10001775076|1
10001775109|1
10001775552|8
10001775554|5
10001775650|0
10001775663|8
10001775664|9
10001775681|4
10001775686|7
10001775693|8
10001775696|1
10001775702|0
10001775738|4
10001775740|0
10001775741|2
10001775746|5
10001775751|6
10001776135|6
10001776136|5
10001776142|6
10001776144|0
10001776511|6
10001776514|4
10001776526|7
10001776532|0
10001776535|7
10001776630|8
10001776640|0
10001776791|6
10001776792|6
10001776793|5
10001776794|0
10001776795|5
10001776796|4
10001776797|0
10001776798|7
10001776799|4
10001776895|9
10001776918|0
10001776919|6
10001776920|2
10001776923|8
10001776925|8
10001776931|1
10001776932|2
10001776937|0
10001776938|3
10001776939|3
10001776940|9
10001776941|3
10001776942|8
10001776945|7
10001776950|3
10001776951|9
10001776956|4
10001776963|9
10001776968|3
10001776970|9
10001776974|7
10001776977|8
10001776979|2
10001776989|2
10001777000|3
10001777003|4
10001777012|3
10001777031|7
10001777039|1
10001777044|9
10001777045|6
10001777063|7
10001777076|0
10001777114|1
10001777117|1
10001777118|3
10001777123|4
10001777124|9
10001777129|7
10001777137|5
10001777195|8
10001777525|1
10001777546|6
10001777551|4
10001777556|9
10001777565|2
10001777896|0
10001777899|8
10001777903|4
10001777906|7
10001777908|5
10001777933|4
10001777936|2
10001777938|8
10001777943|7
10001777950|3
10001777953|2
10001777958|7
10001777965|3
10001777971|3
10001777974|6
10001777977|5
10001777991|8
10001777999|1
10001778003|1
10001778017|8
10001778051|1
10001778073|6
10001778145|0
10001778159|1
10001778289|5
10001778290|0
10001778291|2
10001778292|7
10001778294|5
10001778295|3
10001778296|1
10001778298|2
10001778299|3
10001778301|7
10001778675|6
10001778676|1
10001778838|7
10001778842|9
10001778845|4
10001778848|0
10001778851|6
10001778859|2
10001778860|6
10001778868|1
10001778874|8
10001778879|3
10001778884|8
10001778923|9
10001778947|8
10001780042|0
10001780045|6
10001780050|2
10001780109|5
10001780120|1
10001780136|0
10001780142|3
10001780151|5
10001780156|0
10001780166|6
10001780189|7
10001780193|7
10001780212|1
10001780226|7
10001780232|1
10001780234|3
10001780553|7
10001781432|6
10001781437|0
10001781815|4
10001781818|1
10001781903|8
10001781973|8
10001781974|3
10001781975|2
10001781976|9
10001781977|8
10001781982|2
10001781983|2
10001781998|4
10001782001|0
10001782002|2
10001782047|3
10001782052|4
10001782060|0
10001782145|1
10001782259|9
10001782266|6
10001782270|6
10001782448|7
10001782451|4
10001782467|1
10001782478|3
10001782488|4
10001782907|7
10001782912|7
10001782918|7
10001782967|9
10001782978|8
10001783067|7
10001783071|5
10001783144|3
10001783155|1
10001783164|5
10001783167|7
10001783171|2
10001783349|9
10001783571|4
10001783575|7
10001783577|7
10001783940|2
10001784434|6
10001784439|5
10001784441|7
10001784444|0
10001784445|9
10001784526|6
10001784530|9
10001784543|6
10001784569|3
10001784586|8
10001784694|5
10001784916|8
10001784945|0
10001784947|5
10001784948|5
10001784960|5
10001784965|7
10001785023|5
10001785030|5
10001785054|7
10001785084|5
10001785375|9
10001785377|4
10001785384|5
10001785386|1
10001785388|4
10001785421|1
10001785470|2
10001785473|9
10001785482|5
10001785484|4
10001785488|0
10001785492|8
10001785514|4
10001785525|9
10001785527|2
10001785528|7
10001785531|6
10001785533|5
10001785538|4
10001785542|8
10001785546|0
10001785547|0
10001785549|4
10001785551|5
10001785601|6
10001785602|5
10001785603|9
10001785604|8
10001785605|0
10001785606|7
10001785821|6
10001785822|2
10001785824|8
10001785983|6
10001785990|8
10001786044|4
10001786045|1
10001786138|1
10001786148|6
10001786155|3
10001786164|4
10001786171|2
10001786395|1
10001786415|8
10001786490|0
10001786797|8
10001786825|6
10001786827|2
10001786831|0
10001786833|6
10001786837|6
10001786876|2
10001786880|2
10001786992|0
10001787039|6
10001787056|6
10001787062|2
10001787064|5
10001787067|6
10001787072|1
10001787085|4
10001787119|6
10001787128|3
10001787141|8
10001787145|1
10001787219|0
10001787366|6
10001787374|5
10001787394|8
10001787397|1
10001787404|1
10001787411|3
10001787413|2
10001787414|9
10001787452|4
10001787458|2
10001787472|6
10001787507|6
10001787509|9
10001787518|4
10001787535|5
10001787665|4
10001787687|8
10001787723|3
10001787740|9
10001787744|2
10001787749|9
10001787753|9
10001787845|9
10001787853|7
10001788189|1
10001788300|4
10001788301|0
10001788355|3
10001788357|3
10001788358|2
10001788359|9
10001788625|6
10001788627|4
10001788628|4
10001788647|2
10001788777|2
10001788787|1
10001788795|6
10001788798|2
10001788800|5
10001788806|8
10001788809|4
10001788811|3
10001788819|7
10001788824|8
10001788829|7
10001788833|9
10001788839|6
10001788851|9
10001788901|3
10001788906|6
10001788910|8
10001788912|1
10001788919|4
10001788924|1
10001788935|3
10001788942|4
10001788950|9
10001788976|5
10001789232|3
10001789236|0
10001789238|9
10001789748|8
10001789749|6
10001789967|2
10001790181|4
10001790202|1
10001790205|1
10001790261|6
10001790390|3
10001790449|8
10001790454|3
10001790456|6
10001790826|4
10001790827|1
10001790830|5
10001790833|3
10001790835|0
10001790838|6
10001790839|8
10001790843|3
10001790844|5
10001790849|3
10001790850|6
10001790851|1
10001790852|2
10001790854|9
10001790856|9
10001790860|9
10001790865|2
10001790869|2
10001790875|4
10001790894|8
10001790898|2
10001790907|8
10001790931|7
10001791073|0
10001791314|1
10001791319|9
10001791320|9
10001791325|5
10001791327|1
10001791333|6
10001791337|5
10001791389|2
10001791395|0
10001791398|1
10001791400|3
10001791416|6
10001791419|0
10001791731|3
10001791732|5
10001791735|2
10001791738|1
10001791741|2
10001791742|7
10001791744|3
10001791748|0
10001791750|4
10001791754|6
10001791758|8
10001791873|3
10001791879|1
10001792169|9
10001792381|0
10001792383|8
10001792384|4
10001792385|8
10001792389|7
10001792724|4
10001792727|7
10001792729|9
10001792739|1
10001792940|4
10001792944|5
10001792947|6
10001792949|3
10001793003|8
10001793011|3
10001793014|5
10001793017|1
10001793038|5
10001793040|7
10001793046|5
10001793059|3
10001793066|0
10001793075|1
10001793078|9
10001793198|5
10001793207|2
10001793217|8
10001793336|2
10001793344|8
10001793348|8
10001793373|7
10001793376|2
10001793399|8
10001793400|4
10001793401|7
10001793413|0
10001793423|7
10001793425|6
10001793426|5
10001793427|1
10001793428|0
10001793429|1
10001793430|1
10001793432|0
10001793433|2
10001793436|2
10001793437|8
10001793448|1
10001793449|5
10001793452|4
10001793456|2
10001793459|0
10001793467|6
10001793470|1
10001793472|5
10001793478|4
10001793484|1
10001793491|5
10001793494|7
10001793515|0
10001793520|4
10001793540|5
10001793563|7
10001793598|1
10001793600|2
10001793605|3
10001793684|1
10001793685|4
10001793695|1
10001793697|4
10001793721|5
10001793722|6
10001793725|4
10001793732|4
10001793734|8
10001793748|4
10001793782|9
10001794025|3
10001794029|8
10001794759|2
10001794832|3
10001795317|6
10001795318|8
10001795707|0
10001795710|5
10001795713|8
10001795716|5
10001795717|5
10001795722|7
10001795726|0
10001795730|4
10001795735|4
10001795741|7
10001795745|0
10001795747|5
10001795748|1
10001795845|4
10001795846|5
10001795847|8
10001795848|9
10001795849|8
10001795850|3
10001795851|5
10001795853|7
10001795854|8
10001795882|8
10001796068|4
10001796078|7
10001796084|2
10001796089|2
10001796092|5
10001796095|6
10001796105|5
10001796108|2
10001796113|7
10001796144|7
10001796171|8
10001796194|7
10001796201|7
10001796203|2
10001796222|8
10001796225|2
10001796229|9
10001796235|5
10001796237|1
10001796241|4
10001796243|7
10001796246|0
10001796252|0
10001796254|7
10001796257|9
10001796259|4
10001796271|9
10001796282|7
10001796875|6
10001796944|1
10001796950|6
10001797314|0
10001798086|1
10001798379|0
10001798381|9
10001798382|3
10001798403|2
10001798471|1
10001798488|5
10001798509|8
10001798514|2
10001798581|4
10001798593|7
10001798630|3
10001798633|1
10001798648|1
10001798668|2
10001798680|4
10001798686|4
10001798691|5
10001798693|2
10001798695|2
10001798697|0
10001798708|9
10001798715|2
10001798721|9
10001798736|9
10001798770|0
10001798777|0
10001798791|2
10001798798|5
10001798803|8
10001798811|6
10001798931|8
10001798953|1
10001798958|5
10001798995|7
10001799013|6
10001799116|4
10001799161|4
10001799173|5
10001799302|4
10001799324|5
10001799439|7
10001799509|5
10001799718|2
10001799721|7
10001799729|5
10001799770|1
10001800006|5
10001800012|3
10001800028|4
10001800031|5
10001800033|1
10001800034|4
10001800037|6
10001800056|0
10001800069|1
10001800070|2
10001800077|8
10001800084|1
10001800127|3
10001800130|1
10001800153|0
10001800237|6
10001800238|1
10001800239|2
10001800241|1
10001800248|8
10001800270|7
10001800274|0
10001800334|4
10001801030|1
10001801033|2
10001801036|0
10001801041|5
10001801045|2
10001801058|1
10001801345|7
10001801574|3
10001801598|7
10001801607|2
10001801971|8
10001802027|7
10001802042|7
10001802059|1
10001802096|7
10001802112|7
10001802120|7
10001802364|1
10001802380|8
10001802462|8
10001802476|2
10001802498|2
10001802501|9
10001802503|4
10001802506|0
10001802510|5
10001803139|2
10001803418|5
10001803426|1
10001803441|5
10001803450|5
10001803874|2
10001803875|9
10001804112|4
10001804395|6
10001804396|6
10001804397|8
10001804399|3
10001804400|5
10001804404|7
10001805155|1
10001805184|2
10001805241|9
10001805418|3
10001805419|2
10001806393|1
10001806412|4
10001806455|7
10001806479|8
10001806498|8
10001806577|8
10001806595|0
10001806609|7
10001806617|4
10001806643|3
10001806656|8
10001806664|5
10001806697|9
10001806707|3
10001806724|3
10001806750|9
10001806771|6
10001806861|6
10001806865|9
10001806913|5
10001806916|2
10001806920|2
10001807150|6
10001807280|9
10001807289|2
10001807296|2
10001807827|8
10001807849|0
10001807862|1
10001807867|7
10001807907|7
10001807910|2
10001807962|8
10001807963|4
10001807965|4
10001807966|0
10001807970|6
10001807974|6
10001807979|3
10001807985|2
10001807989|1
10001807998|1
10001808002|9
10001808005|5
10001808010|6
10001808209|7
10001808223|0
10001808234|1
10001808332|3
10001808668|4
10001808688|4
10001808700|4
10001808735|6
10001808742|0
10001808756|4
10001808761|4
10001808773|2
10001808779|8
10001808811|0
10001808817|1
10001809019|4
10001809020|0
10001809022|8
10001809155|0
10001809160|1
10001809345|7
10001809351|9
10001809744|8
10001809757|6
10001809782|3
10001809792|3
10001809802|7
10001810031|0
10001810032|7
10001810035|1
10001810037|3
10001810039|2
10001810040|7
10001810045|4
10001810048|0
10001810049|7
10001810053|4
10001810230|2
10001810239|9
10001810244|5
10001810320|1
10001810322|2
10001813379|2
10001813414|7
10001813559|3
10001814048|9
10001814106|5
10001814197|4
10001814230|3
10001814232|2
10001814243|2
10001814246|9
10001814259|2
10001814304|2
10001814307|7
10001814313|4
10001814319|9
10001814327|3
10001814355|6
10001815328|2
10001815333|5
10001815374|2
10001815376|9
10001815382|1
10001815386|6
10001815396|0
10001815405|3
10001815414|6
10001815417|9
10001815421|8
10001815430|6
10001815435|2
10001815448|2
10001815705|5
10001815712|8
10001815746|6
10001815748|0
10001815754|8
10001815763|7
10001815770|7
10001815774|2
10001815778|1
10001815792|7
10001816321|7
10001816433|1
10001816441|2
10001816448|1
10001816473|7
10001816481|4
10001816490|7
10001816521|6
10001816574|0
10001816584|3
10001816646|0
10001817339|5
10001818054|1
10001818061|6
10001818067|7
10001818074|8
10001818206|2
10001818218|7
10001818318|6
10001818327|3
10001818338|2
10001818352|6
10001818589|9
10001818596|7
10001818599|7
10001818602|5
10001818616|9
10001818622|6
10001818626|6
10001818630|3
10001818633|6
10001818639|5
10001818649|2
10001818651|4
10001818965|4
10001819607|6
10001819726|7
10001819813|7
10001819818|5
10001819821|4
10001819830|9
10001819832|7
10001819834|2
10001819839|6
10001819843|3
10001819848|3
10001819953|4
10001819959|8
10001819964|6
10001819969|1
10001819979|2
10001819981|8
10001819994|5
10001820007|8
10001820017|8
10001820062|8
10001820129|3
10001820148|7
10001820160|8
10001820701|0
10001820954|2
10001820955|3
10001820956|2
10001820961|2
10001820966|9
10001821772|3
10001821813|7
10001821961|5
10001823070|1
10001823076|6
10001823083|0
10001823747|0
10001825348|7
10001825404|1
10001825531|9
10001825752|5
10001825856|1
10001825857|3
10001825861|5
10001825867|2
10001825883|0
10001825895|2
10001825901|6
10001825986|7
10001826466|0
10001826472|4
10001826480|5
10001826500|5
10001826846|5
10001826899|0
10001826931|8
10001826948|1
10001826959|4
10001827060|2
10001827157|1
10001827162|6
10001827166|0
10001827168|5
10001827300|1
10001827507|8
10001827508|6
10001827509|0
10001827532|6
10001828232|9
10001828239|2
10001828268|1
10001828352|2
10001828363|4
10001828506|5
10001828558|4
10001828569|6
10001828638|4
10001830228|1
10001830231|8
10001830466|9
10001830517|8
10001830787|2
10001830800|5
10001830802|6
10001831320|4
10001832244|8
10001832258|6
10001832267|8
10001832285|0
10001832295|0
10001832303|0
10001832321|5
10001832326|0
10001832360|5
10001832380|5
10001832460|2
10001832462|4
10001832540|6
10001832603|8
10001832752|5
10001833504|2
10001833514|7
10001833537|8
10001833556|4
10001833570|1
10001833591|4
10001833622|4
10001833930|3
10001834963|6
10001834974|3
10001834989|5
10001835002|5
10001835709|8
10001835748|6
10001835762|8
10001835864|1
10001835876|1
10001835887|9
10001835900|3
10001835926|7
10001835934|7
10001836229|6
10001836394|5
10001836400|5
10001836409|2
10001836879|5
10001836919|4
10001836934|4
10001836945|2
10001836964|0
10001837030|8
10001837102|8
10001837686|7
10001837694|4
10001837704|7
10001837714|6
10001837726|5
10001838232|4
10001838239|6
10001838264|3
10001838266|9
10001838882|4
10001838899|9
10001839006|7
10001839050|4
10001839285|1
10001839845|4
10001839884|2
10001839895|2
10001840038|1
10001840111|0
10001840132|0
10001840147|7
10001840168|2
10001840220|9
10001840414|8
10001840556|1
10001840570|7
10001842400|2
10001843342|4
10001843797|2
10001843811|9
10001843830|0
10001844185|9
10001844200|8
10001844310|1
10001845238|8
10001845288|1
10001845321|0
10001845322|4
10001845323|8
10001846122|7
10001846140|6
10001846176|3
10001846393|7
10001846595|0
10001846627|1
10001846805|8
10001846820|6
10001846822|7
10001846838|6
10001846849|1
10001846873|2
10001846882|1
10001846891|6
10001846917|5
10001846923|1
10001846925|5
10001846927|4
10001847102|2
10001847443|1
10001847452|7
10001847473|8
10001847569|8
10001847573|6
10001847586|2
10001847598|8
10001847622|1
10001847629|8
10001847637|6
10001847664|2
10001847683|5
10001847699|4
10001847718|3
10001847772|2
10001847792|2
10001847806|2
10001848009|0
10001848016|5
10001848018|3
10001848029|7
10001848039|0
10001848044|1
10001848059|9
10001848088|0
10001848226|7
10001848264|0
10001848278|7
10001848296|5
10001848308|8
10001848622|7
10001848625|7
10001848647|8
10001848652|2
10001848668|1
10001848671|5
10001848730|4
10001849412|7
10001849434|6
10001849628|5
10001849672|8
10001849686|2
10001849787|0
10001849827|3
10001849842|6
10001849860|6
10001849878|4
10001849918|5
10001849927|2
10001849934|5
10001849939|6
10001849942|8
10001849948|6
10001850210|0
10001850656|3
10001850670|2
10001850689|7
10001850784|6
10001850846|4
10001850847|7
10001850850|9
10001850851|0
10001850859|7
10001851790|5
10001852258|9
10001852281|1
10001852301|1
10001852332|2
10001852358|5
10001852376|1
10001852392|1
10001852426|8
10001852445|6
10001852482|1
10001852497|0
10001852531|1
10001852550|0
10001852570|5
10001852671|7
10001852679|2
10001852686|7
10001852687|9
10001852688|3
10001852702|2
10001852714|7
10001852715|0
10001852717|6
10001852720|2
10001852722|8
10001852728|8
10001852732|6
10001852734|8
10001852735|5
10001852770|5
10001853829|1
10001853836|2
10001853860|6
10001854359|2
10001854374|7
10001854396|2
10001854398|9
10001854407|4
10001854409|3
10001854413|0
10001854417|0
10001854424|3
10001854428|8
10001854434|6
10001854435|0
10001854462|6
10001854477|0
10001854503|2
10001854670|6
10001856050|9
10001856058|3
10001856082|5
10001856122|4
10001856134|5
10001856152|6
10001856166|3
10001856222|0
10001856243|6
10001856337|2
10001856351|8
10001856361|0
10001856401|5
10001856451|0
10001856631|1
10001856653|0
10001856660|5
10001857072|0
10001857073|0
10001857074|2
10001857075|7
10001857076|2
10001857081|0
10001857083|9
10001857306|5
10001857323|2
10001857325|3
10001857326|1
10001857328|2
10001857329|9
10001857361|9
10001857370|3
10001857376|4
10001857386|7
10001857397|5
10001857407|0
10001857427|2
10001857433|7
10001857438|8
10001857455|4
10001857466|0
10001857478|4
10001857667|4
10001857678|8
10001857699|6
10001858212|4
10001858224|7
10001858411|7
10001858445|7
10001858452|4
10001858503|1
10001858578|7
10001858608|7
10001858623|4
10001858634|4
10001858653|8
10001858657|4
10001858662|1
10001858664|5
10001858666|3
10001858668|6
10001858670|5
10001858679|5
10001858680|8
10001858682|0
10001858683|4
10001858684|2
10001858686|8
10001858688|2
10001858690|2
10001858692|0
10001858694|5
10001858706|6
10001858708|9
10001858740|5
10001858741|0
10001858742|9
10001858761|2
10001858779|4
10001859142|4
10001859159|6
10001859170|5
10001859177|1
10001859183|6
10001859196|3
10001859222|0
10001859255|6
10001859271|4
10001859298|6
10001859338|4
10001859351|8
10001859365|5
10001859390|5
10001859434|0
10001859452|0
10001859653|4
10001859673|3
10001860026|6
10001860063|7
10001860078|9
10001860129|5
10001860135|9
10001860424|8
10001861043|7
10001861343|0
10001861358|8
10001861386|6
10001861405|3
10001861477|1
10001861492|1
10001861500|4
10001861552|8
10001861569|4
10001861587|5
10001861698|2
10001861711|3
10001861734|9
10001861747|4
10001861763|0
10001861936|9
10001862160|8
10001862171|3
10001862181|4
10001863371|3
10001863374|2
10001863378|4
10001863513|4
10001863694|6
10001864248|2
10001864450|6
10001864459|5
10001864481|2
10001864491|9
10001864502|3
10001864517|2
10001864522|7
10001864532|9
10001864538|4
10001864542|2
10001864554|6
10001864564|2
10001864566|0
10001864582|2
10001864599|2
10001864617|9
10001864634|4
10001864692|7
10001864730|9
10001864743|1
10001864754|1
10001864771|8
10001864788|7
10001864803|1
10001865015|3
10001865030|2
10001866776|1
10001866813|4
10001866841|2
10001866851|0
10001866862|7
10001866894|0
10001866901|1
10001866906|3
10001866920|8
10001867182|4
10001867247|1
10001867284|6
10001867970|3
10001868023|0
10001868041|4
10001868081|8
10001868136|7
10001868173|9
10001868248|9
10001868307|0
10001868318|2
10001868328|9
10001868329|9
10001868334|5
10001868345|7
10001868386|2
10001868496|1
10001869984|0
10001870018|7
10001870029|2
10001870582|7
10001870983|8
10001871472|3
10001871796|3
10001871829|3
10001871833|0
10001871839|5
10001871862|2
10001871870|1
10001871887|7
10001871888|4
10001871896|2
10001871911|9
10001871917|2
10001871923|5
10001871930|7
10001871956|1
10001871961|2
10001871983|0
10001871984|4
10001872150|7
10001872193|0
10001872363|6
10001872374|8
10001872383|1
10001872389|6
10001872402|8
10001872412|7
10001872586|1
10001872604|8
10001872628|6
10001872635|4
10001872694|1
10001872766|2
10001872787|6
10001873005|0
10001873023|4
10001873048|0
10001873162|3
10001873179|1
10001873199|0
10001873218|2
10001873238|4
10001873248|2
10001873317|2
10001873514|9
10001873530|7
10001873550|1
10001873775|2
10001873790|7
10001873811|5
10001874336|5
10001874338|6
10001874756|3
10001874798|8
10001874811|0
10001874936|2
10001874942|1
10001874951|4
10001874969|3
10001874994|6
10001875012|9
10001875030|6
10001875059|4
10001876236|8
10001876302|4
10001876378|6
10001876640|4
10001876692|2
10001876709|0
10001876736|0
10001876790|3
10001876883|5
10001877001|7
10001877088|2
10001877106|7
10001877121|3
10001877200|2
10001877249|5
10001877276|6
10001877340|2
10001877369|4
10001877392|1
10001877432|7
10001877659|0
10001877679|2
10001877702|4
10001877741|9
10001877990|9
10001878004|9
10001878027|2
10001878111|3
10001878114|1
10001878116|2
10001878127|8
10001878166|6
10001878319|7
10001879885|1
10001879908|5
10001880049|4
10001880066|2
10001880086|9
10001880091|3
10001880106|6
10001880115|5
10001880122|0
10001880128|3
10001880133|1
10001880351|0
10001880379|9
10001880442|9
10001880468|7
10001880887|2
10001880904|8
10001880914|1
10001880938|7
10001880961|2
10001881011|4
10001881031|2
10001881075|8
10001881559|1
10001882239|6
10001882250|5
10001882257|2
10001882263|2
10001882274|1
10001882275|6
10001882277|4
10001882278|8
10001882318|4
10001882337|0
10001882351|0
10001882359|2
10001882369|6
10001882408|0
10001883186|9
10001883209|7
10001883656|0
10001883675|0
10001883698|5
10001883704|6
10001883710|9
10001883747|4
10001883768|2
10001883782|7
10001883893|8
10001884453|2
10001885050|2
10001885097|8
10001885108|7
10001885126|5
10001887772|3
10001887821|4
10001887875|4
10001887912|7
10001888214|5
10001888790|8
10001888794|0
10001888805|2
10001888806|7
10001888810|5
10001888816|7
10001888839|2
10001888854|4
10001888862|6
10001888866|5
10001888871|8
10001888872|2
10001888878|0
10001888884|6
10001889146|3
10001889186|4
10001889237|9
10001889365|7
10001889399|4
10001889511|3
10001889526|7
10001891536|1
10001891641|8
10001891643|2
10001891647|6
10001891652|1
10001891656|6
10001892035|2
10001892068|3
10001892108|3
10001892119|2
10001892127|4
10001892135|4
10001892176|3
10001892423|5
10001892439|9
10001892460|6
10001892479|8
10001892504|1
10001892517|7
10001892531|0
10001892544|3
10001892688|4
10001892701|1
10001892837|3
10001893071|2
10001893179|0
10001894680|4
10001894692|5
10001894734|4
10001896088|0
10001896700|2
10001896709|2
10001896724|1
10001896755|5
10001896788|6
10001896819|5
10001896841|6
10001896854|7
10001896879|7
10001897231|8
10001897236|8
10001897274|2
10001898122|2
10001898127|2
10001898132|7
10001898135|9
10001898141|9
10001898145|8
10001898149|3
10001898159|0
10001898165|6
10001898171|4
10001898186|3
10001898189|8
10001898196|9
10001898199|9
10001898236|9
10001898249|6
10001898259|4
10001898262|2
10001898275|1
10001898292|0
10001898309|9
10001898321|8
10001898345|7
10001898368|7
10001898375|7
10001898388|6
10001898402|3
10001898408|9
10001898419|1
10001898432|5
10001898447|4
10001898486|9
10001898545|8
10001898570|2
10001898805|8
10001899005|4
10001899523|5
10001899535|4
10001899570|8
10001899641|9
10001899761|8
10001899970|7
10001899999|3
10001900045|0
10001900767|5
10001900802|9
10001900879|8
10001900915|2
10001900957|9
10001900995|4
10001901026|3
10001901070|0
10001901098|6
10001901374|4
10001901392|0
10001901426|5
10001901439|8
10001901455|8
10001901468|5
10001901508|7
10001901518|2
10001901536|7
10001901555|5
10001901572|9
10001901688|0
10001901713|0
10001901727|5
10001901744|1
10001901768|3
10001901778|6
10001901790|8
10001901800|4
10001901818|6
10001901862|5
10001901930|4
10001901933|0
10001901936|9
10001901944|8
10001901946|4
10001902797|4
10001902842|2
10001902875|4
10001903106|1
10001903160|2
10001903419|1
10001903449|5
10001903464|4
10001903492|4
10001903505|9
10001903511|3
10001903523|8
10001903535|3
10001903559|2
10001903564|0
10001903618|9
10001903637|4
10001903690|8
10001903710|2
10001903747|2
10001904094|6
10001904104|8
10001905295|2
10001905313|1
10001905375|9
10001905475|7
10001905484|3
10001905491|0
10001905493|1
10001905496|0
10001905505|7
10001905510|8
10001905524|6
10001905527|8
10001905528|4
10001905529|5
10001905530|6
10001905536|0
10001906071|4
10001906375|3
10001906441|4
10001906442|6
10001906454|4
10001906587|2
10001907554|9
10001907558|7
10001907666|0
10001907685|7
10001907708|0
10001907792|3
10001907843|8
10001908189|0
10001908267|6
10001908397|9
10001908404|9
10001908827|5
10001908900|3
10001908984|5
10001909010|0
10001909028|0
10001909185|3
10001909210|6
10001909251|1
10001909320|6
10001909692|1
10001909699|0
10001909707|8
10001909711|8
10001909716|9
10001909720|7
10001909721|4
10001909726|4
10001909729|6
10001909744|5
10001909761|6
10001909773|3
10001909789|0
10001909805|4
10001909838|0
10001909867|1
10001910169|3
10001910454|7
10001910621|4
10001910635|0
10001911013|9
10001911130|3
10001911641|9
10001911680|1
10001911697|8
10001911701|8
10001911703|9
10001911711|3
10001911867|3
10001913149|2
10001913212|9
10001913235|9
10001913760|3
10001913774|6
10001913808|6
10001913816|2
10001913886|6
10001913892|0
10001913899|4
10001913908|6
10001913915|7
10001913925|9
10001913936|7
10001913946|8
10001913988|6
10001914006|2
10001914148|3
10001914570|4
10001915624|4
10001915750|9
10001915868|3
10001915890|0
10001915990|7
10001916006|7
10001916021|8
10001916026|8
10001916029|6
10001916035|5
10001916041|8
10001916048|5
10001916050|2
10001916061|3
10001916192|7
10001916198|1
10001916205|8
10001916257|3
10001916295|3
10001916319|8
10001916338|3
10001916709|3
10001916755|3
10001916770|2
10001916784|7
10001916797|9
10001916809|1
10001916817|2
10001916840|3
10001916957|1
10001916974|4
10001917007|3
10001917018|2
10001917033|6
10001917044|7
10001917057|7
10001917076|5
10001917087|7
10001917100|3
10001917114|3
10001917128|0
10001917139|0
10001917276|9
10001917629|8
10001917685|9
10001917707|1
10001917734|7
10001917751|1
10001918286|5
10001918932|8
10001918978|4
10001918993|6
10001919022|9
10001919034|3
10001919051|6
10001919070|9
10001919088|1
10001919109|8
10001919126|0
10001919145|5
10001919184|8
10001919281|0
10001919298|9
10001919316|0
10001919355|1
10001919370|8
10001919385|0
10001919395|5
10001919409|1
10001919426|9
10001919470|0
10001919471|5
10001919477|7
10001919480|2
10001919484|1
10001919491|2
10001919508|1
10001919509|1
10001919530|6
10001919553|7
10001919688|0
10001920409|7
10001920656|5
10001921073|8
10001921134|6
10001921142|2
10001921167|3
10001921177|4
10001921203|3
10001921388|2
10001921392|0
10001921400|4
10001921406|4
10001921412|4
10001921425|0
10001921429|5
10001921437|9
10001921555|1
10001921560|6
10001921563|0
10001921566|4
10001921572|8
10001921575|4
10001921579|7
10001921583|0
10001921585|0
10001921593|5
10001921595|6
10001921596|3
10001921599|7
10001921601|2
10001921605|3
10001921608|7
10001921612|8
10001923038|4
10001923058|8
10001923369|7
10001923385|2
10001923482|0
10001923527|8
10001923534|7
10001923547|3
10001923568|2
10001923590|7
10001923617|8
10001923637|4
10001923664|6
10001923718|6
10001923786|9
10001923802|5
10001923814|5
10001923828|4
10001923849|8
10001923931|1
10001924914|3
10001925093|6
10001925131|1
10001925177|3
10001925258|6
10001925297|7
10001925347|3
10001925476|5
10001925490|5
10001925508|3
10001925527|6
10001925542|8
10001925563|7
10001925756|6
10001925773|0
10001925845|8
10001925863|1
10001925877|9
10001925944|1
10001925967|5
10001925970|9
10001925983|9
10001925997|1
10001926175|5
10001926187|3
10001926191|4
10001926218|6
10001926312|6
10001926324|9
10001927098|2
10001927135|0
10001927181|6
10001927849|1
10001928072|0
10001928157|9
10001928164|7
10001928180|4
10001928182|7
10001928189|3
10001928461|9
10001928472|8
10001928489|8
10001928492|6
10001928501|4
10001928504|2
10001928518|7
10001928522|9
10001928563|5
10001928582|2
10001928592|4
10001928603|1
10001928615|9
10001928620|3
10001928635|4
10001928710|2
10001928724|0
10001928780|4
10001928790|8
10001928804|3
10001928806|3
10001928809|9
10001928830|2
10001928831|8
10001928835|7
10001928849|6
10001928867|3
10001928872|0
10001928881|5
10001928883|4
10001928894|2
10001928897|3
10001928902|6
10001928913|9
10001928914|1
10001928919|1
10001928923|9
10001928939|6
10001928956|8
10001929039|5
10001929043|5
10001929059|4
10001929064|1
10001929091|7
10001929133|8
10001929146|4
10001929152|5
10001929167|5
10001929182|2
10001929263|8
10001929289|2
10001929303|8
10001929340|9
10001929649|6
10001929665|8
10001929702|6
10001929714|9
10001929716|3
10001929719|6
10001929727|3
10001929744|9
10001929795|4
10001929809|7
10001929815|6
10001929844|2
10001929856|3
10001929890|2
10001929903|2
10001929925|2
10001929940|9
10001929964|7
10001929991|1
10001930027|8
10001930053|9
10001930076|0
10001930282|6
10001930301|5
10001930304|6
10001930308|6
10001930314|3
10001930317|5
10001930534|6
10001930545|3
10001930570|4
10001930577|5
10001930829|3
10001931011|7
10001931043|9
10001931055|0
10001931072|0
10001931130|5
10001931187|0
10001931405|2
10001932613|6
10001932619|3
10001932640|3
10001932647|7
10001932656|0
10001932663|8
10001932671|7
10001933285|2
10001933509|2
10001933582|5
10001933654|3
10001934264|0
10001934438|9
10001935112|6
10001935117|8
10001935382|6
10001935408|5
10001935626|5
10001935716|6
10001935733|7
10001935745|6
10001935777|4
10001935799|0
10001935825|4
10001935851|5
10001936228|1
10001936247|8
10001936312|9
10001936329|5
10001936347|8
10001938339|5
10001938553|7
10001938644|5
10001939794|4
10001939833|6
10001939834|7
10001939835|1
10001939836|3
10001939837|7
10001939838|2
10001939840|6
10001939841|7
10001939842|2
10001939843|9
10001939844|7
10001939845|9
10001939846|1
10001939848|9
10001941420|5
10001941442|2
10001941461|0
10001941500|3
10001941621|9
10001941632|5
10001941642|9
10001941649|2
10001941687|6
10001941712|0
10001941742|4
10001941743|6
10001941758|2
10001941771|3
10001941795|0
10001941817|1
10001941823|9
10001941836|6
10001941844|2
10001941874|5
10001941904|3
10001942677|0
10001942816|4
10001942894|9
10001942901|7
10001942915|5
10001942920|5
10001942935|9
10001942992|7
10001943020|2
10001943034|2
10001943055|0
10001943056|7
10001943058|2
10001943059|8
10001943062|8
10001943064|3
10001943065|2
10001943066|9
10001943105|5
10001943114|2
10001943124|8
10001943129|2
10001943152|3
10001943186|2
10001943204|3
10001943230|7
10001943370|7
10001943394|4
10001943524|5
10001943632|1
10001943936|6
10001943997|4
10001944124|5
10001944251|1
10001944267|3
10001944340|9
10001944584|1
10001944669|3
10001945194|0
10001945521|0
10001945531|8
10001945539|6
10001945547|3
10001945920|6
10001946013|9
10001946020|7
10001946038|5
10001946086|2
10001946092|5
10001946100|3
10001946101|1
10001946175|4
10001946185|2
10001946618|9
10001946637|0
10001946815|3
10001946852|8
10001946870|7
10001946899|4
10001946915|2
10001947964|7
10001948002|5
10001948025|0
10001948057|5
10001948096|0
10001948121|1
10001948142|4
10001948188|8
10001948209|1
10001948242|9
10001948421|6
10001948497|5
10001950016|2
10001950017|3
10001950018|9
10001950019|0
10001950021|8
10001950022|0
10001950943|3
10001950948|9
10001951067|3
10001951333|6
10001952220|2
10001953193|3
10001953235|3
10001953251|5
10001953274|3
10001953333|8
10001953359|3
10001953379|2
10001953452|0
10001953486|5
10001953499|2
10001953514|0
10001953665|5
10001956337|2
10001956950|1
10001957001|9
10001957223|2
10001957562|0
10001957572|3
10001957586|3
10001957610|3
10001957620|9
10001957971|9
10001958678|3
10001959052|9
10001959103|2
10001959574|7
10001959853|0
10001959854|5
10001959864|9
10001961531|6
10001961552|5
10001961601|2
10001961620|2
10001961633|4
10001962992|7
10001963020|0
10001963645|1
10001964538|0
10001964564|5
10001964603|4
10001964640|1
10001964735|6
10001964753|5
10001964810|5
10001964829|7
10001964834|7
10001965032|4
10001965144|0
10001965191|0
10001965211|2
10001965242|3
10001965291|3
10001966045|1
10001966066|7
10001966081|5
10001966121|4
10001966156|7
10001966167|4
10001966227|3
10001966252|9
10001966293|5
10001966320|9
10001966327|0
10001966534|5
10001966562|4
10001966614|0
10001966622|9
10001968084|4
10001968103|0
10001968164|6
10001969582|9
10001969602|9
10001969641|7
10001971164|3
10001971174|8
10001971188|2
10001971197|8
10001971215|5
10001971221|7
10001971233|5
10001971239|6
10001972134|4
10001972165|4
10001972179|7
10001972189|6
10001973373|1
10001973827|5
10001973858|2
10001973914|2
10001973954|8
10001973985|1
10001974022|7
10001974040|4
10001974056|4
10001974075|4
10001974118|2
10001974134|8
10001974169|1
10001974199|7
10001974235|5
10001974266|3
10001974326|6
10001974337|5
10001974348|2
10001974382|8
10001974417|8
10001974447|8
10001974484|7
10001974753|7
10001974803|9
10001974807|7
10001974816|9
10001974839|8
10001974867|2
10001974885|7
10001974892|0
10001974897|9
10001974911|3
10001974920|8
10001974938|9
10001975032|8
10001975110|4
10001975131|1
10001975158|8
10001975181|5
10001975350|6
10001975356|2
10001975399|8
10001977086|0
10001977117|7
10001978121|1
10001978133|6
10001978822|0
10001979252|8
10001979264|4
10001979282|3
10001979824|3
10001979828|1
10001979838|2
10001979861|5
10001979869|3
10001979872|4
10001979873|8
10001979875|7
10001979876|9
10001979877|4
10001981646|1
10001981673|8
10001981679|1
10001981686|4
10001981701|5
10001981704|9
10001981713|4
10001981746|7
10001981750|6
10001981755|2
10001982019|0
10001982067|4
10001982086|4
10001982098|5
10001982657|4
10001982740|1
10001982777|6
10001982800|1
10001982849|8
10001982872|2
10001982897|7
10001982928|5
10001983018|9
10001983054|1
10001983084|8
10001983092|3
10001983575|6
10001983610|2
10001983883|6
10001984044|4
10001984047|5
10001984049|6
10001984056|7
10001984084|8
10001984086|4
10001984801|8
10001984819|1
10001985724|2
10001985899|3
10001986425|6
10001986445|1
10001986488|2
10001986502|4
10001986701|8
10001986726|5
10001986736|2
10001986765|6
10001986809|4
10001986824|0
10001986835|9
10001986857|8
10001986874|4
10001986896|4
10001986917|2
10001986936|3
10001986975|8
10001986991|6
10001987095|3
10001987130|2
10001987158|0
10001987177|6
10001987194|6
10001987268|7
10001987548|1
10001987573|6
10001987596|5
10001987622|1
10001990103|9
10001990231|3
10001990447|5
10001990457|1
10001990461|2
10001990497|1
10001990506|4
10001990545|4
10001990558|0
10001990577|1
10001990604|1
10001990652|1
10001990676|6
10001990694|5
10001990730|3
10001990746|3
10001990751|1
10001990916|6
10001990949|2
10001991009|0
10001991021|4
10001991038|5
10001991041|1
10001991222|9
10001991256|0
10001991472|9
10001992990|4
10001993257|6
10001993300|4
10001993345|8
10001993638|5
10001993820|4
10001994569|9
10001994571|9
10001994572|7
10001996383|8
10001996388|5
10001996389|3
10001996404|6
10001996406|2
10001996412|6
10001996414|2
10001996436|4
10001996437|8
10001996442|8
10001996443|0
10001996444|2
10001996446|4
10001996450|4
10001996452|0
10001996465|8
10001996467|2
10001996783|8
10001996849|1
10001996857|1
10001996866|9
10001997194|7
10001997217|0
10001997235|1
10001997261|5
10001997951|3
10001998349|8
10001998368|0
10001998382|3
10001998525|6
10001998565|3
10001998745|6
10001999184|0
10001999192|2
10001999194|5
10002000931|3
10002000941|5
10002000944|6
10002000960|7
10002001065|1
10002001097|9
10002001127|5
10002001158|4
10002001175|5
10002002004|7
10002002166|8
10002002314|6
10002002385|4
10002002403|8
10002002874|2
10002002903|6
10002002910|1
10002002923|5
10002002932|2
10002004135|6
10002004171|4
10002004173|2
10002004181|2
10002004187|9
10002005559|2
10002005584|7
10002005599|7
10002005618|6
10002007221|1
10002007227|0
10002007280|4
10002007315|6
10002007371|0
10002007707|2
10002007855|6
10002007876|3
10002008457|0
10002008480|6
10002009798|2
10002009840|1
10002009851|5
10002009852|0
10002009873|1
10002009882|7
10002009903|0
10002009976|1
10002010002|2
10002010019|5
10002010024|7
10002010057|2
10002010091|3
10002010109|0
10002010114|5
10002010184|4
10002010209|8
10002010230|4
10002010246|5
10002010271|8
10002010311|5
10002010314|0
10002010351|3
10002010355|3
10002010381|5
10002010600|2
10002010605|8
10002010890|6
10002012939|6
10002013054|3
10002013083|6
10002013102|5
10002013153|4
10002013275|8
10002013531|9
10002013550|0
10002013563|4
10002013640|4
10002013771|2
10002013775|2
10002013781|1
10002013783|4
10002013785|7
10002013786|5
10002013788|9
10002013791|3
10002013794|7
10002013802|8
10002013804|8
10002013805|6
10002013806|6
10002013808|0
10002013810|4
10002013811|4
10002015519|4
10002015535|6
10002015759|5
10002015779|5
10002017018|8
10002017053|2
10002017069|5
10002017081|8
10002017086|4
10002017099|7
10002017106|8
10002017118|6
10002017147|5
10002017171|3
10002017178|3
10002017182|0
10002017313|0
10002017442|3
10002017451|6
10002017461|5
10002017505|4
10002017663|7
10002017718|5
10002017735|7
10002017744|5
10002017937|6
10002018094|9
10002018213|0
10002018340|0
10002019168|1
10002019210|9
10002019222|8
10002019227|4
10002019246|8
10002019634|9
10002019651|9
10002019667|5
10002019679|1
10002019705|2
10002021596|9
10002021606|5
10002021612|6
10002021626|2
10002021634|2
10002021643|0
10002021648|8
10002021650|2
10002021655|0
10002021658|4
10002021659|0
10002021660|1
10002021662|1
10002021665|6
10002022613|3
10002022642|4
10002022669|9
10002022742|6
10002022770|4
10002022823|2
10002023450|8
10002023553|8
10002023587|7
10002023744|2
10002023768|6
10002024046|9
10002024083|8
10002024185|3
10002024201|7
10002024214|1
10002024217|6
10002024370|0
10002024379|3
10002024383|6
10002024389|1
10002024409|8
10002024412|8
10002024716|1
10002024743|4
10002024770|2
10002024831|7
10002024850|9
10002024873|3
10002025066|4
10002025089|6
10002025102|8
10002025283|0
10002025371|8
10002025524|8
10002025610|0
10002025628|3
10002025644|6
10002025693|9
10002025732|0
10002025982|2
10002026025|4
10002026055|6
10002028505|7
10002028584|2
10002028605|6
10002028610|1
10002030835|9
10002031838|6
10002031844|2
10002031852|8
10002031858|5
10002031890|2
10002031891|3
10002031906|3
10002031922|5
10002031926|3
10002031982|8
10002031997|8
10002032040|7
10002032066|7
10002032070|3
10002032114|6
10002032363|7
10002032684|2
10002032802|2
10002032807|1
10002032810|0
10002032814|0
10002032824|9
10002032829|1
10002032919|5
10002033011|1
10002033279|6
10002033302|2
10002033470|8
10002033502|5
10002034084|7
10002034300|3
10002035122|1
10002035167|4
10002036721|8
10002036811|4
10002036827|5
10002037006|0
10002037042|6
10002037084|0
10002037376|5
10002038359|0
10002038497|0
10002038544|8
10002038559|9
10002038599|5
10002038705|0
10002038751|3
10002038816|2
10002038817|0
10002038904|6
10002038911|3
10002038921|8
10002038928|6
10002038932|7
10002039142|6
10002039145|0
10002039146|9
10002039147|7
10002039148|0
10002039149|6
10002039150|1
10002039152|4
10002039237|7
10002039238|0
10002039243|7
10002039271|0
10002039773|9
10002039981|8
10002039993|0
10002040001|8
10002040069|3
10002040121|4
10002040137|0
10002040208|1
10002040269|9
10002040284|6
10002040512|5
10002040567|6
10002040582|5
10002040596|7
10002040610|8
10002040623|3
10002040639|7
10002040645|5
10002040654|2
10002040666|9
10002040670|8
10002040677|0
10002040694|9
10002040715|2
10002040722|8
10002040749|4
10002040761|6
10002040939|1
10002040945|6
10002041374|3
10002041512|3
10002041535|3
10002042415|6
10002042433|5
10002042582|1
10002042691|6
10002042714|0
10002043045|4
10002043048|7
10002043070|8
10002043505|5
10002043511|7
10002043523|7
10002043536|3
10002044141|4
10002044225|0
10002044698|2
10002044849|9
10002045070|3
10002045578|0
10002045583|1
10002045633|4
10002045647|1
10002045726|4
10002045733|6
10002046232|4
10002046822|6
10002046930|5
10002047106|0
10002047138|1
10002047180|9
10002047678|1
10002047680|7
10002047682|1
10002047685|2
10002047688|3
10002047699|8
10002048898|3
10002048913|2
10002048943|4
10002048954|8
10002048959|0
10002048972|4
10002048975|6
10002049015|0
10002049038|0
10002049086|6
10002049118|5
10002049745|2
10002049747|6
10002049749|2
10002049750|2
10002049753|5
10002049755|9
10002049757|0
10002049761|0
10002049762|5
10002049764|0
10002049766|3
10002049767|1
10002049953|2
10002050252|4
10002050267|3
10002050278|2
10002050287|4
10002050288|5
10002050307|1
10002050329|2
10002050330|4
10002050347|8
10002050393|2
10002050401|2
10002050425|6
10002050452|7
10002050478|6
10002050689|7
10002051016|2
10002051721|0
10002051729|5
10002051735|9
10002051746|7
10002051803|6
10002051817|5
10002051822|8
10002051981|8
10002052022|2
10002052332|3
10002052373|7
10002052428|8
10002052748|5
10002053337|8
10002053369|4
10002053418|8
10002053456|7
10002053483|3
10002054740|8
10002054800|2
10002055014|8
10002055053|9
10002055066|9
10002055106|5
10002055394|3
10002055445|5
10002055726|9
10002056366|3
10002056374|8
10002056394|0
10002056431|7
10002056443|1
10002056452|8
10002056467|6
10002056701|9
10002058221|4
10002058230|3
10002058662|3
10002058689|1
10002058693|2
10002058694|9
10002058695|2
10002058698|4
10002058700|6
10002058701|3
10002058702|6
10002058703|9
10002058705|0
10002058706|9
10002058707|5
10002058708|9
10002058711|6
10002058712|6
10002060842|7
10002060847|0
10002060850|7
10002061317|5
10002061485|1
10002063765|2
10002063824|0
10002064650|5
10002066910|1
10002067691|3
10002068640|4
10002068642|5
10002068644|6
10002068650|5
10002068653|2
10002071935|2
10002071976|9
10002072085|2
10002072574|1
10002072871|1
10002072971|9
10002073019|4
10002073040|4
10002073053|7
10002073145|4
10002073165|4
10002073188|8
10002073287|6
10002073291|1
10002073971|5
10002073990|6
10002074005|1
10002074018|0
10002074030|0
10002074053|6
10002074202|9
10002074221|4
10002074738|6
10002074755|7
10002074779|0
10002075146|1
10002075147|5
10002075150|8
10002075156|5
10002075157|0
10002075163|5
10002077038|5
10002077245|0
10002077280|4
10002077420|4
10002077778|6
10002078078|4
10002081388|0
10002083338|3
10002083352|3
10002083468|6
10002083496|0
10002083607|6
10002083665|0
10002083845|6
10002084416|7
10002084449|6
10002084645|9
10002084804|4
10002085529|7
10002086051|1
10002087170|6
10002087354|7
10002087388|5
10002087404|1
10002087464|1
10002087478|2
10002087589|9
10002087612|0
10002087625|1
10002087926|3
10002087954|3
10002087980|3
10002087995|8
10002088213|8
10002088223|1
10002088240|8
10002088250|3
10002088260|8
10002088267|0
10002088274|6
10002088313|3
10002088398|1
10002088414|7
10002089219|1
10002089445|1
10002089452|0
10002089462|9
10002089486|7
10002089490|4
10002089493|2
10002089762|9
10002089810|1
10002089824|0
10002089986|5
10002090028|5
10002090101|6
10002090107|5
10002090121|3
10002090127|1
10002090161|4
10002090264|6
10002090305|3
10002090317|3
10002090324|2
10002090336|4
10002090466|3
10002090494|0
10002090871|8
10002091012|2
10002091934|6
10002092036|2
10002092071|0
10002092126|7
10002092304|5
10002092516|7
10002092750|1
10002093996|1
10002095117|8
10002095144|2
10002095171|4
10002095412|0
10002095422|6
10002095612|1
10002095685|1
10002095755|3
10002095811|9
10002095826|5
10002095839|1
10002095857|7
10002096009|2
10002096033|1
10002096070|8
10002096097|1
10002096121|1
10002096149|6
10002096391|4
10002096402|5
10002096403|5
10002096416|9
10002096427|4
10002096445|3
10002096461|1
10002096474|1
10002096483|0
10002096639|0
10002096673|6
10002096751|6
10002096937|0
10002096947|7
10002097028|8
10002097217|1
10002097582|5
10002097633|2
10002098475|2
10002098482|6
10002098485|4
10002098537|2
10002098710|1
10002098716|9
10002098724|1
10002098736|9
10002098755|8
10002099051|0
10002099243|0
10002099413|8
10002099689|6
10002099708|3
10002100051|1
10002100100|0
10002100103|2
10002100316|8
10002101164|6
10002101182|5
10002101214|4
10002101424|6
10002101431|7
10002101478|6
10002101503|5
10002101530|8
10002101669|3
10002101671|3
10002101672|4
10002101673|1
10002101675|9
10002101677|1
10002101790|9
10002101826|3
10002101831|5
10002101848|1
10002101850|3
10002101863|1
10002101869|7
10002101874|6
10002101882|2
10002101995|0
10002102003|7
10002102006|7
10002102010|4
10002102014|5
10002102020|6
10002102998|8
10002103479|4
10002103558|6
10002103565|8
10002103803|2
10002103810|7
10002104195|8
10002104529|5
10002104535|1
10002104540|5
10002104545|2
10002104560|4
10002104570|6
10002104576|2
10002104598|9
10002104601|8
10002104604|1
10002104608|0
10002104609|0
10002104622|1
10002104645|9
10002104757|0
10002104769|5
10002104775|2
10002104779|0
10002104782|5
10002104788|5
10002104793|8
10002104795|2
10002104807|7
10002104812|8
10002104819|6
10002104826|5
10002104829|2
10002104839|3
10002104845|9
10002104854|1
10002104858|6
10002104864|0
10002104868|9
10002105136|5
10002105174|4
10002105187|8
10002105226|9
10002105231|2
10002105238|6
10002105244|8
10002105251|4
10002105261|4
10002105270|5
10002105280|2
10002105284|8
10002105543|3
10002105549|9
10002105554|9
10002105598|8
10002105607|9
10002105613|1
10002105635|0
10002105648|9
10002106499|0
10002106533|0
10002106571|5
10002106579|7
10002106588|0
10002106603|8
10002106832|9
10002107191|2
10002107206|1
10002107240|6
10002107265|7
10002107282|8
10002107290|7
10002107297|6
10002107305|2
10002107502|7
10002108001|3
10002108622|2
10002108632|3
10002108640|7
10002108789|2
10002108797|8
10002108825|8
10002108828|7
10002108838|5
10002108910|7
10002109122|8
10002109208|7
10002109584|5
10002109632|7
10002110100|6
10002110162|1
10002110193|4
10002110221|9
10002110231|6
10002110253|3
10002110260|3
10002110265|1
10002110272|5
10002110369|5
10002110402|0
10002110424|3
10002110426|5
10002110432|1
10002110443|6
10002110460|9
10002110463|7
10002110477|0
10002110481|2
10002110503|6
10002110685|4
10002110708|7
10002110710|9
10002110938|1
10002110950|0
10002111013|8
10002111089|9
10002111539|4
10002111543|2
10002111554|7
10002111565|0
10002111620|6
10002111627|5
10002111639|6
10002111661|8
10002111788|2
10002111817|9
10002111831|2
10002111844|7
10002111869|2
10002112481|9
10002112490|8
10002112503|6
10002112514|5
10002112889|5
10002113106|7
10002113107|6
10002113108|2
10002113109|2
10002113110|0
10002113183|4
10002113216|3
10002113218|7
10002113224|0
10002113234|9
10002113303|5
10002113313|0
10002113324|8
10002113410|8
10002113442|4
10002113453|4
10002113499|0
10002113511|5
10002113527|9
10002113557|1
10002113558|4
10002113567|9
10002113572|2
10002113576|5
10002113577|8
10002113584|2
10002113592|1
10002113601|8
10002113607|1
10002113617|4
10002113626|7
10002113631|3
10002113645|0
10002113826|4
10002113836|9
10002114736|6
10002114738|1
10002114755|8
10002114817|7
10002114832|3
10002114849|3
10002114856|9
10002114876|3
10002114900|0
10002114912|8
10002115121|5
10002115301|2
10002115533|3
10002115657|7
10002115712|3
10002115747|9
10002115770|6
10002115778|0
10002115869|1
10002115886|2
10002115955|1
10002115973|5
10002116134|9
10002116161|3
10002116214|4
10002116422|2
10002116425|3
10002116442|3
10002116445|8
10002116456|8
10002116505|7
10002116516|2
10002116524|0
10002116537|5
10002116542|5
10002116549|8
10002116558|7
10002116562|2
10002116666|1
10002116717|7
10002116841|6
10002116844|3
10002116847|5
10002116852|2
10002116857|6
10002116863|1
10002116880|1
10002116889|8
10002116912|1
10002116915|2
10002116938|9
10002116990|9
10002117001|3
10002117013|1
10002117236|0
10002117244|9
10002117557|1
10002117576|8
10002117590|1
10002117605|0
10002117613|5
10002117620|2
10002117625|7
10002117632|7
10002117774|8
10002117781|3
10002117790|3
10002117802|9
10002117817|8
10002117840|6
10002117854|6
10002117915|4
10002118976|1
10002118987|5
10002119405|4
10002119420|0
10002119431|5
10002119440|5
10002119452|1
10002119461|5
10002119587|6
10002119605|2
10002119619|8
10002119851|4
10002119854|6
10002120424|4
10002120658|7
10002120668|3
10002121106|4
10002121155|6
10002121315|1
10002121332|3
10002121341|1
10002121355|5
10002121367|1
10002121487|5
10002121497|7
10002121766|8
10002121772|2
10002121816|1
10002121823|8
10002121825|8
10002121846|1
10002121939|2
10002121951|5
10002122641|8
10002122648|4
10002122697|2
10002122708|6
10002122788|7
10002122802|4
10002122814|6
10002122823|5
10002122837|7
10002122857|7
10002122863|4
10002123091|0
10002123096|4
10002123097|8
10002124150|0
10002124164|5
10002124218|0
10002124225|6
10002124231|3
10002124239|7
10002124438|6
10002124439|0
10002124441|3
10002124449|5
10002124450|8
10002124832|9
10002124834|3
10002124839|6
10002125124|5
10002125138|0
10002125151|9
10002125182|3
10002125186|9
10002125196|0
10002125789|9
10002125791|5
10002125794|4
10002125799|9
10002125800|1
10002125893|9
10002125921|4
10002125925|1
10002125928|8
10002125937|5
10002125947|4
10002126092|7
10002126220|4
10002126232|9
10002126551|8
10002126558|0
10002126566|1
10002126595|4
10002126604|9
10002126610|8
10002126638|1
10002126698|7
10002126705|9
10002126726|4
10002126728|8
10002126733|0
10002126737|8
10002126741|9
10002126746|0
10002126750|9
10002126755|4
10002126762|5
10002126767|2
10002126769|4
10002126771|8
10002126775|0
10002126779|9
10002126783|1
10002126951|5
10002126954|2
10002126963|4
10002126978|9
10002126983|8
10002126991|2
10002126995|7
10002126999|8
10002127039|2
10002127045|7
10002127050|2
10002127339|2
10002128183|3
10002128185|9
10002128423|9
10002128438|6
10002128506|3
10002128532|8
10002128872|1
10002128882|5
10002128905|8
10002129062|4
10002129067|1
10002129365|7
10002130259|6
10002130284|1
10002130339|5
10002131010|6
10002131021|4
10002131966|2
10002132105|0
10002132113|4
10002132120|0
10002132124|4
10002132129|1
10002132130|9
10002132135|8
10002132138|4
10002132141|3
10002132142|2
10002132144|5
10002132145|8
10002132152|2
10002132153|3
10002132165|8
10002132167|3
10002132183|5
10002132221|1
10002132478|5
10002132483|7
10002132487|6
10002132491|8
10002132496|6
10002132814|9
10002133300|0
10002133311|4
10002133315|8
10002133322|7
10002133419|0
10002136245|7
10002136249|0
10002136265|2
10002136280|9
10002136291|2
10002136308|0
10002136314|1
10002136323|7
10002136333|8
10002136341|2
10002136359|9
10002136568|2
10002136588|5
10002136597|3
10002136609|8
10002136626|4
10002136637|7
10002136645|3
10002136651|2
10002136657|9
10002136705|4
10002136713|0
10002136730|1
10002136744|2
10002136753|2
10002136762|1
10002137113|4
10002137122|0
10002137134|8
10002137140|2
10002137150|6
10002137158|6
10002137168|5
10002137177|9
10002137279|3
10002137288|5
10002137736|1
10002138525|7
10002138729|4
10002139613|6
10002139996|9
10002141668|8
10002144157|3
10002144568|7
10002144571|1
10002144575|9
10002144844|1
10002144851|0
10002144864|5
10002144881|7
10002144893|9
10002145924|4
10002146505|9
10002147541|8
10002147698|5
10002147865|1
10002147922|7
10002147938|8
10002147949|9
10002147987|4
10002148004|5
10002148044|0
10002148060|0
10002148078|1
10002148091|6
10002148105|2
10002148120|4
10002148122|3
10002148126|5
10002148129|0
10002148137|4
10002148138|2
10002148139|3
10002148141|9
10002148144|4
10002148145|8
10002148146|8
10002148201|9
10002148215|0
10002148947|0
10002148994|1
10002149471|1
10002149560|6
10002149592|5
10002150091|5
10002150184|8
10002153054|2
10002153087|5
10002153092|8
10002153164|4
10002153176|5
10002153183|6
10002153187|1
10002153189|1
10002153192|9
10002153210|2
10002153214|1
10002153283|8
10002153288|2
10002153293|8
10002153306|3
10002155255|4
10002155266|5
10002155295|2
10002155342|3
10002155378|7
10002155396|7
10002155418|3
10002155464|3
10002155883|0
10002158743|5
10002158758|7
10002158770|5
10002158778|0
10002158923|5
10002159203|0
10002159212|5
10002159219|1
10002159231|8
10002159240|2
10002159248|2
10002161274|3
10002161888|7
10002162292|3
10002162296|3
10002162299|5
10002162610|2
10002162617|2
10002162912|3
10002162951|8
10002163159|1
10002163230|6
10002163288|0
10002163941|0
10002163960|3
10002163989|7
10002165756|0
10002165772|9
10002165782|6
10002165795|7
10002165816|3
10002165830|6
10002166202|7
10002166553|6
10002166728|4
10002166760|8
10002166808|4
10002166843|9
10002166886|7
10002166900|7
10002166923|0
10002166934|3
10002166949|6
10002166970|8
10002167370|3
10002167537|4
10002167590|8
10002167632|9
10002167689|9
10002167700|3
10002167825|1
10002168533|5
10002168679|5
10002168690|0
10002171570|8
10002171608|3
10002171784|2
10002171837|6
10002171871|5
10002171921|3
10002171930|9
10002171952|4
10002171992|1
10002172017|0
10002172051|8
10002172071|7
10002172087|7
10002172124|1
10002172161|0
10002172508|5
10002172530|3
10002172544|1
10002172604|7
10002172628|5
10002172659|3
10002172677|2
10002172704|5
10002172773|0
10002172889|8
10002172916|4
10002173093|2
10002173096|6
10002173108|2
10002173110|7
10002173113|5
10002173115|7
10002173127|6
10002173970|1
10002174821|4
10002174840|4
10002174842|4
10002174855|0
10002174859|8
10002174860|8
10002174861|9
10002174862|9
10002174864|0
10002174868|6
10002174869|2
10002174870|2
10002175049|1
10002175059|0
10002175104|1
10002175390|1
10002175452|9
10002175485|0
10002175507|4
10002175790|0
10002176170|1
10002176183|2
10002176198|5
10002176254|9
10002176283|8
10002176299|6
10002176342|9
10002176366|4
10002176384|7
10002176400|8
10002176414|1
10002176433|1
10002176443|2
10002176461|6
10002176549|6
10002176826|9
10002176838|5
10002176852|2
10002176891|0
10002176896|3
10002176917|6
10002176921|7
10002176924|3
10002176928|1
10002177758|1
10002177819|4
10002177868|1
10002177933|7
10002178572|6
10002178679|7
10002178696|6
10002178796|1
10002178946|8
10002178967|9
10002179599|5
10002179801|0
10002180265|2
10002180296|7
10002180691|2
10002181029|9
10002181042|3
10002181052|9
10002181056|0
10002181712|3
10002181804|2
10002181863|9
10002183376|7
10002183405|9
10002183419|2
10002183426|4
10002183432|9
10002183438|0
10002183457|8
10002183462|4
10002183476|5
10002183561|0
10002183612|1
10002184846|3
10002184864|2
10002184876|4
10002184902|5
10002184992|8
10002185058|8
10002185079|6
10002185303|5
10002185381|9
10002185438|8
10002185474|9
10002185496|4
10002185521|4
10002185563|8
10002185583|6
10002185599|3
10002185663|3
10002185671|5
10002185844|6
10002185846|8
10002185850|9
10002185861|4
10002185865|2
10002186223|4
10002186445|0
10002186632|4
10002187556|5
10002187792|6
10002187970|3
10002188024|6
10002188157|4
10002188181|7
10002188320|7
10002188321|3
10002188324|8
10002188328|1
10002188333|5
10002188342|3
10002188346|1
10002188350|3
10002188378|0
10002188392|0
10002188394|7
10002188399|0
10002188402|5
10002188409|8
10002188410|8
10002188419|8
10002188451|3
10002188552|1
10002189056|1
10002189089|9
10002189138|3
10002189173|1
10002189247|5
10002189563|0
10002189663|6
10002189676|3
10002189687|2
10002190053|1
10002190198|3
10002190233|7
10002190265|6
10002190275|7
10002190480|6
10002190609|4
10002190629|0
10002190635|6
10002190696|4
10002190722|7
10002192698|5
10002193259|4
10002193314|8
10002193374|3
10002193382|7
10002193517|2
10002193549|5
10002193571|6
10002193583|8
10002193605|3
10002193609|7
10002193665|2
10002193680|6
10002193681|6
10002193688|1
10002193695|5
10002193702|0
10002193718|2
10002193727|3
10002193763|8
10002193765|6
10002193795|3
10002193857|8
10002193879|7
10002194045|0
10002194066|1
10002194094|1
10002194150|1
10002194191|4
10002194212|7
10002194619|9
10002194650|9
10002194685|7
10002194738|5
10002194790|0
10002194843|0
10002194875|0
10002194916|7
10002194942|8
10002195419|8
10002195451|0
10002195453|5
10002195796|8
10002195944|2
10002195991|5
10002196101|4
10002196150|4
10002196158|9
10002196159|1
10002196230|1
10002196250|5
10002196276|3
10002196290|3
10002196309|9
10002196347|9
10002196527|5
10002196547|5
10002196585|6
10002196888|2
10002196919|9
10002197079|8
10002197395|8
10002197426|3
10002197653|4
10002197757|8
10002197778|7
10002198976|3
10002199074|2
10002199638|6
10002200351|2
10002200393|1
10002200396|4
10002200399|5
10002200401|1
10002200403|1
10002200405|9
10002200406|6
10002200407|4
10002200410|0
10002200611|9
10002200630|0
10002200698|0
10002200728|3
10002201001|3
10002201020|0
10002201033|6
10002201616|5
10002201629|8
10002202342|0
10002202366|5
10002202498|9
10002202531|1
10002202970|7
10002202971|0
10002202972|7
10002202973|6
10002202974|5
10002202975|8
10002203028|2
10002203397|4
10002203766|5
10002203832|6
10002204587|3
10002204669|1
10002204698|2
10002204714|1
10002204745|7
10002204769|4
10002204783|6
10002204824|1
10002204884|5
10002204910|7
10002205494|4
10002205562|9
10002205607|1
10002205625|6
10002205650|0
10002205665|1
10002205695|1
10002205728|9
10002206226|9
10002206296|7
10002206487|7
10002207420|2
10002207465|8
10002207764|8
10002208259|6
10002208280|0
10002208307|0
10002208323|3
10002208353|8
10002208962|7
10002208987|4
10002209084|3
10002210299|3
10002210519|3
10002210545|0
10002210575|9
10002210596|5
10002210620|8
10002210623|5
10002210631|9
10002211031|4
10002211314|6
10002211346|3
10002211511|0
10002211547|6
10002211616|2
10002211693|4
10002211730|7
10002211818|1
10002211885|8
10002211913|4
10002211964|4
10002212018|8
10002212072|9
10002212074|4
10002212121|0
10002214336|3
10002214353|2
10002214989|5
10002215019|0
10002215084|7
10002215160|5
10002215174|0
10002215190|0
10002215193|1
10002215210|2
10002215215|1
10002215219|3
10002215223|3
10002215229|2
10002215259|8
10002215262|6
10002215278|7
10002215285|9
10002215317|7
10002216725|6
10002216795|4
10002217229|3
10002217912|1
10002218513|7
10002221271|6
10002221362|3
10002221377|0
10002221410|6
10002221436|6
10002221951|4
10002222136|6
10002222184|0
10002222219|9
10002222304|6
10002222353|7
10002222393|1
10002222664|8
10002222771|7
10002223942|6
10002224143|8
10002224247|5
10002224282|0
10002224292|1
10002224316|0
10002224339|6
10002224707|4
10002225202|4
10002225255|0
10002225444|4
10002225463|1
10002225500|2
10002225951|5
10002226028|2
10002226043|7
10002226054|0
10002226064|0
10002226070|6
10002226093|1
10002226108|9
10002226116|1
10002226137|3
10002226189|3
10002226213|5
10002226242|0
10002226262|6
10002226285|2
10002226317|5
10002226341|6
10002226371|9
10002226535|5
10002226637|0
10002226649|4
10002226657|6
10002227747|4
10002227754|0
10002228374|1
10002228395|2
10002228408|1
10002228431|8
10002228451|4
10002228478|2
10002228524|1
10002228544|4
10002228601|0
10002229077|7
10002229119|1
10002229663|8
10002229685|8
10002229716|5
10002229930|6
10002229956|1
10002229991|7
10002230171|8
10002230321|7
10002230572|5
10002230626|6
10002230627|2
10002230631|6
10002231946|6
10002233625|8
10002233637|4
10002233641|1
10002233647|4
10002233650|2
10002233654|3
10002233776|5
10002233803|2
10002234509|6
10002235039|7
10002235059|5
10002235143|4
10002235161|9
10002235326|1
10002235565|3
10002238043|4
10002240324|9
10002240338|6
10002240349|4
10002240360|3
10002240464|4
10002240465|2
10002240466|3
10002240468|5
10002240474|3
10002240491|5
10002240499|1
10002240508|6
10002240519|1
10002240526|1
10002240536|9
10002240547|1
10002240550|5
10002240556|4
10002240559|0
10002240567|5
10002240576|1
10002240590|1
10002240597|5
10002240608|7
10002240646|8
10002240654|1
10002240663|2
10002240682|7
10002243138|0
10002243451|4
10002243471|6
10002243621|5
10002243622|8
10002243662|8
10002243751|7
10002243860|3
10002243917|9
10002243977|2
10002244107|9
10002244220|8
10002244283|9
10002244325|7
10002244544|8
10002244599|5
10002244678|9
10002244717|1
10002244795|2
10002244897|3
10002244937|2
10002250125|1
10002250413|4
10002250462|2
10002250480|9
10002250498|2
10002250521|0
10002250584|7
10002250592|8
10002250689|2
10002250695|6
10002250700|8
10002250717|7
10002250723|9
10002250730|8
10002250744|6
10002250749|3
10002250753|2
10002250757|8
10002250910|8
10002250914|5
10002250919|8
10002250923|8
10002250928|8
10002251050|2
10002251078|7
10002251238|6
10002251246|3
10002251276|4
10002251322|1
10002251347|0
10002251420|3
10002251498|0
10002251586|8
10002251613|7
10002251867|7
10002251956|7
10002251978|5
10002252002|7
10002252003|4
10002252031|9
10002252048|0
10002254024|0
10002254334|0
10002256003|7
10002256101|6
10002256149|3
10002256672|8
10002257206|1
10002257905|9
10002259458|1
10002259811|8
10002259822|0
10002259830|6
10002259905|9
10002260949|2
10002260983|6
10002262812|3
10002264412|0
10002264739|1
10002341478|6
10002341521|4
10002343829|2
10002343844|8
10002343856|7
10002343865|9
10002343903|1
10002343923|1
10002343948|9
10002345797|1
10002345842|4
10002345887|8
10002346154|6
10002346179|6
10002346288|0
10002346359|1
10002346361|3
10002346366|4
10002347069|5
10002347315|7
10002347347|3
10002347383|2
10002347509|9
10002348489|9
10002348529|8
10002348545|3
10002348640|6
10002348681|6
10002348737|9
10002349294|9
10002349350|5
10002349491|3
10002349504|7
10002349888|7
10002349916|1
10002349918|7
10002352069|5
10002352084|4
10002352098|0
10002352119|4
10002352141|9
10002352143|7
10002352159|2
10002352186|5
10002353104|1
10002353154|6
10002353168|4
10002359134|5
10002360682|4
10002361058|5
10002361418|6
10002361450|1
10002361498|5
10002361518|5
10002363983|9
10002364063|6
10002364091|6
10002364106|9
10002364287|7
10002364399|9
10002364771|2
10002364879|7
10002365011|2
10002365024|9
10002365034|9
10002365101|6
10002365110|3
10002365118|7
10002365255|8
10002365944|1
10002365956|2
10002365975|7
10002366003|8
10002366025|9
10002366031|6
10002367503|9
10002367568|6
10002367572|8
10002367581|4
10002367584|9
10002367589|6
10002368147|9
10002368184|4
10002368224|8
10002368233|6
10002368247|4
10002368257|2
10002368428|2
10002368513|9
10002368588|7
10002368650|7
10002369055|9
10002369149|8
10002369165|5
10002369204|4
10002369243|1
10002369267|0
10002369373|1
10002369408|1
10002369566|6
10002369586|6
10002370869|2
10002370917|2
10002371079|7
10002371100|9
10002372488|3
10002372570|5
10002372579|7
10002372585|6
10002372619|1
10002372645|7
10002372669|0
10002372681|3
10002372687|3
10002372700|9
10002372742|6
10002375104|7
10002375114|6
10002375121|6
10002375128|7
10002375148|7
10002375252|0
10002375272|5
10002375472|4
10002375514|8
10002375998|1
10002376032|8
10002376071|3
10002376098|9
10002376169|2
10002378697|8
10002378766|5
10002378867|1
10002378893|1
10002379019|0
10002379705|3
10002379772|8
10002379791|2
10002379806|6
10002379828|5
10002379849|5
10002379942|4
10002380021|5
10002380023|3
10002380051|1
10002380058|7
10002380088|5
10002380107|3
10002380403|2
10002380424|9
10002380503|7
10002380541|5
10002380550|5
10002380585|2
10002380597|0
10002380610|8
10002380620|3
10002380636|2
10002380749|7
10002380750|8
10002380751|7
10002382957|6
10002385204|7
10002385219|2
10002385246|3
10002385274|8
10002386904|7
10002386957|2
10002386981|6
10002386997|6
10002388687|9
10002389148|3
10002389150|7
10002389152|9
10002390856|4
10002395940|7
10002395969|2
10002396012|6
10002396015|3
10002396023|7
10002396027|7
10002396043|5
10002396060|4
10002396077|7
10002396087|2
10002396100|5
10002396135|8
10002396183|9
10002396190|3
10002396214|2
10002396238|2
10002396315|8
10002396365|7
10002396372|9
10002396376|4
10002396378|1
10002396395|2
10002396426|0
10002396513|4
10002396524|9
10002396536|1
10002396548|9
10002397198|8
10002397307|2
10002397470|7
10002397590|3
10002399253|3
10002399254|9
10002400740|0
10002400869|7
10002403018|3
10002403948|2
10002403961|9
10002404915|4
10002405311|9
10002405340|4
10002405737|8
10002406995|2
10002407045|1
10002407787|7
10002407801|0
10002407815|7
10002407843|8
10002407857|7
10002407886|5
10002407892|2
10002407953|5
10002407978|4
10002407991|7
10002408269|4
10002408335|4
10002408336|5
10002408362|0
10002408393|0
10002408411|2
10002408565|8
10002408647|8
10002408666|0
10002408687|8
10002408708|9
10002408734|4
10002408790|4
10002408836|4
10002408866|1
10002408890|2
10002408923|4
10002408936|1
10002410038|9
10002410086|5
10002411179|7
10002411182|1
10002411405|5
10002411518|2
10002415208|5
10002415220|8
10002415227|2
10002415239|3
10002415247|7
10002415256|4
10002415268|6
10002415620|8
10002415641|6
10002415958|4
10002415975|1
10002416002|2
10002416017|3
10002417068|8
10002417227|0
10002417254|5
10002417282|2
10002417333|5
10002417405|9
10002417681|8
10002418365|4
10002418662|3
10002418685|7
10002418801|1
10002418876|2
10002418893|2
10002419329|0
10002419512|1
10002419999|0
10002420035|5
10002420085|2
10002420194|6
10002420293|2
10002420301|3
10002420313|1
10002420480|6
10002420529|0
10002420695|4
10002420709|4
10002420731|5
10002420754|7
10002420775|3
10002420780|8
10002420804|1
10002420821|3
10002420831|8
10002420843|8
10002420907|6
10002420987|6
10002421350|1
10002421352|4
10002421353|2
10002421354|4
10002421355|4
10002421356|5
10002421358|2
10002421359|8
10002421360|4
10002421361|0
10002421362|1
10002421365|1
10002421367|9
10002421571|4
10002421585|0
10002421605|4
10002421778|6
10002421918|1
10002421950|6
10002421994|4
10002422204|6
10002422345|0
10002422392|2
10002422686|6
10002422934|4
10002423015|6
10002423202|4
10002423296|0
10002423352|7
10002424252|5
10002424263|4
10002424275|6
10002425915|3
10002425956|6
10002426039|8
10002426067|6
10002426085|0
10002426436|2
10002428035|9
10002428105|7
10002428114|7
10002428225|4
10002428337|9
10002428607|3
10002431316|8
10002431397|5
10002431855|1
10002431900|9
10002432221|9
10002432364|5
10002432388|9
10002432392|0
10002432639|3
10002432656|0
10002432747|7
10002432791|1
10002432873|5
10002432923|9
10002432953|8
10002432981|0
10002432995|6
10002433009|8
10002433046|0
10002433048|9
10002433100|8
10002433147|0
10002433161|0
10002433190|0
10002433211|1
10002433218|9
10002433231|3
10002433251|2
10002433266|4
10002433282|3
10002433295|3
10002433313|6
10002433334|7
10002433338|9
10002433356|4
10002433395|1
10002433432|0
10002433446|9
10002433473|1
10002433483|9
10002433493|0
10002433508|2
10002433522|8
10002433546|9
10002433732|1
10002433735|3
10002433798|9
10002433801|0
10002433804|7
10002433823|0
10002433858|7
10002433859|0
10002433863|0
10002433867|5
10002433874|5
10002433876|3
10002433878|7
10002433884|9
10002433894|0
10002433909|6
10002433916|5
10002433939|3
10002433949|0
10002433959|4
10002434030|0
10002434066|0
10002434244|2
10002434264|7
10002434290|3
10002434960|4
10002434984|1
10002435020|4
10002435245|1
10002435270|7
10002435319|9
10002435321|9
10002435504|0
10002435531|8
10002435594|6
10002435664|5
10002435729|8
10002435747|2
10002435769|9
10002436398|9
10002436408|6
10002436558|3
10002436560|4
10002437079|9
10002437117|4
10002437592|1
10002437629|5
10002437677|7
10002437723|5
10002437777|4
10002437781|4
10002437812|2
10002440343|3
10002440362|3
10002440368|1
10002440371|4
10002442673|2
10002442721|6
10002442736|4
10002443016|6
10002443027|2
10002443037|0
10002443042|4
10002443049|7
10002443468|8
10002443473|9
10002443479|7
10002443483|5
10002444539|4
10002444541|4
10002444612|6
10002444668|6
10002444740|6
10002444769|7
10002445140|7
10002445176|2
10002445193|3
10002445208|9
10002445219|0
10002445287|4
10002445395|0
10002446258|0
10002446287|4
10002446370|1
10002446605|0
10002446617|8
10002446625|4
10002446653|0
10002448510|5
10002448607|4
10002448737|5
10002450562|0
10002450581|8
10002450616|4
10002450641|2
10002451133|8
10002451154|0
10002452005|0
10002452013|1
10002452054|5
10002452065|7
10002452072|4
10002452098|1
10002452112|3
10002452120|1
10002452129|4
10002452137|6
10002452149|1
10002452158|8
10002452175|0
10002452182|9
10002452189|0
10002452201|2
10002452209|0
10002452226|1
10002452234|7
10002452241|1
10002452979|1
10002453053|8
10002453071|5
10002453088|3
10002453104|4
10002453125|4
10002453138|2
10002453997|3
10002454066|2
10002454495|5
10002454519|8
10002454540|9
10002454559|1
10002454570|9
10002455560|2
10002457195|0
10002457232|1
10002457251|6
10002457255|2
10002457755|9
10002457765|2
10002457974|7
10002457995|8
10002458009|4
10002458333|2
10002458354|3
10002458393|5
10002458430|9
10002458808|8
10002458997|8
10002459018|2
10002459038|1
10002459115|2
10002459152|4
10002460917|6
10002460960|5
10002461082|9
10002461099|1
10002461799|9
10002462961|8
10002462987|1
10002463036|1
10002463409|5
10002464603|6
10002464651|1
10002464676|7
10002465176|0
10002465203|9
10002465853|8
10002465925|3
10002466121|8
10002467571|5
10002469154|4
10002469172|9
10002469189|7
10002469214|3
10002469247|5
10002469353|4
10002469525|9
10002469538|0
10002469626|8
10002469648|0
10002469723|2
10002469801|2
10002470066|9
10002470088|1
10002470897|9
10002472229|6
10002472979|6
10002473001|5
10002473015|3
10002473951|0
10002473957|0
10002473962|0
10002474235|0
10002474629|1
10002474664|9
10002474680|2
10002474716|2
10002474731|3
10002474772|1
10002474788|5
10002474830|7
10002474845|8
10002475689|5
10002475721|6
10002476203|9
10002476230|3
10002476262|7
10002476293|9
10002476313|0
10002478561|8
10002478585|8
10002478597|1
10002478628|3
10002478657|7
10002479488|5
10002479501|8
10002479514|1
10002479526|0
10002479574|7
10002479820|4
10002480003|1
10002480809|4
10002481059|2
10002481759|8
10002482044|1
10002482107|8
10002482172|4
10002482208|8
10002482228|1
10002482290|9
10002482316|2
10002482555|9
10002482602|2
10002482654|5
10002482716|0
10002482833|4
10002482834|6
10002482836|2
10002482838|3
10002483050|7
10002483059|3
10002484001|7
10002484688|2
10002485074|5
10002485076|4
10002485077|8
10002485079|0
10002485080|0
10002485102|9
10002485353|1
10002485366|7
10002485368|3
10002485369|1
10002485370|2
10002485372|5
10002485378|9
10002485380|0
10002485385|1
10002485400|0
10002485414|0
10002486342|4
10002486492|7
10002487324|2
10002488932|2
10002488962|4
10002489015|9
10002490510|8
10002490546|2
10002490557|8
10002491915|3
10002491927|9
10002491958|8
10002492006|4
10002493850|1
10002493958|4
10002493966|6
10002493975|6
10002493985|3
10002493997|9
10002494004|7
10002494008|4
10002494016|6
10002494025|0
10002494048|2
10002494112|7
10002494128|1
10002494368|0
10002494414|7
10002494454|0
10002494474|0
10002494492|4
10002495979|8
10002496276|8
10002496324|6
10002496325|3
10002496395|4
10002496488|8
10002496506|1
10002496520|8
10002496538|7
10002496539|2
10002496787|3
10002496830|9
10002496900|5
10002496904|9
10002496905|6
10002496906|1
10002496908|1
10002496910|0
10002496912|6
10002496991|6
10002496999|6
10002497003|8
10002497009|8
10002497120|5
10002497298|5
10002497833|6
10002497861|0
10002497967|6
10002498062|0
10002498074|1
10002498101|3
10002498162|6
10002498980|8
10002499029|3
10002499095|6
10002499194|0
10002499233|7
10002499370|0
10002499413|6
10002499534|0
10002499850|7
10002499853|4
10002499854|0
10002499855|5
10002499857|0
10002499858|0
10002499860|2
10002499861|3
10002503132|4
10002503162|7
10002503182|7
10002503194|3
10002503200|5
10002503204|5
10002503212|4
10002503220|1
10002503240|7
10002503246|3
10002503251|8
10002503257|1
10002503260|6
10002503263|7
10002503264|2
10002503270|5
10002505866|8
10002505881|2
10002505898|1
10002505929|9
10002505951|6
10002505971|9
10002505989|5
10002506015|2
10002506143|9
10002506154|4
10002506159|2
10002506169|8
10002506172|1
10002506177|2
10002506182|1
10002506220|9
10002506227|5
10002506236|2
10002506240|3
10002506249|8
10002506252|2
10002506256|0
10002506257|8
10002506337|4
10002506340|9
10002506344|1
10002506349|1
10002506561|6
10002506797|1
10002507277|1
10002507528|2
10002508989|8
10002509016|3
10002509054|1
10002509061|7
10002509066|0
10002509069|4
10002509073|8
10002509497|3
10002509542|4
10002509572|5
10002509639|5
10002509829|7
10002509867|9
10002509903|8
10002509956|6
10002510039|6
10002510128|3
10002510199|7
10002510283|2
10002510408|7
10002510472|8
10002510511|4
10002510556|3
10002510943|1
10002511169|5
10002511546|8
10002511611|3
10002511658|4
10002511989|3
10002512028|0
10002512038|8
10002512041|4
10002512053|0
10002514628|9
10002514712|1
10002515426|0
10002515438|7
10002515459|2
10002515471|8
10002515503|9
10002515515|1
10002515529|3
10002515546|8
10002515557|4
10002515727|0
10002515848|2
10002516750|8
10002516769|5
10002516871|3
10002518243|1
10002518352|8
10002518387|5
10002518390|8
10002518816|2
10002518859|0
10002519129|8
10002519180|9
10002519284|2
10002519415|3
10002519538|9
10002519612|0
10002519672|6
10002519721|1
10002519749|4
10002520064|2
10002520129|9
10002520567|0
10002520599|7
10002520640|5
10002520670|5
10002520689|3
10002520702|0
10002521532|3
10002521538|1
10002521602|3
10002521609|2
10002521615|2
10002521621|6
10002521629|6
10002521633|2
10002521756|6
10002521757|2
10002521758|3
10002521759|4
10002521760|9
10002521761|8
10002521762|7
10002522768|7
10002522956|5
10002523176|9
10002524369|3
10002524402|2
10002524422|5
10002524553|9
10002524555|3
10002524561|7
10002524564|4
10002524569|9
10002525297|2
10002525562|7
10002525625|9
10002525670|7
10002525701|6
10002525743|0
10002525998|0
10002526159|2
10002526282|4
10002526385|9
10002526457|6
10002526505|6
10002526527|1
10002526583|9
10002526620|3
10002526635|9
10002527181|9
10002527199|9
10002527233|7
10002527282|7
10002527297|9
10002527323|7
10002527350|5
10002527414|7
10002527468|3
10002527911|9
10002527913|9
10002527932|2
10002527938|9
10002527941|3
10002527943|0
10002527944|3
10002527947|4
10002528193|6
10002528224|1
10002528267|8
10002528295|7
10002528545|7
10002528979|3
10002529113|6
10002529138|4
10002529169|3
10002529255|3
10002529296|1
10002529340|3
10002529390|1
10002529458|4
10002531099|0
10002531170|7
10002531183|5
10002531359|4
10002531415|4
10002531480|9
10002531602|1
10002531688|1
10002532204|3
10002532402|3
10002532441|1
10002532479|0
10002532510|3
10002533229|7
10002533440|8
10002533447|2
10002533456|9
10002534371|5
10002534753|7
10002534872|8
10002534925|6
10002534935|7
10002534972|3
10002535492|8
10002535991|2
10002536017|1
10002536053|4
10002536519|7
10002536530|5
10002536839|3
10002537251|7
10002537369|1
10002537396|2
10002537438|0
10002537487|6
10002537501|3
10002537581|6
10002537622|1
10002538625|5
10002538633|4
10002538863|2
10002538880|4
10002539439|0
10002539500|2
10002539564|5
10002541198|8
10002541220|0
10002541245|8
10002541250|9
10002541295|3
10002541440|7
10002541479|1
10002541636|0
10002541941|5
10002541975|3
10002542592|0
10002542613|4
10002542628|7
10002542636|8
10002542645|3
10002542659|2
10002542673|3
10002542690|6
10002542704|4
10002542714|9
10002542724|3
10002542733|7
10002542742|1
10002542762|1
10002542785|5
10002542793|7
10002543775|7
10002543850|9
10002544025|6
10002544627|2
10002548031|0
10002548166|3
10002548409|8
10002548437|8
10002548478|2
10002548491|9
10002548521|3
10002548534|6
10002549060|8
10002549092|6
10002549784|6
10002549951|0
10002550091|0
10002550100|8
10002550107|7
10002550128|2
10002550396|7
10002550402|7
10002550414|4
10002550423|7
10002550439|0
10002550441|0
10002550469|0
10002550801|7
10002551773|4
10002552195|3
10002552214|3
10002552658|2
10002553215|3
10002553229|3
10002553663|8
10002553694|6
10002553702|2
10002553709|7
10002553714|9
10002553729|4
10002553768|6
10002553789|0
10002553798|7
10002553801|4
10002554535|3
10002554608|9
10002555149|2
10002555161|3
10002555245|0
10002555287|6
10002555512|1
10002555528|7
10002555560|4
10002555592|8
10002555654|6
10002555736|6
10002555909|6
10002555997|2
10002556051|8
10002556057|9
10002556062|2
10002556143|4
10002556152|0
10002556171|1
10002556177|9
10002556221|8
10002556240|8
10002556259|5
10002556330|5
10002556344|0
10002556352|2
10002556768|0
10002556847|1
10002557587|4
10002558631|5
10002558736|6
10002558745|6
10002558952|0
10002559183|5
10002559324|8
10002559470|7
10002559579|6
10002559624|4
10002559802|1
10002559882|0
10002559927|2
10002560008|9
10002560187|9
10002560692|6
10002561867|6
10002561886|8
10002561898|3
10002561926|4
10002561942|9
10002561947|9
10002561965|6
10002561967|8
10002561987|3
10002562016|2
10002562083|5
10002562103|9
10002562318|1
10002562352|0
10002562416|3
10002562513|9
10002562562|1
10002562923|2
10002563037|7
10002563058|2
10002563084|1
10002563145|3
10002563151|3
10002563652|3
10002564551|0
10002564954|3
10002564979|7
10002567243|5
10002567270|1
10002567276|0
10002567284|7
10002567289|2
10002567305|8
10002567535|6
10002567541|6
10002568025|7
10002568076|5
10002568179|7
10002568199|4
10002568465|6
10002568478|9
10002568537|7
10002568571|0
10002568604|1
10002568609|1
10002568634|5
10002568690|0
10002569028|9
10002569096|1
10002569426|3
10002569445|9
10002569468|7
10002569487|9
10002569493|9
10002569507|2
10002569515|9
10002569521|2
10002569533|6
10002569558|0
10002569574|7
10002569602|1
10002569615|1
10002569647|5
10002569810|8
10002569836|7
10002569842|3
10002569853|8
10002569872|1
10002569891|8
10002569903|1
10002569905|2
10002569921|5
10002569925|6
10002569938|3
10002569949|9
10002569958|1
10002569959|2
10002569976|4
10002569987|9
10002569990|5
10002570012|8
10002570038|3
10002570039|7
10002570047|8
10002570081|3
10002570107|2
10002570408|0
10002570445|6
10002570513|1
10002570545|1
10002570550|6
10002570566|1
10002570587|4
10002570601|4
10002572041|1
10002572147|0
10002572153|3
10002572168|1
10002572187|3
10002572863|7
10002573766|1
10002574007|3
10002574008|5
10002574094|1
10002574148|9
10002574171|6
10002574178|6
10002574193|0
10002574201|1
10002574216|9
10002574220|9
10002574250|0
10002574259|6
10002574281|5
10002574320|7
10002574400|2
10002574458|4
10002575157|4
10002575266|3
10002576121|1
10002576476|3
10002576503|1
10002576510|7
10002576662|5
10002576711|4
10002576720|5
10002576759|9
10002576770|1
10002576778|5
10002576793|6
10002577489|5
10002577509|5
10002577526|1
10002577596|6
10002577612|7
10002577624|9
10002577667|7
10002577679|2
10002577698|3
10002577739|7
10002577804|9
10002577819|8
10002577830|7
10002577843|9
10002577864|5
10002577890|7
10002577918|1
10002577940|3
10002577962|6
10002577970|5
10002577995|5
10002578682|8
10002578880|3
10002578914|4
10002578926|4
10002578937|8
10002578988|0
10002578998|8
10002579042|3
10002579058|8
10002579407|6
10002580687|2
10002582076|6
10002582101|4
10002582504|6
10002582555|8
10002583584|4
10002583612|1
10002583748|0
10002583784|2
10002583817|4
10002583840|9
10002583877|8
10002583891|1
10002584404|6
10002584408|9
10002584411|4
10002584413|1
10002584418|8
10002584424|9
10002584951|5
10002584960|6
10002584995|0
10002586068|6
10002586104|5
10002586484|8
10002586554|9
10002586563|2
10002586890|4
10002586927|9
10002586980|5
10002587260|1
10002587285|4
10002587289|6
10002588710|4
10002588735|8
10002588768|2
10002588786|7
10002588853|5
10002588870|2
10002588892|8
10002590121|4
10002590847|4
10002590938|3
10002590960|1
10002590971|1
10002590989|9
10002591064|7
10002591073|0
10002591081|1
10002591088|1
10002591098|3
10002592559|2
10002595402|4
10002595427|6
10002595455|3
10002597648|9
10002597706|0
10002597710|9
10002597750|5
10002597770|8
10002597804|7
10002598194|5
10002598203|1
10002598222|1
10002598314|8
10002598339|3
10002598352|7
10002598362|2
10002598461|9
10002602832|4
10002603101|4
10002603166|5
10002603177|1
10002603217|7
10002603272|5
10002603370|8
10002603390|0
10002603442|8
10002603825|3
10002604491|0
10002604495|3
10002604496|4
10002604511|0
10002604599|6
10002604600|6
10002604601|1
10002605239|2
10002608551|4
10002608623|4
10002609514|7
10002609537|9
10002610452|4
10002610464|8
10002610469|2
10002610959|3
10002611117|2
10002611138|4
10002612108|9
10002612283|2
10002612525|1
10002612941|9
10002613321|8
10002613916|4
10002616355|7
10002617259|5
10002619190|7
10002619503|5
10002619536|0
10002619560|1
10002619592|4
10002619609|6
10002619620|3
10002619621|1
10002619637|5
10002619649|7
10002619676|2
10002619705|0
10002619733|3
10002619779|2
10002619808|0
10002619870|2
10002620035|7
10002620167|5
10002620437|0
10002620537|5
10002621349|0
10002621391|1
10002621436|9
10002621591|3
10002621639|7
10002621651|3
10002621663|5
10002621676|0
10002621746|3
10002622655|9
10002623477|7
10002623558|2
10002623564|5
10002623569|9
10002623574|2
10002623580|5
10002623619|2
10002623639|9
10002623649|7
10002623912|6
10002623986|6
10002624040|8
10002624075|9
10002625115|0
10002625133|5
10002625140|0
10002625148|7
10002625150|5
10002625986|0
10002626203|7
10002626234|3
10002626257|6
10002626281|1
10002626301|3
10002626313|3
10002626656|6
10002627308|4
10002627312|6
10002628710|4
10002629001|7
10002629020|8
10002629039|9
10002629196|0
10002629761|5
10002629794|6
10002629860|8
10002629885|1
10002630731|9
10002630780|7
10002633947|0
10002633988|3
10002633992|3
10002634019|1
10002634021|0
10002634054|2
10002634153|1
10002634428|0
10002634462|7
10002634747|7
10002634856|1
10002635024|6
10002635975|7
10002636114|3
10002636128|9
10002636144|7
10002636593|7
10002636599|3
10002636664|1
10002636772|0
10002636855|5
10002636868|3
10002637155|4
10002637614|1
10002637957|8
10002639438|5
10002639553|4
10002639557|9
10002639621|7
10002639757|5
10002639787|7
10002639798|8
10002639869|0
10002639912|8
10002639919|6
10002639926|5
10002640058|3
10002640702|7
10002640753|4
10002640794|7
10002640813|4
10002640864|4
10002640892|1
10002641255|9
10002643012|6
10002643169|1
10002643315|6
10002643408|2
10002643418|1
10002643426|5
10002643433|3
10002643458|5
10002643508|1
10002643601|8
10002643674|1
10002644020|8
10002644053|9
10002644073|3
10002644117|6
10002644166|4
10002644218|0
10002644282|9
10002644533|1
10002644588|9
10002644667|6
10002644707|5
10002644913|0
10002644948|8
10002644961|3
10002644978|5
10002644987|8
10002645000|8
10002645138|4
10002645238|3
10002645239|9
10002646309|4
10002646331|3
10002646332|5
10002646343|8
10002646354|2
10002646356|8
10002646364|7
10002646374|0
10002646412|7
10002646429|6
10002646435|6
10002646453|9
10002647565|1
10002647884|6
10002647990|9
10002648221|1
10002648260|9
10002649174|5
10002649200|6
10002649213|2
10002649226|6
10002649235|4
10002649249|9
10002649398|8
10002649415|7
10002649429|2
10002649446|8
10002649468|4
10002649483|5
10002649501|7
10002649515|4
10002649531|5
10002649547|0
10002649565|7
10002649626|2
10002649644|8
10002649664|8
10002649684|2
10002649694|1
10002649723|1
10002649745|5
10002649764|7
10002649778|2
10002649797|4
10002649818|7
10002649832|4
10002650122|6
10002650298|6
10002650311|2
10002650336|9
10002650353|1
10002650374|6
10002650391|5
10002650399|0
10002650412|2
10002650782|9
10002650851|1
10002651860|4
10002651884|8
10002651908|2
10002651927|2
10002651936|3
10002651955|9
10002651968|7
10002651986|9
10002652001|7
10002652028|7
10002652044|5
10002652059|0
10002652069|5
10002652082|7
10002652097|1
10002652114|6
10002652127|9
10002652165|3
10002652241|7
10002652245|7
10002652264|7
10002652267|0
10002652286|7
10002652297|0
10002652312|7
10002652313|0
10002652314|7
10002652316|7
10002652433|8
10002652527|6
10002652644|9
10002652894|2
10002652943|4
10002653029|3
10002653162|7
10002653171|2
10002653183|1
10002653200|8
10002653204|2
10002653232|5
10002653311|0
10002653451|6
10002653472|0
10002653497|6
10002653506|2
10002653589|4
10002653603|3
10002653614|7
10002653639|7
10002653689|0
10002653714|3
10002653740|8
10002653792|1
10002653870|8
10002655237|7
10002655252|6
10002655561|9
10002655575|3
10002655621|7
10002655633|2
10002656106|8
10002656124|6
10002656136|4
10002656183|6
10002656204|3
10002656216|2
10002657309|2
10002657828|0
10002657857|1
10002658248|0
10002661472|5
10002672074|4
10002672075|3
10002672077|6
10002672078|4
10002672079|9
10002672081|2
10002672082|0
10002672083|3
10002672084|5
10002672085|6
10002672698|6
10002672760|2
10002678093|5
10002678096|9
10002678099|7
10002678103|3
10002678516|9
10002678523|0
10002678735|3
10002678916|5
10002678952|2
10002678986|9
10002679291|5
10002679474|0
10002679578|4
10002679588|7
10002679599|3
10002679615|7
10002680504|4
10002680580|5
10002680613|5
10002680652|8
10002680788|0
10002681024|0
10002681053|0
10002681813|4
10002681823|5
10002681832|6
10002681891|3
10002681917|2
10002681926|2
10002683553|8
10002683600|4
10002683992|3
10002684029|9
10002684046|3
10002684071|3
10002684093|0
10002684201|7
10002684233|6
10002684277|0
10002684362|1
10002684547|9
10002685021|8
10002685074|6
10002688084|8
10002688663|0
10002689123|5
10002689212|1
10002689232|8
10002689267|0
10002689277|4
10002689279|4
10002689282|8
10002689289|4
10002689297|8
10002689302|9
10002689308|7
10002689309|2
10002689311|6
10002689335|2
10002689351|4
10002689353|6
10002689844|5
10002689877|0
10002689916|2
10002689948|3
10002691448|7
10002691488|7
10002691577|4
10002691603|1
10002691631|0
10002691671|4
10002691715|1
10002691854|4
10002691867|4
10002691942|3
10002692028|9
10002692151|5
10002692388|5
10002692429|7
10002692438|8
10002693684|8
10002693713|0
10002694162|5
10002694241|4
10002694268|1
10002695322|2
10002695344|4
10002700524|2
10002700575|0
10002700627|6
10002700714|4
10002700748|3
10002700776|4
10002700785|0
10002700845|0
10002700875|0
10002700952|9
10002701027|3
10002701054|3
10002701322|9
10002702099|4
10002702132|7
10002702328|5
10002703539|6
10002703893|8
10002704022|0
10002704038|8
10002704075|2
10002704135|7
10002704177|6
10002704363|7
10002704408|6
10002704448|6
10002704498|7
10002705317|9
10002705370|0
10002705976|9
10002706003|1
10002706033|3
10002706086|2
10002706132|1
10002706148|8
10002706174|7
10002706456|7
10002706511|9
10002706542|1
10002706620|8
10002708241|6
10002708273|0
10002708323|7
10002708640|6
10002708686|3
10002708734|2
10002710569|6
10002711311|6
10002712836|7
10002712845|2
10002712855|9
10002712860|7
10002712869|7
10002714495|1
10002714508|9
10002714527|8
10002716185|7
10002717471|5
10002717500|6
10002717520|6
10002717556|8
10002717581|0
10002717615|6
10002718013|2
10002718037|7
10002718400|9
10002718448|1
10002718475|5
10002718515|9
10002719743|6
10002719933|1
10002719943|8
10002720378|6
10002720412|6
10002720696|9
10002721081|5
10002721087|5
10002721092|5
10002721200|2
10002721233|9
10002721492|3
10002721499|2
10002721515|0
10002721538|1
10002721551|6
10002721554|4
10002721569|2
10002721584|4
10002721588|6
10002722841|4
10002722879|2
10002722926|3
10002722948|6
10002723314|1
10002724567|6
10002725030|4
10002725051|7
10002725959|2
10002727256|3
10002727270|7
10002727994|5
10002728366|4
10002728501|8
10002728526|6
10002728571|2
10002728625|9
10002728759|8
10002728768|8
10002728789|2
10002728810|2
10002730359|5
10002732802|0
10002733131|5
10002733628|5
10002733727|4
10002733735|4
10002733737|2
10002733739|1
10002733743|0
10002734953|0
10002735119|5
10002735141|9
10002735154|5
10002735171|9
10002735250|1
10002735306|7
10002735324|2
10002735377|0
10002735419|8
10002735462|1
10002735489|5
10002735581|2
10002735606|1
10002735614|4
10002735730|9
10002735925|8
10002735956|2
10002736774|5
10002737168|3
10002738201|0
10002739925|8
10002739962|2
10002740002|7
10002740110|5
10002740180|6
10002740274|5
10002740287|0
10002740361|3
10002740394|1
10002740432|8
10002740583|6
10002741391|2
10002741410|1
10002741444|6
10002741502|6
10002741842|7
10002741870|4
10002742429|1
10002742504|6
10002742567|1
10002742572|3
10002742612|7
10002742689|3
10002746110|6
10002746132|7
10002746133|6
10002746135|4
10002746136|2
10002746486|0
10002746732|0
10002746756|2
10002746776|1
10002746795|3
10002746804|5
10002746820|2
10002746832|1
10002746842|3
10002746849|0
10002746871|2
10002746923|9
10002746933|5
10002746950|1
10002746961|6
10002746980|4
10002747002|4
10002747716|1
10002748405|8
10002748431|5
10002748765|1
10002748874|3
10002748932|4
10002749063|0
10002749709|5
10002749722|6
10002753063|3
10002753075|0
10002753163|9
10002753170|1
10002753174|9
10002753258|9
10002753265|9
10002753271|9
10002753276|0
10002753278|7
10002753283|8
10002753699|7
10002753718|1
10002753764|3
10002754889|1
10002754920|2
10002754929|9
10002755006|2
10002755053|4
10002756112|6
10002756117|7
10002756127|1
10002756139|0
10002756176|4
10002756224|2
10002756233|3
10002756258|3
10002756260|6
10002756261|2
10002756263|3
10002756265|2
10002756275|9
10002756278|6
10002756281|1
10002756286|4
10002756288|5
10002756291|8
10002756978|6
10002757005|1
10002757028|0
10002758734|0
10002758749|2
10002758754|6
10002758796|3
10002758810|1
10002758825|0
10002758935|0
10002758964|8
10002759652|5
10002759661|2
10002759667|0
10002759674|3
10002760865|4
10002760901|3
10002760911|1
10002760934|7
10002760950|1
10002761019|0
10002761051|3
10002762147|6
10002762188|2
10002765446|3
10002765535|5
10002765734|5
10002766335|2
10002766391|0
10002766482|6
10002766556|3
10002768278|3
10002768281|3
10002770455|7
10002770850|3
10002770873|0
10002770896|9
10002770927|4
10002771025|3
10002771102|8
10002771114|2
10002771128|8
10002771172|1
10002771185|2
10002772730|2
10002772731|1
10002772741|5
10002773557|3
10002774617|5
10002774661|1
10002774675|2
10002774684|2
10002777213|7
10002777229|8
10002777246|6
10002781504|6
10002781553|2
10002781583|4
10002781623|6
10002781649|3
10002781686|4
10002781727|2
10002781772|2
10002781816|6
10002781838|6
10002789698|9
10002789834|3
10002790516|1
10002791399|5
10002791406|8
10002792558|5
10002792706|3
10002792736|6
10002793223|9
10002793274|5
10002793371|1
10002793390|8
10002796524|3
10002796858|8
10002796961|5
10002797003|3
10002797011|8
10002797059|5
10002797109|2
10002797141|7
10002797257|0
10002797308|1
10002797408|5
10002797477|8
10002797492|5
10002798301|2
10002798350|8
10002798382|8
10002798421|9
10002798441|0
10002798475|2
10002798495|0
10002799353|3
10002799763|1
10002799817|0
10002803737|3
10002803916|1
10002803984|8
10002804021|3
10002804060|1
10002804139|7
10002804174|6
10002804730|2
10002804757|1
10002804783|6
10002804875|3
10002804917|9
10002804972|9
10002805020|6
10002805042|6
10002805077|0
10002805141|4
10002805229|7
10002805313|5
10002805335|6
10002806956|7
10002806959|1
10002807040|6
10002807067|7
10002807073|6
10002807081|7
10002807100|7
10002807753|2
10002808675|2
10002808714|0
10002808727|1
10002808771|1
10002808817|6
10002809022|9
10002809053|5
10002809121|6
10002809361|7
10002809584|2
10002809609|6
10002809661|5
10002809744|3
10002810220|8
10002810235|1
10002810249|6
10002810361|8
10002810435|8
10002810491|0
10002810557|9
10002810669|7
10002810913|1
10002810934|6
10002811369|0
10002811407|3
10002811429|4
10002812914|1
10002812932|7
10002812972|3
10002812985|9
10002813259|6
10002813283|4
10002813318|6
10002813412|4
10002813732|0
10002814134|0
10002814269|9
10002814277|6
10002814283|4
10002814293|3
10002814494|9
10002814614|9
10002814628|5
10002814654|0
10002815157|6
10002815296|6
10002815347|5
10002815519|0
10002815544|3
10002815624|2
10002815655|2
10002815699|5
10002815761|4
10002815782|1
10002815851|1
10002815889|7
10002815921|2
10002815973|9
10002816022|6
10002816141|6
10002816171|7
10002816180|3
10002817365|9
10002817374|1
10002817377|4
10002817395|9
10002817403|6
10002817409|7
10002817410|1
10002817413|3
10002817414|9
10002817415|3
10002817416|8
10002817417|9
10002817422|3
10002817425|4
10002817427|7
10002817430|9
10002817435|3
10002817438|9
10002817441|8
10002817445|0
10002817447|7
10002817452|9
10002817455|6
10002817458|9
10002817462|7
10002821109|7
10002821110|2
10002821369|5
10002821582|4
10002821717|6
10002821796|4
10002821875|5
10002821897|8
10002821934|5
10002822031|2
10002822126|7
10002822541|2
10002822891|6
10002823196|0
10002823294|1
10002823343|5
10002823387|1
10002823463|3
10002823542|4
10002823614|6
10002823651|0
10002823690|1
10002824329|2
10002824345|1
10002824352|9
10002825095|3
10002825246|1
10002825355|0
10002826017|9
10002826056|1
10002826073|8
10002826091|3
10002826115|8
10002826142|5
10002829828|2
10002829851|3
10002830198|0
10002830259|4
10002830282|8
10002830322|3
10002830344|2
10002830370|2
10002830451|6
10002830677|1
10002832772|5
10002832785|6
10002832941|1
10002832993|5
10002833033|7
10002833145|3
10002833173|3
10002833251|5
10002833278|8
10002833305|9
10002833329|0
10002833608|4
10002833644|9
10002833791|2
10002833864|1
10002833877|6
10002833896|4
10002833922|3
10002833991|6
10002834072|1
10002834204|1
10002834246|2
10002836325|6
10002836376|9
10002836701|7
10002836742|8
10002836789|2
10002836818|4
10002843228|8
10002843871|1
10002844060|7
10002844367|1
10002844558|7
10002844589|5
10002844888|5
10002844923|4
10002844948|9
10002845231|9
10002845255|1
10002845459|6
10002846031|2
10002846274|6
10002846284|2
10002846302|7
10002846305|3
10002846315|6
10002846329|1
10002846339|8
10002846348|3
10002846360|5
10002846382|6
10002846400|3
10002846479|5
10002846488|1
10002846498|7
10002846536|3
10002846541|6
10002846545|9
10002846553|5
10002846559|1
10002846563|5
10002847242|8
10002847459|1
10002851500|7
10002851636|6
10002851693|1
10002851744|5
10002851794|9
10002851865|3
10002851936|7
10002852041|3
10002852958|0
10002852984|5
10002853006|9
10002853063|4
10002853094|4
10002855163|9
10002855196|8
10002857304|6
10002857319|3
10002857340|5
10002857368|0
10002857386|8
10002858556|1
10002858579|0
10002858581|0
10002858585|9
10002858608|1
10002863615|4
10002864883|1
10002864910|5
10002864931|3
10002868504|4
10002868650|4
10002868667|4
10002869223|7
10002873509|6
10002875144|5
10002875222|8
10002877946|5
10002877964|1
10002878027|0
10002878047|8
10002878062|7
10002878080|7
10002878097|1
10002878098|9
10002878108|5
10002878118|0
10002879481|4
10002879498|3
10002879523|7
10002879554|2
10002879618|5
10002879653|8
10002879981|5
10002880244|2
10002880341|1
10002880391|0
10002880737|9
10002880802|5
10002880831|2
10002880905|4
10002880906|9
10002881360|7
10002885413|3
10002885549|0
10002885597|4
10002885659|3
10002885691|1
10002885758|0
10002886979|9
10002887003|3
10002889467|8
10002889493|0
10002889546|4
10002889567|2
10002889573|7
10002889643|0
10002889671|1
10002889675|4
10002889713|7
10002889750|4
10002889817|6
10002889855|7
10002889873|4
10002889897|9
10002889912|9
10002889918|0
10002890071|2
10002890097|0
10002890570|1
10002890594|1
10002890625|5
10002890652|6
10002890743|0
10002893799|2
10002899860|5
10002900088|5
10002900190|6
10002904222|7
10002904307|1
10002904787|5
10002905735|4
10002905851|1
10002905865|3
10002905889|2
10002905902|7
10002905912|0
10002905940|8
10002906063|3
10002906069|8
10002906071|5
10002906072|5
10002906079|5
10002906090|3
10002906117|6
10002906297|6
10002906320|1
10002906325|7
10002906371|9
10002906416|8
10002907440|6
10002907463|0
10002910323|1
10002910372|2
10002910393|3
10002913537|4
10002916822|6
10002917317|3
10002917576|0
10002917577|3
10002917579|1
10002917580|8
10002917581|7
10002917582|3
10002917583|6
10002917586|5
10002917587|6
10002917589|9
10002917590|7
10002921327|8
10002923560|3
10002923584|9
10002923664|2
10002923708|4
10002923898|3
10002923926|2
10002924202|6
10002924237|2
10002924261|1
10002924272|0
10002924365|1
10002924416|7
10002925725|3
10002926473|1
10002927689|5
10002928881|9
10002928891|9
10002929245|5
10002929284|3
10002929312|6
10002930917|7
10002930930|1
10002931245|0
10002931262|4
10002931892|0
10002931953|8
10002932418|8
10002932451|6
10002932485|6
10002933548|5
10002934314|9
10002934315|6
10002934316|2
10002935224|7
10002935720|9
10002935759|0
10002935788|9
10002935810|1
10002936929|3
10002936957|2
10002937218|2
10002937251|1
10002937293|6
10002937338|1
10002940226|2
10002940368|2
10002941331|4
10002941511|2
10002941568|8
10002941603|4
10002941663|2
10002941833|6
10002944411|2
10002944468|9
10002944493|0
10002944659|3
10002944956|9
10002944996|9
10002945051|8
10002945129|1
10002945208|0
10002946349|9
10002947402|0
10002947511|0
10002947524|5
10002948699|6
10002948820|9
10002948834|9
10002948860|3
10002948903|1
10002949038|6
10002949181|6
10002950945|9
10002950963|7
10002950999|1
10002951003|9
10002951011|7
10002951019|8
10002951040|2
10002956721|3
10002956722|2
10002956723|3
10002956724|2
10002956725|3
10002956727|7
10002956728|6
10002956729|7
10002957519|1
10002957540|4
10002957551|6
10002957579|7
10002960468|1
10002961162|9
10002961184|5
10002961207|8
10002962028|4
10002962182|6
10002962194|4
10002962214|4
10002962241|5
10002962298|7
10002962300|5
10002962396|0
10002962428|0
10002962479|8
10002962501|5
10002962514|1
10002962543|1
10002962805|5
10002962818|6
10002967734|0
10002967854|9
10002968482|6
10002968498|2
10002969563|8
10002969581|0
10002969614|8
10002969689|5
10002969709|7
10002969967|2
10002970792|0
10002973608|5
10002973847|2
10002973916|2
10002974262|3
10002974691|3
10002974697|6
10002974713|5
10002974760|7
10002975005|2
10002975033|6
10002975093|1
10002975239|6
10002975341|0
10002975419|3
10002975709|5
10002975729|8
10002975788|1
10002975807|3
10002977335|3
10002977383|9
10002977384|0
10002977385|2
10002977386|5
10002977387|3
10002977388|9
10002977389|7
10002977390|1
10002977392|7
10002977393|0
10002977394|8
10002977395|7
10002977396|5
10002977997|6
10002978140|5
10002978193|7
10002978222|5
10002978255|7
10002978315|2
10002978329|1
10002978730|0
10002978797|9
10002978832|6
10002978843|8
10002979572|1
10002980831|9
10002981316|2
10002983286|2
10002983540|0
10002987344|6
10002987437|3
10002989006|1
10002989600|0
10002989624|5
10002989670|2
10002989671|0
10002989813|1
10002992833|4
10002992910|9
10002992929|9
10002993067|3
10002993084|2
10002993620|5
10002993658|0
10002993710|3
10002994487|9
10002994520|4
10002994556|0
10002994574|8
10002994585|2
10002994607|1
10002995300|7
10002995301|1
10002995302|0
10002995303|1
10002995304|2
10002995898|0
10002996062|9
10002996078|7
10002996090|3
10002996149|3
10002996189|1
10002996205|8
10002996477|4
10002996498|9
10002997218|1
10002997267|0
10002998129|4
10002998130|1
10002998131|5
10002998134|0
10002999265|1
10002999302|1
10002999482|1
10003000466|6
10003000632|9
10003000686|0
10003000713|5
10003000734|6
10003000746|4
10003000756|2
10003000822|7
10003001482|4
10003001516|9
10003001543|2
10003001679|6
10003001693|4
10003001698|1
10003001709|6
10003001776|1
10003001800|3
10003001830|1
10003001841|1
10003001966|3
10003002016|0
10003002042|2
10003002134|6
10003002162|4
10003002327|1
10003002343|2
10003002344|1
10003002346|9
10003002351|1
10003002352|9
10003002353|9
10003002354|2
10003002355|6
10003002365|1
10003002367|3
10003002369|7
10003005569|8
10003010662|9
10003010680|8
10003012108|2
10003012508|8
10003014212|5
10003014229|1
10003014239|0
10003014246|5
10003014255|1
10003014273|3
10003014278|4
10003014285|3
10003014292|6
10003014299|3
10003014303|0
10003014306|9
10003014313|5
10003014962|7
10003014986|4
10003015005|4
10003015011|8
10003015022|0
10003015037|8
10003015048|7
10003016725|8
10003016737|4
10003016750|6
10003016770|6
10003020493|1
10003020503|3
10003020520|8
10003020539|0
10003020556|7
10003020575|8
10003020592|2
10003020611|0
10003020630|7
10003020678|2
10003020812|2
10003020826|9
10003020921|9
10003020951|6
10003023422|8
10003023435|9
10003023449|2
10003023461|7
10003023475|5
10003023488|9
10003023506|7
10003023517|7
10003023535|7
10003023545|6
10003023728|3
10003023743|6
10003023757|5
10003023765|4
10003023780|3
10003023793|7
10003023802|4
10003023815|7
10003024008|6
10003024017|3
10003024027|3
10003024033|4
10003024044|8
10003024052|1
10003024057|5
10003025468|6
10003025562|8
10003025574|3
10003025615|7
10003025650|5
10003025694|7
10003025761|8
10003025789|4
10003025910|3
10003026049|3
10003027833|6
10003027853|9
10003027869|1
10003027897|2
10003029484|9
10003029536|2
10003029560|1
10003029575|7
10003029589|9
10003029609|6
10003029625|8
10003029669|2
10003029692|8
10003029716|2
10003030071|1
10003030220|2
10003030717|8
10003030727|4
10003030737|9
10003030744|3
10003030953|4
10003031103|7
10003031126|7
10003031158|6
10003035916|3
10003036527|0
10003036534|4
10003038950|3
10003038956|6
10003038970|4
10003038974|7
10003038994|7
10003042390|2
10003042514|5
10003042542|6
10003042562|7
10003042577|8
10003042610|8
10003042639|9
10003044369|0
10003044392|2
10003046223|9
10003047409|0
10003048166|7
10003048197|4
10003048208|9
10003048358|1
10003049353|4
10003049396|0
10003049456|1
10003049783|3
10003049841|8
10003049996|1
10003050007|5
10003050550|9
10003050655|3
10003050947|5
10003050988|8
10003051018|4
10003051023|7
10003051029|9
10003051067|3
10003051074|4
10003051312|6
10003052549|3
10003053132|9
10003053139|8
10003053679|8
10003053732|6
10003053857|6
10003053906|8
10003053923|5
10003053932|3
10003053942|3
10003053947|0
10003053954|8
10003053973|0
10003054164|7
10003054206|7
10003054217|8
10003054228|4
10003054247|9
10003054276|7
10003054371|5
10003054379|5
10003054435|2
10003054457|1
10003054649|0
10003054683|6
10003054714|9
10003054748|5
10003054786|5
10003055031|6
10003055208|1
10003055223|8
10003055364|8
10003056183|3
10003056780|8
10003056804|9
10003056852|0
10003057138|8
10003057153|4
10003057168|6
10003057283|7
10003057293|5
10003057302|4
10003057312|2
10003057319|6
10003057427|1
10003058551|4
10003058570|8
10003058657|0
10003058686|8
10003058860|0
10003058883|6
10003058905|2
10003059199|6
10003059338|0
10003059415|3
10003059459|9
10003059503|1
10003060195|6
10003060298|6
10003060334|0
10003060901|7
10003060935|9
10003063251|6
10003063286|5
10003064500|5
10003064656|8
10003065838|7
10003065881|9
10003065887|6
10003067126|4
10003067802|0
10003067874|4
10003067936|1
10003067968|7
10003068048|7
10003068107|6
10003069364|2
10003069462|1
10003069489|2
10003069696|0
10003070037|2
10003070061|7
10003070473|0
10003070507|9
10003071379|5
10003071418|8
10003071439|4
10003071819|3
10003072003|5
10003072130|8
10003072146|3
10003072161|9
10003072167|8
10003072186|2
10003072212|2
10003072218|6
10003072241|8
10003072288|3
10003073652|5
10003073697|0
10003073732|1
10003073741|0
10003073742|0
10003073752|1
10003073769|5
10003073774|8
10003073817|4
10003073825|0
10003073834|0
10003073836|1
10003073842|7
10003073853|0
10003073864|1
10003073876|6
10003073877|9
10003073888|5
10003073901|8
10003073913|5
10003073915|1
10003073926|4
10003073940|5
10003073945|6
10003073949|5
10003073961|3
10003073970|3
10003073985|5
10003073986|0
10003073993|1
10003074005|2
10003074016|2
10003074023|4
10003074028|3
10003074034|2
10003074046|5
10003074098|1
10003074114|1
10003074133|2
10003074138|3
10003074184|5
10003074206|2
10003074242|1
10003074283|1
10003074295|5
10003074304|0
10003074316|9
10003074345|7
10003074433|3
10003074447|0
10003075443|6
10003075874|7
10003075921|8
10003075936|1
10003075944|7
10003075958|0
10003075974|7
10003075976|4
10003075983|4
10003075986|1
10003075994|2
10003076007|8
10003076016|9
10003076018|9
10003076034|3
10003076038|1
10003076039|1
10003076043|1
10003076065|2
10003076071|2
10003076072|5
10003076073|8
10003076076|7
10003076088|6
10003076092|0
10003076097|8
10003076161|9
10003076168|6
10003076175|6
10003076201|2
10003076203|5
10003076211|3
10003076217|0
10003076228|7
10003076243|0
10003076255|0
10003076271|3
10003076293|2
10003076301|5
10003076306|6
10003076319|3
10003076328|6
10003076348|7
10003076373|4
10003076398|0
10003076402|3
10003076422|7
10003076433|2
10003076466|2
10003076475|0
10003076485|0
10003076486|0
10003076574|0
10003076614|9
10003076709|7
10003076764|3
10003076796|7
10003077351|9
10003078635|0
10003078773|1
10003078845|7
10003079207|6
10003079222|9
10003079241|8
10003079281|6
10003080649|8
10003080663|1
10003080697|7
10003080713|3
10003080733|0
10003080756|3
10003080774|0
10003080788|7
10003081268|2
10003081404|0
10003081433|4
10003081450|1
10003081454|2
10003081534|1
10003081547|1
10003081559|8
10003081568|8
10003081590|2
10003081597|3
10003081618|0
10003081634|6
10003081637|4
10003081665|3
10003081695|2
10003081705|7
10003081706|5
10003082126|2
10003082128|1
10003082150|7
10003082278|2
10003082295|3
10003082299|9
10003082304|5
10003082315|3
10003082320|4
10003082355|9
10003082370|6
10003082403|0
10003082431|8
10003082442|0
10003082453|5
10003082461|2
10003082470|7
10003082482|1
10003082488|3
10003082492|1
10003082512|0
10003082529|0
10003082647|8
10003082673|5
10003082716|2
10003082723|5
10003082789|8
10003082809|0
10003082817|1
10003082821|0
10003082825|8
10003082847|6
10003082852|1
10003082865|6
10003082909|7
10003082915|6
10003082925|4
10003083002|1
10003083003|0
10003083007|5
10003083011|9
10003083012|9
10003083019|9
10003083072|9
10003083082|3
10003083243|5
10003083249|6
10003083252|4
10003083261|3
10003083292|0
10003083302|5
10003083308|2
10003083705|4
10003083710|4
10003083716|2
10003083723|8
10003083728|4
10003083729|5
10003083739|0
10003083744|2
10003083754|5
10003083756|6
10003083761|5
10003083765|0
10003083770|5
10003083774|4
10003083776|0
10003083851|7
10003083901|3
10003083913|6
10003083925|8
10003083942|3
10003083968|0
10003084024|6
10003084243|0
10003084253|3
10003084262|3
10003084407|2
10003084702|3
10003084797|0
10003084872|0
10003084906|4
10003084940|1
10003084947|3
10003084963|4
10003085739|0
10003085740|4
10003085741|6
10003085879|2
10003085895|7
10003086053|8
10003086067|8
10003086072|0
10003086116|2
10003086127|9
10003086996|0
10003087005|8
10003087016|3
10003087021|5
10003087118|6
10003087210|1
10003087214|6
10003087233|7
10003087234|9
10003088021|1
10003088058|1
10003088079|0
10003088094|8
10003088109|8
10003088119|8
10003088879|5
10003089443|8
10003089588|3
10003089678|2
10003089694|0
10003089724|1
10003089732|2
10003089792|3
10003089833|2
10003089847|5
10003089852|0
10003089866|8
10003089880|6
10003089897|3
10003089916|2
10003089987|0
10003090000|4
10003090453|8
10003090623|9
10003090639|4
10003090665|5
10003090700|4
10003090762|2
10003090769|3
10003090779|3
10003090790|8
10003090814|2
10003090819|8
10003090824|6
10003090839|0
10003090863|2
10003090902|0
10003091309|4
10003091326|9
10003091332|7
10003091338|4
10003091349|1
10003091357|8
10003091396|8
10003091403|5
10003091415|7
10003091433|6
10003092032|1
10003092049|7
10003092322|3
10003092443|5
10003092448|1
10003092839|8
10003092840|9
10003092845|2
10003092846|9
10003092853|7
10003092967|8
10003093359|5
10003093384|2
10003093398|7
10003093470|9
10003093490|5
10003093519|7
10003093666|8
10003093782|0
10003094084|0
10003094153|8
10003094176|7
10003094222|4
10003094261|8
10003094429|0
10003094452|9
10003094473|8
10003094504|0
10003094518|6
10003094572|6
10003094582|6
10003094603|1
10003094612|0
10003094662|2
10003094889|1
10003094900|5
10003095093|8
10003095811|8
10003095835|6
10003095852|1
10003095865|9
10003095886|8
10003097013|3
10003097357|6
10003097360|1
10003097453|2
10003097455|9
10003097463|9
10003097469|2
10003097580|3
10003097593|2
10003097604|4
10003097621|2
10003098388|8
10003098404|3
10003098547|0
10003098559|4
10003098578|1
10003098597|8
10003100512|3
10003100531|3
10003100695|6
10003100722|6
10003101890|3
10003102467|6
10003102534|4
10003102551|1
10003102864|6
10003102894|9
10003103838|9
10003103876|6
10003103882|9
10003103899|2
10003103906|3
10003103925|4
10003103954|3
10003104037|5
10003104311|8
10003104405|1
10003104416|8
10003104442|6
10003104465|2
10003105381|0
10003105418|7
10003106034|4
10003106076|0
10003106093|3
10003106397|3
10003107437|0
10003107444|4
10003107587|8
10003107618|7
10003107658|9
10003107663|1
10003107670|3
10003107678|0
10003107683|8
10003107742|1
10003107749|3
10003107764|1
10003108528|8
10003108546|0
10003108565|6
10003108589|8
10003108631|7
10003108701|0
10003108718|2
10003108750|3
10003108885|6
10003108890|1
10003108949|4
10003109115|1
10003109149|4
10003109206|7
10003109225|0
10003109233|6
10003109239|4
10003109243|6
10003109247|8
10003109266|8
10003109310|4
10003109331|6
10003109338|1
10003109356|8
10003109366|1
10003109378|5
10003109426|9
10003109466|6
10003109477|2
10003109486|0
10003110020|9
10003110038|9
10003110549|0
10003112644|8
10003112652|2
10003112675|1
10003112706|8
10003112717|7
10003112722|8
10003112845|9
10003112953|9
10003112964|1
10003113021|0
10003113034|9
10003113049|9
10003113076|2
10003113085|1
10003113110|2
10003113116|4
10003113133|5
10003113142|6
10003113163|4
10003113171|7
10003113193|4
10003113217|8
10003113226|3
10003113234|7
10003113630|2
10003113676|6
10003113682|8
10003113855|2
10003113872|0
10003113876|8
10003113894|3
10003113902|4
10003113912|3
10003113956|9
10003113980|2
10003114169|1
10003114223|6
10003114237|4
10003114240|3
10003114252|2
10003114274|0
10003114286|4
10003114299|1
10003114327|0
10003114568|2
10003114795|1
10003114802|0
10003114833|7
10003114852|2
10003114857|2
10003114859|6
10003114870|2
10003114873|2
10003114875|2
10003114879|2
10003114883|0
10003114888|7
10003114889|2
10003114896|8
10003114908|3
10003114919|6
10003115151|9
10003115152|8
10003115153|8
10003115154|4
10003115155|2
10003115603|8
10003115979|8
10003115987|3
10003115992|2
10003116111|3
10003116405|4
10003116640|7
10003116747|5
10003116758|2
10003116783|0
10003116794|4
10003116809|3
10003116810|0
10003116815|3
10003116816|4
10003116818|7
10003117108|6
10003117209|5
10003117214|0
10003117226|6
10003117231|8
10003117254|0
10003117255|9
10003117263|5
10003117269|5
10003117317|2
10003117337|9
10003117497|6
10003117569|1
10003117993|1
10003117995|8
10003118102|6
10003118262|0
10003118570|3
10003119138|4
10003119146|3
10003119153|9
10003119176|2
10003119292|2
10003119297|9
10003121739|4
10003121946|4
10003121985|4
10003122006|8
10003122024|6
10003122047|0
10003122135|1
10003122190|8
10003122213|7
10003122234|9
10003125739|6
10003125863|6
10003125871|4
10003125877|3
10003125928|8
10003125935|3
10003125942|6
10003125947|0
10003125957|8
10003126003|3
10003126006|3
10003126007|8
10003126013|4
10003126276|7
10003127086|9
10003127116|2
10003127131|9
10003127137|5
10003127158|8
10003127173|3
10003127181|6
10003127198|4
10003127200|6
10003127257|0
10003127278|6
10003127332|0
10003127382|8
10003127401|9
10003127436|0
10003128008|3
10003129229|4
10003129240|7
10003129253|7
10003129261|9
10003129269|9
10003129417|5
10003129445|0
10003129629|4
10003129649|2
10003129659|5
10003129684|0
10003129702|2
10003129708|1
10003129737|3
10003130018|1
10003130026|9
10003130044|3
10003130068|0
10003130131|9
10003130160|8
10003130636|6
10003130647|4
10003130662|7
10003130682|7
10003130700|2
10003130824|6
10003130855|6
10003130864|6
10003130889|7
10003130907|3
10003131206|9
10003132480|7
10003132513|4
10003132516|3
10003132533|8
10003132550|5
10003132576|7
10003132586|5
10003132596|9
10003132605|7
10003132617|8
10003132622|8
10003132762|8
10003132787|1
10003132902|0
10003132927|0
10003132953|6
10003133010|6
10003133279|8
10003133314|3
10003134340|7
10003134353|3
10003134361|1
10003134370|7
10003134400|5
10003134411|5
10003135674|6
10003135841|8
10003135861|2
10003135905|7
10003136109|3
10003136111|1
10003136408|7
10003136414|7
10003136416|8
10003136422|9
10003136957|6
10003137049|8
10003137704|6
10003138669|9
10003138695|4
10003139070|6
10003139071|7
10003139072|4
10003139110|9
10003139480|9
10003139491|0
10003139586|5
10003139595|7
10003139812|2
10003139825|9
10003139902|7
10003139928|3
10003139960|0
10003139972|2
10003139995|2
10003140022|0
10003140078|2
10003140085|2
10003140141|9
10003140258|9
10003140565|4
10003140580|6
10003140593|3
10003140607|0
10003140624|1
10003140823|8
10003140840|9
10003141098|3
10003141182|4
10003141231|8
10003141234|8
10003141242|6
10003141255|4
10003141761|3
10003142044|2
10003142087|8
10003142109|4
10003142134|9
10003142179|8
10003142270|9
10003142308|8
10003142335|6
10003144144|6
10003144888|1
10003144897|0
10003144907|0
10003144910|9
10003144919|4
10003144925|6
10003144962|0
10003144964|0
10003144968|5
10003144969|5
10003145341|2
10003145346|6
10003145348|2
10003145360|3
10003145366|6
10003145371|4
10003146399|6
10003146414|3
10003146427|4
10003146434|6
10003147459|0
10003147469|7
10003147483|7
10003147534|3
10003147541|9
10003147550|9
10003147556|4
10003147565|8
10003147570|8
10003147642|1
10003147823|6
10003147842|5
10003148020|7
10003148033|2
10003148116|0
10003148127|5
10003148509|6
10003148619|8
10003150304|0
10003150337|7
10003150415|7
10003150436|6
10003150482|1
10003150504|1
10003150515|1
10003150535|7
10003150553|5
10003150576|6
10003150658|1
10003150661|3
10003150670|0
10003150773|7
10003150803|8
10003150893|3
10003150898|8
10003150930|8
10003150992|0
10003151146|7
10003151531|6
10003151549|3
10003151595|6
10003151775|2
10003151787|0
10003151895|3
10003152631|9
10003152776|0
10003153194|2
10003154048|8
10003154274|6
10003154324|1
10003154327|7
10003154331|0
10003154571|3
10003154597|6
10003154848|4
10003154899|8
10003155143|2
10003155250|9
10003155285|3
10003155305|8
10003155315|0
10003155332|7
10003155341|3
10003155473|0
10003155506|1
10003155542|9
10003155568|2
10003155591|7
10003155987|8
10003156060|1
10003156079|7
10003156111|6
10003156122|0
10003156193|8
10003156207|3
10003156323|6
10003156361|0
10003156362|1
10003156367|4
10003156378|2
10003156380|6
10003156449|1
10003156493|6
10003156743|0
10003156763|0
10003156777|3
10003157762|6
10003158330|7
10003158553|0
10003158645|3
10003158917|4
10003158928|1
10003158991|1
10003159004|6
10003159019|5
10003159046|0
10003159057|0
10003159118|5
10003159169|2
10003159187|2
10003159231|1
10003159279|6
10003159347|3
10003159368|3
10003159385|1
10003159430|8
10003159455|6
10003159549|3
10003159748|4
10003159754|6
10003159843|5
10003159869|9
10003159877|1
10003159903|2
10003159924|7
10003159953|0
10003159978|9
10003159999|4
10003160060|4
10003161072|1
10003161247|9
10003161259|5
10003161274|6
10003161279|3
10003161308|4
10003161365|8
10003161690|9
10003161822|9
10003161845|2
10003161891|8
10003161910|0
10003162046|4
10003162062|8
10003162076|9
10003162102|6
10003162114|2
10003162128|8
10003162195|2
10003162210|7
10003162225|1
10003162236|8
10003162248|5
10003162264|6
10003162272|0
10003162298|5
10003162321|8
10003162358|1
10003162952|9
10003162962|7
10003162977|0
10003163046|7
10003163087|9
10003163097|1
10003163127|8
10003163135|2
10003163140|5
10003163156|6
10003163162|7
10003163166|6
10003163169|4
10003163174|9
10003163176|7
10003163178|4
10003163197|7
10003163904|0
10003163958|4
10003164012|4
10003165899|2
10003165921|2
10003165939|3
10003166157|7
10003166161|2
10003166164|8
10003168206|7
10003168259|3
10003168269|8
10003168329|5
10003168368|5
10003168433|3
10003168473|6
10003168484|6
10003168561|5
10003168579|4
10003169741|5
10003169781|2
10003170271|4
10003170464|7
10003171247|4
10003171274|4
10003171317|6
10003171544|3
10003172104|7
10003172194|9
10003172216|1
10003172239|9
10003172251|2
10003172503|3
10003172616|1
10003172634|8
10003172658|8
10003172665|2
10003172670|7
10003172689|9
10003172706|1
10003172749|0
10003172757|4
10003172774|1
10003172790|2
10003173011|1
10003173030|1
10003173041|6
10003173048|0
10003173055|8
10003173060|9
10003173081|4
10003173096|9
10003173116|5
10003173122|1
10003173126|8
10003173609|0
10003174406|1
10003174419|9
10003174431|3
10003174557|6
10003174707|9
10003174914|0
10003174945|0
10003174952|5
10003174959|5
10003174976|8
10003174980|2
10003174987|3
10003174997|8
10003175829|6
10003175994|9
10003176349|1
10003176370|3
10003176393|4
10003176404|9
10003177277|8
10003177299|6
10003177311|2
10003177321|6
10003177353|4
10003177369|2
10003177398|1
10003177824|2
10003177830|2
10003177836|8
10003177853|7
10003178408|4
10003178465|4
10003178532|9
10003178539|6
10003178554|2
10003179359|3
10003179707|5
10003179725|0
10003179728|7
10003179734|1
10003179739|8
10003179746|3
10003179748|1
10003180866|5
10003181015|4
10003181057|0
10003181062|2
10003181073|2
10003181568|1
10003181733|3
10003181820|7
10003181826|4
10003181839|3
10003181842|7
10003181845|3
10003181852|8
10003181859|9
10003181866|3
10003181879|8
10003181885|2
10003181889|4
10003181891|7
10003181895|6
10003181899|6
10003181905|0
10003181922|3
10003182350|6
10003182358|4
10003182373|8
10003182421|4
10003182439|0
10003182449|0
10003182489|8
10003182511|0
10003182604|9
10003182655|5
10003182660|4
10003182690|7
10003185557|9
10003186420|7
10003187319|2
10003188202|8
10003189026|1
10003189038|8
10003189048|6
10003189079|8
10003189180|3
10003189224|9
10003189241|3
10003189297|9
10003189303|7
10003189314|2
10003189336|8
10003191103|1
10003191116|6
10003191122|4
10003191126|6
10003191899|0
10003191916|6
10003191931|2
10003192860|5
10003192880|5
10003193758|8
10003193783|4
10003197739|7
10003197771|1
10003197794|1
10003197807|1
10003197844|0
10003197857|1
10003198252|3
10003198695|4
10003199487|2
10003200567|2
10003201364|7
10003201465|0
10003201672|9
10003203093|9
10003203456|6
10003203957|2
10003203964|1
10003203972|3
10003204010|1
10003204015|9
10003204028|6
10003204033|8
10003204045|2
10003204050|7
10003204052|1
10003204089|2
10003205963|7
10003206113|6
10003206139|8
10003206165|9
10003206171|5
10003206490|3
10003206787|6
10003207241|4
10003207289|7
10003207293|4
10003207294|0
10003207296|3
10003207299|6
10003207300|5
10003207348|0
10003207350|4
10003207352|5
10003207354|4
10003207358|7
10003207360|4
10003207361|7
10003207363|4
10003207365|0
10003207369|8
10003207370|4
10003207837|5
10003207876|3
10003208589|8
10003208613|2
10003208623|9
10003208633|0
10003208642|6
10003208654|7
10003208681|0
10003208975|8
10003209072|1
10003209081|7
10003209092|8
10003209108|9
10003209114|4
10003209128|2
10003209130|2
10003209147|0
10003209153|2
10003209170|6
10003209176|8
10003209188|9
10003209194|5
10003209196|0
10003209199|6
10003209247|3
10003209262|6
10003209272|2
10003209414|1
10003209434|4
10003209446|4
10003209496|7
10003209500|7
10003209501|0
10003209517|7
10003209524|9
10003209578|2
10003209677|9
10003210583|5
10003210692|3
10003210697|1
10003210830|7
10003210974|9
10003211004|5
10003211181|5
10003211197|8
10003211242|5
10003211276|2
10003211296|9
10003211328|2
10003211347|1
10003211394|0
10003211495|4
10003211580|9
10003211646|4
10003211658|9
10003211671|0
10003211683|2
10003211715|7
10003211734|3
10003211748|2
10003211763|5
10003211779|4
10003211787|5
10003212343|3
10003212391|8
10003212600|0
10003212607|9
10003212613|5
10003212651|8
10003212664|0
10003213034|9
10003213175|5
10003214369|6
10003214374|5
10003214377|2
10003214381|9
10003214630|0
10003214958|9
10003214972|4
10003215126|9
10003215130|9
10003215140|2
10003215177|8
10003215615|4
10003215771|9
10003215930|9
10003215997|5
10003216009|9
10003216021|4
10003217402|6
10003217445|1
10003217448|9
10003217475|4
10003217500|5
10003217551|2
10003217567|5
10003217593|7
10003217674|3
10003218139|7
10003218702|6
10003218734|7
10003218749|5
10003218760|6
10003218781|4
10003218785|1
10003218789|6
10003218795|2
10003218797|1
10003218802|6
10003218815|8
10003218827|4
10003218839|1
10003218843|0
10003218848|2
10003218856|1
10003218858|6
10003218864|5
10003218869|0
10003218939|4
10003218949|8
10003218953|0
10003218957|6
10003219529|2
10003219641|7
10003219660|8
10003219701|4
10003221181|0
10003221244|1
10003221253|9
10003221283|9
10003221359|1
10003221378|3
10003221409|9
10003221428|8
10003221449|5
10003221474|5
10003221488|3
10003222141|0
10003222212|9
10003222240|3
10003222257|1
10003222264|5
10003222265|9
10003222274|8
10003222278|7
10003222281|9
10003222287|2
10003222296|4
10003222304|9
10003222324|2
10003222327|8
10003222332|2
10003222389|3
10003222426|0
10003222499|7
10003222836|8
10003222883|4
10003222890|4
10003222901|6
10003222904|3
10003222906|7
10003222909|5
10003222916|0
10003222919|3
10003222920|7
10003222933|0
10003222936|3
10003222940|4
10003222947|7
10003222952|1
10003222972|7
10003222980|5
10003222983|3
10003222987|2
10003222990|1
10003222995|2
10003223007|3
10003223023|5
10003223039|7
10003223055|7
10003223056|1
10003223057|8
10003223070|3
10003223073|3
10003223081|7
10003223090|2
10003223099|1
10003223104|3
10003223113|4
10003223127|9
10003223140|3
10003223147|1
10003223159|0
10003223167|8
10003223170|6
10003223202|5
10003223204|7
10003223230|5
10003223241|6
10003223243|7
10003223256|0
10003223264|6
10003223267|8
10003223301|1
10003223305|6
10003223419|4
10003223687|9
10003223699|4
10003224327|3
10003224334|3
10003224340|5
10003224488|6
10003224633|1
10003224663|7
10003224671|9
10003224880|0
10003225286|1
10003225291|8
10003225294|7
10003225295|9
10003225300|8
10003225303|0
10003225308|8
10003225310|3
10003225312|8
10003225412|2
10003225426|4
10003225492|6
10003226075|7
10003226079|7
10003226093|4
10003227153|5
10003227154|6
10003227155|6
10003227159|9
10003227160|5
10003227206|8
10003227853|4
10003227859|7
10003227886|2
10003228000|4
10003228036|8
10003228051|0
10003228172|0
10003228174|3
10003228175|2
10003228177|6
10003228178|8
10003228315|7
10003228317|4
10003228318|6
10003228397|6
10003228454|0
10003228465|8
10003228471|8
10003228516|0
10003228598|8
10003228603|0
10003228606|4
10003228646|9
10003228655|6
10003228668|3
10003228673|0
10003228681|0
10003228706|3
10003228710|2
10003228716|1
10003228724|8
10003228725|8
10003228726|5
10003228779|7
10003228877|9
10003228879|8
10003228881|1
10003228884|2
10003228887|5
10003228892|1
10003228893|4
10003228894|7
10003228896|3
10003228899|6
10003228901|0
10003228904|4
10003228907|9
10003228912|7
10003228919|4
10003228922|7
10003228979|8
10003228983|3
10003229006|4
10003229009|7
10003229014|6
10003229017|1
10003229018|8
10003229019|2
10003229021|0
10003229024|8
10003229029|6
10003229068|1
10003229069|0
10003229070|7
10003229071|0
10003229073|1
10003229075|5
10003229076|4
10003229077|7
10003229079|4
10003229082|5
10003229084|0
10003229087|2
10003229094|5
10003229111|0
10003229116|9
10003229259|8
10003229312|0
10003229314|5
10003229315|1
10003229321|1
10003229323|2
10003229329|0
10003229334|3
10003229338|1
10003229344|5
10003229359|8
10003229361|4
10003229381|8
10003229385|3
10003229386|9
10003229399|8
10003229481|0
10003229482|5
10003229610|5
10003229615|9
10003229617|1
10003229641|6
10003229644|8
10003229645|9
10003229646|0
10003229647|5
10003229648|0
10003229649|0
10003229650|7
10003229651|2
10003229654|6
10003229655|6
10003229958|4
10003229967|7
10003229975|5
10003229986|1
10003229999|9
10003230006|7
10003230013|3
10003230027|2
10003230036|7
10003230143|5
10003230146|9
10003230151|1
10003230164|3
10003230307|3
10003230317|4
10003230319|1
10003230322|3
10003230324|5
10003230335|4
10003230341|3
10003230361|1
10003230405|4
10003230432|9
10003230443|1
10003230449|8
10003230466|3
10003230475|3
10003230617|4
10003230635|5
10003230646|0
10003231380|8
10003231392|3
10003231416|8
10003231432|5
10003231598|2
10003231893|7
10003231896|0
10003231966|5
10003231969|8
10003232024|2
10003232271|7
10003232387|7
10003232415|1
10003232437|5
10003232674|6
10003233248|3
10003233261|9
10003233276|3
10003233303|3
10003233568|2
10003233595|9
10003233605|0
10003233615|1
10003233621|2
10003233662|0
10003233674|5
10003233720|6
10003233736|0
10003233833|0
10003233849|2
10003234448|8
10003234470|1
10003234488|0
10003234495|6
10003234504|7
10003234522|7
10003234531|1
10003234544|1
10003234685|4
10003234754|2
10003234781|3
10003234834|9
10003234854|0
10003234887|9
10003234914|3
10003234921|6
10003234930|5
10003234945|4
10003235036|0
10003235233|6
10003235238|7
10003235251|0
10003235263|9
10003235276|8
10003235283|9
10003235290|6
10003235295|1
10003235311|3
10003235713|9
10003235858|5
10003236259|0
10003236294|0
10003236303|3
10003236342|8
10003236358|0
10003236367|9
10003236394|7
10003236399|0
10003236412|4
10003237169|7
10003237173|0
10003237208|7
10003237551|6
10003237559|9
10003237569|0
10003237575|4
10003237599|7
10003237625|8
10003237676|8
10003237687|3
10003237834|5
10003237896|2
10003238301|3
10003238309|4
10003238325|1
10003238332|3
10003238361|0
10003238375|9
10003238394|6
10003238405|5
10003238508|9
10003238510|9
10003238844|4
10003238850|1
10003239611|7
10003239641|0
10003239669|8
10003239761|9
10003239774|8
10003239783|3
10003239795|0
10003240184|4
10003240192|1
10003240206|3
10003240223|9
10003240228|3
10003240233|4
10003240399|6
10003240427|5
10003240444|1
10003240449|0
10003240462|9
10003240471|4
10003240474|0
10003241679|9
10003241777|6
10003241804|9
10003241824|8
10003242197|1
10003242763|1
10003242826|9
10003242831|2
10003242877|8
10003242882|0
10003242885|4
10003242975|1
10003243018|0
10003243023|3
10003243124|5
10003243407|0
10003243415|9
10003243422|5
10003243435|0
10003243460|0
10003243481|6
10003243502|5
10003243519|4
10003243527|4
10003243537|8
10003243541|7
10003243546|5
10003243550|7
10003243553|8
10003243554|2
10003243566|1
10003243594|5
10003243611|8
10003243624|9
10003243632|8
10003244873|3
10003244904|0
10003244907|5
10003244921|9
10003244938|6
10003245143|1
10003245172|3
10003245182|0
10003245203|1
10003245289|4
10003245299|5
10003245309|5
10003245317|9
10003245334|2
10003245840|8
10003246484|9
10003246504|4
10003246530|8
10003246618|4
10003246975|9
10003247163|6
10003247182|9
10003247371|1
10003247380|9
10003247409|4
10003247440|3
10003247452|8
10003250245|6
10003250256|1
10003250280|0
10003250374|5
10003250386|6
10003250401|1
10003250411|4
10003250424|1
10003250445|9
10003250448|9
10003250462|8
10003250476|1
10003250556|2
10003250593|9
10003250613|3
10003250651|2
10003250991|9
10003250999|7
10003251006|5
10003251013|3
10003251022|0
10003251033|1
10003251039|9
10003251043|2
10003251050|7
10003251055|8
10003251066|1
10003251082|4
10003251091|4
10003251109|7
10003251118|8
10003251175|1
10003251624|6
10003252147|6
10003252170|5
10003252185|0
10003252244|4
10003252273|4
10003252373|1
10003252377|3
10003252404|9
10003253881|4
10003253899|5
10003253916|8
10003254392|9
10003254501|2
10003254518|6
10003254525|4
10003254529|5
10003254547|0
10003254550|5
10003254559|1
10003254568|0
10003254572|5
10003254587|5
10003254657|8
10003254666|1
10003254681|4
10003254850|1
10003254854|2
10003255792|4
10003255803|0
10003255829|5
10003255835|8
10003255852|7
10003255861|4
10003255898|5
10003255906|9
10003255931|5
10003255977|2
10003255988|4
10003256005|6
10003256017|2
10003256072|8
10003256091|4
10003256099|5
10003256107|3
10003256162|8
10003256321|1
10003256342|4
10003257230|4
10003257244|3
10003257255|8
10003257295|4
10003257495|1
10003257500|9
10003257508|7
10003257520|9
10003257545|2
10003257551|0
10003257648|8
10003257702|2
10003257757|5
10003257773|5
10003258067|9
10003258179|5
10003258201|1
10003258502|4
10003258535|8
10003258546|2
10003258656|3
10003259112|9
10003259121|9
10003259146|1
10003259796|1
10003259805|6
10003259812|0
10003259822|3
10003259862|8
10003259869|1
10003259879|1
10003259884|5
10003259890|6
10003259895|7
10003259903|1
10003259907|4
10003259915|2
10003259924|7
10003259930|1
10003260129|9
10003260807|1
10003262033|0
10003262037|5
10003262040|5
10003262041|8
10003262325|9
10003262363|6
10003262826|8
10003263693|3
10003264010|5
10003264017|5
10003264028|2
10003264217|9
10003264231|5
10003264368|6
10003264405|3
10003264463|1
10003264475|1
10003265131|5
10003265228|5
10003265237|2
10003265265|3
10003265277|7
10003266095|5
10003266107|6
10003266118|9
10003266137|0
10003266164|2
10003266171|5
10003266189|3
10003266200|9
10003266218|9
10003266232|2
10003266238|4
10003266255|3
10003266274|9
10003266283|8
10003266285|2
10003266299|0
10003266301|4
10003266304|6
10003266305|3
10003266306|8
10003266308|1
10003266310|8
10003266313|5
10003266318|8
10003266321|0
10003266639|5
10003266648|0
10003266672|6
10003266699|5
10003266709|0
10003266722|9
10003266749|1
10003266853|4
10003266886|3
10003266939|1
10003267047|2
10003267175|7
10003267185|4
10003267193|0
10003267264|0
10003267265|3
10003267277|0
10003267287|2
10003267297|7
10003267820|1
10003268378|1
10003268388|1
10003268391|7
10003268445|4
10003268463|9
10003268474|9
10003268547|3
10003268555|4
10003268564|1
10003268851|4
10003268852|2
10003268860|1
10003268868|7
10003268878|8
10003268884|9
10003268906|5
10003268913|4
10003269150|3
10003269156|2
10003269168|7
10003269174|9
10003269232|4
10003269237|9
10003269456|3
10003269498|0
10003269594|5
10003269612|3
10003269624|5
10003269666|3
10003269776|5
10003270065|6
10003270098|8
10003270109|3
10003272142|7
10003272277|5
10003272283|7
10003272295|4
10003272322|1
10003272337|6
10003272344|8
10003272362|5
10003272388|6
10003272467|2
10003272493|0
10003272512|6
10003272518|9
10003272528|9
10003272540|6
10003272552|1
10003272571|8
10003273110|5
10003273223|8
10003273232|8
10003273235|0
10003273236|7
10003273251|9
10003273257|0
10003273266|6
10003273272|1
10003273301|6
10003273404|8
10003273414|0
10003273421|9
10003273533|0
10003273547|2
10003273555|1
10003273567|0
10003273574|5
10003273579|8
10003273635|4
10003273647|6
10003273657|1
10003273665|8
10003273669|1
10003273678|5
10003273701|3
10003273720|4
10003273733|1
10003273741|0
10003273861|4
10003273868|9
10003273869|4
10003273872|1
10003273878|2
10003273882|6
10003273884|9
10003273893|4
10003274237|0
10003274239|6
10003274244|5
10003274245|1
10003274246|6
10003274247|6
10003274248|7
10003274505|2
10003274510|5
10003274519|1
10003274548|4
10003274557|0
10003274690|3
10003274698|8
10003274705|6
10003274711|3
10003274715|5
10003274861|5
10003274874|9
10003274887|8
10003274896|7
10003274924|2
10003274935|0
10003275018|6
10003275026|8
10003275031|1
10003275180|9
10003275206|8
10003275233|5
10003275234|1
10003275236|0
10003275250|8
10003275262|2
10003275269|6
10003275289|1
10003275310|1
10003275328|4
10003275389|9
10003275393|9
10003275398|2
10003275404|2
10003275652|1
10003275771|5
10003275798|2
10003275799|7
10003275822|4
10003275826|4
10003275859|0
10003275876|1
10003275881|6
10003275887|1
10003275899|4
10003275906|6
10003275917|3
10003276391|5
10003276395|8
10003276439|4
10003276442|7
10003276447|2
10003276486|6
10003276657|4
10003276775|0
10003276782|4
10003276787|0
10003276835|1
10003276851|0
10003276876|7
10003276891|4
10003276953|1
10003276959|6
10003276968|6
10003276975|4
10003276979|2
10003277034|0
10003278248|7
10003278428|9
10003278446|7
10003278481|3
10003278494|9
10003278591|7
10003278606|3
10003278623|0
10003278638|3
10003278653|8
10003278664|4
10003278727|0
10003278743|0
10003278751|3
10003278768|9
10003278773|4
10003278781|0
10003278938|7
10003278940|5
10003278944|8
10003278945|6
10003278946|6
10003278954|8
10003278957|2
10003279052|8
10003279056|7
10003279071|7
10003279114|4
10003279145|0
10003279288|2
10003279299|8
10003279309|0
10003279321|4
10003279391|8
10003279425|6
10003279691|2
10003279696|3
10003279724|9
10003280156|3
10003280163|8
10003280169|4
10003280176|6
10003280179|7
10003280181|5
10003280186|3
10003280188|8
10003280193|2
10003280196|5
10003280211|8
10003280646|7
10003280657|6
10003280660|8
10003280663|9
10003280686|3
10003280698|1
10003280702|8
10003280705|9
10003280708|1
10003280721|8
10003280755|7
10003280760|5
10003280794|7
10003280810|6
10003280823|3
10003280831|2
10003280865|9
10003280886|9
10003280892|8
10003281069|0
10003281074|6
10003281082|0
10003281087|1
10003281089|8
10003281097|6
10003281103|8
10003281106|7
10003281114|6
10003281121|3
10003281142|2
10003281146|2
10003281188|5
10003281207|1
10003281237|4
10003281253|7
10003281266|8
10003281314|4
10003281321|1
10003281358|3
10003281369|3
10003281469|4
10003281479|0
10003281488|1
10003281491|7
10003281553|5
10003281564|4
10003281571|0
10003281573|7
10003281581|7
10003281588|7
10003281593|7
10003281594|9
10003281597|0
10003281606|3
10003281754|1
10003281772|5
10003281776|1
10003281780|1
10003281786|5
10003281791|3
10003281797|3
10003281804|6
10003281837|6
10003281842|6
10003281856|6
10003281874|6
10003281884|5
10003281896|8
10003281910|0
10003281916|1
10003281943|1
10003281952|5
10003281955|5
10003281970|3
10003281991|4
10003282003|6
10003282012|9
10003282054|0
10003282389|2
10003282438|2
10003282459|0
10003282462|6
10003282471|4
10003282475|3
10003282523|7
10003282540|3
10003282563|8
10003282589|5
10003282629|6
10003282726|0
10003282847|8
10003282849|6
10003282853|7
10003282860|9
10003282866|8
10003282893|2
10003282905|3
10003282912|9
10003282917|8
10003282930|8
10003282943|8
10003283105|5
10003283111|0
10003283162|2
10003283189|2
10003283217|7
10003283427|2
10003283428|8
10003283430|4
10003283435|4
10003283506|8
10003283604|5
10003283658|1
10003283659|2
10003283693|0
10003283694|0
10003283722|7
10003283734|4
10003283740|7
10003283749|9
10003283757|4
10003283766|7
10003283779|4
10003283796|2
10003283814|8
10003283903|3
10003284364|5
10003284380|5
10003284480|6
10003284500|1
10003284506|0
10003284508|5
10003284518|2
10003284525|3
10003284573|6
10003284669|3
10003285003|7
10003285023|6
10003285025|3
10003285081|9
10003285087|6
10003285088|2
10003285105|1
10003285247|3
10003285290|0
10003285305|4
10003285332|9
10003285371|2
10003285426|7
10003285427|1
10003285428|1
10003285432|5
10003285434|4
10003285436|5
10003285439|2
10003285447|1
10003285480|4
10003285496|2
10003285524|2
10003285526|1
10003285536|7
10003285544|8
10003285546|9
10003285550|8
10003285552|3
10003285553|5
10003285555|8
10003285556|4
10003285558|4
10003285560|2
10003285563|7
10003285647|4
10003285666|3
10003285670|2
10003285674|1
10003285677|6
10003285688|9
10003285710|3
10003285720|2
10003285743|9
10003285750|2
10003285776|4
10003285846|1
10003285848|8
10003285855|0
10003285872|0
10003285879|9
10003285914|4
10003285924|6
10003286027|5
10003286033|6
10003286040|5
10003286307|6
10003286311|8
10003286456|8
10003286484|1
10003286493|8
10003286495|2
10003286500|1
10003286502|4
10003286575|5
10003286583|4
10003286725|6
10003286734|9
10003286759|3
10003286770|0
10003286784|8
10003286890|3
10003286897|9
10003286898|4
10003286899|5
10003286908|7
10003286911|5
10003286912|4
10003286915|0
10003287142|7
10003287288|4
10003287290|7
10003287294|2
10003287296|2
10003287303|1
10003287306|8
10003287386|3
10003287441|2
10003287454|2
10003287459|7
10003287479|7
10003287487|4
10003287537|1
10003287542|0
10003287554|3
10003287555|3
10003287574|1
10003287587|5
10003287596|3
10003287598|7
10003287623|6
10003287649|3
10003287656|0
10003287666|9
10003287680|5
10003287704|6
10003287723|6
10003287737|7
10003287748|9
10003287753|7
10003287760|3
10003287766|5
10003287770|6
10003287776|2
10003287818|7
10003287837|0
10003287842|6
10003287868|1
10003287885|6
10003288206|6
10003288210|5
10003288264|0
10003288272|1
10003288282|2
10003288324|4
10003288334|6
10003288350|2
10003288361|2
10003288384|4
10003288409|7
10003288417|7
10003288434|9
10003288441|6
10003288450|9
10003288451|6
10003288457|1
10003288460|2
10003288475|8
10003288482|5
10003288732|6
10003288733|4
10003288743|8
10003288744|4
10003288828|7
10003288847|5
10003288857|5
10003288866|6
10003288918|2
10003288927|1
10003288933|8
10003288941|6
10003288958|1
10003288963|3
10003288964|9
10003288974|1
10003288985|4
10003288989|3
10003288992|6
10003288994|0
10003289088|8
10003289097|0
10003289174|5
10003289180|0
10003289214|4
10003289246|4
10003289261|1
10003289410|5
10003289414|5
10003289422|5
10003289426|9
10003289432|4
10003289435|0
10003289443|2
10003289454|4
10003289464|5
10003289587|7
10003289592|9
10003289766|4
10003289775|4
10003289778|0
10003289879|4
10003289880|0
10003289881|2
10003289884|3
10003289886|1
10003289887|6
10003289888|9
10003289890|5
10003289891|7
10003289931|1
10003289934|1
10003289938|9
10003289941|2
10003289942|1
10003289952|5
10003289996|0
10003290064|9
10003290067|9
10003290078|1
10003290084|0
10003290091|2
10003290096|9
10003290098|1
10003290138|6
10003290322|4
10003290327|5
10003290336|8
10003290339|4
10003290367|6
10003290369|2
10003290372|6
10003290433|9
10003290438|9
10003290654|0
10003290766|2
10003290769|6
10003291018|2
10003291052|4
10003291057|7
10003291061|9
10003291066|2
10003291071|6
10003291079|2
10003291097|7
10003291423|6
10003291431|0
10003291432|8
10003291435|1
10003291437|6
10003291450|7
10003291464|0
10003291466|1
10003291469|8
10003291543|1
10003291556|2
10003291579|0
10003291586|8
10003291593|1
10003291629|4
10003291644|1
10003291650|1
10003291657|5
10003291661|7
10003291665|4
10003291889|2
10003291895|9
10003291897|5
10003291899|5
10003291901|6
10003291909|0
10003291912|1
10003291914|6
10003291916|9
10003291920|2
10003291933|1
10003291940|4
10003291943|1
10003292050|0
10003292051|7
10003292052|4
10003292055|8
10003292059|0
10003292268|5
10003292278|5
10003292305|3
10003292325|4
10003292349|9
10003292366|4
10003292379|8
10003292385|6
10003292390|5
10003292410|6
10003292424|6
10003292427|9
10003292432|9
10003292441|7
10003292444|7
10003292545|5
10003292563|9
10003292565|0
10003292567|0
10003292579|4
10003292583|5
10003292629|8
10003292638|0
10003292788|9
10003292790|1
10003292791|9
10003292793|9
10003292795|5
10003292796|4
10003292836|8
10003292842|4
10003292843|5
10003292848|9
10003292850|1
10003292870|6
10003292873|7
10003292875|5
10003292883|4
10003292886|7
10003292889|9
10003292891|0
10003292892|0
10003292903|6
10003292909|8
10003292923|8
10003292945|3
10003292951|0
10003292960|0
10003292967|6
10003292975|4
10003292983|1
10003293042|0
10003293048|0
10003293049|9
10003293050|2
10003293055|9
10003293059|3
10003293065|7
10003293068|4
10003293077|0
10003293081|9
10003293084|2
10003293088|8
10003293094|6
10003293099|6
10003293101|0
10003293105|3
10003293108|0
10003293110|9
10003293142|6
10003293174|7
10003293545|0
10003293560|3
10003293567|7
10003293585|4
10003293589|9
10003293598|4
10003293601|0
10003293602|7
10003293671|5
10003293687|0
10003293708|4
10003293753|5
10003293759|7
10003293767|4
10003293771|9
10003293870|6
10003293883|3
10003293887|2
10003293981|1
10003294367|9
10003294479|0
10003294491|5
10003294546|2
10003294564|7
10003294581|9
10003294585|0
10003294593|2
10003294609|6
10003294619|2
10003294623|2
10003294625|4
10003294637|7
10003294638|2
10003294646|7
10003294652|2
10003294655|0
10003294656|0
10003294659|7
10003294660|2
10003294665|1
10003294698|0
10003294699|7
10003294722|1
10003294732|8
10003294752|5
10003294776|0
10003294780|0
10003294781|3
10003294782|7
10003294897|8
10003295034|1
10003295341|9
10003295346|6
10003295485|2
10003295500|6
10003295513|6
10003295516|8
10003295520|6
10003295524|7
10003295584|1
10003295595|8
10003295607|7
10003295627|0
10003295699|4
10003295727|3
10003295763|8
10003295889|4
10003295899|1
10003295903|5
10003295905|4
10003295924|5
10003295956|9
10003295965|4
10003295968|1
10003295969|2
10003295974|8
10003296130|6
10003296131|1
10003296132|4
10003296152|5
10003296154|0
10003296156|2
10003296244|9
10003296792|4
10003296802|0
10003296820|5
10003296825|8
10003296833|1
10003297145|0
10003297160|8
10003297261|7
10003297293|8
10003297313|9
10003297381|8
10003297386|7
10003297462|7
10003297463|6
10003297466|6
10003297467|3
10003297468|2
10003297476|4
10003297486|2
10003297489|5
10003297490|0
10003297492|1
10003297493|9
10003297503|2
10003297508|8
10003297517|3
10003297519|5
10003297523|3
10003297527|9
10003297532|3
10003297542|7
10003297547|0
10003297555|1
10003297564|9
10003297567|3
10003297571|3
10003297584|6
10003297588|0
10003297591|1
10003297594|7
10003297598|1
10003297601|5
10003297701|7
10003297702|1
10003297969|6
10003298088|0
10003298096|7
10003298156|4
10003298214|1
10003298220|8
10003298228|2
10003298242|2
10003298246|4
10003298251|3
10003298506|2
10003298516|3
10003298536|3
10003298606|7
10003298617|5
10003299019|4
10003299043|1
10003299047|5
10003299064|1
10003299164|7
10003299171|2
10003299176|4
10003299304|7
10003299332|4
10003299336|1
10003299364|2
10003299371|2
10003299378|0
10003299848|9
10003300181|5
10003300185|6
10003300358|7
10003300915|2
10003300920|7
10003300923|9
10003300928|8
10003300933|4
10003300936|3
10003300940|1
10003300942|2
10003300948|0
10003300952|1
10003300954|0
10003300957|8
10003300958|4
10003300967|9
10003300988|0
10003300991|0
10003300999|8
10003301003|0
10003301010|7
10003301019|0
10003301036|1
10003301041|4
10003301047|0
10003301056|0
10003301061|5
10003301067|0
10003301068|5
10003301071|1
10003301074|2
10003301079|7
10003301090|9
10003301107|4
10003301112|7
10003301114|0
10003301116|0
10003301123|5
10003301129|9
10003301137|7
10003301146|8
10003301149|4
10003301163|6
10003301170|3
10003301177|9
10003301179|8
10003301189|2
10003301201|8
10003301202|3
10003301207|4
10003301211|9
10003301219|5
10003301240|4
10003301327|6
10003301338|8
10003301342|2
10003301349|4
10003301356|6
10003301362|2
10003301373|2
10003301381|5
10003301388|8
10003301391|0
10003301655|3
10003301657|9
10003301658|7
10003301660|5
10003301661|4
10003301663|7
10003301670|7
10003301823|8
10003302046|3
10003302055|3
10003302065|7
10003302272|4
10003302292|3
10003302407|8
10003302408|8
10003302409|6
10003302410|8
10003302411|3
10003302413|5
10003302414|1
10003302415|1
10003302416|3
10003302417|0
10003302418|0
10003302419|2
10003302420|1
10003302421|9
10003302422|0
10003302423|5
10003302424|8
10003302425|5
10003302656|7
10003302698|3
10003302701|1
10003302723|7
10003302727|0
10003302730|7
10003302732|9
10003302739|5
10003302740|8
10003302748|8
10003302752|5
10003302761|8
10003302767|7
10003302770|8
10003302775|9
10003302779|0
10003302786|1
10003302800|1
10003302821|0
10003302825|7
10003302909|1
10003303070|8
10003303723|0
10003303729|3
10003304454|2
10003304675|7
10003304676|7
10003304677|7
10003304678|1
10003304679|9
10003304680|2
10003304927|9
10003305000|8
10003305021|3
10003305035|8
10003305045|1
10003305077|2
10003305086|1
10003305094|6
10003305101|8
10003305128|7
10003305144|2
10003305154|1
10003305163|9
10003305176|6
10003305196|2
10003305202|9
10003305214|4
10003305223|4
10003305232|8
10003305241|3
10003305254|8
10003305263|4
10003305284|1
10003305900|3
10003305956|3
10003305963|1
10003306653|6
10003306656|3
10003306691|9
10003306693|8
10003306706|6
10003306821|1
10003306832|3
10003306837|8
10003306842|0
10003306912|9
10003306935|0
10003307001|2
10003307002|9
10003307170|8
10003307172|0
10003307175|8
10003307177|1
10003307178|3
10003307327|9
10003308048|6
10003308060|0
10003308587|3
10003308653|3
10003309029|9
10003309267|9
10003309269|8
10003309274|3
10003309314|2
10003309316|5
10003309323|7
10003309327|8
10003309336|5
10003309345|9
10003309460|8
10003309464|9
10003309467|1
10003309472|2
10003309474|9
10003309480|3
10003309484|6
10003309509|4
10003309529|9
10003309542|9
10003309583|2
10003309592|6
10003309597|1
10003309609|3
10003309620|9
10003309671|3
10003309679|9
10003309686|6
10003309689|6
10003309720|4
10003309726|1
10003309736|0
10003309740|6
10003309915|9
10003309934|5
10003309941|7
10003309966|4
10003310097|6
10003310393|3
10003310484|8
10003310485|1
10003310502|0
10003310520|1
10003310523|5
10003310530|3
10003310537|1
10003310603|2
10003310634|8
10003310766|8
10003310799|3
10003310803|8
10003310807|7
10003310809|5
10003310812|0
10003310813|2
10003310815|1
10003310819|8
10003310825|4
10003310828|1
10003310829|0
10003310834|0
10003310953|5
10003310955|0
10003310956|2
10003310957|3
10003310959|4
10003310961|4
10003310963|2
10003310964|9
10003310965|4
10003310967|5
10003310968|2
10003310970|8
10003311068|0
10003311075|4
10003311087|3
10003311104|1
10003311119|5
10003311130|0
10003311138|7
10003311308|0
10003311384|2
10003311396|3
10003311406|6
10003311418|0
10003311425|9
10003311775|4
10003311817|5
10003311826|9
10003311836|0
10003311837|9
10003311925|1
10003311964|7
10003311976|0
10003311979|6
10003311991|8
10003312008|9
10003312249|9
10003312457|9
10003312483|0
10003313184|6
10003313207|9
10003313360|5
10003313493|7
10003313708|5
10003313720|6
10003313732|8
10003313738|8
10003313754|2
10003313827|8
10003313831|9
10003313833|4
10003313842|7
10003313864|2
10003313993|3
10003313995|4
10003314189|3
10003314191|6
10003314195|0
10003314283|2
10003314291|4
10003314594|0
10003314669|6
10003314671|8
10003314672|4
10003314674|6
10003314702|5
10003314703|8
10003314709|6
10003314751|9
10003314886|1
10003314958|6
10003314964|7
10003314968|2
10003314969|7
10003314976|0
10003314980|7
10003314997|3
10003315005|9
10003315012|6
10003315021|5
10003315030|8
10003315041|0
10003315046|5
10003315161|8
10003315189|6
10003315191|2
10003315193|7
10003315194|1
10003315196|2
10003315198|1
10003315199|7
10003315201|6
10003315204|1
10003315205|6
10003315798|4
10003315802|0
10003315822|2
10003316099|7
10003316106|5
10003316124|1
10003316127|1
10003316283|6
10003316322|6
10003316485|1
10003316591|5
10003316595|0
10003316602|7
10003316612|2
10003316624|6
10003316628|3
10003316640|7
10003316671|5
10003316692|0
10003316698|8
10003316700|0
10003316703|0
10003316707|1
10003316711|5
10003316714|5
10003316719|0
10003316771|5
10003316846|7
10003316876|6
10003316879|1
10003316885|7
10003316889|4
10003316894|9
10003316899|9
10003316911|6
10003316915|9
10003317007|1
10003317052|2
10003317054|6
10003317092|6
10003317095|5
10003317101|8
10003317272|5
10003317278|5
10003317285|2
10003317290|4
10003317296|0
10003317312|7
10003317353|1
10003317359|5
10003317363|6
10003317365|9
10003317370|7
10003317371|9
10003317378|8
10003317380|9
10003317381|7
10003317382|7
10003317384|1
10003317386|9
10003317387|7
10003317388|6
10003317389|8
10003317678|4
10003317687|6
10003317695|6
10003317718|1
10003317725|1
10003317732|3
10003317746|9
10003317760|6
10003317773|4
10003317940|3
10003317999|0
10003318007|1
10003318052|4
10003318117|9
10003318125|4
10003318130|7
10003318132|2
10003318137|7
10003318138|7
10003318141|2
10003318144|6
10003318292|4
10003318900|4
10003318904|9
10003318908|4
10003318932|3
10003318936|6
10003318939|3
10003318942|7
10003318960|1
10003318961|1
10003318965|5
10003319002|1
10003319008|4
10003319023|3
10003319035|3
10003319347|8
10003319364|9
10003319392|8
10003319549|5
10003319674|3
10003319677|0
10003319681|4
10003319697|0
10003319698|2
10003319701|4
10003319702|6
10003319703|4
10003319760|4
10003319792|9
10003319848|6
10003319849|2
10003319851|1
10003319855|0
10003319858|5
10003319865|3
10003319869|7
10003319878|7
10003319881|6
10003319898|8
10003319917|2
10003319934|1
10003319938|6
10003320046|8
10003320049|2
10003320154|3
10003320159|2
10003320162|0
10003320167|5
10003320176|0
10003320180|4
10003320181|0
10003320183|2
10003320190|7
10003320195|2
10003320370|0
10003320411|1
10003320418|9
10003320428|6
10003320628|1
10003320634|8
10003320640|1
10003320646|9
10003320648|3
10003320657|4
10003320659|6
10003320671|1
10003320678|3
10003320738|6
10003320744|1
10003320749|7
10003320751|9
10003320754|4
10003320758|2
10003320763|0
10003320765|2
10003320768|2
10003320807|5
10003320828|5
10003320924|6
10003320926|4
10003320929|6
10003320933|4
10003320939|0
10003320958|7
10003320967|2
10003320971|7
10003321174|3
10003321198|3
10003321247|9
10003321259|5
10003321293|9
10003321299|1
10003321300|9
10003321307|8
10003321314|2
10003321321|0
10003321325|7
10003321328|1
10003321334|9
10003321335|8
10003321347|7
10003321377|1
10003321385|7
10003321390|6
10003321394|5
10003321397|9
10003321400|9
10003321402|3
10003321405|3
10003321412|8
10003321423|8
10003321425|6
10003321432|2
10003321439|1
10003321445|5
10003321448|0
10003321449|8
10003321456|0
10003321460|4
10003321461|5
10003321465|7
10003321467|3
10003321470|1
10003321472|1
10003321474|5
10003321476|5
10003321480|3
10003321540|5
10003321544|6
10003321549|4
10003321553|9
10003321558|3
10003321561|4
10003321567|1
10003321570|7
10003321577|3
10003321582|8
10003321583|0
10003321588|6
10003321591|0
10003321592|1
10003321598|9
10003321606|6
10003321611|6
10003321617|0
10003321622|6
10003321626|1
10003321630|1
10003321642|1
10003321664|6
10003321678|8
10003321682|5
10003321688|5
10003321693|4
10003321730|4
10003321796|3
10003321802|6
10003321803|1
10003321811|0
10003321820|7
10003321829|2
10003321831|4
10003321832|4
10003321834|3
10003321839|3
10003321847|4
10003321852|0
10003321855|8
10003321859|3
10003321871|8
10003321877|1
10003321879|3
10003321946|1
10003321951|4
10003321954|8
10003321958|7
10003321972|4
10003321977|6
10003321980|9
10003321986|9
10003321996|4
10003321998|8
10003321999|9
10003322001|1
10003322005|1
10003322008|0
10003322009|9
10003322013|1
10003322019|1
10003322025|1
10003322029|7
10003322031|3
10003322033|6
10003322284|3
10003322417|6
10003322429|2
10003322461|0
10003322464|2
10003322465|9
10003322466|4
10003322765|0
10003322774|0
10003322915|8
10003323002|0
10003323027|8
10003323041|3
10003323158|3
10003323160|8
10003323161|8
10003323163|8
10003323164|8
10003323166|6
10003323169|9
10003323209|7
10003323842|9
10003323848|7
10003323900|6
10003323975|3
10003323987|4
10003324000|2
10003324001|6
10003324004|7
10003324007|2
10003324017|3
10003324038|6
10003324044|6
10003324046|6
10003324049|2
10003324055|7
10003324104|5
10003324121|6
10003324125|8
10003324151|1
10003324162|6
10003324166|2
10003324170|7
10003324177|3
10003324189|1
10003324192|8
10003324193|6
10003324195|2
10003324204|3
10003324213|9
10003324223|2
10003324237|3
10003324272|4
10003324280|0
10003324283|2
10003324294|8
10003324305|1
10003324312|1
10003324338|8
10003324358|9
10003324417|2
10003324420|1
10003324479|0
10003324762|0
10003325017|5
10003325023|7
10003325263|2
10003325267|1
10003325499|3
10003325514|5
10003325821|8
10003325825|5
10003325846|9
10003325850|8
10003325856|8
10003325862|6
10003325865|6
10003325875|3
10003325993|1
10003326000|3
10003326029|2
10003326060|3
10003326062|5
10003326064|3
10003326077|4
10003326080|0
10003326086|0
10003326089|1
10003326119|4
10003326126|5
10003326141|8
10003326168|7
10003326198|7
10003326203|9
10003326210|0
10003326215|6
10003326218|5
10003326221|2
10003326225|9
10003326229|5
10003326231|5
10003326233|8
10003326236|9
10003326239|3
10003326241|0
10003326246|0
10003326251|5
10003326256|6
10003326260|0
10003326265|9
10003326272|8
10003326281|3
10003326292|4
10003326303|0
10003326537|3
10003326546|4
10003326656|3
10003326678|4
10003326690|6
10003326701|7
10003326703|0
10003326731|3
10003326739|4
10003326780|2
10003326825|2
10003327196|8
10003327199|1
10003327229|7
10003327237|2
10003327262|8
10003327281|6
10003327312|4
10003327321|7
10003327322|9
10003327331|2
10003327355|5
10003327364|8
10003327375|1
10003327422|7
10003327440|1
10003327464|9
10003327473|7
10003327474|7
10003327486|6
10003327628|5
10003327702|2
10003327715|8
10003327716|3
10003327759|0
10003327780|8
10003327790|2
10003327803|0
10003327844|4
10003327893|4
10003327897|6
10003327902|8
10003327905|1
10003327933|7
10003328060|0
10003328065|3
10003328066|8
10003328070|0
10003328085|8
10003328088|1
10003328090|0
10003328091|6
10003328094|0
10003328095|5
10003328098|9
10003328105|2
10003328114|9
10003328121|6
10003328141|2
10003328147|9
10003328151|0
10003328155|5
10003328160|3
10003328168|2
10003328174|5
10003328222|9
10003328223|4
10003328234|4
10003328240|5
10003328241|6
10003328245|4
10003328249|4
10003328251|9
10003328253|0
10003328260|2
10003328268|1
10003328273|9
10003328281|6
10003328335|7
10003328369|8
10003328565|5
10003328569|7
10003328572|8
10003328575|9
10003328598|9
10003328599|3
10003328718|6
10003328746|2
10003328751|8
10003328762|7
10003328768|5
10003328773|4
10003328785|8
10003328790|6
10003328794|0
10003328798|0
10003328852|5
10003328862|3
10003328864|6
10003328868|3
10003328871|2
10003328874|2
10003328980|7
10003328984|2
10003329058|9
10003329077|4
10003329085|8
10003329088|5
10003329091|1
10003329095|3
10003329097|1
10003329101|4
10003329108|9
10003329110|1
10003329111|4
10003329114|6
10003329115|1
10003329455|2
10003329488|9
10003329491|6
10003329495|3
10003329497|5
10003329501|9
10003329559|9
10003329660|9
10003329662|3
10003329670|0
10003329687|8
10003329701|2
10003329717|2
10003329726|2
10003329731|2
10003329738|7
10003329751|7
10003329833|9
10003329841|1
10003329844|5
10003329849|5
10003329923|8
10003329976|1
10003330043|6
10003330050|5
10003330056|1
10003330062|3
10003330086|9
10003330171|0
10003330174|1
10003330186|4
10003330195|4
10003330242|7
10003330250|7
10003330256|5
10003330263|2
10003330326|6
10003330329|8
10003330332|7
10003330334|6
10003330336|5
10003330337|2
10003330340|6
10003330342|9
10003330343|6
10003330344|1
10003330347|2
10003330458|2
10003330459|4
10003330460|6
10003330581|3
10003330613|4
10003330615|9
10003330658|1
10003330660|3
10003330663|7
10003330664|8
10003330668|6
10003330671|8
10003330673|8
10003330679|6
10003330682|3
10003330694|9
10003330723|4
10003330738|6
10003330753|9
10003330772|4
10003330781|2
10003330856|1
10003330859|4
10003330868|1
10003330877|3
10003330898|7
10003330951|2
10003330958|3
10003331053|0
10003331140|1
10003331143|7
10003331171|0
10003331261|0
10003331285|7
10003331634|5
10003331636|0
10003331641|6
10003331643|6
10003331689|1
10003331709|7
10003331739|8
10003331746|5
10003331757|5
10003331762|7
10003331767|6
10003331888|9
10003331898|2
10003331950|8
10003331958|0
10003331966|6
10003331967|8
10003331978|5
10003331981|3
10003332165|5
10003332200|4
10003332219|1
10003332258|2
10003332262|1
10003332266|0
10003332267|2
10003332269|4
10003332280|4
10003332284|3
10003332337|9
10003332339|9
10003332785|6
10003332927|4
10003332929|8
10003332931|4
10003332970|4
10003332975|6
10003333105|1
10003333107|1
10003333108|9
10003333110|5
10003333111|5
10003333113|2
10003333348|5
10003333352|5
10003333354|3
10003333359|2
10003333362|9
10003333369|0
10003333395|1
10003333404|3
10003333419|5
10003333442|7
10003333460|8
10003333462|4
10003333474|7
10003333496|8
10003333503|3
10003333520|4
10003333560|9
10003333561|4
10003333564|5
10003333566|3
10003333568|5
10003333569|1
10003333571|5
10003333769|1
10003333776|8
10003333781|8
10003333785|0
10003333802|2
10003333804|0
10003333806|4
10003333810|6
10003333813|7
10003333817|3
10003333819|8
10003333821|6
10003333874|8
10003333879|5
10003333882|6
10003333886|4
10003333888|4
10003333891|4
10003333938|6
10003333971|3
10003333978|2
10003333996|0
10003334059|6
10003334093|0
10003334115|3
10003334350|2
10003334372|5
10003334449|4
10003334453|8
10003334455|3
10003334460|5
10003334478|6
10003334514|2
10003334563|3
10003334619|6
10003334629|0
10003334709|7
10003334715|8
10003334722|7
10003334727|6
10003334783|8
10003334787|2
10003334847|7
10003334861|4
10003334905|4
10003334922|5
10003334961|1
10003334995|3
10003335054|9
10003335066|0
10003335068|3
10003335072|9
10003335076|7
10003335083|3
10003335090|0
10003335097|4
10003335103|6
10003335189|5
10003335258|5
10003335299|9
10003335309|5
10003335311|3
10003335313|3
10003335317|8
10003335324|5
10003335329|9
10003335349|2
10003335353|2
10003335356|3
10003335384|7
10003335452|4
10003335453|7
10003335455|4
10003335456|3
10003335504|6
10003335780|9
10003335782|3
10003335866|1
10003335873|7
10003335875|3
10003335876|7
10003335886|2
10003335887|9
10003335893|2
10003335894|6
10003335896|1
10003336051|5
10003336056|7
10003336059|9
10003336106|6
10003336138|6
10003336151|9
10003336167|3
10003336245|9
10003336263|1
10003336289|7
10003336330|8
10003336340|0
10003336346|3
10003336349|7
10003336469|8
10003336505|5
10003336596|9
10003336638|3
10003336794|2
10003336797|5
10003336832|9
10003336835|3
10003336846|4
10003336850|8
10003336852|3
10003336857|5
10003337134|7
10003337138|1
10003337146|1
10003337152|9
10003337157|7
10003337161|1
10003337166|2
10003337172|2
10003337176|1
10003337199|3
10003337206|0
10003337240|9
10003337251|2
10003337252|6
10003337255|5
10003337260|7
10003337269|9
10003337276|7
10003337293|9
10003337300|4
10003337303|4
10003337304|4
10003337308|2
10003337336|4
10003337338|8
10003337353|5
10003337357|8
10003337362|2
10003337365|8
10003337379|4
10003337382|4
10003337384|3
10003337455|4
10003337464|6
10003337466|1
10003337474|9
10003337475|8
10003337476|2
10003337491|4
10003337834|1
10003337839|1
10003337865|1
10003337981|9
10003337984|4
10003337998|9
10003338272|0
10003338284|9
10003338287|1
10003338289|3
10003338290|2
10003338294|9
10003338295|9
10003338297|8
10003338299|9
10003338387|1
10003338434|8
10003338435|0
10003338437|9
10003338461|1
10003338463|2
10003338467|0
10003338483|6
10003338484|5
10003338494|4
10003338546|7
10003338683|0
10003338763|7
10003338778|5
10003338981|8
10003338985|4
10003338989|2
10003338997|8
10003339001|7
10003339025|1
10003339029|8
10003339272|4
10003339280|0
10003339290|4
10003339301|4
10003339307|9
10003339538|9
10003339578|9
10003339611|8
10003339773|3
10003339775|0
10003339780|8
10003339781|5
10003339782|9
10003339825|0
10003339826|1
10003339827|6
10003339828|7
10003339832|9
10003339838|9
10003339858|4
10003339864|5
10003339868|9
10003339875|0
10003339904|8
10003339925|3
10003339932|0
10003339940|8
10003339946|5
10003339953|0
10003339954|0
10003340023|4
10003340027|4
10003340029|0
10003340045|5
10003340057|6
10003340131|2
10003340151|7
10003340165|9
10003340237|9
10003340256|9
10003340841|2
10003340847|6
10003340917|0
10003340921|5
10003340933|6
10003340937|7
10003340945|5
10003340946|3
10003340952|3
10003340955|7
10003340960|9
10003341177|0
10003341783|0
10003341793|0
10003341795|3
10003341799|6
10003342022|1
10003342023|8
10003342027|9
10003342059|9
10003342074|8
10003342075|5
10003342077|2
10003342078|0
10003342087|3
10003342096|2
10003342100|8
10003342120|6
10003342122|6
10003342126|9
10003342167|6
10003342189|3
10003342196|8
10003342238|5
10003342239|6
10003342245|6
10003342257|7
10003342288|4
10003342320|8
10003342390|9
10003342430|9
10003342431|5
10003342433|6
10003342434|2
10003342498|2
10003342585|7
10003342655|7
10003342659|3
10003342675|6
10003342678|8
10003342742|9
10003342766|1
10003343374|4
10003343385|7
10003343400|5
10003343404|1
10003343419|5
10003343438|8
10003343471|5
10003343493|5
10003343537|9
10003343555|2
10003343699|8
10003343737|8
10003343753|5
10003343792|1
10003343902|7
10003343914|2
10003343921|1
10003343953|1
10003344076|6
10003344153|1
10003344532|0
10003344534|6
10003344535|7
10003344538|0
10003344542|9
10003344544|4
10003344545|8
10003344603|3
10003344604|4
10003344609|8
10003344610|4
10003344611|0
10003344612|9
10003344613|5
10003344884|2
10003344886|9
10003344892|4
10003344895|0
10003344903|3
10003344907|8
10003344908|7
10003344910|3
10003345191|2
10003345468|2
10003345473|9
10003345474|5
10003345639|9
10003345644|8
10003345659|2
10003345660|3
10003345663|8
10003345671|2
10003345682|0
10003345717|2
10003345722|4
10003345728|3
10003345742|9
10003346159|3
10003346173|8
10003346190|9
10003346427|1
10003346699|8
10003346805|7
10003346817|6
10003346827|2
10003346853|3
10003346894|2
10003346907|3
10003346922|5
10003346936|5
10003346954|9
10003347252|1
10003347261|7
10003347597|6
10003347606|8
10003347686|6
10003347690|2
10003347725|9
10003347731|5
10003347751|2
10003347757|9
10003347767|7
10003347818|7
10003347890|8
10003347961|6
10003347968|8
10003347971|0
10003347976|0
10003347979|4
10003347984|9
10003347992|7
10003347995|2
10003348002|8
10003348004|8
10003348005|5
10003348009|5
10003348010|9
10003348011|7
10003348022|3
10003348027|1
10003348060|0
10003348068|0
10003348071|6
10003348076|6
10003348078|3
10003348079|6
10003348084|7
10003348106|0
10003348113|3
10003348134|3
10003348136|0
10003348144|0
10003348147|0
10003348152|8
10003348154|7
10003348160|4
10003348164|2
10003348165|4
10003348170|0
10003348176|9
10003348180|3
10003348183|9
10003348195|2
10003348221|2
10003348261|2
10003348270|7
10003348294|0
10003348308|5
10003348532|7
10003348535|2
10003348536|3
10003348538|5
10003348539|0
10003348858|1
10003348863|2
10003348887|3
10003349520|8
10003349521|9
10003349523|9
10003349526|1
10003349550|1
10003349677|5
10003349834|7
10003349865|0
10003349883|8
10003349886|5
10003349895|7
10003349997|6
10003350005|3
10003350011|1
10003350014|4
10003350017|0
10003350019|3
10003350055|9
10003350178|3
10003350181|8
10003350186|3
10003350217|8
10003350335|5
10003350338|1
10003350559|2
10003350577|4
10003350582|7
10003350690|4
10003350696|9
10003350800|8
10003351219|6
10003351222|4
10003351229|8
10003351237|5
10003351241|2
10003351428|3
10003351471|9
10003351473|0
10003351530|0
10003351538|2
10003351554|9
10003351560|6
10003351578|1
10003351591|7
10003351594|6
10003351615|2
10003351697|5
10003351803|4
10003351824|5
10003351830|2
10003351856|3
10003351860|2
10003352086|8
10003352104|3
10003352123|7
10003352131|8
10003352189|8
10003352257|5
10003352290|2
10003352293|1
10003352303|3
10003352312|8
10003352366|2
10003352382|5
10003352388|2
10003352580|6
10003352587|7
10003352713|5
10003352718|9
10003352950|4
10003353019|6
10003353023|4
10003353024|4
10003353026|0
10003353029|6
10003353044|5
10003353335|0
10003353530|7
10003353532|6
10003353538|0
10003353545|5
10003353717|1
10003353724|0
10003353728|6
10003353731|0
10003353734|7
10003353739|2
10003353742|3
10003353747|2
10003353792|7
10003354106|0
10003354111|2
10003354113|8
10003354118|3
10003354123|9
10003354135|5
10003354182|1
10003354188|4
10003354210|5
10003354227|8
10003354234|1
10003354242|9
10003354292|8
10003354303|1
10003354331|2
10003354350|3
10003354359|1
10003354363|6
10003354367|1
10003354378|6
10003354391|4
10003354429|0
10003354431|3
10003354442|4
10003354444|2
10003354552|2
10003354556|4
10003354560|6
10003354568|5
10003354583|0
10003354590|2
10003354597|2
10003354770|9
10003354801|0
10003354808|7
10003354812|4
10003354815|6
10003354835|0
10003354836|3
10003354838|5
10003354841|4
10003354846|2
10003354863|1
10003354879|8
10003354893|4
10003354895|0
10003354897|4
10003354900|1
10003354902|8
10003355035|0
10003355176|1
10003355179|3
10003355182|2
10003355185|3
10003355190|2
10003355197|2
10003355283|1
10003355299|3
10003355301|1
10003355303|3
10003355304|1
10003355307|3
10003355308|4
10003355314|6
10003355328|9
10003355484|7
10003355487|6
10003355553|7
10003355555|5
10003355558|3
10003355559|8
10003355561|1
10003355562|7
10003355563|7
10003355566|8
10003355568|6
10003355570|0
10003355646|8
10003355647|0
10003355649|4
10003355653|2
10003355825|1
10003355831|6
10003355991|3
10003355996|3
10003355999|0
10003356063|9
10003356079|6
10003356110|7
10003356405|8
10003356415|4
10003356491|9
10003356586|5
10003356625|5
10003357006|9
10003357037|4
10003357717|7
10003357723|3
10003357829|8
10003357842|1
10003357871|1
10003357935|7
10003357969|9
10003358046|3
10003358082|9
10003358148|7
10003358206|4
10003358235|0
10003358253|8
10003358254|7
10003358265|2
10003358420|1
10003358508|9
10003358509|7
10003358510|9
10003358511|1
10003358516|8
10003358517|9
10003358589|3
10003358591|2
10003358598|2
10003358603|0
10003358611|5
10003358614|9
10003358619|9
10003358624|6
10003358630|8
10003358633|8
10003358636|2
10003358641|8
10003358646|3
10003358648|5
10003358651|5
10003358655|0
10003358659|4
10003358664|3
10003358714|0
10003358729|2
10003358737|6
10003358749|2
10003358760|6
10003358797|0
10003358833|9
10003358839|3
10003358856|2
10003358878|1
10003358882|4
10003358908|0
10003359049|7
10003359115|6
10003359152|5
10003359153|9
10003359169|9
10003359206|2
10003359215|7
10003359283|1
10003359284|5
10003359285|4
10003359295|8
10003359296|0
10003359563|2
10003359575|6
10003359656|1
10003359691|0
10003359707|7
10003359717|9
10003359728|4
10003359734|6
10003359740|0
10003359752|7
10003359761|6
10003360105|3
10003360123|0
10003360338|9
10003360344|7
10003361096|7
10003361383|2
10003361918|0
10003361928|8
10003361934|4
10003361978|0
10003362067|9
10003362217|0
10003362218|6
10003362223|8
10003362667|6
10003362699|6
10003362702|6
10003362707|9
10003362712|0
10003362787|6
10003362807|1
10003362893|2
10003362901|2
10003362918|6
10003362926|2
10003362929|5
10003362956|3
10003362963|9
10003362968|7
10003363135|0
10003363148|0
10003363167|1
10003363170|9
10003363173|6
10003363175|4
10003363177|9
10003363180|8
10003363182|2
10003363231|1
10003363239|8
10003363374|2
10003363496|1
10003363503|6
10003363508|4
10003363588|6
10003363999|3
10003364005|7
10003364010|6
10003364017|2
10003364026|8
10003364050|7
10003364130|7
10003364134|9
10003364136|1
10003364265|3
10003364819|6
10003364836|6
10003364842|5
10003364844|0
10003364847|3
10003365112|1
10003365122|4
10003365131|9
10003365139|3
10003365144|5
10003365149|6
10003365287|8
10003365312|2
10003365314|8
10003365378|6
10003365385|3
10003365395|6
10003365399|4
10003365603|9
10003365615|8
10003365652|8
10003365658|6
10003365665|8
10003365669|0
10003365674|7
10003365679|1
10003365681|3
10003365685|2
10003365687|1
10003365689|4
10003365699|9
10003365705|0
10003365714|7
10003365718|8
10003365721|1
10003365729|1
10003365749|1
10003365809|6
10003365815|7
10003365967|3
10003365971|6
10003365984|8
10003365987|3
10003365995|6
10003366092|1
10003366147|4
10003366244|6
10003366686|1
10003366693|5
10003366698|3
10003366720|1
10003366778|8
10003366790|7
10003366845|1
10003366945|7
10003366955|5
10003366969|5
10003366971|1
10003366973|6
10003366977|9
10003366981|7
10003366983|4
10003366987|7
10003366993|2
10003366996|2
10003367211|8
10003367377|8
10003367525|0
10003367526|0
10003367531|9
10003367536|2
10003367539|3
10003367543|4
10003367579|5
10003367639|5
10003367943|0
10003368014|1
10003368090|9
10003368095|1
10003368115|6
10003368119|8
10003368128|7
10003368138|5
10003368141|2
10003369041|0
10003369312|7
10003369317|2
10003369355|8
10003369889|1
10003369895|0
10003369900|2
10003369938|4
10003369992|4
10003369998|7
10003370197|4
10003370291|3
10003370420|0
10003370425|5
10003370482|7
10003370573|3
10003370591|2
10003370593|1
10003370669|7
10003370788|0
10003370790|5
10003370798|3
10003370808|6
10003370818|3
10003370822|4
10003370827|3
10003370834|2
10003370836|0
10003370837|2
10003370842|8
10003370844|3
10003370849|7
10003370862|2
10003370941|5
10003370945|7
10003371005|7
10003371013|3
10003371024|1
10003371083|8
10003371325|1
10003371328|5
10003371441|7
10003371461|8
10003371462|4
10003371660|5
10003371724|7
10003371770|3
10003371785|2
10003371840|7
10003372028|9
10003372029|9
10003372033|2
10003372035|6
10003372252|9
10003372253|8
10003372257|7
10003372262|0
10003372269|3
10003372272|0
10003372275|4
10003372308|9
10003372318|6
10003372332|3
10003372342|9
10003372362|2
10003372373|0
10003372393|0
10003372459|0
10003372514|9
10003372520|0
10003372527|1
10003372547|9
10003372559|2
10003372586|5
10003372886|1
10003372902|9
10003372908|6
10003372910|0
10003372918|8
10003373030|6
10003373033|4
10003373037|0
10003373213|4
10003373245|6
10003373252|2
10003373279|9
10003373288|7
10003373301|5
10003373305|8
10003373306|7
10003373317|3
10003373322|7
10003373350|6
10003373397|9
10003373398|2
10003373399|3
10003373403|5
10003373404|3
10003373406|3
10003373409|6
10003373484|9
10003373487|5
10003373489|4
10003373497|8
10003373501|1
10003373520|7
10003373527|4
10003373535|7
10003373745|9
10003373746|1
10003373747|7
10003373751|4
10003374239|4
10003374241|5
10003374296|8
10003374312|1
10003374318|1
10003374326|4
10003374380|4
10003374394|9
10003374403|9
10003374407|1
10003374442|0
10003374654|4
10003374657|7
10003374659|7
10003374702|8
10003374903|8
10003374908|1
10003374948|1
10003375030|4
10003375073|0
10003375081|3
10003375088|3
10003375090|7
10003375092|6
10003375093|0
10003375096|6
10003375225|2
10003375228|8
10003375229|9
10003375232|0
10003375233|4
10003375236|9
10003375395|9
10003375396|4
10003375397|9
10003375401|4
10003375403|7
10003375407|1
10003375417|9
10003375421|5
10003375424|6
10003375425|1
10003375426|3
10003375429|1
10003375432|1
10003375435|7
10003375436|0
10003375437|2
10003375440|9
10003375441|6
10003375448|2
10003375451|2
10003375456|2
10003375459|4
10003375460|8
10003375466|0
10003375469|7
10003375470|5
10003375475|4
10003375493|6
10003375510|0
10003375518|7
10003375523|8
10003375527|3
10003375534|8
10003375564|1
10003375644|8
10003375751|7
10003375759|3
10003375775|0
10003375777|3
10003375845|0
10003375855|9
10003375861|5
10003375863|7
10003375872|5
10003375885|8
10003375889|0
10003375891|1
10003375893|7
10003375895|4
10003375897|2
10003375899|4
10003375909|5
10003375921|6
10003375931|0
10003375936|5
10003375939|7
10003375993|6
10003375998|9
10003376035|8
10003376037|9
10003376111|0
10003376118|2
10003376127|3
10003376136|7
10003376138|0
10003376139|7
10003376140|0
10003376141|1
10003376142|7
10003376143|4
10003376144|5
10003376147|8
10003376150|7
10003376153|3
10003376167|7
10003376191|6
10003376206|5
10003376218|9
10003376219|1
10003376221|0
10003376227|6
10003376231|6
10003376245|1
10003376249|3
10003376281|0
10003376335|5
10003376340|4
10003376344|9
10003376365|1
10003376455|3
10003376462|9
10003376467|1
10003376580|1
10003376622|6
10003376684|6
10003376685|2
10003376727|8
10003376739|6
10003376745|6
10003376759|6
10003376854|0
10003376951|3
10003376961|9
10003376983|5
10003376985|5
10003377019|0
10003377033|8
10003377042|7
10003377046|3
10003377047|6
10003377055|3
10003377064|3
10003377082|9
10003377240|0
10003377249|3
10003377260|4
10003377281|3
10003377286|6
10003377462|2
10003377637|6
10003377736|4
10003377751|9
10003377762|5
10003377766|0
10003377867|9
10003377871|6
10003377957|9
10003377962|4
10003378003|2
10003378021|0
10003378224|4
10003378233|0
10003378237|8
10003378250|9
10003378268|7
10003378288|5
10003378308|9
10003378313|3
10003378347|4
10003378349|2
10003378350|3
10003378351|1
10003378352|5
10003378353|6
10003378457|6
10003378505|9
10003378805|8
10003379094|9
10003379263|0
10003379288|3
10003379303|0
10003379650|4
10003379655|1
10003379761|4
10003379794|8
10003379808|0
10003379823|6
10003379825|7
10003379829|0
10003379831|6
10003379869|5
10003379871|2
10003379879|7
10003379884|5
10003379890|2
10003379900|0
10003379918|4
10003379926|6
10003379931|8
10003379943|7
10003379958|2
10003380026|4
10003380028|1
10003380030|0
10003380031|5
10003380035|5
10003380047|4
10003380049|5
10003380051|5
10003380052|7
10003380053|7
10003380099|7
10003380107|1
10003380130|3
10003380194|8
10003380216|6
10003380219|6
10003380235|6
10003380239|9
10003380258|7
10003380263|9
10003380269|0
10003380525|2
10003380564|0
10003380575|4
10003380578|5
10003380585|4
10003380833|3
10003380835|7
10003380855|8
10003381450|8
10003381456|1
10003381465|8
10003381926|1
10003381987|7
10003381989|6
10003381992|7
10003382300|9
10003382306|5
10003382311|1
10003382825|2
10003382837|1
10003382902|0
10003382907|0
10003382947|7
10003382961|3
10003382972|1
10003382983|4
10003382990|7
10003382999|4
10003383006|4
10003383034|5
10003383055|7
10003383061|0
10003383066|0
10003383110|0
10003383111|5
10003383112|0
10003383137|2
10003383140|6
10003383147|2
10003383152|8
10003383188|9
10003383196|3
10003383227|3
10003383230|5
10003383232|7
10003383233|5
10003383235|7
10003383241|9
10003383244|6
10003383250|1
10003383264|6
10003383268|0
10003383278|7
10003383283|1
10003383284|0
10003383292|9
10003383296|1
10003383299|6
10003383304|3
10003383308|9
10003383312|9
10003383330|6
10003383335|3
10003383338|5
10003383347|9
10003383349|2
10003383355|7
10003383363|1
10003383416|3
10003383580|7
10003383584|8
10003383586|1
10003383763|9
10003383771|8
10003383772|2
10003383773|2
10003383779|4
10003383787|6
10003383808|8
10003383864|0
10003384062|1
10003384125|3
10003384130|1
10003384132|3
10003384141|8
10003384157|0
10003384161|3
10003384204|0
10003384209|6
10003384217|8
10003384222|0
10003384228|3
10003384406|5
10003384604|1
10003384676|8
10003384679|2
10003384882|3
10003384890|3
10003384891|4
10003384903|2
10003384905|8
10003384908|6
10003384934|8
10003384983|9
10003384998|2
10003385006|5
10003385018|9
10003385044|1
10003385053|7
10003385083|7
10003385105|3
10003385116|6
10003385121|3
10003385139|9
10003385143|7
10003385168|4
10003385183|4
10003385250|3
10003385255|3
10003385257|1
10003385263|1
10003385271|5
10003385280|0
10003385283|4
10003385288|4
10003385295|8
10003385299|5
10003385303|2
10003385328|5
10003385365|8
10003385464|1
10003385468|5
10003385473|9
10003385476|4
10003385675|7
10003385695|0
10003385696|8
10003385715|8
10003385717|1
10003385863|6
10003386083|0
10003386089|7
10003386090|7
10003386092|8
10003386112|9
10003386115|9
10003386127|4
10003386130|8
10003386135|6
10003386190|9
10003386195|0
10003386416|5
10003386419|0
10003386434|1
10003386462|2
10003386534|2
10003386536|9
10003386550|5
10003386605|9
10003386801|1
10003386808|8
10003386818|8
10003386833|0
10003386845|5
10003386853|9
10003386862|6
10003386867|3
10003386869|1
10003386882|9
10003386886|3
10003386899|0
10003386912|1
10003386918|7
10003386926|2
10003386948|8
10003386949|4
10003386964|4
10003386979|1
10003386982|2
10003387008|1
10003387026|7
10003387035|5
10003387094|1
10003387149|9
10003387179|2
10003387233|6
10003387235|2
10003387242|9
10003387245|7
10003387253|1
10003387266|2
10003387269|3
10003387273|6
10003387276|9
10003387307|9
10003387309|7
10003387314|4
10003387343|4
10003387351|1
10003387356|8
10003387363|8
10003387366|7
10003387374|8
10003387546|2
10003387554|4
10003387556|2
10003387573|3
10003387735|1
10003387783|5
10003387785|2
10003387786|9
10003387924|1
10003388144|0
10003388159|1
10003388242|5
10003388263|4
10003388264|2
10003388267|3
10003388268|1
10003388277|4
10003388280|5
10003388287|5
10003388292|7
10003388314|2
10003388318|9
10003388326|1
10003388360|5
10003388374|1
10003388405|7
10003388530|2
10003389074|7
10003389194|3
10003389196|1
10003389232|4
10003389600|3
10003389612|3
10003389692|2
10003389730|7
10003389826|7
10003389836|9
10003389841|1
10003389851|4
10003389852|3
10003389932|5
10003389940|9
10003389949|8
10003390044|7
10003390056|3
10003390186|6
10003390216|0
10003390235|7
10003390305|6
10003390308|3
10003390317|7
10003390324|2
10003390332|1
10003390340|4
10003390348|3
10003390434|1
10003390459|0
10003390545|3
10003390549|7
10003390551|1
10003390554|0
10003390555|9
10003390561|1
10003390577|0
10003390621|6
10003390722|7
10003390724|5
10003390751|0
10003390787|6
10003390837|3
10003391074|7
10003391113|9
10003391119|0
10003391147|6
10003391168|7
10003391281|5
10003391366|0
10003391453|2
10003391458|5
10003391487|3
10003391489|4
10003391517|5
10003391522|5
10003391541|5
10003391554|8
10003391720|6
10003392202|2
10003392246|7
10003392274|9
10003392326|3
10003392451|1
10003392456|8
10003392484|5
10003392486|9
10003392528|2
10003392542|7
10003392544|4
10003392577|4
10003392590|2
10003392601|8
10003392631|6
10003392734|5
10003392738|2
10003392992|3
10003393007|1
10003393087|3
10003393088|6
10003393122|3
10003393184|2
10003393188|1
10003393200|1
10003393203|0
10003393205|6
10003393214|3
10003393217|5
10003393223|7
10003393232|6
10003393258|6
10003393305|1
10003393355|7
10003393508|8
10003393564|9
10003393616|8
10003393619|1
10003393622|9
10003393625|7
10003393641|0
10003393656|8
10003393662|8
10003393675|5
10003393742|0
10003393747|3
10003393793|8
10003393823|1
10003393880|1
10003394038|9
10003394039|9
10003394040|9
10003394041|1
10003394043|2
10003394142|7
10003394145|9
10003394149|0
10003394270|0
10003394279|2
10003394310|2
10003394450|0
10003394679|0
10003394689|9
10003394716|2
10003394737|1
10003394741|7
10003394742|3
10003394750|3
10003394759|8
10003394767|2
10003394813|5
10003394853|9
10003394917|0
10003394920|3
10003394926|5
10003394945|5
10003394988|9
10003394996|8
10003395000|7
10003395001|0
10003395008|3
10003395010|6
10003395011|0
10003395035|3
10003395054|8
10003395055|9
10003395060|7
10003395061|2
10003395067|4
10003395116|8
10003395121|0
10003395126|3
10003395128|2
10003395129|9
10003395135|5
10003395238|3
10003395247|9
10003395263|6
10003395267|0
10003395289|0
10003395382|0
10003395402|5
10003395481|3
10003395588|3
10003395596|8
10003395619|3
10003395621|9
10003395624|9
10003395638|2
10003395685|2
10003395687|5
10003395693|5
10003395695|8
10003395702|0
10003395728|4
10003395755|9
10003395758|4
10003395763|3
10003395766|0
10003395768|3
10003395789|2
10003395877|9
10003395880|6
10003395890|0
10003395894|2
10003395906|4
10003396082|0
10003396150|8
10003396160|2
10003396164|1
10003396166|4
10003396169|5
10003396173|6
10003396183|1
10003396186|2
10003396188|4
10003396192|2
10003396193|1
10003396198|7
10003396199|5
10003396207|4
10003396220|9
10003396223|7
10003396226|6
10003396227|5
10003396229|5
10003396230|7
10003396234|2
10003396236|5
10003396253|7
10003396263|2
10003396268|8
10003396277|6
10003396281|3
10003396284|4
10003396288|6
10003396291|9
10003396295|2
10003396325|1
10003396331|7
10003396338|7
10003396343|3
10003396348|7
10003396349|7
10003396352|6
10003396354|4
10003396356|0
10003396456|4
10003396460|5
10003396463|2
10003396562|3
10003396614|5
10003396641|0
10003396648|2
10003396657|9
10003396693|3
10003396695|5
10003396699|5
10003396704|1
10003396745|0
10003396748|6
10003396756|1
10003396761|4
10003396764|4
10003396772|7
10003396777|3
10003396783|1
10003396805|5
10003396810|8
10003396811|0
10003396859|2
10003396908|2
10003396925|7
10003396946|5
10003396961|5
10003397170|7
10003397403|8
10003397467|4
10003397473|7
10003397524|3
10003397530|2
10003397533|1
10003397551|8
10003397908|7
10003397936|9
10003397947|0
10003397953|8
10003397955|5
10003397956|7
10003397957|6
10003397969|0
10003397973|7
10003397975|5
10003397976|4
10003397978|7
10003397981|8
10003397989|2
10003397990|0
10003397993|2
10003397995|6
10003397996|4
10003398000|8
10003398001|6
10003398004|5
10003398054|4
10003398055|1
10003398319|7
10003399037|2
10003399039|2
10003399041|7
10003399044|9
10003399045|7
10003399168|0
10003399169|2
10003399170|9
10003399172|9
10003399174|0
10003399412|1
10003399480|8
10003399502|2
10003399503|0
10003399515|6
10003399676|8
10003399694|3
10003399696|0
10003399699|4
10003400071|3
10003400250|9
10003400256|4
10003400257|4
10003400258|3
10003400266|0
10003400271|5
10003400278|8
10003400282|2
10003400290|1
10003400294|3
10003400300|9
10003400301|8
10003400302|8
10003400303|0
10003400351|6
10003400354|3
10003400358|5
10003400360|1
10003400366|9
10003400379|0
10003400605|0
10003400926|6
10003400958|3
10003400980|7
10003401007|1
10003401060|6
10003401343|6
10003401348|0
10003401361|7
10003401378|3
10003401380|5
10003401381|6
10003401385|0
10003401390|3
10003401397|6
10003401399|6
10003401433|3
10003401450|7
10003401455|8
10003401469|9
10003401525|9
10003401531|2
10003401534|3
10003401535|3
10003401707|9
10003401899|2
10003401915|9
10003401932|5
10003401935|4
10003401940|3
10003401942|7
10003401950|1
10003401959|5
10003401970|7
10003401972|5
10003401977|5
10003401982|0
10003402001|8
10003402016|0
10003402030|5
10003402031|7
10003402034|4
10003402035|5
10003402040|4
10003402194|6
10003402261|0
10003402277|3
10003402360|2
10003402365|4
10003402371|0
10003402388|6
10003402391|1
10003402398|7
10003402399|8
10003402402|8
10003402408|7
10003402411|9
10003402412|3
10003402416|7
10003402423|5
10003402425|5
10003402427|7
10003402433|8
10003402435|8
10003402439|2
10003402444|4
10003402447|0
10003402452|0
10003402457|4
10003402460|2
10003402461|0
10003402465|4
10003402467|9
10003402468|1
10003402478|7
10003402479|6
10003402484|4
10003402505|7
10003402520|0
10003402530|4
10003402534|7
10003402536|5
10003402540|9
10003402541|1
10003402543|1
10003402544|5
10003402681|7
10003402683|2
10003402686|9
10003402689|5
10003402692|7
10003402698|8
10003402703|6
10003402706|5
10003402710|6
10003402714|8
10003402726|3
10003402734|2
10003402745|6
10003402750|7
10003402791|4
10003402809|2
10003402836|9
10003402841|7
10003402874|5
10003402879|7
10003402881|4
10003403019|3
10003403040|4
10003403052|5
10003403129|4
10003403130|5
10003403132|0
10003403149|1
10003403153|6
10003403175|2
10003403193|9
10003403239|4
10003403240|5
10003403254|0
10003403509|4
10003403516|7
10003403518|5
10003403522|6
10003403523|1
10003403527|4
10003403529|6
10003403543|5
10003403545|6
10003403910|5
10003403931|1
10003403936|2
10003403941|4
10003403948|9
10003403953|9
10003403961|1
10003403964|5
10003403970|2
10003403972|5
10003403974|9
10003403977|7
10003403984|8
10003403988|5
10003403993|9
10003404013|7
10003404163|1
10003404300|4
10003404304|2
10003404305|0
10003404314|2
10003404323|0
10003404328|9
10003404329|5
10003404335|7
10003404342|0
10003404363|7
10003404365|4
10003404367|9
10003404370|3
10003404372|4
10003404376|1
10003404378|1
10003404382|4
10003404390|4
10003404440|3
10003404470|6
10003404474|9
10003404551|7
10003404590|8
10003404604|9
10003404607|4
10003404618|7
10003404796|5
10003404895|9
10003404925|5
10003404931|7
10003404937|5
10003404943|5
10003405032|9
10003405090|7
10003405115|2
10003405119|4
10003405136|1
10003405163|7
10003405169|8
10003405185|1
10003405194|9
10003405201|9
10003405220|9
10003405296|7
10003405339|3
10003405357|4
10003405395|6
10003405403|0
10003405406|3
10003405410|3
10003405413|5
10003405415|4
10003405436|1
10003405437|2
10003405445|4
10003405449|8
10003405452|3
10003405456|3
10003405546|4
10003405550|6
10003405559|6
10003405671|2
10003405672|1
10003405741|1
10003405764|9
10003405768|4
10003405800|3
10003405933|6
10003406018|8
10003406019|4
10003406085|8
10003406116|7
10003406122|7
10003406125|8
10003406198|4
10003406201|9
10003406203|8
10003406212|4
10003406216|7
10003406224|7
10003406240|0
10003406244|1
10003406339|5
10003406343|8
10003406357|7
10003406372|4
10003406375|0
10003406377|0
10003406393|7
10003406548|8
10003406550|3
10003406555|2
10003406643|1
10003406793|2
10003406805|7
10003406807|1
10003406811|9
10003406812|2
10003406817|1
10003406824|7
10003406828|3
10003406832|4
10003406838|3
10003406842|5
10003406844|0
10003407035|7
10003407137|8
10003407147|7
10003407150|6
10003407158|7
10003407199|0
10003407203|7
10003407242|5
10003407268|8
10003407274|1
10003407275|3
10003407277|9
10003407280|6
10003407282|2
10003407304|8
10003407367|4
10003407379|0
10003407393|4
10003407441|8
10003407443|8
10003407446|9
10003407449|6
10003407451|2
10003407522|4
10003407523|7
10003407527|2
10003407531|1
10003407537|1
10003407639|2
10003407660|4
10003407673|3
10003407677|9
10003407682|8
10003407683|8
10003407685|2
10003407686|5
10003407691|6
10003407694|6
10003407698|9
10003407706|6
10003407711|7
10003407712|6
10003407716|3
10003407717|2
10003407722|9
10003407771|9
10003407778|3
10003407783|7
10003407830|1
10003407920|0
10003407942|9
10003407959|1
10003408111|8
10003408145|9
10003408148|8
10003408289|5
10003408292|0
10003408330|7
10003408348|8
10003408359|3
10003408463|3
10003408467|6
10003408482|2
10003408505|7
10003408507|4
10003408518|9
10003408522|9
10003408538|9
10003408547|1
10003408552|6
10003408553|5
10003408558|4
10003408676|4
10003408813|1
10003408878|6
10003408891|1
10003408900|7
10003408915|5
10003408931|1
10003409035|3
10003409052|5
10003409066|1
10003409073|6
10003409126|2
10003409135|2
10003409146|4
10003409152|3
10003409162|7
10003409165|9
10003409175|7
10003409184|1
10003409190|8
10003409197|8
10003409201|6
10003409205|3
10003409210|5
10003409216|7
10003409229|6
10003409305|1
10003409308|2
10003409309|0
10003409310|9
10003409401|8
10003409414|9
10003409431|3
10003409446|4
10003409463|2
10003409549|3
10003409563|9
10003409672|0
10003409674|1
10003409684|7
10003409692|8
10003409695|7
10003409752|7
10003410350|7
10003410351|5
10003410357|4
10003410358|1
10003410359|0
10003410362|1
10003410364|8
10003410365|9
10003410368|9
10003410376|5
10003410379|1
10003410382|3
10003410386|1
10003410421|1
10003410432|4
10003410434|4
10003410435|1
10003410437|5
10003410441|9
10003410442|0
10003410445|1
10003410448|7
10003410534|6
10003410537|9
10003410541|5
10003410590|3
10003410591|6
10003410596|0
10003410600|5
10003410605|2
10003410607|0
10003410608|3
10003410610|3
10003410612|4
10003410614|4
10003410617|5
10003410731|3
10003410740|5
10003410747|6
10003410764|0
10003410767|7
10003410778|4
10003410785|1
10003410791|8
10003410901|4
10003410975|2
10003410995|7
10003411003|3
10003411004|2
10003411007|3
10003411013|5
10003411074|6
10003411243|8
10003411251|6
10003411279|2
10003411282|6
10003411284|4
10003411286|4
10003411291|5
10003411296|4
10003411297|5
10003411308|5
10003411310|8
10003411313|6
10003411314|1
10003411315|5
10003411317|6
10003411318|2
10003411320|4
10003411331|7
10003411338|9
10003411356|2
10003411357|6
10003411359|8
10003411367|6
10003411731|1
10003411751|1
10003411764|6
10003411784|9
10003412011|7
10003412014|4
10003412019|4
10003412056|0
10003412058|6
10003412063|1
10003412064|7
10003412157|1
10003412371|9
10003412378|3
10003412383|3
10003412384|6
10003412385|5
10003412387|1
10003412388|6
10003412391|7
10003412392|9
10003412397|9
10003412400|2
10003412401|5
10003412423|5
10003412430|6
10003412464|6
10003412475|2
10003412477|2
10003412522|7
10003412533|3
10003412535|2
10003412547|1
10003412558|3
10003412606|0
10003412608|6
10003412609|3
10003412636|1
10003412638|1
10003412643|0
10003412645|0
10003412646|6
10003412649|2
10003412652|9
10003412657|9
10003412670|8
10003412673|5
10003412689|5
10003412728|9
10003412734|9
10003412739|4
10003412740|3
10003412742|1
10003413087|3
10003413100|1
10003413122|3
10003413126|9
10003413128|5
10003413131|6
10003413134|4
10003413141|0
10003413144|3
10003413186|9
10003413198|0
10003413472|3
10003413504|3
10003413510|8
10003413512|0
10003413522|8
10003413581|7
10003413596|2
10003413603|1
10003413604|2
10003413653|0
10003413686|1
10003413731|5
10003414301|2
10003414326|4
10003414408|4
10003414555|1
10003414788|0
10003414790|9
10003414792|0
10003414800|8
10003414803|8
10003414806|9
10003414815|0
10003414823|3
10003414831|2
10003414833|3
10003414845|7
10003414849|9
10003414852|2
10003414857|1
10003414861|4
10003414869|4
10003414873|6
10003414877|5
10003415281|5
10003415357|9
10003415363|6
10003415390|2
10003415415|3
10003415421|7
10003415428|6
10003415432|6
10003415434|5
10003415518|9
10003415525|3
10003415530|7
10003415534|8
10003415536|4
10003415543|8
10003415546|0
10003415548|0
10003415553|1
10003415554|4
10003415559|3
10003415645|4
10003415649|8
10003415657|3
10003415663|0
10003415671|4
10003415779|4
10003415781|7
10003415788|6
10003415790|3
10003415866|5
10003415868|5
10003415872|3
10003415874|0
10003415878|1
10003415883|9
10003415890|3
10003415896|5
10003415905|4
10003415907|0
10003415910|7
10003415916|9
10003415921|8
10003415936|9
10003415939|9
10003415941|7
10003415958|1
10003416235|2
10003416257|7
10003416287|5
10003416302|7
10003416313|3
10003416337|7
10003416349|9
10003416354|0
10003416395|2
10003416406|8
10003416415|5
10003416784|1
10003416817|0
10003416888|7
10003416927|2
10003417008|0
10003417010|9
10003417317|7
10003417330|5
10003417350|8
10003417461|7
10003417590|6
10003417648|9
10003417690|1
10003417692|4
10003417693|8
10003417695|7
10003417699|7
10003417700|8
10003417702|8
10003417705|6
10003417709|0
10003417788|6
10003417790|0
10003417793|1
10003417806|1
10003417809|3
10003417836|5
10003417840|2
10003417856|5
10003417914|9
10003417961|7
10003417968|8
10003417975|5
10003418024|1
10003418027|7
10003418031|1
10003418043|2
10003418048|6
10003418251|1
10003418285|2
10003418294|9
10003418315|6
10003418316|5
10003418318|1
10003418325|6
10003418329|6
10003418349|6
10003418363|8
10003418370|2
10003418380|0
10003418386|8
10003418391|1
10003418396|4
10003418399|1
10003418416|0
10003418423|8
10003418424|6
10003418425|6
10003418428|7
10003418429|0
10003418434|1
10003418439|7
10003418443|9
10003418445|0
10003418449|6
10003418452|8
10003418455|4
10003418487|7
10003418495|3
10003418516|9
10003418526|9
10003418531|2
10003418541|7
10003418559|7
10003418575|2
10003418586|0
10003418600|3
10003418646|5
10003418679|2
10003418687|7
10003418705|3
10003418714|2
10003418724|3
10003418745|7
10003418747|4
10003418760|7
10003418812|9
10003418917|6
10003418955|5
10003418998|4
10003419004|4
10003419012|3
10003419013|5
10003419014|3
10003419019|3
10003419021|8
10003419024|4
10003419030|4
10003419036|2
10003419042|2
10003419059|1
10003419091|2
10003419117|0
10003419127|3
10003419133|0
10003419139|3
10003419144|7
10003419149|6
10003419151|3
10003419152|9
10003419173|0
10003419180|8
10003419184|8
10003419194|0
10003419200|2
10003419218|5
10003419274|9
10003419280|6
10003419288|3
10003419297|8
10003419302|6
10003419304|1
10003419317|3
10003419341|4
10003419350|4
10003419357|2
10003419359|7
10003419392|9
10003419412|2
10003419417|0
10003419699|4
10003419700|4
10003419704|1
10003419706|8
10003419714|7
10003419728|0
10003419732|7
10003419736|8
10003419745|6
10003419760|4
10003419762|9
10003419766|2
10003419812|1
10003419817|1
10003419822|3
10003419832|7
10003419833|1
10003419978|5
10003419998|4
10003420029|2
10003420034|3
10003420306|6
10003420529|2
10003420534|1
10003420539|7
10003420542|7
10003420545|0
10003420546|5
10003420554|9
10003420571|1
10003420585|3
10003420610|9
10003420617|6
10003420627|1
10003420646|4
10003421188|4
10003421191|9
10003421212|2
10003421220|3
10003421246|3
10003421296|3
10003421306|8
10003421307|6
10003421823|5
10003421853|7
10003421858|9
10003421862|1
10003422055|7
10003422059|3
10003422063|0
10003422065|3
10003422067|5
10003422070|4
10003422192|0
10003422220|9
10003422226|1
10003422233|8
10003422330|8
10003422345|7
10003422351|5
10003422355|3
10003422421|3
10003422438|2
10003422441|8
10003422445|3
10003422529|2
10003422535|8
10003422540|3
10003422543|5
10003422609|2
10003422610|5
10003422615|4
10003422624|9
10003422660|2
10003422671|9
10003422685|6
10003422689|7
10003422691|4
10003422693|4
10003422807|1
10003422813|5
10003422818|2
10003422822|9
10003422826|2
10003422842|9
10003422844|1
10003422881|5
10003422933|3
10003422937|0
10003422944|8
10003422961|7
10003422977|0
10003422987|7
10003422997|0
10003423038|6
10003423055|0
10003423057|3
10003423085|8
10003423144|6
10003423222|3
10003423235|9
10003423251|9
10003423256|1
10003423283|2
10003423293|6
10003423297|3
10003423311|3
10003423366|7
10003423379|5
10003423383|5
10003423386|6
10003423395|7
10003423416|4
10003423782|3
10003423786|7
10003423793|7
10003423798|7
10003423835|2
10003423836|8
10003423843|2
10003423849|9
10003423855|0
10003423860|1
10003423863|0
10003423872|3
10003423875|3
10003423883|4
10003423909|8
10003423917|2
10003423940|1
10003423964|1
10003423969|4
10003423972|0
10003424008|8
10003424017|0
10003424022|9
10003424023|6
10003424035|8
10003424036|6
10003424115|0
10003424120|2
10003424122|8
10003424124|0
10003424126|0
10003424132|0
10003424248|2
10003424348|5
10003424396|2
10003424401|1
10003424402|3
10003424404|3
10003424405|0
10003424408|4
10003424414|0
10003424421|2
10003424423|7
10003424425|3
10003424430|2
10003424432|4
10003424438|3
10003424443|5
10003424455|3
10003424458|6
10003424460|9
10003424468|2
10003424470|9
10003424473|8
10003424477|4
10003424535|8
10003424551|6
10003424554|1
10003424565|5
10003424586|3
10003424638|9
10003424639|3
10003424640|4
10003424642|8
10003424643|1
10003424644|6
10003424647|5
10003424648|4
10003424817|5
10003424823|3
10003424855|4
10003424884|3
10003424890|5
10003424895|1
10003425015|7
10003425074|4
10003425089|0
10003425099|1
10003425103|7
10003425111|6
10003425112|4
10003425118|5
10003425183|7
10003425349|2
10003425525|7
10003425562|0
10003425564|9
10003425569|2
10003425598|1
10003425644|2
10003425648|8
10003425655|3
10003425843|5
10003425853|8
10003425863|2
10003425949|6
10003425961|3
10003425995|5
10003425996|8
10003426000|3
10003426022|9
10003426130|9
10003426242|5
10003426380|7
10003426386|6
10003426405|7
10003426425|8
10003426429|6
10003426464|0
10003426472|5
10003426483|3
10003426755|7
10003426759|6
10003426765|8
10003426772|9
10003426778|3
10003426788|9
10003426793|1
10003426802|3
10003426821|4
10003426833|6
10003426870|3
10003426872|8
10003427030|6
10003427035|9
10003427043|5
10003427077|0
10003427079|4
10003427090|7
10003427114|7
10003427120|9
10003427125|5
10003427128|2
10003427149|5
10003427176|1
10003427179|7
10003427184|3
10003427193|8
10003427195|8
10003427198|1
10003427333|8
10003427472|0
10003427569|3
10003427571|9
10003427573|1
10003427575|1
10003427578|4
10003427579|8
10003427582|6
10003427584|7
10003427586|0
10003427587|8
10003427589|7
10003427601|3
10003427607|2
10003427614|8
10003427641|1
10003427649|2
10003427656|2
10003427671|5
10003427681|4
10003427684|7
10003427690|7
10003427695|9
10003427701|0
10003427708|7
10003427710|0
10003427713|7
10003427715|9
10003427720|3
10003427735|5
10003427864|8
10003427868|6
10003427963|7
10003428004|2
10003428025|1
10003428036|9
10003428147|3
10003428196|0
10003428205|8
10003428243|0
10003428252|2
10003428281|9
10003428315|5
10003428320|2
10003428329|3
10003428337|4
10003428344|5
10003428361|4
10003428365|9
10003428381|7
10003428396|3
10003428405|7
10003428410|8
10003428421|1
10003428425|1
10003428496|5
10003428509|7
10003428516|6
10003428612|4
10003428614|7
10003428671|8
10003428673|8
10003428677|4
10003428692|2
10003428741|0
10003428753|6
10003428821|9
10003428822|2
10003428827|1
10003428831|2
10003428850|1
10003429012|6
10003429037|9
10003429622|3
10003429624|9
10003429625|7
10003429627|8
10003429628|9
10003429629|2
10003429630|4
10003429631|2
10003429632|5
10003429633|7
10003429666|2
10003429668|5
10003429670|2
10003429672|9
10003429674|7
10003429678|0
10003429680|9
10003429682|7
10003429690|6
10003429792|8
10003429855|3
10003429904|7
10003429905|8
10003429933|8
10003429940|1
10003430015|6
10003430035|6
10003430157|0
10003430212|6
10003430246|0
10003430412|2
10003430447|1
10003430456|7
10003430457|9
10003430470|2
10003430485|3
10003430491|4
10003430493|6
10003430494|9
10003430511|3
10003430513|2
10003430520|1
10003430522|8
10003430524|3
10003430531|3
10003430534|5
10003430542|0
10003430544|5
10003430563|4
10003430565|0
10003430584|2
10003430585|8
10003430587|1
10003430589|0
10003430591|4
10003430601|4
10003430606|5
10003430609|5
10003430610|1
10003430615|8
10003430616|5
10003430618|6
10003430620|7
10003430625|0
10003430630|5
10003430636|3
10003430637|9
10003430640|8
10003430648|5
10003430649|8
10003430658|0
10003430699|0
10003430990|0
10003431006|9
10003431027|9
10003431566|9
10003431573|8
10003431585|6
10003431594|0
10003431603|4
10003431658|8
10003431745|5
10003431874|3
10003431898|6
10003431910|3
10003431925|9
10003431928|4
10003431936|2
10003431946|1
10003431951|9
10003431964|6
10003431979|7
10003431981|3
10003431987|4
10003431997|6
10003432001|2
10003432007|1
10003432014|9
10003432025|6
10003432034|6
10003432053|7
10003432324|0
10003432328|8
10003432332|2
10003432335|5
10003432377|2
10003432381|8
10003432383|8
10003432388|5
10003432392|2
10003432407|5
10003432414|7
10003432418|0
10003432427|2
10003432437|4
10003432442|2
10003432445|5
10003432577|5
10003432583|4
10003432587|6
10003432597|9
10003432602|9
10003432612|1
10003432617|8
10003432619|3
10003432622|8
10003432626|9
10003432629|1
10003432632|8
10003432634|4
10003432642|9
10003432658|1
10003432662|6
10003432664|0
10003432676|5
10003432749|3
10003432752|6
10003432767|8
10003432775|0
10003432789|5
10003432790|2
10003432829|6
10003432843|5
10003432851|1
10003432872|2
10003432890|2
10003432899|9
10003432901|4
10003432907|4
10003432933|9
10003432945|1
10003432960|2
10003432991|1
10003433031|2
10003433045|5
10003433048|2
10003433052|2
10003433060|7
10003433067|6
10003433099|0
10003433100|2
10003433105|8
10003433150|0
10003433219|1
10003433323|6
10003433324|9
10003433325|7
10003433326|6
10003433327|9
10003433485|9
10003433504|5
10003433552|1
10003433556|6
10003433561|0
10003433571|8
10003433580|8
10003433582|6
10003433583|0
10003433589|7
10003433593|7
10003433596|9
10003433598|3
10003433606|3
10003433609|6
10003433618|8
10003433671|2
10003433679|2
10003433685|4
10003433736|9
10003433826|8
10003433848|2
10003433850|4
10003433855|0
10003433858|2
10003433880|1
10003433887|2
10003433959|5
10003433960|7
10003433961|8
10003433971|6
10003433976|4
10003433991|1
10003434005|8
10003434135|3
10003434189|7
10003434226|6
10003434231|6
10003434289|2
10003434298|7
10003434307|1
10003434316|2
10003434329|9
10003434393|1
10003434407|4
10003434414|2
10003434428|3
10003434613|4
10003434706|5
10003434843|6
10003434845|0
10003434849|7
10003434852|5
10003434853|1
10003434859|4
10003434946|7
10003434988|0
10003435053|9
10003435090|4
10003435097|8
10003435165|9
10003435173|2
10003435185|2
10003435257|6
10003435285|2
10003435289|8
10003435291|8
10003435293|3
10003435322|7
10003435334|4
10003435351|0
10003435357|0
10003435407|7
10003435416|3
10003435419|4
10003435426|4
10003435427|1
10003435431|5
10003435432|6
10003435435|6
10003435442|5
10003435447|9
10003435451|3
10003435452|6
10003435485|1
10003435498|3
10003435592|8
10003435600|8
10003435606|0
10003435614|2
10003435868|9
10003435874|7
10003435879|9
10003435885|4
10003435895|2
10003435900|6
10003435905|1
10003435910|0
10003436054|0
10003436060|6
10003436062|9
10003436066|2
10003436067|5
10003436068|5
10003436163|7
10003436192|9
10003436294|9
10003436295|6
10003436301|3
10003436625|2
10003436732|6
10003436770|3
10003436794|5
10003436874|2
10003436875|3
10003436876|1
10003436877|2
10003436879|0
10003437194|3
10003437238|5
10003437253|3
10003437268|9
10003437280|3
10003437287|3
10003437302|3
10003437447|4
10003437472|1
10003437589|0
10003437593|2
10003437597|5
10003437606|0
10003437768|9
10003438380|7
10003438419|0
10003438564|8
10003439979|0
10003439984|0
10003439992|2
10003440010|7
10003440038|2
10003440059|1
10003440122|0
10003440194|5
10003440205|8
10003440242|3
10003440838|8
10003440874|2
10003441020|5
10003441162|8
10003441175|5
10003441180|1
10003441183|7
10003441189|1
10003441214|3
10003441252|2
10003441270|9
10003441287|5
10003441402|6
10003442411|6
10003442435|4
10003442519|6
10003442554|7
10003442707|9
10003442758|2
10003442773|9
10003442775|3
10003442776|1
10003442785|4
10003442789|3
10003443270|0
10003443281|5
10003443331|5
10003443361|4
10003444393|0
10003444396|9
10003444480|3
10003444523|4
10003444743|2
10003444748|5
10003444760|3
10003445736|1
10003445757|1
10003445765|3
10003445770|5
10003446039|0
10003446414|3
10003446437|6
10003446464|6
10003446713|4
10003446715|3
10003446800|4
10003446801|6
10003446802|3
10003446803|0
10003446804|2
10003446805|6
10003446806|4
10003446938|4
10003446955|0
10003446971|5
10003447035|8
10003447121|3
10003447130|9
10003447145|4
10003447150|9
10003447166|5
10003447212|3
10003447226|7
10003447230|3
10003447265|0
10003447273|8
10003447275|2
10003447365|8
10003447393|0
10003447400|6
10003447403|4
10003447404|6
10003447405|4
10003447408|6
10003447415|8
10003447431|0
10003447434|4
10003447438|2
10003447443|3
10003447450|8
10003447550|2
10003447564|7
10003447748|7
10003447751|4
10003447754|2
10003447758|3
10003447762|2
10003447764|3
10003447773|3
10003447774|6
10003447827|4
10003447832|1
10003447842|3
10003447920|6
10003447929|7
10003447938|7
10003447962|6
10003447993|2
10003448113|9
10003448140|7
10003448157|5
10003448165|1
10003448170|5
10003448209|0
10003448211|6
10003448215|0
10003448220|7
10003448262|2
10003448268|1
10003448274|6
10003448284|3
10003448289|9
10003448295|9
10003448297|6
10003448299|9
10003448304|6
10003448322|8
10003448331|2
10003448337|9
10003448346|8
10003448349|7
10003448354|1
10003448360|0
10003448376|2
10003448384|5
10003448396|4
10003448399|5
10003448404|9
10003448428|7
10003448438|9
10003448446|7
10003448455|5
10003448461|2
10003448466|0
10003448474|9
10003448479|4
10003448527|7
10003448532|0
10003448537|5
10003448552|1
10003448559|2
10003448561|8
10003448577|0
10003448658|0
10003448752|7
10003448761|6
10003448767|7
10003448772|8
10003448775|7
10003448780|3
10003448836|4
10003448839|1
10003448872|2
10003448902|2
10003448906|4
10003448916|4
10003448917|5
10003448931|2
10003448947|9
10003448950|4
10003448955|4
10003448958|3
10003448965|5
10003448969|1
10003448974|9
10003448977|6
10003448978|1
10003448996|3
10003449002|3
10003449099|7
10003449114|4
10003449116|7
10003449129|3
10003449131|7
10003449162|2
10003449193|6
10003449206|3
10003449222|8
10003449223|5
10003449228|4
10003449231|3
10003449239|5
10003449248|6
10003449254|7
10003449266|5
10003449291|7
10003449301|6
10003449324|0
10003449334|8
10003449359|4
10003449369|3
10003449370|9
10003449480|5
10003449481|8
10003449482|9
10003449483|5
10003449485|7
10003449486|6
10003449487|5
10003449488|8
10003449489|0
10003449490|5
10003449492|0
10003449701|1
10003449724|4
10003449730|6
10003449734|4
10003449738|2
10003449746|9
10003449755|9
10003449813|5
10003449857|0
10003449932|7
10003449939|5
10003449944|6
10003449954|7
10003450238|9
10003450499|5
10003450505|2
10003450520|2
10003450523|2
10003450528|9
10003450531|9
10003450540|3
10003450569|1
10003450573|5
10003450871|6
10003450888|5
10003450893|2
10003450896|4
10003450911|2
10003450917|4
10003450919|2
10003450921|0
10003450926|0
10003450929|3
10003450930|0
10003450969|1
10003450970|3
10003450974|7
10003450975|8
10003450978|5
10003450979|9
10003450980|3
10003450981|8
10003450982|6
10003450983|2
10003450985|5
10003450987|7
10003450990|3
10003451048|7
10003451050|7
10003451233|2
10003451358|5
10003451364|9
10003451377|5
10003451385|8
10003451390|7
10003451398|0
10003451407|6
10003451478|2
10003451505|5
10003451620|4
10003451624|4
10003451632|5
10003451694|5
10003451699|4
10003451718|7
10003451830|5
10003451831|3
10003451832|7
10003451833|8
10003451834|9
10003451835|9
10003451836|6
10003451837|3
10003451838|5
10003451839|8
10003451840|3
10003451841|8
10003451842|4
10003451843|6
10003451844|9
10003451845|4
10003452158|8
10003452603|4
10003452610|2
10003453274|0
10003453448|1
10003453460|7
10003453733|0
10003453748|6
10003453764|8
10003453777|7
10003453782|6
10003453868|5
10003453876|5
10003453877|2
10003453879|3
10003453881|1
10003453887|2
10003453890|5
10003453897|9
10003453899|1
10003454059|6
10003454063|7
10003454078|4
10003454092|6
10003454102|0
10003454115|2
10003454131|8
10003454137|2
10003454304|5
10003454321|3
10003454329|6
10003454344|2
10003454448|3
10003454451|8
10003454456|1
10003454458|8
10003454460|3
10003454461|6
10003454515|5
10003454518|0
10003454523|2
10003454524|9
10003454538|7
10003454549|3
10003454557|7
10003454574|6
10003454651|2
10003454668|5
10003454675|2
10003454677|0
10003454692|2
10003454708|0
10003454718|8
10003454721|1
10003454920|3
10003454925|3
10003454926|0
10003454929|6
10003454933|4
10003454937|7
10003454947|2
10003454952|9
10003454986|4
10003454988|8
10003455010|8
10003455013|0
10003455021|2
10003455026|0
10003455030|0
10003455032|2
10003455035|5
10003455037|8
10003455041|1
10003455054|7
10003455068|4
10003455076|6
10003455245|0
10003455262|1
10003455265|3
10003455271|2
10003455272|2
10003455285|7
10003455291|6
10003455304|8
10003455343|3
10003455361|3
10003455374|5
10003455387|6
10003455396|4
10003455411|7
10003455429|4
10003455808|6
10003455943|6
10003455965|0
10003455983|2
10003455986|8
10003456005|7
10003456039|4
10003456049|7
10003456055|3
10003456061|4
10003456062|3
10003456063|4
10003456066|7
10003456068|1
10003456071|5
10003456076|3
10003456092|3
10003456103|5
10003456110|3
10003456247|9
10003456266|0
10003456276|2
10003456281|3
10003456316|2
10003456320|8
10003456322|0
10003456327|2
10003456331|0
10003456333|1
10003456360|4
10003456371|0
10003456383|9
10003456385|0
10003456402|3
10003456409|0
10003456411|2
10003456418|7
10003456433|2
10003456435|1
10003456438|9
10003456442|3
10003456445|3
10003456659|4
10003456991|6
10003457008|6
10003457015|6
10003457437|7
10003457443|8
10003457495|8
10003457534|7
10003457621|1
10003457633|4
10003457640|3
10003457648|5
10003457658|2
10003457670|5
10003457890|7
10003458025|6
10003458031|9
10003458032|8
10003458037|9
10003458080|2
10003458282|8
10003458288|8
10003458306|0
10003458314|2
10003458576|1
10003458740|4
10003458753|2
10003458771|3
10003458785|8
10003458794|2
10003458796|0
10003458803|3
10003458809|9
10003458814|2
10003458820|2
10003458824|8
10003458828|4
10003458832|3
10003458842|2
10003458845|4
10003458846|7
10003458848|9
10003458855|4
10003458865|7
10003458868|4
10003458873|0
10003459126|6
10003459129|7
10003459132|0
10003459197|4
10003459198|9
10003459200|0
10003459201|4
10003459202|4
10003459203|2
10003459204|1
10003459205|0
10003459313|1
10003459325|2
10003459328|2
10003459330|7
10003459335|0
10003459342|0
10003459353|7
10003459360|1
10003459382|4
10003459417|0
10003459422|4
10003459479|6
10003459488|7
10003459496|1
10003459541|9
10003459622|9
10003459633|7
10003459701|3
10003459712|0
10003459731|9
10003460033|5
10003460110|3
10003460162|4
10003460243|9
10003460247|4
10003460252|6
10003460257|8
10003460325|8
10003460326|8
10003460327|2
10003460330|6
10003460332|1
10003460336|6
10003460338|3
10003460343|4
10003460344|4
10003460345|6
10003460346|3
10003460347|2
10003460351|7
10003460353|1
10003460354|9
10003460356|9
10003460360|6
10003460362|4
10003460367|0
10003460369|1
10003460378|6
10003460383|4
10003460387|4
10003460391|5
10003460395|4
10003460403|6
10003460421|0
10003460449|7
10003460458|0
10003460459|2
10003460460|9
10003460465|8
10003460468|4
10003460473|1
10003460476|0
10003460482|5
10003460486|2
10003460490|6
10003460492|5
10003460495|9
10003460498|5
10003460687|3
10003460688|9
10003460689|7
10003460690|7
10003460691|8
10003460692|0
10003461063|3
10003461066|0
10003461069|4
10003461103|0
10003461105|0
10003461106|5
10003461145|4
10003461146|2
10003461147|2
10003461148|1
10003461149|6
10003461150|8
10003461152|5
10003461243|5
10003461257|4
10003461261|8
10003461263|4
10003461266|5
10003461269|6
10003461270|4
10003461271|9
10003461272|7
10003461284|3
10003461291|4
10003461333|9
10003461339|5
10003461346|6
10003461352|3
10003461353|2
10003461385|5
10003461388|3
10003461394|3
10003461413|0
10003461423|8
10003461433|6
10003461451|4
10003461547|7
10003461548|0
10003461551|2
10003461553|7
10003461564|0
10003461604|2
10003461656|4
10003461708|4
10003461802|3
10003461810|0
10003461811|1
10003461812|9
10003461816|2
10003461849|3
10003461861|5
10003461863|3
10003462350|7
10003462514|6
10003462517|3
10003462519|0
10003462523|0
10003462527|8
10003462530|4
10003462532|1
10003462535|9
10003462544|5
10003462548|4
10003462549|3
10003462579|7
10003462596|5
10003462609|0
10003462637|4
10003462729|1
10003462746|1
10003462775|0
10003464108|6
10003464115|7
10003464186|0
10003464240|1
10003464242|1
10003464246|1
10003464272|1
10003464274|1
10003464278|9
10003464283|0
10003464285|3
10003464288|1
10003464295|5
10003464299|8
10003464305|5
10003464307|0
10003464311|3
10003464316|8
10003464324|5
10003464330|8
10003464336|1
10003464344|7
10003464348|8
10003464352|7
10003464385|4
10003464390|3
10003464394|2
10003465282|5
10003465288|9
10003465403|7
10003465407|9
10003465470|4
10003465477|9
10003465479|0
10003465482|6
10003465484|4
10003465689|4
10003465722|9
10003465723|6
10003465751|6
10003465756|4
10003465761|1
10003465814|7
10003465823|2
10003465827|5
10003465841|3
10003465869|2
10003465882|3
10003465914|5
10003465945|7
10003466130|2
10003466145|5
10003466178|3
10003466179|3
10003466181|8
10003466182|4
10003466184|0
10003466193|4
10003466309|3
10003466320|7
10003466595|9
10003466739|6
10003466816|7
10003466948|4
10003466949|2
10003466950|6
10003466952|4
10003466965|5
10003466967|5
10003466968|5
10003466969|6
10003466970|1
10003466971|0
10003467007|8
10003467008|1
10003467012|8
10003467015|2
10003467196|1
10003467225|8
10003467232|4
10003467239|1
10003467370|1
10003467383|0
10003467399|8
10003467417|9
10003467426|9
10003467432|4
10003467445|5
10003467492|1
10003467876|7
10003467890|8
10003467900|1
10003467908|1
10003467912|6
10003467918|9
10003468002|5
10003468011|0
10003468013|7
10003468021|1
10003468025|9
10003468028|6
10003468032|1
10003468041|4
10003468044|7
10003468060|6
10003468066|7
10003468156|2
10003468162|3
10003468170|3
10003468173|0
10003468176|9
10003468180|9
10003468182|6
10003468218|9
10003468220|7
10003468223|8
10003468236|7
10003468332|6
10003468340|1
10003468343|0
10003468344|6
10003468346|1
10003468347|0
10003468349|6
10003468351|6
10003468355|2
10003468358|4
10003468359|9
10003468364|3
10003468365|0
10003468371|2
10003468388|6
10003468389|7
10003468396|8
10003468419|2
10003468425|0
10003468428|3
10003468430|3
10003468431|5
10003468433|3
10003468437|3
10003468438|3
10003468440|4
10003468450|0
10003468453|3
10003468455|7
10003468456|4
10003468457|3
10003468458|2
10003468460|4
10003468462|0
10003468463|4
10003468464|7
10003468689|6
10003468697|4
10003468722|9
10003468800|9
10003469100|9
10003469239|3
10003469254|1
10003469279|7
10003469295|1
10003469339|7
10003469352|5
10003469377|3
10003469382|1
10003469387|3
10003469464|6
10003469479|8
10003469533|7
10003469535|8
10003469537|7
10003469545|6
10003469547|8
10003469550|6
10003469555|3
10003469570|4
10003469616|3
10003469646|5
10003469656|9
10003470062|6
10003470081|5
10003470094|0
10003470110|1
10003470126|4
10003470191|6
10003470202|7
10003470287|9
10003470290|3
10003470299|1
10003470307|8
10003470311|5
10003470465|2
10003470479|7
10003470484|7
10003470488|8
10003470491|4
10003470500|4
10003470506|1
10003470514|9
10003470526|6
10003470531|5
10003470545|5
10003470547|2
10003470549|7
10003470551|2
10003470555|8
10003470556|1
10003470624|3
10003470677|9
10003470681|6
10003470682|6
10003470687|6
10003470723|9
10003470724|8
10003470729|4
10003471044|6
10003471050|0
10003471065|0
10003471066|4
10003471078|6
10003471095|5
10003471117|4
10003471147|1
10003471149|7
10003471154|0
10003471158|7
10003471161|6
10003471167|9
10003471262|0
10003471268|6
10003471271|7
10003471273|5
10003471334|9
10003471335|0
10003471380|8
10003471517|5
10003471531|9
10003471536|4
10003471592|0
10003471633|4
10003471645|7
10003471652|6
10003471707|7
10003471733|1
10003471741|7
10003471775|4
10003471781|9
10003471790|5
10003471801|8
10003471808|6
10003471830|3
10003471845|2
10003471856|7
10003471896|6
10003471943|8
10003471961|2
10003471966|5
10003471974|2
10003472223|8
10003472226|0
10003472258|1
10003472262|8
10003472294|1
10003472301|8
10003472421|2
10003472425|3
10003472427|9
10003472440|5
10003472441|4
10003472443|8
10003472444|3
10003472614|2
10003472760|6
10003472778|9
10003472795|6
10003472803|0
10003472817|4
10003472823|5
10003472829|9
10003472841|5
10003472852|0
10003472853|7
10003472856|7
10003472860|2
10003472865|0
10003472876|5
10003472882|8
10003472887|1
10003472892|0
10003472897|7
10003472913|9
10003472918|3
10003472923|1
10003472927|3
10003472936|7
10003472942|2
10003472955|6
10003472981|6
10003472986|7
10003472994|2
10003472997|3
10003473001|4
10003473006|9
10003473011|1
10003473013|2
10003473030|9
10003473033|8
10003473035|8
10003473043|1
10003473048|8
10003473051|0
10003473108|1
10003473330|3
10003473341|4
10003473344|0
10003473349|4
10003473355|4
10003473370|6
10003473375|8
10003473405|0
10003473406|5
10003473409|5
10003473423|1
10003473444|7
10003473454|3
10003473459|1
10003473464|4
10003473469|8
10003473472|4
10003473520|5
10003473526|8
10003473528|9
10003473532|2
10003473536|6
10003473538|3
10003473547|5
10003473553|1
10003473554|1
10003473563|0
10003473583|1
10003473587|0
10003473591|0
10003473606|7
10003473607|0
10003473613|5
10003473619|1
10003473624|1
10003473667|5
10003473680|3
10003473687|7
10003473692|1
10003473694|3
10003473700|3
10003473702|6
10003473705|6
10003473856|6
10003473866|8
10003473874|0
10003473883|5
10003473998|3
10003474008|1
10003474013|8
10003474014|0
10003474015|8
10003474017|2
10003474018|4
10003474019|7
10003474020|7
10003474022|5
10003474024|4
10003474032|4
10003474033|6
10003474099|4
10003474146|6
10003474170|0
10003474173|7
10003474177|9
10003474186|6
10003474187|5
10003474188|9
10003474191|3
10003474194|6
10003474199|6
10003474200|9
10003474201|3
10003474206|5
10003474209|2
10003474213|3
10003474217|4
10003474246|0
10003474249|5
10003474252|3
10003474257|8
10003474267|1
10003474277|4
10003474283|0
10003474311|1
10003474321|5
10003474435|5
10003474438|8
10003474652|6
10003474653|0
10003474669|3
10003474672|5
10003474941|3
10003474943|8
10003474975|1
10003474976|5
10003474979|4
10003474982|0
10003474983|6
10003474984|2
10003474985|0
10003475069|2
10003475118|3
10003475123|1
10003475167|9
10003475238|3
10003475266|4
10003475279|4
10003475285|3
10003475287|0
10003475292|3
10003475299|2
10003475310|7
10003475331|6
10003475346|1
10003475350|6
10003475355|1
10003475409|1
10003475416|0
10003475422|4
10003475428|6
10003475454|7
10003475471|4
10003475489|4
10003475497|2
10003475506|9
10003475539|3
10003475549|6
10003475573|2
10003475575|2
10003475579|1
10003475587|1
10003475593|3
10003475603|9
10003475612|3
10003475661|5
10003475813|6
10003475853|3
10003475857|6
10003475863|4
10003475895|9
10003475935|4
10003476056|7
10003476072|7
10003476091|2
10003476117|4
10003476125|6
10003476154|8
10003476160|5
10003476165|1
10003476175|7
10003476180|5
10003476185|3
10003476222|6
10003476229|4
10003476231|8
10003476233|0
10003476237|0
10003476249|7
10003476316|4
10003476331|2
10003476337|2
10003476347|6
10003476351|5
10003476366|4
10003476382|1
10003476386|2
10003476391|0
10003476393|1
10003476494|2
10003476495|9
10003476496|7
10003476497|6
10003476498|5
10003476499|5
10003476500|2
10003476501|9
10003476580|8
10003476583|6
10003476584|2
10003476588|0
10003476609|5
10003477104|6
10003477387|9
10003477416|9
10003477420|7
10003477534|8
10003479154|4
10003479432|8
10003479619|7
10003479620|8
10003479621|4
10003479622|9
10003479623|5
10003479624|6
10003479625|3
10003479626|6
10003479716|7
10003479723|8
10003479794|0
10003479808|6
10003479933|3
10003479946|4
10003479950|9
10003479951|7
10003479962|0
10003479965|6
10003480000|3
10003480010|7
10003480016|3
10003480018|9
10003480019|8
10003480030|6
10003480038|9
10003480041|5
10003480047|9
10003480057|5
10003480058|0
10003480066|6
10003480083|0
10003480089|1
10003480098|5
10003480102|0
10003480144|8
10003480155|1
10003480159|8
10003480171|8
10003480184|7
10003480194|9
10003480217|5
10003480223|0
10003480231|2
10003480291|0
10003480298|0
10003480299|7
10003480961|7
10003480978|7
10003480986|6
10003480998|3
10003481020|1
10003481041|9
10003481045|0
10003481057|8
10003481080|0
10003481479|8
10003481697|1
10003481737|9
10003481741|3
10003481751|5
10003481758|7
10003481806|5
10003481810|6
10003481816|5
10003481824|0
10003481849|4
10003481864|8
10003481913|9
10003481918|8
10003481962|7
10003481966|5
10003481973|4
10003481987|3
10003482006|0
10003482013|3
10003482026|9
10003482037|5
10003482042|8
10003482116|5
10003482137|7
10003482165|9
10003482166|2
10003482167|5
10003482169|2
10003482179|2
10003482181|1
10003482185|7
10003482186|8
10003482188|3
10003482428|2
10003482435|2
10003482457|4
10003482480|1
10003482498|1
10003482500|4
10003482502|0
10003482506|2
10003482512|4
10003482517|4
10003482523|7
10003482526|4
10003482531|8
10003482599|6
10003482610|5
10003482843|4
10003482859|8
10003482960|4
10003482967|1
10003482970|6
10003482978|3
10003482980|6
10003482989|1
10003482993|5
10003483000|1
10003483004|5
10003483014|7
10003483027|0
10003483028|6
10003483035|4
10003483037|5
10003483044|2
10003483050|3
10003483059|3
10003483073|4
10003483076|4
10003483084|9
10003483090|1
10003483093|8
10003483096|8
10003483667|7
10003483702|3
10003483855|7
10003483869|6
10003484027|4
10003484062|9
10003484069|7
10003484075|4
10003484082|8
10003484088|7
10003484090|3
10003484098|3
10003484100|3
10003484109|0
10003484111|9
10003484116|3
10003484120|9
10003484126|8
10003484134|0
10003484164|3
10003484173|0
10003484182|4
10003484192|6
10003484199|0
10003484204|5
10003484210|8
10003484263|7
10003484278|1
10003484280|1
10003484282|0
10003484285|4
10003484291|6
10003484302|5
10003484368|4
10003484681|6
10003484685|2
10003484699|0
10003484707|0
10003484767|2
10003484785|9
10003484797|4
10003484829|6
10003484836|1
10003484842|0
10003484845|6
10003484851|6
10003484854|7
10003484870|9
10003484881|5
10003484887|5
10003484894|5
10003484895|6
10003484902|5
10003484905|4
10003484910|2
10003484912|4
10003484915|6
10003484933|0
10003484940|0
10003484956|4
10003484958|9
10003484973|2
10003484978|8
10003485056|3
10003485058|0
10003485060|6
10003485061|3
10003485063|0
10003485067|5
10003485069|3
10003485077|8
10003485078|0
10003485081|1
10003485096|1
10003485101|2
10003485109|6
10003485118|4
10003485119|5
10003485139|1
10003485147|1
10003485159|5
10003485170|7
10003485176|3
10003485193|9
10003485265|2
10003485279|1
10003485282|4
10003485351|3
10003485362|7
10003485583|8
10003485957|6
10003485968|5
10003486025|4
10003486176|3
10003486181|9
10003486194|3
10003486199|8
10003486243|1
10003486258|1
10003486264|0
10003486265|2
10003486274|9
10003486281|1
10003486282|3
10003486283|2
10003486287|1
10003486289|1
10003486296|5
10003486302|4
10003486304|9
10003486308|0
10003486312|9
10003486322|0
10003486327|4
10003486328|2
10003486335|4
10003486338|7
10003486341|5
10003486342|3
10003486344|7
10003486347|8
10003486357|3
10003486377|5
10003486413|0
10003486418|5
10003486420|1
10003486434|0
10003486438|7
10003486441|3
10003486442|7
10003486444|6
10003486446|9
10003486448|2
10003486451|2
10003486454|7
10003486456|0
10003486458|9
10003486577|9
10003486610|3
10003486625|1
10003486636|6
10003486715|0
10003486864|4
10003486874|8
10003486877|5
10003486885|6
10003486970|3
10003486971|8
10003486972|3
10003486975|6
10003486978|7
10003486979|1
10003486984|8
10003486986|3
10003486987|1
10003486991|1
10003486994|0
10003487000|2
10003487003|6
10003487012|0
10003487091|6
10003487106|7
10003487119|7
10003487488|5
10003487832|4
10003487834|3
10003487836|4
10003487837|1
10003487839|3
10003487840|8
10003487845|0
10003487846|0
10003487847|7
10003487848|6
10003487849|5
10003487850|0
10003487991|3
10003488012|6
10003488015|8
10003488050|4
10003488067|5
10003488177|5
10003488184|0
10003488214|6
10003488454|5
10003488457|4
10003488462|4
10003488466|1
10003488478|0
10003488486|3
10003488492|0
10003488509|6
10003488519|6
10003488522|0
10003488525|0
10003488540|1
10003488551|1
10003488555|7
10003488561|8
10003488565|6
10003488570|2
10003488580|6
10003488584|8
10003488590|6
10003488594|9
10003488598|2
10003488604|6
10003488642|3
10003488644|5
10003488648|7
10003488788|7
10003488820|6
10003488911|7
10003488935|8
10003488969|2
10003489022|1
10003489319|8
10003489326|1
10003489331|0
10003489481|5
10003489495|6
10003489520|3
10003490049|0
10003490257|7
10003490372|0
10003490390|1
10003490393|1
10003490394|3
10003490397|8
10003490404|0
10003490408|1
10003490413|6
10003490414|6
10003490419|6
10003490420|7
10003490425|1
10003490428|8
10003490429|3
10003490833|9
10003491086|8
10003491095|9
10003491097|1
10003491101|9
10003491106|8
10003491109|5
10003491112|0
10003491115|4
10003491145|4
10003491151|6
10003491154|6
10003491158|6
10003491164|3
10003491166|7
10003491169|2
10003491178|5
10003491185|3
10003491189|3
10003491190|5
10003491231|4
10003491777|5
10003491785|7
10003491794|4
10003491803|1
10003491821|3
10003491826|9
10003491829|9
10003491835|0
10003491840|2
10003491841|9
10003491851|0
10003491852|7
10003491853|4
10003491854|1
10003491855|0
10003491856|5
10003491908|7
10003491994|7
10003491997|0
10003492007|4
10003492025|2
10003492031|8
10003492034|2
10003492058|3
10003492060|0
10003492062|0
10003492066|6
10003492073|4
10003492075|6
10003492080|9
10003492083|9
10003492086|7
10003492091|8
10003492277|6
10003492285|0
10003492288|5
10003492290|9
10003492291|9
10003492292|7
10003492294|2
10003492298|0
10003492302|6
10003492305|5
10003492309|0
10003492317|3
10003492319|2
10003492327|1
10003492331|8
10003492332|7
10003492343|1
10003492350|7
10003492355|6
10003492360|5
10003492362|1
10003492364|5
10003492369|4
10003492372|7
10003492375|8
10003492377|0
10003492378|3
10003492380|1
10003492388|4
10003492391|1
10003492394|7
10003492398|0
10003492413|3
10003492437|5
10003492442|4
10003492444|6
10003492449|3
10003492455|3
10003492463|2
10003492465|3
10003492477|7
10003492479|5
10003492483|2
10003492488|2
10003492491|4
10003492495|9
10003492496|6
10003492501|0
10003492507|7
10003492508|3
10003492513|7
10003492516|0
10003492518|5
10003492519|3
10003492521|1
10003492524|1
10003492555|2
10003492556|9
10003492558|2
10003492559|4
10003492560|8
10003492784|7
10003492804|7
10003492832|2
10003492969|3
10003492971|5
10003493005|1
10003493018|9
10003493026|9
10003493169|3
10003493483|1
10003495033|5
10003495480|1
10003495605|9
10003495606|9
10003495622|6
10003495633|7
10003495640|4
10003495659|6
10003495682|0
10003495689|1
10003495695|1
10003495704|0
10003495712|3
10003495786|2
10003495793|7
10003495871|9
10003495877|6
10003495892|5
10003495896|9
10003495908|5
10003495911|8
10003495916|6
10003495918|4
10003495927|7
10003495932|4
10003495936|0
10003495945|0
10003495956|1
10003495965|1
10003495976|6
10003495985|9
10003496080|0
10003496857|2
10003496922|1
10003497046|5
10003497054|6
10003497064|3
10003497068|2
10003497079|5
10003497085|2
10003497087|5
10003497090|5
10003497096|8
10003497101|6
10003497103|9
10003497107|1
10003497112|2
10003497120|5
10003497124|6
10003497130|6
10003497136|6
10003497142|0
10003497602|2
10003497625|5
10003497656|3
10003497760|8
10003497841|8
10003497842|7
10003497918|0
10003497923|4
10003497928|8
10003497937|2
10003497945|9
10003497951|5
10003497954|9
10003497956|0
10003497959|6
10003497974|0
10003498003|5
10003498118|1
10003498140|4
10003498145|9
10003498148|3
10003498152|3
10003498170|9
10003498197|8
10003499050|6
10003499211|3
10003499213|7
10003499528|9
10003499735|4
10003500008|2
10003500018|8
10003500024|6
10003500046|5
10003500054|7
10003500061|1
10003500113|6
10003500115|7
10003500167|6
10003500173|6
10003500290|3
10003500294|3
10003500300|3
10003500327|9
10003500813|8
10003501162|8
10003501164|9
10003501167|6
10003501293|2
10003501296|9
10003501313|6
10003501329|6
10003501515|1
10003501715|0
10003501717|6
10003501729|5
10003501857|5
10003502418|2
10003502447|6
10003502450|3
10003502514|8
10003502520|2
10003502625|1
10003502633|3
10003502649|3
10003502705|0
10003502796|3
10003502801|2
10003502808|3
10003502825|1
10003502832|6
10003502838|8
10003502841|8
10003502843|9
10003502849|5
10003502852|6
10003502865|3
10003502870|1
10003502894|9
10003502898|2
10003502907|3
10003502917|7
10003502927|5
10003502933|9
10003502941|2
10003502956|3
10003502962|8
10003502967|2
10003502990|7
10003503005|2
10003503362|2
10003503369|0
10003503375|6
10003503379|3
10003503386|3
10003503442|7
10003503447|5
10003503455|7
10003503487|3
10003503823|5
10003503830|2
10003503835|4
10003503852|8
10003503866|8
10003503869|8
10003503912|6
10003503913|6
10003504373|8
10003504443|7
10003504446|4
10003504461|1
10003504480|6
10003504659|2
10003504669|7
10003504689|6
10003504716|2
10003504760|0
10003504762|6
10003504765|7
10003504771|1
10003504773|3
10003504774|8
10003504775|4
10003504776|3
10003504800|3
10003505220|1
10003505258|9
10003505263|7
10003505300|4
10003505310|6
10003505322|1
10003505333|3
10003505359|4
10003505441|3
10003505625|4
10003505655|5
10003505657|1
10003506333|3
10003506374|9
10003506394|8
10003506505|6
10003506506|7
10003506510|2
10003506513|6
10003506517|1
10003506519|0
10003506525|0
10003506561|9
10003506570|8
10003506582|8
10003506608|1
10003507015|2
10003507027|4
10003507032|0
10003507036|0
10003507042|4
10003507054|9
10003507060|5
10003507071|4
10003507077|8
10003507166|1
10003507177|3
10003507184|8
10003507191|3
10003507197|3
10003507215|0
10003507357|9
10003507768|4
10003507783|0
10003507792|6
10003508056|9
10003508065|8
10003508782|8
10003508810|4
10003508818|5
10003508898|6
10003508903|3
10003508907|2
10003508911|1
10003508920|2
10003508931|2
10003508939|7
10003508942|0
10003509116|9
10003509211|2
10003509224|7
10003509228|7
10003509232|0
10003509241|7
10003509248|7
10003509264|2
10003509268|1
10003509289|7
10003509332|1
10003509872|0
10003509878|8
10003509889|8
10003509894|1
10003509898|5
10003509940|8
10003509966|4
10003509986|2
10003510344|8
10003510355|7
10003510381|3
10003510413|7
10003510710|7
10003510713|9
10003510718|0
10003510725|7
10003510736|8
10003510775|1
10003510778|9
10003510779|4
10003510788|8
10003510790|2
10003510795|5
10003510799|4
10003510802|3
10003510803|4
10003510810|3
10003510812|7
10003510822|4
10003510827|2
10003510834|6
10003510845|1
10003511728|4
10003511738|5
10003511744|7
10003511757|5
10003511759|0
10003511777|9
10003511784|7
10003511794|2
10003511849|9
10003511861|9
10003512147|1
10003512159|4
10003512318|9
10003512535|2
10003512540|2
10003512560|2
10003512567|6
10003512574|9
10003512580|6
10003512588|5
10003512695|8
10003512716|3
10003512724|5
10003512754|0
10003512779|6
10003512787|4
10003512799|2
10003512813|1
10003512947|5
10003512956|6
10003513062|0
10003513075|3
10003513096|7
10003513101|4
10003513117|1
10003513130|9
10003513186|3
10003513191|3
10003513194|6
10003513203|9
10003513319|6
10003513322|3
10003513323|4
10003513385|7
10003513968|3
10003514363|8
10003514385|8
10003514448|2
10003514519|2
10003514784|6
10003514787|8
10003514795|0
10003514797|4
10003514800|5
10003514824|0
10003514830|5
10003514844|0
10003514850|7
10003514854|2
10003514862|4
10003514865|1
10003514869|5
10003515413|5
10003515463|0
10003515479|6
10003515518|8
10003515528|2
10003515538|8
10003515546|5
10003515793|8
10003515821|1
10003515828|1
10003516230|4
10003516276|0
10003516277|1
10003516285|7
10003516298|2
10003516333|1
10003516363|3
10003516387|0
10003516443|5
10003516483|9
10003516488|8
10003516491|2
10003516630|2
10003516636|9
10003516646|9
10003516649|9
10003516655|8
10003516661|6
10003516668|1
10003516673|8
10003516678|6
10003516685|3
10003516691|1
10003516693|0
10003516698|9
10003516700|1
10003516705|7
10003516707|9
10003516709|6
10003516711|5
10003516807|0
10003517208|4
10003517475|7
10003517477|5
10003517481|3
10003517484|3
10003517490|0
10003517492|7
10003517499|1
10003517502|8
10003517504|5
10003517526|9
10003517587|0
10003517590|9
10003517854|3
10003517949|5
10003517954|4
10003517956|4
10003517964|3
10003518015|3
10003518022|0
10003518025|8
10003519170|8
10003519177|0
10003519188|6
10003519242|2
10003519253|3
10003519260|3
10003519267|4
10003519293|6
10003519298|3
10003519301|1
10003519331|1
10003519380|8
10003519387|6
10003519399|5
10003519407|8
10003519413|6
10003519447|7
10003519456|1
10003519460|4
10003519465|2
10003519477|7
10003519493|9
10003519502|6
10003519514|5
10003519516|5
10003519519|6
10003519523|3
10003519536|5
10003519564|1
10003519569|7
10003519578|1
10003519792|7
10003519796|2
10003519803|0
10003519806|9
10003519809|9
10003519813|4
10003519824|6
10003519831|7
10003519861|5
10003519865|8
10003519868|2
10003519870|0
10003519873|6
10003519874|7
10003519878|3
10003519882|4
10003519888|9
10003519891|0
10003519893|0
10003519896|0
10003519898|5
10003519899|9
10003519907|7
10003519914|4
10003519929|9
10003519937|4
10003519953|2
10003519956|7
10003519966|5
10003519971|2
10003520013|5
10003520019|3
10003520023|2
10003520029|4
10003520045|2
10003520209|1
10003520211|6
10003520222|2
10003520255|2
10003520256|3
10003520271|8
10003520288|0
10003520291|4
10003520294|3
10003520343|5
10003520347|8
10003520352|2
10003520357|9
10003520542|8
10003520545|3
10003520546|0
10003520547|3
10003520548|6
10003520779|0
10003520780|4
10003520785|8
10003520804|9
10003520812|6
10003520867|2
10003520881|4
10003520890|0
10003520897|0
10003520906|3
10003520929|9
10003520956|8
10003520984|9
10003520985|6
10003520988|9
10003520992|1
10003520996|8
10003521002|4
10003521007|1
10003521012|4
10003521021|8
10003521023|2
10003521030|3
10003521033|1
10003521036|0
10003521039|0
10003521054|3
10003521058|7
10003521211|2
10003521214|1
10003521224|8
10003521225|6
10003521424|4
10003521428|8
10003522164|9
10003522173|2
10003522176|7
10003522179|9
10003522186|9
10003522196|7
10003522200|8
10003522236|2
10003522263|0
10003522273|0
10003522336|7
10003522338|8
10003522344|1
10003522350|0
10003522360|0
10003522367|3
10003522386|9
10003522404|5
10003522584|2
10003522673|7
10003522697|2
10003522701|0
10003522705|4
10003522710|9
10003522718|6
10003522732|1
10003522777|5
10003522792|3
10003522833|3
10003522834|5
10003522841|9
10003522845|6
10003522886|8
10003522888|3
10003522916|3
10003522967|8
10003522985|5
10003523207|7
10003523213|6
10003523229|5
10003523239|8
10003523246|0
10003523415|5
10003523431|6
10003523474|5
10003523477|2
10003523485|8
10003523486|1
10003523940|6
10003523942|1
10003523991|7
10003523994|5
10003523997|7
10003524007|0
10003524009|2
10003524011|0
10003524093|1
10003524137|0
10003524141|1
10003524145|2
10003524617|8
10003524630|9
10003524637|8
10003524647|9
10003524654|0
10003524751|7
10003524760|5
10003524784|6
10003525252|5
10003525266|9
10003525288|9
10003525325|9
10003525328|4
10003525330|3
10003525336|0
10003525341|4
10003525403|7
10003525407|1
10003525408|3
10003525411|2
10003525416|1
10003525420|9
10003525436|2
10003525442|4
10003525445|1
10003525461|9
10003525473|8
10003525516|2
10003525518|3
10003525544|7
10003525559|9
10003525563|1
10003525564|5
10003525566|2
10003525568|3
10003525569|8
10003525570|1
10003525671|6
10003525677|3
10003525682|9
10003525685|2
10003525761|8
10003525774|6
10003525794|5
10003525838|0
10003525853|1
10003525859|5
10003525861|3
10003525864|4
10003525865|9
10003525873|0
10003525879|4
10003525884|3
10003525890|1
10003525892|8
10003525897|8
10003525906|9
10003525907|0
10003525934|3
10003525965|2
10003525992|9
10003526010|9
10003526012|6
10003526021|2
10003526023|5
10003526025|5
10003526028|4
10003526030|7
10003526031|1
10003526032|7
10003526033|9
10003526036|2
10003526037|7
10003526041|8
10003526043|7
10003526045|6
10003526052|0
10003526054|8
10003526186|1
10003526196|5
10003526212|0
10003526219|6
10003526223|7
10003526226|7
10003526228|4
10003526235|8
10003526467|0
10003526488|0
10003526529|6
10003526639|1
10003526645|4
10003526672|4
10003526685|6
10003526695|6
10003526710|3
10003526739|9
10003526792|2
10003526800|0
10003526806|6
10003526811|0
10003526815|1
10003526822|0
10003526827|1
10003527353|4
10003527375|5
10003527392|2
10003527464|4
10003527513|1
10003527548|5
10003527551|6
10003527555|3
10003527563|4
10003527579|3
10003527615|9
10003527673|2
10003527677|5
10003527680|9
10003527683|0
10003527689|9
10003527704|9
10003527706|5
10003527710|8
10003527715|5
10003527744|3
10003527749|4
10003528714|9
10003528820|2
10003528836|5
10003528845|2
10003528851|7
10003528856|6
10003528993|9
10003529103|3
10003529112|1
10003529158|4
10003529159|0
10003529160|3
10003529162|3
10003529278|5
10003529298|7
10003529590|1
10003529728|2
10003529731|9
10003529733|5
10003529738|9
10003529747|2
10003529874|0
10003529882|8
10003529984|1
10003529987|7
10003529994|9
10003529995|2
10003530000|7
10003530002|3
10003530005|1
10003530024|9
10003530050|0
10003530090|6
10003530093|3
10003530139|4
10003530144|4
10003530162|4
10003530169|0
10003530263|7
10003530321|8
10003530386|7
10003530692|5
10003530704|9
10003530707|8
10003530713|3
10003530857|5
10003530963|7
10003531055|3
10003531062|6
10003531069|0
10003531253|4
10003531256|2
10003531337|2
10003531429|3
10003531436|4
10003531613|7
10003531626|9
10003531676|1
10003531704|1
10003531733|6
10003531747|1
10003531761|1
10003531807|9
10003531843|6
10003531881|8
10003531885|0
10003531899|0
10003531936|9
10003531962|9
10003531965|9
10003532017|9
10003532018|0
10003532019|9
10003532020|1
10003532024|4
10003532025|9
10003532026|5
10003532462|9
10003532467|9
10003532494|1
10003532501|9
10003532513|4
10003532516|0
10003532523|9
10003532531|2
10003532539|1
10003532547|1
10003532564|5
10003532573|1
10003532581|0
10003532585|0
10003532598|1
10003532960|2
10003532995|4
10003533016|4
10003533017|7
10003533018|6
10003533026|4
10003533033|6
10003533036|9
10003533044|6
10003533045|1
10003533048|7
10003533051|0
10003533054|0
10003533057|1
10003533060|1
10003533061|8
10003533176|1
10003533528|1
10003533531|0
10003533535|1
10003533538|9
10003533554|5
10003534225|8
10003534228|8
10003534231|7
10003534285|6
10003534316|2
10003534324|5
10003534342|7
10003534509|6
10003534801|2
10003534802|7
10003535034|2
10003535166|7
10003535512|7
10003535517|0
10003535535|9
10003535554|2
10003535562|3
10003535566|7
10003535571|2
10003535621|4
10003535624|5
10003535630|8
10003535669|5
10003535672|7
10003535675|5
10003535678|4
10003535682|3
10003535684|3
10003535687|4
10003535691|9
10003535697|6
10003535699|3
10003535703|2
10003535706|2
10003535710|6
10003535712|4
10003535713|0
10003535714|0
10003535715|6
10003535716|1
10003535793|3
10003535808|4
10003535819|0
10003535833|6
10003535837|9
10003535845|1
10003535851|5
10003535855|4
10003535858|1
10003536014|5
10003536035|1
10003536057|0
10003536078|0
10003536155|5
10003537709|6
10003537870|8
10003537942|1
10003537959|2
10003537964|6
10003537998|7
10003538181|2
10003538189|8
10003538201|6
10003538209|2
10003538213|6
10003538215|6
10003538257|5
10003538260|3
10003538261|9
10003538262|9
10003538263|3
10003538265|4
10003538267|6
10003538268|7
10003538271|8
10003538273|7
10003538275|3
10003538278|4
10003538281|2
10003538283|4
10003538609|4
10003538630|8
10003538634|9
10003538652|6
10003538696|8
10003538711|5
10003538712|1
10003538742|2
10003538746|9
10003538753|2
10003538762|4
10003538766|3
10003538777|2
10003538780|1
10003538800|1
10003538813|2
10003538821|8
10003538840|7
10003538846|6
10003538865|0
10003538870|0
10003538904|6
10003538911|3
10003538913|8
10003538919|6
10003538924|2
10003538925|2
10003539001|9
10003539011|3
10003539013|1
10003539014|8
10003539017|0
10003539020|4
10003539025|7
10003539027|7
10003539031|4
10003539041|6
10003539054|8
10003539077|4
10003539182|6
10003539184|5
10003539237|9
10003539332|3
10003539333|5
10003539334|8
10003539335|2
10003539337|9
10003539338|7
10003539339|2
10003539340|0
10003539341|3
10003539342|6
10003539343|7
10003539344|9
10003539345|6
10003539346|1
10003539347|1
10003539348|1
10003539349|1
10003539350|5
10003539351|0
10003539352|3
10003539353|9
10003539354|9
10003539355|6
10003539356|8
10003539357|2
10003539358|1
10003540023|4
10003540025|9
10003540026|9
10003540028|1
10003540030|9
10003540031|5
10003540032|7
10003540034|0
10003540035|2
10003540036|8
10003540155|3
10003540163|7
10003540169|2
10003540193|8
10003540197|1
10003540200|7
10003540208|1
10003540212|5
10003540221|8
10003540236|6
10003540244|7
10003540253|9
10003540270|5
10003540286|9
10003540341|0
10003540699|9
10003540700|9
10003540701|9
10003540702|5
10003540704|1
10003541453|2
10003541750|6
10003541796|4
10003541826|1
10003541842|1
10003541855|3
10003541910|6
10003541997|9
10003542001|2
10003542062|0
10003542069|3
10003542072|1
10003542076|4
10003542078|2
10003542084|3
10003542090|2
10003542095|2
10003542098|9
10003542099|9
10003542100|3
10003542103|4
10003542105|4
10003542108|7
10003542109|3
10003542110|8
10003542111|0
10003542154|4
10003542168|4
10003542173|1
10003542186|6
10003542250|3
10003542259|3
10003542266|0
10003542268|3
10003542751|2
10003542769|1
10003542776|6
10003542848|0
10003542849|6
10003542851|2
10003542853|2
10003542854|3
10003542857|8
10003542860|4
10003542862|8
10003542875|9
10003542888|2
10003543482|6
10003543504|2
10003543528|1
10003543556|6
10003543563|3
10003543667|2
10003543675|2
10003543696|0
10003543706|8
10003543828|9
10003543923|6
10003543924|9
10003543928|4
10003543929|3
10003543932|6
10003543941|0
10003543944|0
10003543947|0
10003543950|0
10003543952|1
10003543958|3
10003543962|8
10003543965|5
10003543967|5
10003543971|3
10003543973|0
10003543975|5
10003543977|4
10003543983|3
10003543995|1
10003544000|9
10003544011|3
10003544019|6
10003544021|9
10003544022|4
10003544023|5
10003544026|4
10003544029|5
10003544032|1
10003544790|8
10003544849|8
10003544859|0
10003544875|6
10003544878|1
10003544882|2
10003544885|5
10003544899|8
10003544904|9
10003544909|5
10003544913|7
10003544917|0
10003544920|9
10003544921|1
10003544923|7
10003544924|3
10003544927|3
10003544930|6
10003544931|4
10003544932|0
10003544988|7
10003545019|9
10003545025|4
10003545030|9
10003545034|5
10003545038|6
10003545040|5
10003545046|2
10003545050|8
10003545052|8
10003545055|5
10003545057|8
10003545063|8
10003545068|4
10003545071|2
10003545159|2
10003545166|1
10003545177|1
10003545178|3
10003545183|3
10003545308|2
10003545368|9
10003545579|5
10003545581|9
10003545584|6
10003545586|8
10003545588|2
10003545592|9
10003545595|8
10003545597|2
10003545827|7
10003545850|9
10003545854|5
10003545855|5
10003545861|6
10003545864|8
10003545869|4
10003545884|9
10003545892|9
10003545929|3
10003545986|4
10003545989|5
10003545994|4
10003546008|8
10003546015|7
10003546155|2
10003546159|7
10003546184|4
10003546195|4
10003546196|1
10003546198|7
10003546206|3
10003546225|5
10003546234|1
10003546239|3
10003546270|6
10003546279|3
10003546280|0
10003546329|4
10003546336|2
10003546344|6
10003546346|8
10003546349|0
10003546352|7
10003546353|4
10003546354|3
10003546355|8
10003546356|2
10003546359|0
10003546361|0
10003546363|5
10003546364|4
10003546366|6
10003546367|4
10003546369|3
10003546371|3
10003546372|2
10003546374|9
10003546375|3
10003546376|3
10003546378|4
10003546388|1
10003546390|6
10003546726|0
10003546906|3
10003546908|7
10003546918|7
10003546925|2
10003546971|7
10003547006|5
10003547014|4
10003547036|0
10003547048|0
10003547067|8
10003547097|5
10003547101|4
10003547107|1
10003547115|5
10003547135|9
10003547146|5
10003547156|1
10003547410|5
10003547443|6
10003547448|0
10003547895|2
10003547896|2
10003547897|9
10003547901|8
10003547904|6
10003547918|1
10003547922|8
10003547966|6
10003548553|1
10003548634|3
10003548712|4
10003548761|5
10003548790|2
10003548813|8
10003548824|5
10003548847|1
10003548853|6
10003548857|2
10003548863|1
10003548909|8
10003548928|2
10003548934|3
10003548943|8
10003548949|3
10003548958|4
10003548965|2
10003548980|5
10003549011|1
10003549019|6
10003549024|2
10003549037|9
10003549048|5
10003549072|5
10003549082|8
10003549095|8
10003549101|8
10003549105|0
10003549109|0
10003549139|2
10003549180|6
10003549183|2
10003549197|7
10003549199|1
10003549826|2
10003549953|9
10003550582|9
10003550766|1
10003551059|8
10003551064|5
10003551066|8
10003551098|6
10003551149|9
10003551152|9
10003551157|5
10003551213|3
10003551215|4
10003551217|6
10003551220|4
10003551491|1
10003551504|9
10003551552|3
10003552485|1
10003552515|6
10003552535|1
10003552948|5
10003552953|6
10003552956|7
10003552967|0
10003552969|3
10003552981|3
10003552989|0
10003552992|8
10003552993|5
10003552995|8
10003553000|4
10003553001|9
10003553011|1
10003553015|4
10003553055|5
10003553073|9
10003553076|2
10003553082|7
10003553093|5
10003553096|3
10003553097|5
10003553099|2
10003553464|8
10003553471|5
10003553477|4
10003553490|4
10003553497|5
10003553535|0
10003553580|4
10003553608|9
10003553613|6
10003553618|3
10003553622|5
10003553629|7
10003553639|4
10003553661|5
10003553669|2
10003553700|5
10003553710|1
10003553723|1
10003553810|9
10003553882|9
10003553888|8
10003553908|0
10003553939|3
10003553964|0
10003553980|6
10003553988|9
10003553998|3
10003554007|7
10003554017|9
10003554024|7
10003554030|0
10003554042|9
10003554084|2
10003554088|3
10003554093|9
10003554100|7
10003554104|1
10003554106|6
10003554108|4
10003554292|4
10003554313|2
10003554320|7
10003554327|8
10003554531|3
10003554579|1
10003554588|6
10003554603|2
10003554647|4
10003554660|9
10003554667|5
10003554673|6
10003554680|1
10003554687|4
10003554691|4
10003554697|5
10003554705|2
10003554764|3
10003554773|2
10003554784|4
10003554788|0
10003554791|2
10003554794|5
10003554797|8
10003554798|4
10003554803|3
10003554812|1
10003554817|9
10003554901|5
10003554912|8
10003554931|8
10003554934|9
10003554943|6
10003554948|3
10003554950|7
10003554956|3
10003554961|3
10003554962|0
10003554972|6
10003554973|2
10003554975|6
10003554986|9
10003554988|9
10003554995|5
10003555003|5
10003555008|5
10003555011|4
10003555014|0
10003555026|7
10003555030|1
10003555036|0
10003555045|4
10003555087|8
10003556042|6
10003556158|7
10003556246|7
10003556299|6
10003556311|9
10003556314|7
10003556322|6
10003556336|1
10003556339|1
10003556342|2
10003556357|7
10003556360|5
10003556366|8
10003556371|3
10003556381|4
10003556600|3
10003556610|5
10003556616|5
10003556632|3
10003556700|6
10003556709|3
10003556716|4
10003556718|3
10003556719|3
10003556724|7
10003556726|8
10003556728|0
10003556820|8
10003556825|8
10003556922|1
10003557085|7
10003557137|7
10003557171|8
10003557183|5
10003557191|2
10003557206|3
10003557217|6
10003557228|6
10003557338|6
10003557339|1
10003557340|9
10003557341|9
10003557342|7
10003557343|5
10003557344|4
10003557345|3
10003557346|9
10003557347|3
10003557348|0
10003557349|1
10003557350|6
10003557352|7
10003557353|1
10003557354|0
10003557355|5
10003557356|8
10003557357|5
10003557358|1
10003557359|9
10003557360|9
10003557361|2
10003557362|8
10003557363|5
10003557683|2
10003557694|1
10003557710|7
10003557724|6
10003557754|9
10003557760|3
10003557859|3
10003557880|3
10003557892|1
10003557896|4
10003557909|3
10003557913|1
10003557919|4
10003557926|6
10003558243|3
10003558276|2
10003558331|6
10003558334|9
10003558964|3
10003558996|0
10003559017|0
10003559029|6
10003559164|0
10003559323|1
10003559330|4
10003559354|5
10003559362|0
10003559368|2
10003559385|9
10003559891|1
10003559903|5
10003559911|1
10003559929|8
10003559939|4
10003559944|7
10003559949|5
10003559977|1
10003559997|4
10003560000|5
10003560003|8
10003560011|4
10003560104|4
10003560108|9
10003560110|4
10003560113|1
10003560168|0
10003560172|9
10003560216|1
10003560257|8
10003560283|3
10003560289|4
10003560294|1
10003560949|8
10003560971|7
10003560976|3
10003560984|4
10003560999|2
10003561003|3
10003561015|5
10003561025|7
10003561040|7
10003561066|6
10003561094|9
10003561113|6
10003561121|8
10003561133|6
10003561151|7
10003561165|0
10003561198|8
10003561210|3
10003561218|2
10003561223|0
10003561227|4
10003561324|6
10003561329|2
10003561332|7
10003561334|4
10003561345|8
10003561349|2
10003561353|7
10003561370|2
10003561377|6
10003561611|9
10003561612|8
10003561613|4
10003561614|6
10003561616|7
10003561617|1
10003561618|7
10003561619|1
10003561620|5
10003561621|7
10003561623|7
10003561624|5
10003561625|0
10003561626|7
10003561627|0
10003561628|7
10003561630|7
10003561631|9
10003561632|9
10003561633|5
10003561634|3
10003561635|7
10003561636|1
10003561637|2
10003561638|4
10003561639|7
10003561640|2
10003561641|7
10003561642|6
10003561643|7
10003561644|5
10003561645|8
10003561646|5
10003561647|9
10003561648|4
10003561649|7
10003561650|3
10003561651|7
10003561652|6
10003561653|7
10003561654|5
10003561655|2
10003561656|4
10003561658|8
10003561661|9
10003561662|7
10003561663|7
10003561664|4
10003561665|2
10003561666|4
10003561667|9
10003561668|8
10003561670|9
10003562160|1
10003562171|0
10003562174|4
10003562211|2
10003562217|5
10003562219|2
10003562319|9
10003562329|9
10003562343|9
10003563126|2
10003563137|0
10003563192|0
10003563201|6
10003563209|4
10003563216|2
10003563229|1
10003563234|8
10003563254|0
10003563261|3
10003563271|8
10003563281|9
10003563283|5
10003563291|9
10003563294|1
10003563302|3
10003563311|5
10003563320|5
10003563321|5
10003563334|9
10003563342|0
10003563355|3
10003563394|3
10003563405|0
10003563487|3
10003563503|1
10003563522|2
10003563529|6
10003563536|9
10003563609|4
10003563614|7
10003563618|5
10003563623|8
10003563641|7
10003563675|2
10003563683|2
10003563692|6
10003563701|8
10003563705|4
10003563718|2
10003563734|7
10003563739|6
10003563744|4
10003563751|7
10003563860|0
10003563861|4
10003563961|9
10003563977|7
10003563984|0
10003563990|3
10003564202|2
10003564205|3
10003564212|1
10003564221|7
10003564228|0
10003564248|9
10003564264|9
10003564282|4
10003564292|6
10003564412|8
10003564417|3
10003564459|6
10003564475|3
10003564484|2
10003564488|0
10003564497|8
10003564578|6
10003564582|2
10003564586|1
10003564613|9
10003564623|9
10003564626|0
10003564631|0
10003564636|0
10003564640|7
10003564664|2
10003564671|2
10003564764|4
10003565278|5
10003565345|1
10003565355|0
10003565366|5
10003565519|0
10003565529|0
10003565538|2
10003565551|6
10003565561|6
10003565569|4
10003565580|5
10003565591|6
10003565605|2
10003565717|1
10003565739|5
10003565797|6
10003565808|9
10003565854|3
10003566272|5
10003566273|7
10003566274|7
10003566275|5
10003566276|8
10003566278|8
10003566279|8
10003566281|8
10003566282|7
10003566480|0
10003566505|2
10003566641|4
10003566778|6
10003566793|6
10003566816|5
10003566827|1
10003566949|3
10003566973|8
10003566977|4
10003566983|8
10003566987|8
10003566991|6
10003566994|2
10003566997|8
10003567002|6
10003567005|1
10003567006|4
10003567012|3
10003567015|8
10003567024|8
10003567028|5
10003567031|3
10003567036|7
10003567040|9
10003567042|2
10003567049|1
10003567057|0
10003567243|9
10003567250|7
10003567252|7
10003567255|6
10003567472|0
10003567474|8
10003567476|2
10003567652|5
10003567756|7
10003567769|9
10003567787|1
10003567803|6
10003567814|1
10003567815|8
10003567823|5
10003567824|4
10003567836|6
10003567946|6
10003567954|1
10003568073|8
10003568125|6
10003568938|3
10003568949|5
10003568959|6
10003568974|6
10003568985|7
10003569291|3
10003569312|1
10003569839|9
10003570069|8
10003570105|2
10003570109|7
10003570282|5
10003570303|8
10003570394|6
10003570395|7
10003570408|9
10003570580|3
10003570618|9
10003570752|8
10003570822|2
10003570847|3
10003570886|0
10003570928|4
10003570948|6
10003570967|1
10003570975|4
10003570983|2
10003570988|5
10003570996|3
10003571006|3
10003571011|9
10003571018|6
10003571026|1
10003571037|2
10003571069|9
10003571105|5
10003571108|6
10003571199|5
10003571206|2
10003571217|7
10003571225|0
10003571232|4
10003571302|8
10003571378|0
10003571382|2
10003571440|9
10003571661|4
10003571662|6
10003571663|5
10003571664|2
10003571665|1
10003571666|1
10003571667|6
10003571668|0
10003571669|8
10003571889|6
10003571904|8
10003571915|4
10003571927|3
10003571937|7
10003571939|9
10003571963|5
10003571974|7
10003572001|8
10003572112|6
10003572123|2
10003572152|2
10003572196|1
10003572222|7
10003572265|2
10003572435|0
10003572446|7
10003572451|9
10003572452|0
10003572453|5
10003572458|2
10003572461|4
10003572464|5
10003572510|7
10003572529|5
10003572531|2
10003572541|3
10003572562|8
10003572566|2
10003572568|9
10003572569|6
10003572570|2
10003572573|2
10003572575|8
10003572579|7
10003572581|6
10003572588|6
10003572593|9
10003572595|3
10003572598|9
10003572614|4
10003572617|5
10003572622|6
10003572657|5
10003572963|0
10003572998|2
10003573262|6
10003573269|6
10003573277|1
10003573279|6
10003573283|6
10003573474|0
10003573476|2
10003573527|6
10003574031|5
10003574066|9
10003574098|2
10003574112|8
10003574368|6
10003574374|8
10003574381|5
10003574449|3
10003574467|0
10003574491|5
10003574497|7
10003574501|6
10003574513|5
10003574856|5
10003574922|1
10003575185|9
10003575339|4
10003575349|4
10003575362|6
10003575373|9
10003576250|3
10003576264|6
10003576276|1
10003576292|2
10003576319|9
10003576388|8
10003576389|3
10003576392|1
10003576397|0
10003576412|4
10003576434|5
10003576436|1
10003576447|8
10003576481|2
10003576504|2
10003576512|3
10003576515|1
10003576524|5
10003576594|1
10003576617|8
10003576662|1
10003576694|0
10003576709|6
10003576718|4
10003576739|9
10003576810|7
10003576860|0
10003576862|6
10003576863|7
10003576864|1
10003576865|0
10003576867|5
10003577190|5
10003577194|9
10003577196|7
10003577336|4
10003577344|9
10003577356|4
10003577361|9
10003577373|3
10003577398|8
10003577403|1
10003577409|5
10003577415|5
10003577419|9
10003577425|7
10003577432|4
10003577450|7
10003577454|7
10003577468|2
10003577472|8
10003577477|4
10003577481|9
10003577489|2
10003577491|1
10003577493|7
10003577556|4
10003577608|2
10003577621|7
10003577629|6
10003577652|1
10003577659|0
10003577698|2
10003577704|9
10003577708|5
10003577714|8
10003577720|2
10003577722|9
10003577726|8
10003577727|0
10003577731|3
10003577780|8
10003577782|0
10003577783|4
10003577786|5
10003577791|3
10003577792|1
10003577794|9
10003577796|1
10003577798|6
10003578114|8
10003578131|5
10003578267|4
10003578345|9
10003578393|0
10003578405|1
10003578414|5
10003578420|6
10003578427|9
10003578433|6
10003578517|4
10003578578|2
10003578807|3
10003578808|3
10003578815|0
10003578824|4
10003578829|6
10003578835|0
10003578843|8
10003578852|2
10003578882|8
10003578883|8
10003578884|8
10003578885|2
10003578886|5
10003578887|3
10003578888|1
10003578889|9
10003578890|3
10003578891|3
10003578892|7
10003578893|4
10003578894|0
10003578895|3
10003578896|3
10003578897|8
10003578898|9
10003578899|6
10003578900|7
10003578901|5
10003579679|1
10003579689|7
10003579799|3
10003579808|0
10003579811|7
10003579818|0
10003579825|6
10003579905|3
10003579907|4
10003579942|8
10003579943|5
10003579944|5
10003579946|5
10003579947|2
10003579951|4
10003579971|8
10003579972|5
10003579979|6
10003579980|4
10003579984|9
10003579985|4
10003579987|9
10003580099|2
10003580105|2
10003580159|9
10003580219|5
10003580221|0
10003580291|1
10003580299|5
10003580320|0
10003580336|7
10003580431|0
10003580489|8
10003580493|3
10003580495|6
10003580501|1
10003580508|9
10003580530|1
10003580597|8
10003580632|0
10003580636|5
10003580639|0
10003580641|9
10003580651|2
10003580656|8
10003580679|2
10003580681|8
10003580685|7
10003580695|2
10003580796|8
10003580832|3
10003580849|4
10003580850|9
10003580851|3
10003580853|5
10003581171|5
10003581186|8
10003581202|6
10003581237|5
10003581262|9
10003581286|4
10003581337|4
10003581419|3
10003581430|1
10003581481|3
10003581492|1
10003581524|4
10003581530|1
10003581638|8
10003581791|4
10003581880|5
10003581882|5
10003581890|6
10003582299|5
10003582378|9
10003582385|8
10003582391|9
10003582398|7
10003582402|9
10003582408|8
10003582466|7
10003582485|5
10003582511|0
10003582516|7
10003582519|1
10003582551|8
10003582606|8
10003582673|6
10003582678|5
10003582702|8
10003582754|4
10003582799|1
10003582805|6
10003582825|2
10003582826|6
10003582875|4
10003582878|6
10003582884|5
10003582891|1
10003582893|1
10003582896|4
10003582903|3
10003582909|0
10003582925|7
10003582927|9
10003582931|2
10003582932|2
10003583130|9
10003583151|0
10003583152|0
10003583154|4
10003583157|5
10003583267|6
10003583276|9
10003583283|3
10003583342|6
10003583412|6
10003583611|2
10003583621|4
10003583623|7
10003583625|9
10003583627|1
10003583631|3
10003583869|9
10003583872|3
10003583874|2
10003583926|3
10003583927|5
10003583928|6
10003583929|1
10003583930|2
10003583931|0
10003584328|2
10003584445|8
10003584461|2
10003584666|4
10003585042|3
10003585064|6
10003585145|7
10003585264|5
10003585278|5
10003585329|8
10003585344|7
10003585349|4
10003585354|3
10003585371|2
10003585377|5
10003585995|5
10003586007|1
10003586055|5
10003586059|1
10003586063|7
10003586068|7
10003586074|8
10003586091|8
10003586109|5
10003586131|6
10003586153|8
10003586159|8
10003586162|7
10003586230|8
10003586232|1
10003586240|4
10003586245|6
10003586251|4
10003586254|5
10003586256|5
10003586257|4
10003586259|2
10003586261|6
10003586264|9
10003586268|1
10003586273|6
10003586276|5
10003586278|1
10003586286|7
10003586289|8
10003586319|2
10003586401|7
10003586417|5
10003586547|9
10003586550|0
10003586552|9
10003586553|5
10003586554|3
10003586555|4
10003586556|5
10003586557|5
10003586558|7
10003586559|1
10003586561|1
10003586563|0
10003586564|8
10003586565|5
10003586566|0
10003586567|3
10003586568|7
10003586569|3
10003586570|3
10003586571|0
10003586572|2
10003586573|7
10003586574|5
10003586575|8
10003586576|5
10003586577|1
10003586579|3
10003586580|0
10003586581|0
10003586791|0
10003586871|9
10003586879|3
10003586898|2
10003587177|3
10003587259|2
10003587283|4
10003587285|1
10003587290|0
10003587294|7
10003587298|3
10003587303|7
10003587305|0
10003587839|1
10003587845|9
10003587860|8
10003587865|3
10003587873|3
10003587877|7
10003587917|3
10003587985|2
10003587991|5
10003587996|4
10003588000|4
10003588001|7
10003588005|2
10003588021|1
10003588033|5
10003588035|1
10003588085|4
10003588090|5
10003588091|5
10003588094|8
10003588098|0
10003588141|9
10003588176|3
10003588178|4
10003588803|2
10003588809|5
10003588811|7
10003588816|4
10003588821|0
10003588975|8
10003588978|2
10003588989|1
10003588993|5
10003588997|3
10003589001|8
10003589050|7
10003589069|3
10003589226|7
10003589229|7
10003589231|6
10003589345|1
10003589382|7
10003589387|5
10003589394|0
10003589727|0
10003589785|3
10003589958|7
10003589962|9
10003590304|7
10003590575|2
10003590587|6
10003590590|0
10003590598|1
10003590626|8
10003590637|4
10003590646|9
10003590687|8
10003590694|2
10003590703|4
10003590713|5
10003590720|3
10003590727|0
10003590760|6
10003590764|0
10003590769|9
10003590817|4
10003590825|3
10003590828|0
10003590832|2
10003590893|9
10003590902|9
10003590905|1
10003590913|1
10003590917|8
10003590923|1
10003590925|0
10003590927|1
10003590928|0
10003590943|6
10003590970|7
10003591014|9
10003591022|6
10003591023|3
10003591034|0
10003591052|4
10003591060|0
10003591075|2
10003591078|7
10003591080|9
10003591083|7
10003591085|1
10003591089|6
10003591091|6
10003591093|5
10003591101|0
10003591142|1
10003591149|8
10003591170|3
10003591191|2
10003591194|8
10003591198|9
10003591232|8
10003591233|2
10003591234|4
10003591235|6
10003591236|6
10003591237|2
10003591238|3
10003591244|7
10003591246|5
10003591469|2
10003591470|5
10003591471|8
10003591472|8
10003591473|0
10003591474|9
10003591475|7
10003591476|2
10003591477|4
10003591478|5
10003591479|7
10003591480|6
10003591481|8
10003591482|7
10003591483|8
10003591484|4
10003591485|1
10003591486|6
10003591487|8
10003591488|5
10003591489|5
10003591492|6
10003591493|0
10003591494|9
10003591495|9
10003591496|3
10003591497|5
10003591498|3
10003591499|6
10003591500|9
10003591686|4
10003591688|5
10003591691|4
10003591752|1
10003591820|0
10003591832|6
10003591840|9
10003591852|6
10003591976|5
10003591980|1
10003591984|1
10003591987|5
10003591991|5
10003592000|2
10003592006|6
10003592014|6
10003592018|3
10003592099|7
10003592105|8
10003592130|0
10003592144|0
10003592166|1
10003592183|8
10003592326|6
10003592809|0
10003592811|4
10003592818|0
10003593021|0
10003593030|8
10003593036|1
10003593045|4
10003593060|0
10003593188|9
10003593191|4
10003593210|8
10003593213|6
10003593267|6
10003593963|5
10003594070|4
10003594092|2
10003594124|1
10003594130|9
10003594241|0
10003594248|1
10003594267|5
10003594272|9
10003594275|6
10003594281|3
10003594286|0
10003594289|9
10003594292|4
10003594305|6
10003594308|9
10003594313|6
10003594316|9
10003594318|9
10003594320|9
10003594322|1
10003594328|8
10003594329|4
10003594354|7
10003594363|9
10003594367|7
10003594372|5
10003594381|7
10003594387|5
10003594398|8
10003594403|7
10003594414|4
10003594416|3
10003594428|5
10003594429|9
10003594430|8
10003594431|4
10003594432|2
10003594433|2
10003594437|3
10003594438|1
10003594439|5
10003594440|1
10003594441|4
10003594442|9
10003594443|8
10003594444|2
10003594614|3
10003594620|7
10003594622|7
10003594882|5
10003594887|7
10003594970|7
10003594984|1
10003594985|6
10003594988|9
10003594990|3
10003594992|4
10003594994|1
10003594999|2
10003595002|7
10003595005|0
10003595011|0
10003595017|7
10003595021|9
10003595032|7
10003595040|8
10003595047|6
10003595060|0
10003595062|5
10003595077|6
10003595079|9
10003595081|2
10003595086|2
10003595089|9
10003595090|3
10003595093|1
10003595094|9
10003595099|9
10003595105|4
10003595109|5
10003595110|6
10003595117|0
10003595122|5
10003595127|9
10003595134|2
10003595138|3
10003595139|7
10003595141|8
10003595143|5
10003595147|6
10003595153|4
10003595155|0
10003595159|3
10003595171|4
10003595179|1
10003595183|0
10003595191|8
10003595210|0
10003595215|9
10003595236|5
10003595254|9
10003595262|4
10003595278|4
10003595280|0
10003595345|3
10003595346|8
10003595349|5
10003595582|9
10003595635|8
10003595638|2
10003595647|5
10003595652|2
10003595682|7
10003595687|0
10003595713|5
10003595739|2
10003595745|9
10003595756|0
10003595760|0
10003595775|8
10003595784|7
10003595801|2
10003595805|8
10003595821|9
10003595827|7
10003595837|8
10003595841|5
10003595923|1
10003595937|2
10003595950|4
10003595959|6
10003595983|3
10003595986|6
10003595995|7
10003596024|9
10003596032|7
10003596037|9
10003596076|2
10003596084|0
10003596092|3
10003596106|3
10003596108|7
10003596113|2
10003596114|5
10003596144|0
10003596148|6
10003596151|7
10003596154|3
10003596155|1
10003596156|8
10003596158|9
10003596159|9
10003596163|8
10003596192|4
10003596193|1
10003596199|2
10003596246|3
10003596253|7
10003596256|3
10003596269|0
10003596277|1
10003596280|1
10003596360|4
10003596456|4
10003596540|2
10003596640|2
10003596753|8
10003596760|4
10003596852|1
10003596930|4
10003597034|5
10003597038|0
10003597043|4
10003597130|8
10003597140|0
10003597147|4
10003597164|6
10003597329|9
10003597330|8
10003597331|0
10003597332|2
10003597333|9
10003597334|5
10003597335|3
10003597336|3
10003597338|8
10003597339|2
10003597340|1
10003597341|3
10003597342|9
10003597343|5
10003597575|7
10003597576|1
10003597577|6
10003597578|6
10003597579|1
10003597580|9
10003597582|1
10003597583|0
10003597584|5
10003597592|8
10003597676|2
10003597677|5
10003597686|7
10003597713|2
10003597726|0
10003597730|7
10003597758|0
10003597764|0
10003597776|8
10003597779|5
10003597787|7
10003597817|2
10003597829|8
10003597835|0
10003597842|5
10003597845|7
10003597927|1
10003597928|8
10003597930|9
10003597931|0
10003597934|9
10003597968|3
10003597969|1
10003597970|1
10003598064|3
10003598065|5
10003598067|9
10003598127|5
10003598186|3
10003598189|5
10003598196|8
10003598204|9
10003598207|8
10003598212|3
10003598232|3
10003598616|7
10003598624|8
10003598632|4
10003598669|9
10003599102|3
10003599149|7
10003599151|7
10003599177|7
10003599198|5
10003599214|9
10003599217|1
10003599229|1
10003599231|2
10003599233|1
10003599236|4
10003599238|3
10003599244|3
10003599251|3
10003599252|7
10003599254|6
10003599255|1
10003599256|5
10003599306|7
10003599308|7
10003599312|2
10003599313|9
10003599316|8
10003599399|3
10003599410|7
10003599431|5
10003599436|3
10003599439|5
10003599443|7
10003599449|7
10003599451|8
10003599514|8
10003599540|3
10003599551|4
10003599555|4
10003599566|4
10003599575|9
10003599579|0
10003599583|3
10003599588|1
10003599594|2
10003599615|1
10003599620|5
10003599624|8
10003599637|5
10003599653|8
10003599655|7
10003599659|7
10003599664|6
10003599681|3
10003599683|4
10003599691|0
10003599692|3
10003599696|8
10003599697|4
10003599698|4
10003599699|1
10003599735|6
10003599736|3
10003599737|1
10003599742|7
10003599775|1
10003600352|1
10003600446|5
10003600450|0
10003601460|1
10003601808|1
10003601855|3
10003601864|0
10003602004|3
10003602012|4
10003602052|8
10003602065|6
10003602072|6
10003602444|7
10003602452|0
10003602461|0
10003602487|7
10003602503|4
10003602514|1
10003602533|0
10003602537|9
10003602545|6
10003602549|7
10003602556|9
10003602588|3
10003602679|2
10003602687|4
10003602701|7
10003602714|5
10003602718|6
10003602724|2
10003602733|6
10003602736|1
10003602754|7
10003602758|3
10003602765|7
10003602773|3
10003602780|9
10003602785|4
10003602789|8
10003602798|7
10003602833|9
10003602851|5
10003602908|1
10003602914|0
10003602919|4
10003602933|1
10003602944|0
10003602961|6
10003602974|2
10003603075|4
10003603093|7
10003603165|8
10003603176|4
10003603191|0
10003603208|0
10003603272|1
10003603331|1
10003603597|2
10003603598|1
10003603600|8
10003603602|6
10003603603|5
10003603604|6
10003603605|7
10003603606|8
10003603607|0
10003603697|3
10003603870|3
10003603877|0
10003603881|4
10003603883|3
10003603889|9
10003603890|5
10003603893|8
10003603898|0
10003603905|9
10003603908|1
10003603947|2
10003603962|4
10003603963|4
10003603980|2
10003604016|1
10003604025|1
10003604095|0
10003604116|2
10003604120|7
10003604136|3
10003604159|8
10003604175|0
10003604179|9
10003604186|1
10003604226|5
10003604229|4
10003604233|5
10003604241|7
10003604265|8
10003604277|8
10003604298|9
10003604310|3
10003604326|3
10003604335|8
10003604343|7
10003604409|6
10003604466|8
10003604502|8
10003604513|3
10003604520|3
10003604531|4
10003604595|7
10003604602|8
10003604631|1
10003604635|4
10003604641|9
10003604642|4
10003604643|5
10003604644|8
10003604645|1
10003604647|0
10003604648|8
10003604650|3
10003604652|8
10003604915|1
10003605266|7
10003605574|3
10003605577|3
10003605579|8
10003605584|8
10003605586|5
10003605589|8
10003605591|3
10003605593|0
10003605599|8
10003605717|9
10003605722|7
10003605728|1
10003605732|4
10003605737|1
10003605740|6
10003605749|6
10003605754|0
10003605761|9
10003605768|3
10003605778|8
10003605884|7
10003606028|6
10003606035|0
10003606039|8
10003606049|8
10003606058|5
10003606074|8
10003606097|3
10003606124|7
10003606129|6
10003606134|9
10003606138|7
10003606142|4
10003606442|3
10003606472|4
10003606577|9
10003606593|5
10003606596|3
10003606601|9
10003606603|9
10003606672|8
10003606700|1
10003606859|4
10003606900|4
10003607435|4
10003607494|4
10003607527|6
10003607559|5
10003607573|0
10003607610|9
10003607617|3
10003607630|5
10003607638|2
10003607658|4
10003607671|6
10003607681|6
10003607689|9
10003607700|4
10003607705|3
10003607710|2
10003607724|5
10003607729|4
10003607741|4
10003607779|7
10003607980|0
10003607986|9
10003607992|3
10003608067|5
10003608068|1
10003608096|4
10003608098|2
10003608104|3
10003608109|1
10003608111|0
10003608116|2
10003608117|8
10003608125|4
10003608250|1
10003608251|4
10003608279|9
10003608325|7
10003608326|9
10003608449|0
10003608450|3
10003608451|8
10003608453|6
10003608455|0
10003608456|6
10003608457|1
10003608458|6
10003608460|1
10003608854|1
10003608916|4
10003608929|1
10003608955|3
10003608964|2
10003608969|7
10003608979|1
10003608991|2
10003609016|4
10003609089|1
10003609093|2
10003609116|8
10003609125|3
10003609132|6
10003609136|5
10003609147|0
10003609167|4
10003609172|7
10003609199|2
10003609206|3
10003609214|3
10003609259|4
10003609273|2
10003609296|7
10003609310|9
10003609319|8
10003609326|5
10003609331|4
10003609335|3
10003609342|2
10003609388|9
10003609401|6
10003609558|9
10003609565|3
10003609606|3
10003609611|8
10003609614|7
10003609616|7
10003609617|9
10003609619|1
10003609735|1
10003609757|3
10003609770|6
10003609795|7
10003609799|8
10003609810|2
10003609846|5
10003609859|9
10003609946|1
10003609990|9
10003609998|6
10003610024|7
10003610049|2
10003610062|7
10003610075|9
10003610100|6
10003610112|8
10003610115|2
10003610121|6
10003610141|9
10003610144|5
10003610150|7
10003610165|9
10003610461|6
10003610543|2
10003610577|2
10003610788|6
10003610800|4
10003610814|5
10003610825|8
10003610873|0
10003610901|8
10003610903|8
10003610920|5
10003610922|2
10003610934|0
10003610946|2
10003610952|8
10003610963|9
10003610972|5
10003610980|1
10003610985|1
10003610993|6
10003611010|6
10003611102|9
10003611104|2
10003611154|6
10003611155|7
10003611156|0
10003611513|8
10003611521|7
10003611538|7
10003611545|0
10003611550|4
10003611559|9
10003611565|9
10003611579|0
10003611586|3
10003611587|0
10003611597|7
10003611637|9
10003611650|8
10003611658|5
10003611825|4
10003611958|0
10003611964|4
10003611972|1
10003611978|4
10003611986|8
10003611991|6
10003612003|6
10003612532|3
10003612541|4
10003612546|1
10003612559|0
10003612562|4
10003612585|8
10003612600|3
10003612614|1
10003612642|6
10003612655|0
10003612664|2
10003612665|0
10003612668|5
10003612695|9
10003612698|6
10003612702|7
10003612704|3
10003612715|9
10003612841|2
10003612849|3
10003612853|0
10003612879|5
10003612896|7
10003612955|6
10003612957|9
10003612961|7
10003612966|9
10003612969|4
10003612971|9
10003612984|0
10003612985|0
10003612995|1
10003612997|0
10003612998|2
10003613001|4
10003613004|3
10003613010|5
10003613014|7
10003613030|2
10003613041|1
10003613052|6
10003613058|8
10003613066|3
10003613077|0
10003613085|6
10003613092|1
10003613101|2
10003613125|4
10003613135|4
10003613204|9
10003613472|6
10003613478|0
10003613484|2
10003613640|9
10003613650|7
10003613655|9
10003613683|8
10003613688|7
10003613696|9
10003613700|5
10003613713|5
10003613718|8
10003613721|0
10003613723|8
10003613725|8
10003613733|1
10003613739|3
10003613744|7
10003613788|6
10003613794|0
10003613798|5
10003613802|6
10003613813|1
10003613820|0
10003613831|2
10003613878|9
10003613886|9
10003613905|8
10003613906|4
10003613917|9
10003613919|4
10003613927|7
10003613928|1
10003613937|3
10003613943|7
10003613952|2
10003613965|5
10003614011|1
10003614016|0
10003614025|4
10003614035|4
10003614391|2
10003614632|5
10003614928|6
10003614934|9
10003615033|3
10003615034|8
10003615037|8
10003615046|8
10003615050|7
10003615058|3
10003615061|8
10003615067|9
10003615070|7
10003615073|4
10003615078|7
10003615081|3
10003615088|2
10003615094|0
10003615096|3
10003615097|8
10003615101|0
10003615128|7
10003615130|5
10003615135|2
10003615138|4
10003615658|3
10003615674|3
10003615686|6
10003615708|0
10003615720|4
10003615729|3
10003615753|6
10003615783|7
10003615861|2
10003615895|9
10003615969|5
10003615975|5
10003615994|6
10003616003|1
10003616015|0
10003616032|8
10003616467|3
10003616487|6
10003616515|3
10003616518|5
10003616594|6
10003616629|3
10003616662|9
10003616666|8
10003616670|5
10003616681|0
10003616686|5
10003616710|7
10003616715|8
10003616731|0
10003617041|7
10003617130|2
10003617143|3
10003617208|0
10003617215|7
10003617218|8
10003617223|2
10003617229|6
10003617238|2
10003617245|0
10003617317|5
10003617320|8
10003617329|1
10003617347|6
10003617353|2
10003617452|5
10003617457|1
10003617462|8
10003617484|9
10003617860|2
10003617866|9
10003617869|2
10003617945|7
10003618339|7
10003618354|7
10003618368|7
10003618388|2
10003618455|4
10003618459|8
10003618472|4
10003618491|6
10003618505|3
10003618514|1
10003618523|9
10003618525|2
10003618533|6
10003618542|6
10003618561|0
10003618587|2
10003618642|3
10003618650|8
10003618663|9
10003618724|2
10003618741|9
10003618766|3
10003618768|8
10003618769|5
10003618770|7
10003618773|7
10003618776|8
10003618781|5
10003618785|0
10003618786|1
10003618803|2
10003618810|1
10003618821|3
10003618825|2
10003618829|8
10003618835|9
10003618838|6
10003618843|9
10003618865|6
10003618872|0
10003618892|2
10003618919|9
10003618941|7
10003618964|5
10003618971|3
10003618982|7
10003618996|4
10003619000|1
10003619011|7
10003619026|2
10003619032|9
10003619085|0
10003619391|0
10003619614|8
10003619696|0
10003619739|5
10003620280|4
10003620283|8
10003620294|4
10003620321|8
10003620340|3
10003620361|4
10003620364|0
10003620397|2
10003620406|4
10003620489|4
10003620495|9
10003620500|4
10003620506|2
10003620513|1
10003620557|4
10003620561|5
10003620563|0
10003620566|5
10003620572|3
10003620675|2
10003620689|6
10003620692|1
10003620698|9
10003620705|3
10003620759|3
10003620765|7
10003620777|6
10003621535|8
10003621580|3
10003621958|3
10003622125|4
10003622130|1
10003622483|7
10003622489|5
10003622573|2
10003622582|4
10003622931|3
10003622933|8
10003622939|0
10003622948|6
10003622953|0
10003622962|5
10003622965|5
10003622972|3
10003622974|0
10003623071|4
10003623087|2
10003623091|4
10003623104|7
10003623492|9
10003623505|2
10003623863|2
10003623875|1
10003623935|3
10003623994|3
10003624011|8
10003624019|9
10003624022|2
10003624031|9
10003624040|5
10003624158|1
10003624180|8
10003624629|5
10003624701|8
10003624761|6
10003624773|8
10003624779|8
10003624813|7
10003624820|4
10003624826|6
10003624835|2
10003624842|9
10003624849|0
10003624868|5
10003624873|9
10003624880|8
10003624897|7
10003624903|5
10003624908|3
10003624916|2
10003624921|4
10003625717|8
10003625895|8
10003625906|6
10003625911|5
10003625921|8
10003625948|4
10003625961|5
10003625974|3
10003625993|2
10003626036|5
10003626056|3
10003626099|1
10003626101|3
10003626678|6
10003626686|1
10003626697|4
10003627032|2
10003627049|7
10003627075|2
10003627133|2
10003627150|1
10003627185|2
10003627317|4
10003627323|6
10003627346|5
10003627374|9
10003627385|4
10003627449|9
10003627463|3
10003627479|8
10003627489|8
10003627539|8
10003627552|2
10003627561|8
10003627567|9
10003627579|3
10003627597|4
10003627607|1
10003627611|0
10003627631|6
10003627655|6
10003627663|9
10003627810|6
10003627811|8
10003627813|4
10003627814|2
10003627815|3
10003627816|5
10003628230|7
10003628247|0
10003628273|4
10003628350|6
10003628367|4
10003628391|2
10003628413|6
10003628434|2
10003628555|2
10003628635|3
10003628965|9
10003628969|4
10003628970|6
10003628975|8
10003628985|3
10003628988|4
10003628997|0
10003629020|9
10003629025|3
10003629039|2
10003629049|2
10003629056|9
10003629058|1
10003629062|3
10003629067|6
10003629070|4
10003629076|6
10003629080|2
10003629446|3
10003629448|4
10003629453|7
10003629515|6
10003629641|3
10003629649|0
10003629662|7
10003629680|6
10003629684|3
10003629693|5
10003629700|0
10003629705|3
10003629721|4
10003629773|6
10003629798|1
10003629813|0
10003629822|5
10003629866|7
10003629882|8
10003629893|3
10003629909|0
10003629914|9
10003629988|3
10003630029|4
10003630039|1
10003630071|8
10003630107|5
10003630137|7
10003630140|9
10003630150|2
10003630155|7
10003630320|7
10003630321|9
10003630326|5
10003630591|4
10003630607|1
10003630781|3
10003630951|2
10003630983|7
10003630990|0
10003630995|7
10003631012|6
10003631050|0
10003631073|0
10003631105|9
10003631110|9
10003631123|8
10003631130|5
10003631134|9
10003631410|3
10003631425|2
10003631493|2
10003631577|8
10003631584|0
10003631596|4
10003631603|5
10003631621|9
10003631630|3
10003631641|5
10003631780|5
10003631823|3
10003631857|3
10003631862|2
10003631866|5
10003631872|7
10003631917|9
10003631922|5
10003631932|4
10003631934|4
10003631942|5
10003631948|7
10003631970|4
10003631976|6
10003632107|4
10003632798|5
10003633046|5
10003633060|5
10003633069|7
10003633073|4
10003633079|7
10003633083|6
10003633088|5
10003633094|1
10003633100|8
10003633104|0
10003633106|1
10003633130|3
10003633136|7
10003633142|7
10003633146|8
10003633158|6
10003633161|8
10003633166|7
10003633182|0
10003633370|2
10003633489|8
10003633490|5
10003633544|1
10003633549|9
10003633556|7
10003633561|7
10003633572|8
10003633581|7
10003633585|7
10003633608|1
10003633611|1
10003633674|7
10003633682|9
10003633683|6
10003633687|8
10003633692|9
10003633700|9
10003633711|1
10003633736|9
10003633776|9
10003633778|9
10003633787|7
10003633793|9
10003633796|8
10003633797|7
10003633799|8
10003633804|2
10003633826|9
10003633827|5
10003633841|1
10003633861|2
10003633869|2
10003633873|7
10003633877|6
10003633888|9
10003633902|9
10003633908|8
10003633914|5
10003633917|0
10003633928|4
10003633929|2
10003633940|4
10003633957|0
10003633990|0
10003633993|4
10003633997|7
10003633999|9
10003634010|7
10003634011|0
10003634013|8
10003634017|5
10003634022|4
10003634024|7
10003634027|8
10003634032|2
10003634040|0
10003634049|9
10003634061|6
10003634085|1
10003634100|6
10003634139|2
10003634146|5
10003634148|2
10003634150|9
10003634152|3
10003634156|3
10003634159|0
10003634162|9
10003634174|2
10003634216|7
10003634220|5
10003634223|0
10003634226|8
10003634241|4
10003634242|7
10003634245|7
10003634253|1
10003634261|0
10003634265|1
10003634271|4
10003634285|2
10003634288|7
10003634291|5
10003634294|7
10003634313|2
10003634565|8
10003634577|8
10003634598|2
10003634616|0
10003634634|0
10003634654|3
10003634680|3
10003634737|6
10003634748|9
10003634789|4
10003634805|4
10003634815|6
10003634823|5
10003634985|8
10003635031|1
10003635055|9
10003635066|7
10003635077|3
10003635097|4
10003635132|2
10003635142|0
10003635144|7
10003635203|5
10003635211|4
10003635218|7
10003635220|8
10003635269|6
10003635285|9
10003635292|6
10003635385|3
10003635400|6
10003635401|4
10003635414|0
10003635443|0
10003635457|7
10003635467|1
10003635534|2
10003635590|4
10003635940|5
10003635965|8
10003635971|7
10003635977|6
10003635984|5
10003636001|5
10003636006|6
10003636008|0
10003636023|3
10003636031|4
10003636033|4
10003636037|9
10003636039|6
10003636044|4
10003636049|0
10003636059|1
10003636063|8
10003636067|9
10003636070|1
10003636072|8
10003636073|5
10003636074|0
10003636083|1
10003636084|6
10003636096|7
10003636104|0
10003636113|0
10003636117|0
10003636124|7
10003636128|4
10003636133|3
10003636141|9
10003636259|0
10003636274|0
10003636275|6
10003636287|1
10003636288|5
10003636292|5
10003636297|8
10003636302|2
10003636306|1
10003636307|8
10003636313|0
10003636316|4
10003636342|3
10003636389|5
10003636394|5
10003636404|9
10003636413|3
10003636425|7
10003636427|8
10003636432|4
10003636439|5
10003636442|2
10003636447|8
10003636453|7
10003636461|5
10003636467|4
10003636469|9
10003636476|9
10003636494|8
10003636502|9
10003636510|6
10003636657|9
10003636664|7
10003636668|1
10003636672|7
10003636680|3
10003636699|8
10003636709|2
10003636725|7
10003636735|1
10003636748|5
10003637167|3
10003637265|2
10003637272|7
10003637282|2
10003637427|0
10003637447|4
10003637478|7
10003637484|5
10003637488|8
10003637492|2
10003637501|0
10003637507|4
10003637508|4
10003637513|6
10003637516|3
10003637534|4
10003637537|3
10003637551|8
10003637610|4
10003637611|4
10003637630|5
10003637639|8
10003637694|9
10003637731|3
10003637743|3
10003637747|0
10003637753|8
10003637802|2
10003637930|6
10003638312|6
10003638322|1
10003638333|7
10003638347|2
10003638359|0
10003638394|8
10003638407|1
10003638551|0
10003638559|8
10003638564|6
10003638565|3
10003638579|1
10003638585|7
10003638632|5
10003638638|9
10003638641|5
10003638649|2
10003638655|9
10003638663|8
10003638675|2
10003638701|5
10003638711|7
10003638840|2
10003639322|5
10003639324|3
10003639534|8
10003639593|6
10003639609|6
10003639623|4
10003639650|5
10003639660|3
10003639675|5
10003639701|5
10003639736|7
10003639753|0
10003639760|7
10003639782|5
10003639859|5
10003639866|4
10003639870|9
10003639876|1
10003639883|8
10003639890|0
10003639893|8
10003639897|4
10003639983|9
10003639990|5
10003639999|5
10003640005|1
10003640081|8
10003640093|8
10003640125|5
10003640127|0
10003640137|1
10003640143|0
10003640154|1
10003640164|0
10003640168|1
10003640187|5
10003640641|9
10003640754|9
10003640764|2
10003640771|3
10003640774|5
10003640789|6
10003640795|0
10003640818|5
10003640830|0
10003640844|7
10003640918|3
10003640951|3
10003640954|3
10003640962|7
10003640975|1
10003640983|2
10003641097|0
10003641119|4
10003641290|4
10003641306|7
10003641374|7
10003641388|4
10003641393|3
10003641434|9
10003641447|9
10003641460|6
10003641527|9
10003641609|1
10003641613|7
10003641616|9
10003641727|0
10003641736|6
10003641743|2
10003641747|5
10003641750|2
10003641758|1
10003641810|7
10003641820|1
10003641912|1
10003641947|4
10003642008|4
10003642019|9
10003642035|9
10003642042|5
10003642052|5
10003642062|7
10003642074|4
10003642081|5
10003642483|3
10003642490|6
10003642492|0
10003642497|6
10003642505|4
10003642511|1
10003642569|4
10003642572|2
10003642742|5
10003642754|7
10003642795|1
10003642863|4
10003642867|2
10003642881|9
10003642888|3
10003642889|1
10003642893|0
10003642900|5
10003642987|1
10003642992|3
10003642998|4
10003643004|0
10003643007|0
10003643009|1
10003643016|2
10003643037|3
10003643044|2
10003643056|5
10003643062|2
10003643063|1
10003643070|0
10003643073|5
10003643075|8
10003643078|1
10003643079|0
10003643081|0
10003643087|3
10003643093|5
10003643099|2
10003643103|9
10003643127|0
10003643134|9
10003643141|6
10003643145|2
10003643149|5
10003643152|5
10003643159|4
10003643165|2
10003643170|8
10003643172|7
10003643173|3
10003643174|3
10003643471|7
10003643504|1
10003643574|6
10003644030|7
10003644034|4
10003644043|9
10003644049|1
10003644054|0
10003644056|5
10003644067|5
10003644075|8
10003644079|8
10003644091|1
10003644143|5
10003644214|9
10003644215|7
10003644229|7
10003644231|7
10003644571|7
10003644747|7
10003644964|5
10003645122|8
10003645126|4
10003645139|7
10003645165|8
10003645190|2
10003645199|0
10003645202|2
10003645213|0
10003645217|0
10003645220|9
10003645223|0
10003645227|8
10003645236|2
10003645243|3
10003645247|6
10003645440|6
10003645639|5
10003645642|5
10003645704|4
10003645742|1
10003645747|6
10003645893|9
10003645929|6
10003646042|0
10003646130|0
10003646191|9
10003646204|3
10003646207|2
10003646227|1
10003646241|4
10003646249|2
10003646252|8
10003646268|3
10003646277|9
10003646327|0
10003646387|6
10003646389|2
10003646399|9
10003646409|6
10003646412|2
10003646422|1
10003646429|3
10003646446|5
10003646454|7
10003646461|0
10003646465|0
10003646470|4
10003646474|2
10003646478|1
10003646502|9
10003646505|4
10003646506|0
10003646689|5
10003646690|1
10003646692|1
10003646693|7
10003646696|3
10003646697|8
10003646698|8
10003646699|9
10003646700|5
10003646701|5
10003646702|9
10003646703|3
10003646704|1
10003646705|9
10003646707|6
10003646708|3
10003646709|6
10003646710|7
10003646711|7
10003646712|6
10003646713|5
10003646715|8
10003646717|6
10003646718|6
10003646719|4
10003646720|7
10003646721|1
10003646722|9
10003646724|1
10003646725|9
10003646726|2
10003646727|1
10003646729|6
10003646730|5
10003646731|0
10003646732|4
10003646733|0
10003647080|9
10003647098|8
10003647125|3
10003647130|7
10003647160|8
10003647421|7
10003647434|7
10003647439|0
10003647447|7
10003647458|8
10003647476|2
10003647480|6
10003647489|2
10003647497|3
10003647511|3
10003647518|6
10003647526|7
10003647528|1
10003647542|0
10003647548|9
10003647557|2
10003647564|7
10003647565|0
10003647571|7
10003647572|7
10003647580|5
10003647584|9
10003647589|2
10003647601|2
10003647605|1
10003647617|4
10003647641|8
10003647645|1
10003647651|7
10003647654|8
10003647659|9
10003647662|8
10003647665|0
10003647667|8
10003647670|8
10003647671|7
10003647673|5
10003647678|2
10003647683|3
10003647686|3
10003647690|6
10003647692|2
10003647697|0
10003647698|9
10003647704|4
10003647709|8
10003647731|9
10003647736|7
10003647739|9
10003647743|7
10003647755|3
10003647760|2
10003647849|6
10003647860|2
10003647871|7
10003647881|7
10003647898|7
10003647905|2
10003647915|6
10003647932|8
10003647940|8
10003647948|9
10003647956|4
10003648064|3
10003648065|7
10003648072|7
10003648074|4
10003648081|9
10003648111|5
10003648112|9
10003648121|9
10003648125|3
10003648133|3
10003648141|4
10003648163|7
10003648223|8
10003648240|4
10003648246|0
10003648251|3
10003648263|4
10003648313|2
10003648318|2
10003648398|6
10003648399|1
10003648400|4
10003649189|1
10003649194|6
10003649199|0
10003649205|9
10003649212|8
10003649231|4
10003649238|2
10003649244|0
10003649245|9
10003649267|2
10003649273|4
10003649279|8
10003649294|8
10003649300|5
10003649311|5
10003649350|0
10003649374|0
10003649800|3
10003649831|0
10003649852|8
10003649884|5
10003649903|6
10003649952|8
10003649976|9
10003650049|1
10003650063|0
10003650182|1
10003650346|4
10003650372|1
10003650375|5
10003650382|1
10003650387|8
10003650419|9
10003650436|9
10003650443|1
10003650452|3
10003650454|0
10003650465|4
10003650485|1
10003650517|4
10003650518|2
10003650525|3
10003650533|6
10003650537|6
10003650546|4
10003650551|5
10003650557|4
10003650561|6
10003650565|7
10003650566|7
10003650568|8
10003650570|2
10003650571|1
10003650572|1
10003650574|5
10003650581|9
10003650585|7
10003650588|6
10003650826|6
10003650940|9
10003650945|3
10003650951|9
10003651002|7
10003651008|4
10003651046|5
10003651053|2
10003651058|8
10003651064|3
10003651073|4
10003651124|0
10003651143|0
10003651317|8
10003651327|4
10003651335|1
10003651342|9
10003651350|9
10003651355|4
10003651356|3
10003651357|9
10003651364|4
10003651369|2
10003651372|3
10003651373|8
10003651382|8
10003651394|5
10003651396|9
10003651397|6
10003651402|0
10003651403|5
10003651407|3
10003651415|4
10003651416|9
10003651423|2
10003651425|4
10003651432|5
10003651441|3
10003651448|3
10003651463|6
10003651474|6
10003651475|0
10003651486|6
10003651494|7
10003651507|1
10003651516|2
10003651526|8
10003651543|8
10003651554|6
10003651563|2
10003651568|5
10003651576|0
10003651577|1
10003651581|9
10003651584|0
10003651587|1
10003651591|2
10003651594|2
10003651601|2
10003651607|8
10003651610|8
10003651614|0
10003651620|4
10003651626|4
10003651645|4
10003651648|4
10003651653|8
10003651655|5
10003651657|8
10003651659|9
10003651661|3
10003651669|7
10003651675|5
10003651811|0
10003651821|2
10003651828|5
10003651831|7
10003651833|8
10003651929|4
10003651933|8
10003651939|1
10003651950|9
10003651958|6
10003651962|8
10003651975|7
10003652053|1
10003652270|4
10003652296|5
10003652309|2
10003652317|9
10003652322|8
10003652325|7
10003652326|8
10003652330|4
10003652334|9
10003652335|4
10003652339|2
10003652342|4
10003652345|5
10003652348|4
10003652351|1
10003652352|1
10003652356|3
10003652357|6
10003652362|5
10003652363|1
10003652366|7
10003652371|9
10003652373|9
10003652377|9
10003652390|2
10003652391|9
10003652395|5
10003652466|8
10003652536|1
10003652544|7
10003652555|8
10003652556|6
10003652557|0
10003652558|8
10003652560|2
10003652562|0
10003652565|1
10003652663|7
10003652664|0
10003652665|7
10003652666|3
10003652667|5
10003652668|5
10003652670|2
10003652671|4
10003652673|9
10003652674|2
10003652675|3
10003652676|5
10003652677|6
10003652678|5
10003652680|4
10003652681|1
10003652683|6
10003652684|1
10003652685|3
10003652686|8
10003652687|7
10003652688|6
10003652690|9
10003652691|8
10003652693|3
10003652695|8
10003652696|4
10003652697|8
10003652698|8
10003652700|5
10003652702|8
10003652703|1
10003652704|4
10003652705|4
10003652706|8
10003652708|0
10003652709|6
10003652710|9
10003652711|1
10003652712|2
10003652713|3
10003652714|4
10003652715|9
10003653265|3
10003653374|4
10003653376|3
10003653383|4
10003653389|8
10003653393|8
10003653395|0
10003653403|8
10003653418|9
10003653419|6
10003653420|5
10003653435|1
10003653455|8
10003654284|1
10003654615|0
10003654692|1
10003654693|2
10003654840|7
10003654854|9
10003654866|7
10003654951|5
10003654975|2
10003654980|5
10003654993|1
10003654997|4
10003655008|8
10003655021|6
10003655024|2
10003655033|3
10003655053|8
10003655076|7
10003655098|5
10003655119|9
10003655151|1
10003655165|1
10003655190|2
10003655235|7
10003655278|5
10003655292|1
10003655361|6
10003655367|5
10003655502|2
10003655507|3
10003655882|1
10003656006|8
10003656019|5
10003656093|4
10003656108|4
10003656120|6
10003656160|0
10003656178|0
10003656226|1
10003656247|4
10003656302|1
10003656649|6
10003656670|7
10003656879|2
10003656880|8
10003656881|1
10003656882|8
10003656883|9
10003656884|2
10003656886|6
10003656887|2
10003656888|3
10003656889|0
10003656890|9
10003656891|1
10003656894|1
10003656895|9
10003656897|6
10003656898|0
10003656899|9
10003656900|1
10003656901|7
10003656902|8
10003656904|5
10003656905|1
10003656907|2
10003656908|2
10003656909|8
10003656910|3
10003656911|7
10003656912|7
10003656913|1
10003656914|9
10003656915|1
10003656916|4
10003656919|0
10003656920|6
10003656923|1
10003656926|2
10003656927|5
10003656929|5
10003656930|2
10003656931|8
10003656932|9
10003656933|4
10003656934|6
10003656936|6
10003656937|9
10003656938|3
10003656939|2
10003656940|1
10003656941|5
10003656942|8
10003656943|8
10003656944|2
10003656945|4
10003656946|9
10003657901|6
10003657902|5
10003657903|8
10003657904|3
10003657905|3
10003657906|4
10003657907|2
10003657908|5
10003657909|2
10003657910|4
10003657911|0
10003657912|5
10003659216|0
10003659217|3
10003659229|6
10003659236|0
10003659253|4
10003659258|3
10003659262|6
10003659273|4
10003659316|2
10003659319|9
10003659323|6
10003659328|8
10003659330|9
10003659337|7
10003659352|1
10003659458|7
10003659461|4
10003659466|4
10003660055|4
10003660102|2
10003660577|4
10003660594|8
10003660607|3
10003660633|4
10003660639|4
10003660652|5
10003660666|7
10003660674|5
10003660682|5
10003660688|2
10003660695|1
10003660701|3
10003660948|5
10003661135|6
10003661184|2
10003661542|4
10003661543|3
10003661544|6
10003661545|0
10003661547|9
10003661548|9
10003661549|4
10003661550|3
10003661551|0
10003661997|1
10003662421|2
10003662425|9
10003662430|7
10003662437|9
10003662442|2
10003662825|9
10003662833|8
10003662993|5
10003663000|0
10003663006|9
10003663010|4
10003663016|9
10003663018|8
10003663029|4
10003663075|3
10003663077|8
10003663082|6
10003663099|6
10003663113|6
10003663966|2
10003663988|3
10003664237|4
10003664241|1
10003664244|0
10003664253|1
10003664261|3
10003664271|1
10003664276|0
10003664281|6
10003664287|9
10003664297|3
10003664300|5
10003664305|4
10003664314|1
10003664329|1
10003665345|7
10003665358|1
10003665672|5
10003665684|7
10003665831|0
10003665872|2
10003665881|2
10003665898|2
10003665907|2
10003665949|5
10003665952|2
10003665957|5
10003665962|8
10003665967|6
10003666033|1
10003666037|9
10003666175|5
10003666187|5
10003666192|2
10003666196|1
10003666198|5
10003666206|5
10003666252|2
10003666262|0
10003666280|7
10003666281|9
10003666286|7
10003666289|2
10003666338|3
10003666460|6
10003666462|5
10003666463|9
10003666464|9
10003666467|5
10003666468|1
10003666470|4
10003666471|3
10003666472|5
10003666473|0
10003666474|5
10003666476|5
10003666477|2
10003666478|7
10003666479|0
10003666480|2
10003666957|6
10003666981|6
10003667337|5
10003667458|7
10003667501|9
10003667510|5
10003667513|9
10003667516|0
10003667520|9
10003667521|9
10003667524|3
10003667525|5
10003667526|5
10003667527|1
10003667530|7
10003667532|9
10003667534|7
10003667551|0
10003667552|4
10003667553|6
10003667554|1
10003667555|5
10003667556|3
10003667557|8
10003667558|4
10003667559|0
10003667562|9
10003667563|1
10003667564|5
10003667565|2
10003667567|8
10003667568|1
10003667569|1
10003667570|4
10003667686|7
10003667753|6
10003667765|4
10003667821|1
10003667827|8
10003667835|2
10003667839|9
10003667843|1
10003667851|4
10003667912|2
10003668005|1
10003668858|5
10003669060|8
10003669064|9
10003669102|8
10003669175|0
10003669225|5
10003670153|7
10003670156|2
10003670159|7
10003670201|7
10003670217|6
10003670237|3
10003670340|8
10003670353|5
10003670365|4
10003670453|5
10003670474|8
10003670498|0
10003670645|0
10003670663|9
10003670856|7
10003670939|5
10003671034|6
10003671072|6
10003671082|6
10003671107|1
10003671119|0
10003671128|3
10003671149|6
10003671168|2
10003671171|3
10003671175|2
10003671181|0
10003671185|5
10003671196|6
10003671202|2
10003671207|4
10003671213|1
10003671217|6
10003671222|7
10003671231|6
10003671232|5
10003671239|6
10003671250|5
10003671251|2
10003671257|1
10003671263|5
10003671269|8
10003671278|9
10003671554|6
10003671586|1
10003671588|6
10003671612|2
10003671621|9
10003671632|9
10003671639|3
10003671645|6
10003671650|2
10003671656|3
10003672005|0
10003672109|5
10003672149|3
10003672168|6
10003672178|6
10003672199|3
10003672212|9
10003672225|4
10003672284|7
10003672301|1
10003672335|6
10003672349|5
10003672382|3
10003672420|0
10003672548|9
10003672559|0
10003672575|4
10003672712|8
10003672713|1
10003672773|8
10003672774|5
10003672776|4
10003672778|8
10003672779|9
10003674586|1
10003674604|9
10003674607|1
10003674613|6
10003674617|3
10003674624|1
10003674627|9
10003674633|9
10003674637|0
10003674641|4
10003674643|6
10003674647|8
10003674650|7
10003674662|6
10003674666|4
10003674672|7
10003674680|1
10003674683|5
10003674688|7
10003674693|5
10003674705|2
10003674713|5
10003674716|0
10003674725|1
10003674729|8
10003674731|3
10003674739|7
10003674740|0
10003674744|4
10003674818|9
10003674836|4
10003674872|3
10003674873|3
10003674881|3
10003674889|8
10003674899|9
10003674905|3
10003675348|6
10003676239|1
10003676296|2
10003676316|4
10003676326|0
10003676339|7
10003676346|0
10003676359|6
10003676361|2
10003676373|3
10003676393|9
10003676418|9
10003676437|1
10003676458|7
10003676478|1
10003676482|8
10003676506|6
10003676513|7
10003676518|3
10003676524|3
10003676530|2
10003676537|6
10003676544|5
10003676580|8
10003676633|8
10003676643|6
10003676651|8
10003676667|8
10003676706|3
10003677090|6
10003677095|3
10003677107|4
10003677114|2
10003677120|2
10003677136|8
10003677148|0
10003677160|2
10003677168|5
10003677212|7
10003677218|0
10003677222|6
10003677233|4
10003677238|6
10003677240|6
10003677518|8
10003677806|1
10003677841|8
10003677865|0
10003677888|9
10003677928|1
10003677938|8
10003677943|9
10003677981|7
10003677987|3
10003677994|3
10003678134|1
10003678386|0
10003678519|1
10003679393|0
10003679394|2
10003679395|8
10003679396|4
10003679751|2
10003679752|6
10003679753|1
10003679756|2
10003679757|9
10003680507|6
10003680513|8
10003680517|8
10003680521|9
10003680532|0
10003680544|3
10003680548|7
10003680553|1
10003680559|5
10003680575|2
10003680601|0
10003680615|2
10003680633|3
10003680638|2
10003680660|5
10003680669|6
10003680775|3
10003680786|4
10003681141|4
10003681152|9
10003681157|4
10003681166|7
10003681175|4
10003681188|9
10003681833|7
10003681900|8
10003681911|5
10003681919|9
10003681926|1
10003681931|7
10003681963|0
10003682093|8
10003682100|3
10003682285|9
10003682344|3
10003683940|5
10003684308|6
10003684311|8
10003684359|7
10003684456|2
10003684457|4
10003684458|3
10003684460|0
10003684461|8
10003684462|5
10003684463|7
10003684464|4
10003684465|1
10003684466|1
10003684805|1
10003684984|7
10003684993|0
10003685835|7
10003685844|8
10003685872|1
10003685909|0
10003685936|4
10003686115|6
10003686130|7
10003686139|8
10003686160|3
10003686180|8
10003686182|1
10003686189|0
10003686213|4
10003686215|0
10003686245|7
10003686327|6
10003686328|5
10003686330|4
10003686341|7
10003686345|5
10003686350|5
10003686367|2
10003686370|3
10003686372|1
10003686548|0
10003686551|7
10003686557|4
10003686558|5
10003686574|9
10003686581|7
10003686586|4
10003687020|0
10003687037|5
10003687047|0
10003687062|7
10003687195|0
10003687290|7
10003687327|8
10003687356|8
10003687361|8
10003687371|1
10003687377|5
10003687564|1
10003687572|6
10003687584|6
10003687589|8
10003687595|1
10003687637|5
10003687648|1
10003687772|0
10003687776|5
10003687780|4
10003687787|2
10003687790|8
10003687797|9
10003687801|6
10003687808|3
10003687928|3
10003687939|1
10003688510|8
10003688773|7
10003688774|7
10003688776|2
10003688777|5
10003688778|8
10003688780|7
10003688781|2
10003688783|8
10003688784|6
10003688785|4
10003688786|3
10003688787|4
10003688788|2
10003688792|7
10003688793|0
10003688794|6
10003688795|5
10003688796|3
10003688797|5
10003688798|9
10003688799|5
10003688800|9
10003688801|0
10003688802|3
10003688804|8
10003688805|1
10003688806|9
10003688807|8
10003688809|9
10003688810|4
10003689160|6
10003689499|5
10003689502|8
10003689514|8
10003689524|8
10003689547|8
10003689570|0
10003689783|1
10003689797|3
10003689812|7
10003689835|7
10003689847|7
10003689859|9
10003689867|7
10003689884|4
10003689894|8
10003689909|3
10003689922|7
10003690074|4
10003690085|6
10003690099|9
10003690109|9
10003690125|9
10003690140|5
10003690162|8
10003690232|6
10003690308|5
10003690312|0
10003690320|5
10003690321|5
10003690333|1
10003690346|4
10003690348|4
10003690390|6
10003690395|2
10003690399|2
10003690410|5
10003690420|6
10003690928|2
10003690945|3
10003690948|2
10003690964|4
10003691027|7
10003691040|2
10003691133|9
10003691150|2
10003691151|0
10003691162|8
10003691163|4
10003691168|1
10003691169|9
10003691176|7
10003691181|3
10003691189|3
10003691359|2
10003691381|5
10003691400|9
10003691422|5
10003691427|0
10003691555|8
10003691561|6
10003691565|1
10003691568|6
10003691570|1
10003691574|0
10003692295|2
10003692543|0
10003692700|8
10003692702|6
10003693016|6
10003693038|5
10003693046|3
10003693054|1
10003693057|0
10003693060|6
10003693092|4
10003693093|0
10003693102|5
10003693261|9
10003693285|0
10003693289|9
10003693296|7
10003693301|1
10003693319|1
10003693324|7
10003693329|7
10003693333|7
10003693338|1
10003693345|1
10003693353|8
10003693376|4
10003693385|6
10003693430|6
10003693432|6
10003693451|2
10003693473|8
10003693478|7
10003693481|9
10003693498|2
10003693506|6
10003693510|4
10003693511|4
10003693516|0
10003693569|3
10003693570|5
10003693574|1
10003693575|9
10003693577|3
10003693578|8
10003693704|9
10003693705|3
10003693706|7
10003693707|6
10003693708|9
10003693716|4
10003694087|2
10003694098|6
10003694144|6
10003694160|0
10003694166|9
10003697363|9
10003697365|1
10003697366|2
10003697367|8
10003697368|2
10003697369|9
10003697370|0
10003697371|1
10003697573|0
10003697614|3
10003698164|9
10003698210|6
10003698216|8
10003698226|2
10003698236|6
10003698241|4
10003698250|0
10003698258|8
10003698268|2
10003698538|2
10003698550|6
10003698842|4
10003699329|9
10003700615|4
10003700628|4
10003700631|9
10003700737|0
10003700738|9
10003700740|7
10003700823|2
10003700837|5
10003700851|5
10003700859|4
10003700865|5
10003700878|0
10003700893|3
10003700897|8
10003700905|9
10003700911|1
10003700915|0
10003700924|2
10003700932|4
10003701040|9
10003701053|9
10003701059|1
10003701068|9
10003701177|0
10003701200|9
10003701207|7
10003701217|0
10003701228|3
10003701235|5
10003701241|5
10003701246|9
10003701249|8
10003701253|1
10003701255|6
10003701259|4
10003701262|5
10003701266|2
10003701270|6
10003701275|8
10003702411|9
10003702543|3
10003702569|6
10003702581|2
10003702593|0
10003702601|3
10003702632|4
10003702653|4
10003702665|8
10003702673|0
10003702699|9
10003702713|7
10003702742|0
10003702756|4
10003702975|8
10003703160|1
10003703189|1
10003704486|5
10003704489|4
10003704503|6
10003705796|7
10003706953|3
10003706987|1
10003707694|6
10003707739|4
10003707749|4
10003707757|8
10003707762|8
10003707763|1
10003707770|7
10003707773|4
10003707780|3
10003707784|6
10003707803|4
10003707804|8
10003707814|4
10003707820|2
10003707822|3
10003707838|0
10003707841|7
10003707847|8
10003707856|9
10003707857|2
10003707877|1
10003707884|8
10003707892|0
10003707898|4
10003707903|7
10003707907|0
10003707920|9
10003707943|3
10003707955|6
10003707962|9
10003707966|7
10003707972|1
10003707978|7
10003707993|4
10003707999|9
10003708018|3
10003708023|3
10003708027|1
10003708030|6
10003708042|0
10003709485|7
10003709534|4
10003709563|7
10003709593|4
10003709606|0
10003709614|3
10003709633|4
10003709653|8
10003709662|4
10003709667|5
10003709720|1
10003709727|6
10003709755|0
10003709761|0
10003709764|9
10003709779|3
10003709832|7
10003709837|2
10003709927|4
10003709942|3
10003709952|3
10003710331|0
10003710369|2
10003710404|4
10003710422|5
10003710433|0
10003710441|0
10003710476|8
10003710697|7
10003711170|8
10003711182|8
10003711186|3
10003711193|5
10003711477|3
10003711509|8
10003711538|1
10003711689|7
10003711803|9
10003711833|3
10003711843|6
10003711845|6
10003711870|0
10003711884|7
10003711888|2
10003711933|3
10003711936|9
10003711964|7
10003711975|7
10003711984|2
10003711989|7
10003711995|4
10003712002|4
10003712035|1
10003712457|0
10003712679|9
10003712681|2
10003712780|6
10003712794|5
10003712801|8
10003712805|2
10003712809|1
10003712813|8
10003712841|1
10003712843|2
10003712846|6
10003712858|7
10003712862|5
10003712866|2
10003712872|2
10003712876|9
10003712882|1
10003712933|4
10003712935|7
10003713576|5
10003713586|2
10003713591|1
10003713601|8
10003713622|1
10003713629|8
10003713631|1
10003713633|6
10003713636|9
10003713639|6
10003713643|6
10003713650|4
10003713651|0
10003713655|6
10003713705|3
10003713721|0
10003713736|4
10003713738|3
10003713750|0
10003713950|9
10003713981|5
10003713987|3
10003713991|6
10003714016|2
10003714021|9
10003714027|8
10003714031|3
10003714035|3
10003714085|7
10003714091|3
10003714098|7
10003714105|6
10003714106|9
10003714111|4
10003714115|9
10003714122|5
10003714129|2
10003714137|8
10003714931|5
10003714984|0
10003714991|6
10003715020|3
10003715033|9
10003715039|9
10003715066|7
10003715068|4
10003715071|6
10003715073|7
10003715076|1
10003715091|5
10003715095|4
10003715103|7
10003715111|0
10003715129|6
10003715137|0
10003715163|6
10003715165|4
10003715241|6
10003715249|3
10003715268|9
10003715689|4
10003715716|8
10003715720|0
10003715733|6
10003715737|5
10003715746|0
10003715773|2
10003715780|2
10003715797|5
10003715816|0
10003715826|4
10003715842|1
10003715904|2
10003715917|5
10003715921|3
10003715948|4
10003715951|5
10003715962|5
10003715973|9
10003715976|4
10003715978|1
10003716007|6
10003716013|0
10003716027|0
10003716034|2
10003716038|5
10003716039|0
10003716052|9
10003716058|8
10003716060|0
10003716062|5
10003716065|5
10003716066|9
10003716067|4
10003716078|4
10003716080|2
10003716086|0
10003716094|2
10003716121|4
10003716521|5
10003716522|3
10003716523|5
10003716524|7
10003716525|3
10003716528|4
10003716529|5
10003716530|3
10003716531|2
10003716532|4
10003716533|1
10003716534|8
10003716535|8
10003716537|1
10003716538|0
10003716539|5
10003716540|5
10003716542|1
10003716581|7
10003716584|2
10003716588|8
10003716592|8
10003716596|8
10003716599|0
10003716602|5
10003716604|5
10003716606|9
10003716610|1
10003716825|2
10003716852|0
10003716927|2
10003717538|3
10003717552|9
10003717596|4
10003717603|4
10003717612|6
10003717635|0
10003717649|4
10003717676|6
10003718492|1
10003718703|3
10003718940|4
10003718941|7
10003718942|1
10003718945|9
10003718956|5
10003719056|9
10003719074|3
10003719080|3
10003719081|2
10003719085|8
10003719088|7
10003719090|5
10003719093|7
10003719098|7
10003719099|6
10003719102|7
10003719104|7
10003719108|8
10003719112|8
10003719114|8
10003719116|8
10003719138|1
10003719146|7
10003719147|3
10003719154|3
10003719163|0
10003719171|0
10003719185|7
10003719186|4
10003719188|4
10003719194|9
10003719200|4
10003719205|5
10003719210|5
10003719212|1
10003719217|9
10003719247|4
10003719253|3
10003719265|5
10003719268|2
10003719269|6
10003719288|8
10003719290|6
10003719304|6
10003719307|0
10003719312|1
10003719372|1
10003719619|5
10003719621|7
10003719623|7
10003719624|0
10003719625|3
10003719626|9
10003719627|6
10003719628|5
10003719629|1
10003719630|2
10003719631|5
10003719632|4
10003719633|7
10003719634|8
10003719635|9
10003719636|1
10003719725|0
10003719730|6
10003719731|8
10003719733|9
10003719734|4
10003719735|7
10003719889|9
10003719928|7
10003719933|1
10003719939|3
10003719958|5
10003719982|4
10003720115|8
10003720131|8
10003720141|5
10003720432|5
10003720509|6
10003720547|9
10003720561|2
10003720692|5
10003720697|9
10003720948|8
10003720964|0
10003720984|0
10003721097|6
10003721134|3
10003721144|6
10003721152|0
10003721178|3
10003721181|6
10003721187|5
10003721188|7
10003721195|4
10003721198|7
10003721200|0
10003721296|7
10003721309|8
10003721316|7
10003721319|0
10003721325|7
10003721329|7
10003721349|5
10003721356|6
10003721363|5
10003721367|8
10003721370|7
10003721452|4
10003721491|6
10003721497|7
10003721506|9
10003721514|6
10003721547|7
10003721549|7
10003721552|8
10003721561|3
10003721562|9
10003721571|5
10003721584|2
10003721588|0
10003721598|9
10003721600|9
10003721611|5
10003721636|3
10003721735|6
10003721737|3
10003721738|0
10003721740|3
10003721754|8
10003721760|3
10003721776|0
10003721781|4
10003721786|2
10003721802|4
10003721816|3
10003721826|5
10003721828|1
10003721830|8
10003721833|8
10003721981|4
10003722144|8
10003722145|4
10003722146|1
10003722147|3
10003722148|9
10003722150|9
10003722151|6
10003722152|8
10003722153|0
10003722154|5
10003722185|9
10003722193|3
10003722218|1
10003722263|2
10003722266|0
10003722267|8
10003722271|2
10003722272|2
10003722276|4
10003722287|5
10003722292|3
10003722307|5
10003722319|0
10003722320|4
10003722363|9
10003722389|2
10003722393|6
10003722396|9
10003722399|1
10003722404|2
10003722405|0
10003722633|2
10003722634|7
10003722729|4
10003722738|5
10003722758|7
10003722762|1
10003722772|0
10003722777|9
10003722791|7
10003722831|9
10003722847|8
10003722852|8
10003722873|0
10003722880|0
10003722924|9
10003722986|7
10003722987|8
10003722992|6
10003722993|2
10003723088|9
10003723091|0
10003723093|5
10003723096|3
10003723109|2
10003723110|1
10003723118|4
10003723121|4
10003723124|0
10003723127|7
10003723141|4
10003723153|6
10003723157|0
10003723160|7
10003723165|5
10003723205|8
10003723209|7
10003723217|5
10003723291|1
10003723294|3
10003723296|0
10003723371|0
10003723372|1
10003723586|4
10003723620|5
10003723649|7
10003723739|4
10003723744|4
10003723748|9
10003723751|5
10003723755|6
10003723757|8
10003723770|6
10003723777|8
10003723866|0
10003723872|9
10003723876|6
10003723882|9
10003723884|4
10003723891|3
10003723895|4
10003723914|8
10003723942|1
10003723946|3
10003723948|2
10003723955|4
10003724013|1
10003724126|9
10003724128|3
10003724129|2
10003724130|7
10003724131|7
10003724132|0
10003724133|5
10003724134|4
10003724135|5
10003724138|6
10003724139|1
10003724140|5
10003724141|5
10003724142|8
10003724143|5
10003724168|3
10003724173|4
10003724176|4
10003724180|1
10003724181|0
10003724183|9
10003724185|7
10003724186|6
10003724188|1
10003724190|8
10003724192|2
10003724193|0
10003724194|9
10003724195|2
10003724198|6
10003724203|8
10003724204|0
10003724208|8
10003724213|6
10003724220|0
10003724249|1
10003724260|7
10003724266|1
10003724268|4
10003724269|9
10003724271|5
10003724274|8
10003724292|3
10003724301|0
10003724306|6
10003724327|5
10003724330|1
10003724343|3
10003724354|5
10003724379|4
10003724422|4
10003724434|0
10003724470|6
10003724483|2
10003724489|1
10003724498|0
10003724505|2
10003724515|0
10003724525|6
10003724531|4
10003724593|3
10003724664|0
10003724683|3
10003724685|4
10003724688|7
10003724691|7
10003724694|3
10003724782|0
10003724810|1
10003724818|7
10003724819|0
10003724822|7
10003724826|5
10003724828|3
10003724831|4
10003724833|9
10003724836|5
10003724838|2
10003724869|1
10003724887|4
10003724888|7
10003724889|6
10003724890|4
10003724893|9
10003724895|7
10003724942|8
10003724943|4
10003724944|2
10003724945|2
10003724946|2
10003724947|3
10003724948|2
10003724949|1
10003724952|4
10003724953|9
10003724960|7
10003724961|0
10003724963|2
10003724969|8
10003724971|6
10003724974|6
10003724977|3
10003724980|5
10003724981|6
10003725037|4
10003725064|8
10003725068|2
10003725070|4
10003725072|3
10003725073|0
10003725078|9
10003725079|6
10003725110|4
10003725114|5
10003725115|8
10003725117|2
10003725118|9
10003725120|8
10003725121|3
10003725122|7
10003725124|7
10003725201|4
10003725202|5
10003725203|2
10003725206|8
10003725207|7
10003725209|8
10003725210|7
10003725212|9
10003725228|1
10003725461|3
10003725464|3
10003725480|8
10003725482|1
10003725487|2
10003725488|6
10003725491|5
10003725492|9
10003725496|3
10003725498|4
10003725500|8
10003725503|9
10003725505|2
10003725510|6
10003725513|7
10003725515|6
10003725522|7
10003725524|3
10003725526|7
10003725535|2
10003725540|3
10003725545|0
10003725555|0
10003725563|1
10003725566|4
10003725574|5
10003725581|3
10003725591|3
10003725594|5
10003725597|0
10003725599|7
10003725601|9
10003725603|8
10003725604|5
10003725606|2
10003725607|8
10003725608|5
10003725614|3
10003725616|6
10003725619|0
10003725621|0
10003725622|8
10003725626|0
10003725660|2
10003725662|9
10003725664|4
10003725666|5
10003725667|0
10003725668|7
10003725670|2
10003725687|4
10003725693|6
10003725889|4
10003725894|1
10003725903|0
10003725929|2
10003725962|1
10003725980|4
10003725990|6
10003725996|4
10003726003|7
10003726009|9
10003726010|6
10003726013|2
10003726014|0
10003726017|5
10003726020|9
10003726024|9
10003726036|9
10003726042|2
10003726051|1
10003726053|3
10003726062|0
10003726070|2
10003726073|1
10003726076|3
10003726078|1
10003726079|9
10003726092|0
10003726100|7
10003726104|5
10003726105|3
10003726108|4
10003726111|1
10003726115|7
10003726117|5
10003726120|8
10003726123|3
10003726127|3
10003726132|3
10003726141|4
10003726146|4
10003726148|4
10003726151|6
10003726155|5
10003726160|5
10003726167|2
10003726172|8
10003726173|8
10003726182|1
10003726189|0
10003726196|6
10003726201|0
10003726204|0
10003726321|1
10003726324|5
10003726327|3
10003726416|3
10003726458|8
10003726791|8
10003726792|9
10003726793|0
10003726794|4
10003726796|1
10003726797|9
10003726799|8
10003726800|9
10003726801|7
10003726835|4
10003726836|6
10003726837|4
10003726838|5
10003726839|8
10003726840|4
10003726844|5
10003726846|1
10003726847|3
10003726848|0
10003726857|6
10003726900|1
10003726902|4
10003726904|2
10003726905|7
10003726936|3
10003726939|8
10003726940|9
10003726941|1
10003726944|6
10003726945|9
10003726998|5
10003727004|0
10003727005|0
10003727029|3
10003727038|6
10003727098|7
10003727244|4
10003727248|1
10003727251|9
10003727278|1
10003727283|7
10003727287|0
10003727308|5
10003727332|6
10003727355|3
10003727376|3
10003727383|0
10003727384|0
10003727386|0
10003727389|3
10003727414|2
10003727420|9
10003727423|6
10003727425|1
10003727428|4
10003727436|1
10003727490|0
10003727505|0
10003727509|6
10003727513|1
10003727522|6
10003727525|8
10003727539|7
10003727552|0
10003727581|7
10003727583|3
10003727605|3
10003727608|6
10003727640|4
10003727665|9
10003727667|6
10003727673|3
10003727689|3
10003727696|1
10003727699|3
10003727720|6
10003728269|0
10003728279|9
10003728296|2
10003728325|4
10003728343|9
10003728347|0
10003728360|2
10003728366|9
10003728368|0
10003728372|2
10003728382|8
10003728393|2
10003728399|3
10003728408|6
10003728410|2
10003728412|1
10003728415|7
10003728417|8
10003728424|7
10003728547|6
10003728572|4
10003728577|5
10003728587|0
10003728591|0
10003728599|6
10003728661|5
10003729096|3
10003729118|5
10003729137|4
10003729152|8
10003729156|9
10003729157|9
10003729159|1
10003729161|6
10003729164|4
10003729165|2
10003729166|1
10003729168|7
10003729169|5
10003729170|5
10003729172|0
10003729191|3
10003729260|3
10003729406|3
10003729407|6
10003729409|2
10003729410|5
10003729411|6
10003729412|2
10003729414|6
10003729415|8
10003729416|2
10003729417|1
10003729418|7
10003729419|3
10003729420|3
10003729421|0
10003729623|3
10003729627|9
10003729632|0
10003729638|3
10003729648|1
10003729670|8
10003729671|3
10003729672|2
10003729673|3
10003729674|1
10003729675|1
10003729676|3
10003729678|5
10003729679|8
10003729708|8
10003729712|3
10003729733|9
10003729734|8
10003729743|1
10003729765|9
10003729828|8
10003729840|1
10003729894|7
10003729896|3
10003729899|7
10003729904|3
10003729905|3
10003729907|4
10003729908|5
10003729913|4
10003729916|0
10003729918|1
10003729931|1
10003729933|6
10003729936|0
10003729939|0
10003729941|3
10003729947|7
10003729963|7
10003729969|7
10003729976|2
10003729993|2
10003730007|8
10003730010|4
10003730013|3
10003730019|9
10003730021|3
10003730024|5
10003730037|9
10003730046|7
10003730121|7
10003730134|5
10003730137|7
10003730140|6
10003730145|5
10003730150|6
10003730155|3
10003730160|7
10003730219|3
10003730224|3
10003730269|3
10003730270|5
10003730272|8
10003730275|2
10003730289|5
10003730295|4
10003730309|7
10003730314|7
10003730321|3
10003730323|3
10003730329|3
10003730332|3
10003730336|4
10003730340|9
10003730345|3
10003730348|5
10003730352|7
10003730354|9
10003730361|3
10003730364|9
10003730368|1
10003730373|3
10003730379|7
10003730468|0
10003730471|7
10003730474|3
10003730475|7
10003730504|2
10003730509|3
10003730510|1
10003730520|0
10003730528|1
10003730541|5
10003730547|5
10003730549|2
10003730552|5
10003730555|2
10003730556|4
10003730557|2
10003730561|1
10003730563|2
10003730564|1
10003730569|7
10003730579|4
10003730601|4
10003730615|3
10003730634|9
10003730648|4
10003730652|7
10003730672|3
10003730681|1
10003730702|5
10003730715|3
10003730718|4
10003730734|4
10003730740|8
10003730741|5
10003730746|5
10003730751|2
10003730757|8
10003730759|3
10003730760|2
10003730762|2
10003730764|1
10003730765|3
10003730769|8
10003730771|8
10003730774|2
10003730775|7
10003730781|1
10003730784|1
10003730787|1
10003730886|8
10003730887|5
10003730891|2
10003730895|1
10003730898|4
10003730901|6
10003730903|9
10003730906|4
10003730956|5
10003730960|7
10003730966|6
10003730967|0
10003730970|0
10003731035|6
10003731058|0
10003731069|2
10003731088|0
10003731135|9
10003731154|3
10003731157|2
10003731164|5
10003731165|6
10003731172|9
10003731174|2
10003731179|0
10003731181|0
10003731188|0
10003731189|3
10003731191|1
10003731195|0
10003731196|1
10003731197|4
10003731199|3
10003731240|5
10003731242|3
10003731274|2
10003731284|9
10003731294|2
10003731309|1
10003731315|6
10003731321|8
10003731330|2
10003731335|7
10003731349|2
10003731382|2
10003731390|3
10003731398|3
10003731548|4
10003731574|0
10003731575|2
10003731937|7
10003731986|9
10003731996|4
10003732000|1
10003732009|1
10003732013|5
10003732031|3
10003732034|0
10003732041|7
10003732045|0
10003732057|2
10003732063|2
10003732069|0
10003732072|3
10003732075|4
10003732081|8
10003732134|8
10003732135|7
10003732138|1
10003732140|3
10003732141|7
10003732143|1
10003732146|6
10003732152|2
10003732159|0
10003732171|2
10003732175|1
10003732177|6
10003732178|2
10003732182|1
10003732186|7
10003732187|3
10003732193|6
10003732196|8
10003732199|9
10003732203|1
10003732207|7
10003732210|6
10003732215|5
10003732219|9
10003732221|5
10003732225|3
10003732229|1
10003732278|3
10003732281|3
10003732282|3
10003732283|1
10003732285|3
10003732286|3
10003732288|5
10003732291|6
10003732323|9
10003732324|4
10003732326|6
10003732329|3
10003732330|7
10003732333|4
10003732358|4
10003732359|3
10003732360|8
10003732507|7
10003732772|5
10003732860|9
10003732862|7
10003732864|4
10003733209|9
10003733220|8
10003733225|9
10003733451|2
10003733460|2
10003733465|4
10003733487|5
10003733668|4
10003733679|5
10003733680|8
10003733681|9
10003733688|2
10003733692|2
10003733694|5
10003733695|3
10003733709|0
10003733728|6
10003733737|1
10003733757|5
10003733760|5
10003733764|8
10003733769|6
10003733775|9
10003733887|1
10003733890|0
10003733893|4
10003733916|8
10003733928|0
10003733935|3
10003733941|5
10003733946|7
10003733947|2
10003733997|5
10003733998|7
10003734290|6
10003734291|8
10003734299|8
10003734322|7
10003734323|0
10003734324|0
10003734325|2
10003734326|0
10003734329|7
10003734344|6
10003734348|5
10003734355|6
10003734357|3
10003734363|9
10003734366|3
10003734369|6
10003734433|3
10003734441|6
10003734445|8
10003734459|1
10003734467|3
10003734474|1
10003734480|0
10003734486|2
10003734488|9
10003734495|1
10003734502|5
10003734506|4
10003734512|7
10003734593|3
10003734595|4
10003734598|8
10003734714|3
10003734717|9
10003734719|8
10003734725|4
10003734728|2
10003734733|1
10003734914|4
10003734917|4
10003734918|2
10003734919|9
10003734924|6
10003734928|3
10003734929|0
10003734934|1
10003734936|0
10003734937|9
10003734941|6
10003734943|7
10003734948|0
10003734961|5
10003734971|9
10003734979|2
10003734983|8
10003734990|1
10003734995|3
10003734997|5
10003735006|2
10003735026|2
10003735030|5
10003735044|7
10003735055|4
10003735059|0
10003735062|8
10003735065|4
10003735068|7
10003735074|0
10003735090|9
10003735094|9
10003735100|9
10003735103|5
10003735107|2
10003735112|6
10003735116|1
10003735199|9
10003735251|7
10003735252|3
10003735253|3
10003735393|3
10003735416|9
10003735418|4
10003735419|7
10003735421|9
10003735422|8
10003735423|2
10003735425|5
10003735426|2
10003735427|0
10003735428|5
10003735431|2
10003735444|8
10003735471|5
10003735473|6
10003735474|6
10003735475|2
10003735488|2
10003735494|4
10003735499|6
10003735501|1
10003735504|6
10003735506|1
10003735512|0
10003735515|5
10003735533|7
10003735598|3
10003735600|2
10003735603|1
10003735606|4
10003735623|7
10003735629|2
10003735663|9
10003735666|7
10003735668|6
10003735671|1
10003735675|1
10003735682|5
10003735684|7
10003735687|9
10003735713|3
10003735714|5
10003735715|2
10003735717|2
10003735718|5
10003735729|5
10003735742|4
10003735764|2
10003735782|2
10003735935|5
10003735965|6
10003735968|4
10003735971|1
10003735981|3
10003735986|8
10003735993|8
10003736039|1
10003736044|2
10003736046|7
10003736063|2
10003736113|1
10003736120|1
10003736178|4
10003736179|2
10003736184|1
10003736187|3
10003736188|8
10003736213|6
10003736216|8
10003736218|4
10003736219|3
10003736221|8
10003736226|8
10003736422|1
10003736424|2
10003736427|2
10003736434|6
10003736441|9
10003736446|2
10003736452|5
10003736455|7
10003736461|7
10003736471|3
10003736601|4
10003736614|9
10003736618|0
10003736660|8
10003736666|8
10003736731|1
10003736733|3
10003736742|5
10003736745|2
10003736752|5
10003737338|4
10003737340|5
10003737341|5
10003737343|3
10003737345|6
10003737346|8
10003737347|4
10003737369|3
10003737370|4
10003737371|4
10003737385|6
10003737388|7
10003737393|7
10003737510|2
10003737636|2
10003737637|0
10003737639|6
10003737640|0
10003737641|2
10003737642|5
10003737643|9
10003737644|8
10003737645|6
10003737646|6
10003737647|6
10003738002|6
10003738003|9
10003738019|9
10003738024|0
10003738026|3
10003738039|5
10003738042|5
10003738044|9
10003738048|6
10003738050|6
10003738057|2
10003738060|2
10003738063|1
10003738066|5
10003738067|8
10003738072|7
10003738076|0
10003738078|1
10003738080|7
10003738082|2
10003738083|5
10003738084|0
10003738086|0
10003738087|3
10003738188|5
10003738194|3
10003738197|1
10003738200|6
10003738204|4
10003738206|4
10003738215|9
10003738217|0
10003738219|7
10003738221|8
10003738229|6
10003738231|0
10003738232|9
10003738235|0
10003738238|3
10003738242|3
10003738243|8
10003738244|9
10003738245|2
10003738246|3
10003738247|6
10003738248|3
10003738251|3
10003738256|2
10003738314|0
10003738404|6
10003738408|4
10003738412|5
10003738413|8
10003738452|9
10003738701|3
10003738748|5
10003738751|0
10003738836|3
10003738849|6
10003738906|7
10003738914|2
10003738922|6
10003738932|5
10003739095|7
10003739102|2
10003739117|8
10003739123|4
10003739127|1
10003739144|6
10003739152|7
10003739160|7
10003739164|3
10003739167|0
10003739188|6
10003739193|8
10003739202|6
10003739204|6
10003739208|7
10003739210|7
10003739212|1
10003739215|8
10003739219|3
10003739226|8
10003739233|5
10003739239|0
10003739254|7
10003739259|6
10003739272|8
10003739280|0
10003739292|4
10003739296|7
10003739302|5
10003739308|1
10003739312|4
10003739320|9
10003739326|6
10003739333|7
10003739335|4
10003739345|3
10003739349|1
10003739360|9
10003739365|8
10003739371|1
10003739379|4
10003739383|2
10003739387|7
10003739393|6
10003739395|5
10003739453|8
10003739540|4
10003739548|5
10003739554|2
10003739555|6
10003739559|0
10003739563|7
10003739565|2
10003739567|4
10003739601|3
10003739604|1
10003739607|3
10003739611|2
10003739615|2
10003739617|4
10003739621|4
10003739622|6
10003739627|9
10003739646|2
10003739653|2
10003739656|6
10003739657|6
10003739660|8
10003739662|9
10003739665|7
10003739670|3
10003739678|9
10003739683|5
10003739684|3
10003739689|4
10003739695|8
10003739699|6
10003739711|0
10003739713|0
10003739714|6
10003739720|9
10003739723|3
10003739739|9
10003739746|0
10003739789|3
10003739799|1
10003739815|7
10003739817|0
10003739818|7
10003739942|8
10003739943|1
10003739945|3
10003739946|1
10003739947|4
10003739948|1
10003739949|6
10003739951|4
10003739952|9
10003740020|2
10003740025|9
10003740037|6
10003740039|9
10003740042|1
10003740044|4
10003740064|5
10003740066|9
10003740069|5
10003740096|7
10003740101|8
10003740102|1
10003740106|8
10003740112|0
10003740113|8
10003740116|9
10003740117|2
10003740119|8
10003740120|8
10003740121|1
10003740123|0
10003740176|8
10003740177|9
10003740191|4
10003740204|5
10003740212|9
10003740215|2
10003740216|0
10003740224|1
10003740232|2
10003740246|7
10003740248|2
10003740278|5
10003740279|2
10003740283|7
10003740286|0
10003740309|4
10003740312|0
10003740313|4
10003740314|2
10003740316|9
10003740321|1
10003740322|1
10003740323|7
10003740327|2
10003740371|9
10003740373|8
10003740374|6
10003740375|1
10003740386|7
10003740387|4
10003740388|5
10003740389|6
10003740391|7
10003740393|8
10003740394|3
10003740396|6
10003740397|3
10003740399|5
10003740401|5
10003740402|5
10003740403|0
10003740405|5
10003740406|8
10003740407|4
10003740408|7
10003740410|0
10003740412|3
10003740413|4
10003740414|7
10003740415|7
10003740418|9
10003740419|7
10003740420|5
10003740423|3
10003740424|5
10003740425|5
10003740426|2
10003740427|6
10003740428|1
10003740431|8
10003740433|5
10003740436|1
10003740438|4
10003740441|1
10003740445|0
10003740447|1
10003740453|1
10003740460|6
10003740461|5
10003740475|2
10003740479|1
10003740488|9
10003740494|5
10003740498|9
10003740502|4
10003740504|0
10003740524|4
10003740525|7
10003740527|3
10003740529|4
10003740530|4
10003740533|0
10003740562|8
10003740582|7
10003740609|3
10003740611|9
10003740612|6
10003740618|1
10003740625|2
10003740626|7
10003740629|2
10003740630|8
10003740655|3
10003740679|7
10003740722|6
10003740725|3
10003740730|4
10003740778|2
10003740782|8
10003740787|0
10003740801|1
10003740804|2
10003740842|6
10003740844|5
10003740845|1
10003740847|6
10003740849|6
10003740850|4
10003740872|6
10003740874|8
10003740899|2
10003740948|2
10003740993|4
10003740994|9
10003740996|4
10003740998|1
10003741001|4
10003741002|9
10003741004|7
10003741005|3
10003741006|5
10003741009|7
10003741011|9
10003741020|8
10003741027|7
10003741029|3
10003741032|4
10003741034|4
10003741036|1
10003741039|5
10003741040|8
10003741042|8
10003741048|0
10003741051|8
10003741061|1
10003741063|0
10003741079|1
10003741084|1
10003741281|1
10003741285|9
10003741404|8
10003741406|0
10003741408|7
10003741410|8
10003741423|5
10003741425|7
10003741428|6
10003741430|5
10003741433|0
10003741436|4
10003741438|8
10003741439|1
10003741440|8
10003741456|5
10003741458|4
10003741534|6
10003741540|5
10003741552|5
10003741577|4
10003741578|0
10003741579|6
10003741580|4
10003741582|5
10003741583|4
10003741594|8
10003741919|0
10003741920|8
10003741921|0
10003741922|5
10003741923|6
10003741924|2
10003741925|5
10003741926|7
10003742037|0
10003742174|5
10003742180|0
10003742182|4
10003742183|4
10003742185|9
10003742336|3
10003742348|6
10003742349|5
10003742351|3
10003742352|1
10003742357|5
10003742362|0
10003742364|5
10003742543|7
10003742545|5
10003742548|6
10003742554|8
10003742559|4
10003742655|4
10003742720|4
10003742721|2
10003742723|3
10003742726|8
10003742727|1
10003742728|5
10003742733|7
10003742735|9
10003742738|5
10003742740|9
10003742741|8
10003742947|8
10003742949|2
10003742962|1
10003742968|6
10003743021|4
10003743030|1
10003743034|2
10003743354|3
10003743454|2
10003743477|1
10003743496|9
10003743510|6
10003743513|0
10003743544|9
10003743550|2
10003743854|8
10003743969|7
10003744040|8
10003744046|4
10003744051|9
10003744057|9
10003744065|7
10003744071|1
10003744075|8
10003744080|2
10003744084|5
10003744195|4
10003744197|3
10003744213|4
10003744216|7
10003744220|2
10003744229|2
10003744490|2
10003744492|6
10003744537|6
10003744541|0
10003744579|0
10003744679|2
10003744942|3
10003744944|6
10003744948|8
10003744950|5
10003744953|1
10003744955|4
10003744957|3
10003744959|1
10003744960|3
10003744961|7
10003744962|3
10003744976|8
10003744977|2
10003745079|4
10003745080|0
10003745095|6
10003745105|4
10003745110|5
10003745113|6
10003745154|3
10003745274|6
10003745287|9
10003745290|4
10003745291|9
10003745292|1
10003745294|0
10003745305|1
10003745308|3
10003745309|2
10003745310|7
10003745313|0
10003745314|5
10003745370|3
10003745377|2
10003745514|7
10003745516|6
10003745520|9
10003745526|8
10003745535|8
10003745552|9
10003745558|8
10003745564|4
10003745567|2
10003745577|7
10003745582|7
10003745584|7
10003745746|1
10003745759|3
10003745773|2
10003745777|5
10003745780|8
10003745783|8
10003745785|9
10003745791|7
10003745793|0
10003745824|8
10003745830|3
10003745831|8
10003745833|8
10003745852|4
10003745854|8
10003745858|1
10003745861|8
10003745864|5
10003745868|9
10003745870|2
10003745872|9
10003745873|2
10003745876|0
10003745895|6
10003745902|9
10003745903|8
10003745907|4
10003745911|1
10003745915|4
10003745918|6
10003745923|7
10003745928|5
10003745929|3
10003745931|3
10003745944|3
10003745955|0
10003745960|5
10003745967|1
10003745974|7
10003745980|5
10003745984|2
10003746029|9
10003746031|0
10003746033|1
10003746036|7
10003746040|5
10003746043|9
10003746050|0
10003746054|0
10003746056|3
10003746057|0
10003746062|0
10003746069|0
10003746071|2
10003746076|5
10003746080|4
10003746081|6
10003746083|3
10003746084|3
10003746085|7
10003746086|5
10003746088|5
10003746089|3
10003746092|1
10003746093|5
10003746097|6
10003746100|1
10003746105|4
10003746106|4
10003746111|9
10003746115|0
10003746123|2
10003746128|0
10003746135|2
10003746165|1
10003746204|0
10003746218|3
10003746223|9
10003746225|1
10003746226|4
10003746227|9
10003746245|8
10003746256|7
10003746261|8
10003746271|6
10003746276|1
10003746281|6
10003746286|3
10003746289|0
10003746295|6
10003746299|7
10003746316|5
10003746327|9
10003746333|7
10003746440|5
10003746443|4
10003746447|1
10003746451|5
10003746468|0
10003746474|4
10003746488|8
10003746542|2
10003746552|3
10003746597|0
10003746606|6
10003746615|3
10003746620|8
10003746624|3
10003746626|0
10003746663|9
10003746664|6
10003746671|7
10003746674|5
10003746676|4
10003746682|1
10003746686|8
10003746695|0
10003746696|7
10003746700|3
10003746709|4
10003746713|3
10003746719|0
10003746723|1
10003746725|8
10003746728|3
10003746735|4
10003746737|2
10003746739|5
10003746742|5
10003746745|2
10003746752|5
10003746757|2
10003746783|5
10003746866|9
10003746870|6
10003746885|7
10003746887|5
10003746894|4
10003746900|3
10003746902|3
10003746905|6
10003746920|5
10003746924|1
10003746925|0
10003746934|7
10003746940|9
10003746942|8
10003746943|3
10003746952|5
10003746955|7
10003746956|7
10003747041|2
10003747042|0
10003747043|0
10003747044|8
10003747045|4
10003747046|8
10003747047|9
10003747048|2
10003747049|9
10003747067|9
10003747071|0
10003747072|7
10003747074|8
10003747076|5
10003747077|1
10003747079|5
10003747091|6
10003747093|2
10003747096|4
10003747259|1
10003747266|9
10003747281|6
10003747289|3
10003747314|1
10003747421|9
10003747541|9
10003747542|9
10003747646|7
10003747647|2
10003747649|7
10003747650|7
10003747652|5
10003747653|5
10003747654|8
10003747655|7
10003747657|7
10003747658|9
10003747659|7
10003747731|9
10003747760|8
10003747762|9
10003747763|1
10003747764|8
10003747767|8
10003747768|4
10003747836|6
10003747847|0
10003747887|7
10003747918|6
10003747923|2
10003747945|0
10003747948|9
10003747953|6
10003747965|2
10003747967|8
10003747969|4
10003747971|1
10003747974|9
10003747977|3
10003747979|3
10003747983|2
10003747992|6
10003747994|7
10003748044|4
10003748047|5
10003748093|1
10003748097|4
10003748101|9
10003748104|0
10003748116|8
10003748117|6
10003748119|1
10003748121|6
10003748122|2
10003748124|6
10003748126|3
10003748127|3
10003748145|9
10003748147|4
10003748156|7
10003748173|5
10003748189|7
10003748231|1
10003748259|3
10003748391|4
10003748465|6
10003748469|6
10003748470|5
10003748550|5
10003748556|1
10003748567|3
10003748586|5
10003748592|0
10003748594|1
10003748599|6
10003748602|3
10003748608|9
10003748613|7
10003748678|7
10003748681|8
10003748734|8
10003748741|0
10003748747|7
10003748776|4
10003748805|2
10003748849|1
10003748852|7
10003748857|4
10003748872|2
10003748889|2
10003748893|1
10003748941|9
10003748962|9
10003748965|0
10003748966|1
10003748972|1
10003748975|6
10003748979|7
10003748980|5
10003748984|1
10003748991|3
10003749007|0
10003749011|9
10003749047|6
10003749048|3
10003749049|9
10003749050|5
10003749052|2
10003749053|3
10003749054|3
10003749063|7
10003749088|0
10003749092|3
10003749098|2
10003749117|1
10003749142|6
10003749181|3
10003749183|6
10003749185|2
10003749195|4
10003749201|1
10003749214|2
10003749235|7
10003749251|8
10003749258|5
10003749261|3
10003749269|7
10003749282|5
10003749315|3
10003749320|3
10003749321|1
10003749327|6
10003749330|0
10003749332|7
10003749345|1
10003749346|6
10003749348|5
10003749351|1
10003749355|2
10003749366|9
10003749373|8
10003749384|3
10003749386|6
10003749392|0
10003749409|0
10003749444|2
10003749452|9
10003749456|0
10003749459|9
10003749464|7
10003749531|5
10003749570|9
10003749669|6
10003749670|2
10003749671|8
10003749673|7
10003749675|5
10003749677|8
10003749678|6
10003749679|5
10003749680|7
10003749681|4
10003749694|4
10003749703|2
10003749716|8
10003749723|5
10003749730|3
10003749733|0
10003749737|4
10003749738|4
10003749741|7
10003749742|9
10003749743|2
10003749744|7
10003749747|2
10003749777|1
10003749782|7
10003749798|8
10003749802|7
10003749831|6
10003749836|5
10003749936|0
10003749940|7
10003749945|7
10003749950|0
10003749967|3
10003749974|2
10003749998|8
10003750001|6
10003750045|5
10003750046|6
10003750048|8
10003750049|2
10003750067|2
10003750071|6
10003750074|4
10003750079|8
10003750101|9
10003750117|0
10003750120|0
10003750285|8
10003750286|5
10003750287|6
10003750288|2
10003750289|4
10003750305|3
10003750306|3
10003750307|3
10003750308|1
10003750309|8
10003750310|0
10003750312|4
10003750313|8
10003750372|1
10003750373|4
10003750374|6
10003750375|9
10003750377|6
10003750379|5
10003750380|4
10003750382|8
10003750383|7
10003750384|3
10003750385|4
10003750386|2
10003750464|0
10003750465|6
10003750467|3
10003750469|4
10003750473|1
10003750515|9
10003750522|1
10003750531|2
10003750543|8
10003750551|5
10003750553|2
10003750554|6
10003750556|6
10003750558|5
10003750560|6
10003750562|2
10003750566|7
10003750568|1
10003750569|1
10003750571|8
10003750572|2
10003750575|3
10003750576|5
10003750612|7
10003750614|5
10003750615|5
10003750623|0
10003750637|9
10003750639|9
10003750640|6
10003750641|0
10003750642|4
10003750765|9
10003750903|7
10003750905|8
10003750907|4
10003750909|7
10003750911|4
10003750915|4
10003750918|1
10003750922|7
10003751060|5
10003751061|9
10003751083|2
10003751163|5
10003751165|2
10003751173|7
10003751175|9
10003751176|8
10003751179|3
10003751186|8
10003751188|4
10003751190|3
10003751193|0
10003751195|7
10003751196|5
10003751199|5
10003751201|8
10003751284|2
10003751292|7
10003751302|7
10003751313|5
10003751330|5
10003751347|6
10003751367|6
10003751382|8
10003751385|3
10003751444|2
10003751476|1
10003751583|4
10003751672|2
10003751691|0
10003751706|8
10003751733|1
10003751752|3
10003751758|5
10003751759|8
10003751762|1
10003751765|1
10003751770|1
10003751774|8
10003751777|2
10003751783|4
10003751786|6
10003751787|9
10003751792|2
10003751796|6
10003751798|7
10003751799|8
10003751801|0
10003751803|4
10003751806|7
10003751808|0
10003751809|4
10003751812|9
10003751814|1
10003751820|4
10003751824|5
10003751834|2
10003751844|2
10003751853|0
10003751856|9
10003751859|3
10003751863|6
10003751871|5
10003751876|5
10003751878|6
10003751915|4
10003751930|9
10003751952|6
10003751990|8
10003752005|3
10003752014|5
10003752032|2
10003752038|6
10003752048|9
10003752065|7
10003752072|6
10003752075|8
10003752079|9
10003752083|1
10003752086|7
10003752088|0
10003752091|6
10003752098|3
10003752100|0
10003752107|3
10003752111|6
10003752114|2
10003752117|9
10003752122|4
10003752131|6
10003752139|0
10003752143|1
10003752144|7
10003752149|8
10003752152|8
10003752154|3
10003752162|4
10003752165|2
10003752173|5
10003752263|3
10003752264|7
10003752269|7
10003752274|0
10003752296|2
10003752563|6
10003752840|5
10003752843|3
10003752844|0
10003752845|8
10003752846|1
10003752847|5
10003752848|5
10003752849|2
10003752850|6
10003752851|6
10003752874|3
10003752882|8
10003752908|2
10003752915|0
10003752917|0
10003752942|6
10003752946|0
10003752950|1
10003752954|4
10003752962|5
10003752963|8
10003752966|4
10003753038|8
10003753051|3
10003753062|6
10003753071|7
10003753101|7
10003753109|0
10003753242|5
10003753244|1
10003753249|8
10003753295|2
10003753341|9
10003753349|9
10003753354|3
10003753357|7
10003753363|0
10003753375|4
10003753381|3
10003753391|0
10003753397|5
10003753401|1
10003753402|3
10003753406|2
10003753413|1
10003753415|4
10003753417|3
10003753422|3
10003753425|0
10003753428|9
10003753430|2
10003753433|6
10003753437|6
10003753459|4
10003753462|0
10003753464|9
10003753466|3
10003753469|8
10003753476|6
10003753498|4
10003753503|6
10003753513|5
10003753515|0
10003753518|9
10003753528|0
10003753551|6
10003753554|4
10003753558|2
10003753562|2
10003753563|5
10003753564|9
10003753566|2
10003753567|5
10003753570|9
10003753575|3
10003753577|6
10003753597|6
10003753610|0
10003753622|9
10003753628|0
10003753631|5
10003753647|7
10003753651|1
10003753656|5
10003753752|1
10003753755|9
10003753767|4
10003753773|0
10003753776|5
10003753779|9
10003753783|6
10003753784|6
10003753796|2
10003753801|9
10003753802|0
10003753817|8
10003753819|1
10003753821|4
10003753831|8
10003753862|2
10003753868|4
10003753871|0
10003753933|5
10003753939|3
10003753943|0
10003753951|5
10003753959|9
10003753963|6
10003753973|2
10003753981|9
10003753998|7
10003754006|3
10003754007|5
10003754009|2
10003754012|5
10003754014|3
10003754016|0
10003754017|2
10003754018|2
10003754023|2
10003754026|4
10003754027|3
10003754028|4
10003754030|2
10003754134|1
10003754153|6
10003754155|7
10003754158|6
10003754161|5
10003754166|6
10003754193|7
10003754196|3
10003754204|4
10003754236|5
10003754244|5
10003754256|1
10003754262|0
10003754263|9
10003754268|6
10003754295|0
10003754301|7
10003754307|6
10003754318|9
10003754329|2
10003754335|5
10003754338|5
10003754344|9
10003754645|9
10003754669|6
10003754673|3
10003754675|2
10003754684|2
10003754693|8
10003754736|0
10003754737|7
10003754745|4
10003754746|4
10003754748|9
10003754755|0
10003754757|3
10003754758|7
10003754772|1
10003754778|6
10003754838|1
10003754850|3
10003754854|7
10003754906|9
10003754907|4
10003754908|9
10003754910|5
10003754924|2
10003754928|7
10003754931|2
10003754935|6
10003754940|2
10003754941|0
10003754976|1
10003754986|7
10003754987|9
10003754988|1
10003754989|1
10003754991|8
10003754992|1
10003755082|6
10003755083|1
10003755085|1
10003755087|0
10003755098|1
10003755101|4
10003755104|3
10003755133|9
10003755135|5
10003755138|8
10003755139|1
10003755140|6
10003755141|4
10003755247|2
10003755251|4
10003755280|1
10003755288|1
10003755310|9
10003755313|4
10003755314|2
10003755315|3
10003755316|0
10003755320|5
10003755326|7
10003755327|7
10003755330|5
10003755332|0
10003755333|2
10003755335|5
10003755338|3
10003755424|2
10003755465|2
10003755472|3
10003755477|7
10003755485|5
10003755491|4
10003755497|9
10003755507|5
10003755511|8
10003755519|1
10003755525|8
10003755527|4
10003755531|0
10003755532|4
10003755533|2
10003755534|1
10003755556|1
10003755598|3
10003755609|8
10003755634|1
10003755650|0
10003755654|4
10003755662|7
10003755673|8
10003755677|5
10003755683|9
10003755706|5
10003755707|0
10003755708|9
10003755709|7
10003755714|3
10003755816|9
10003755873|0
10003755874|9
10003755875|3
10003755877|5
10003755918|4
10003755929|5
10003755931|9
10003755936|8
10003755942|7
10003755951|1
10003755954|2
10003755959|0
10003755967|7
10003755972|0
10003755974|8
10003755989|0
10003755991|3
10003755994|7
10003755996|8
10003756006|5
10003756007|1
10003756010|9
10003756013|8
10003756016|6
10003756024|1
10003756029|8
10003756058|1
10003756061|9
10003756068|1
10003756093|9
10003756097|1
10003756099|1
10003756105|0
10003756113|8
10003756234|3
10003756235|9
10003756236|2
10003756238|2
10003756327|7
10003756328|0
10003756329|5
10003756330|3
10003756331|8
10003756332|6
10003756333|3
10003756334|8
10003756343|1
10003756410|7
10003756432|2
10003756442|9
10003756452|8
10003756458|5
10003756515|9
10003756576|0
10003756650|9
10003756667|2
10003756682|1
10003756687|5
10003756783|0
10003756832|7
10003756834|3
10003756844|8
10003756849|3
10003756851|2
10003756858|5
10003756875|4
10003756885|3
10003756888|1
10003756900|5
10003756905|6
10003756908|2
10003756916|5
10003756920|0
10003756927|9
10003756929|0
10003756932|5
10003756942|0
10003756947|7
10003756952|1
10003756955|3
10003756957|1
10003756964|1
10003756966|9
10003756996|3
10003757001|1
10003757003|8
10003757008|9
10003757021|0
10003757028|7
10003757029|2
10003757030|0
10003757036|4
10003757064|1
10003757069|9
10003757071|2
10003757075|4
10003757077|9
10003757084|9
10003757090|1
10003757130|5
10003757132|1
10003757425|5
10003757427|4
10003757573|4
10003757574|4
10003757575|3
10003757576|8
10003757699|3
10003757700|0
10003757704|9
10003757705|6
10003757707|5
10003757708|6
10003757709|9
10003757710|6
10003757714|9
10003757752|1
10003757758|9
10003757760|6
10003757763|5
10003757774|1
10003757778|6
10003757784|5
10003757800|2
10003757808|0
10003757827|8
10003758052|4
10003758053|4
10003758055|1
10003758086|0
10003758087|3
10003758103|4
10003758120|9
10003758127|1
10003758129|4
10003758192|2
10003758197|7
10003758207|1
10003758238|1
10003758272|2
10003758277|4
10003758286|0
10003758292|2
10003758319|2
10003758324|8
10003758442|9
10003758445|3
10003758446|4
10003758450|7
10003758457|7
10003758469|8
10003758475|6
10003758531|6
10003758541|5
10003758933|9
10003758935|7
10003758952|2
10003758955|9
10003758959|4
10003759015|5
10003759019|6
10003759023|9
10003759119|9
10003759124|1
10003759132|5
10003759140|2
10003759161|4
10003759172|1
10003759185|7
10003759196|4
10003759204|8
10003759209|7
10003759214|0
10003759218|7
10003759222|8
10003759231|4
10003759240|6
10003759251|8
10003759253|8
10003759257|1
10003759263|2
10003759264|3
10003759269|2
10003759271|2
10003759291|0
10003759323|3
10003759326|6
10003759346|3
10003759350|2
10003759353|0
10003759359|8
10003759367|8
10003759374|1
10003759383|2
10003759391|1
10003759392|5
10003759397|2
10003759403|5
10003759411|6
10003759516|7
10003759521|4
10003759583|4
10003759604|4
10003759696|8
10003759725|7
10003759746|2
10003759751|6
10003759757|5
10003759759|9
10003759771|3
10003759825|6
10003759861|6
10003759894|0
10003759900|7
10003759915|3
10003759922|5
10003759964|1
10003759965|6
10003759971|3
10003759972|7
10003759973|4
10003759974|0
10003759975|0
10003759976|9
10003759977|2
10003759979|1
10003759981|1
10003759982|9
10003759985|8
10003759999|9
10003760008|2
10003760014|8
10003760015|9
10003760016|2
10003760017|9
10003760018|0
10003760020|5
10003760038|3
10003760051|7
10003760060|6
10003760072|8
10003760076|5
10003760087|3
10003760103|1
10003760107|4
10003760110|0
10003760142|6
10003760144|0
10003760225|2
10003760231|7
10003760253|3
10003760258|3
10003760281|3
10003760304|6
10003760312|1
10003760317|6
10003760404|8
10003760407|9
10003760409|7
10003760410|2
10003760411|5
10003760493|6
10003760497|7
10003760978|1
10003760980|4
10003760984|4
10003760989|9
10003760993|4
10003761001|3
10003761002|3
10003761012|4
10003761013|3
10003761018|9
10003761020|1
10003761028|6
10003761038|8
10003761043|8
10003761046|1
10003761053|1
10003761063|9
10003761067|6
10003761083|0
10003761087|4
10003761095|9
10003761118|6
10003761126|0
10003761168|3
10003761172|5
10003761174|5
10003761175|4
10003761182|2
10003761185|5
10003761196|1
10003761203|4
10003761230|8
10003761233|0
10003761238|0
10003761243|5
10003761246|0
10003761249|4
10003761255|4
10003761274|4
10003761319|9
10003761357|7
10003761367|4
10003761370|9
10003761371|4
10003761373|7
10003761374|8
10003761376|1
10003761382|7
10003761383|4
10003761384|0
10003761385|1
10003761386|1
10003761387|7
10003761388|4
10003761389|9
10003761390|8
10003761391|4
10003761393|3
10003761394|6
10003761395|9
10003761396|6
10003761397|4
10003761398|9
10003761563|7
10003761566|9
10003761630|2
10003761861|3
10003761862|3
10003761864|4
10003761865|4
10003761923|4
10003762073|3
10003762079|9
10003762125|8
10003762132|4
10003762138|9
10003762140|0
10003762155|5
10003762164|2
10003762165|2
10003762172|2
10003762176|9
10003762186|8
10003762188|1
10003762200|7
10003762204|5
10003762209|5
10003762220|9
10003762226|8
10003762230|2
10003762234|7
10003762240|3
10003762251|6
10003762300|7
10003762316|0
10003762488|2
10003762497|0
10003762512|9
10003762542|6
10003762693|5
10003762825|3
10003762834|6
10003762839|5
10003762844|3
10003762847|3
10003762863|6
10003762907|5
10003762924|8
10003763027|9
10003763070|3
10003763082|4
10003763088|6
10003763095|6
10003763101|3
10003763121|8
10003763131|7
10003763143|5
10003763144|0
10003763151|2
10003763153|9
10003763187|2
10003763202|7
10003763227|5
10003763316|0
10003763318|9
10003763324|3
10003763325|2
10003763330|1
10003763333|9
10003763335|8
10003763340|2
10003763352|3
10003763366|0
10003763376|7
10003763404|9
10003763415|4
10003763480|6
10003763502|8
10003763587|8
10003763600|2
10003763605|8
10003763968|6
10003763977|5
10003763979|7
10003763991|4
10003764030|4
10003764051|5
10003764053|7
10003764060|4
10003764065|7
10003764083|6
10003764094|9
10003764169|8
10003764177|6
10003764183|4
10003764186|7
10003764190|5
10003764191|0
10003764195|3
10003764198|2
10003764208|8
10003764213|7
10003764217|2
10003764224|3
10003764299|9
10003764385|6
10003764388|9
10003764393|3
10003764394|3
10003764401|0
10003764406|8
10003764434|4
10003764456|6
10003764460|0
10003764478|4
10003764484|4
10003764490|6
10003764542|5
10003764564|2
10003764592|0
10003764598|2
10003765008|1
10003765223|8
10003765245|1
10003765259|8
10003765287|4
10003765629|4
10003765641|8
10003765643|6
10003765652|3
10003765657|4
10003765967|8
10003765975|8
10003765985|6
10003765988|7
10003765990|3
10003765993|4
10003765995|9
10003766004|0
10003766008|1
10003766011|2
10003766053|3
10003766077|9
10003766078|9
10003766080|1
10003766082|5
10003766103|8
10003766104|7
10003766106|1
10003766131|4
10003766413|2
10003766442|9
10003766515|8
10003766525|8
10003766527|7
10003766587|1
10003766595|5
10003766599|7
10003766600|4
10003766605|5
10003766610|1
10003766614|9
10003766627|2
10003766809|5
10003766821|4
10003766834|1
10003766840|3
10003766918|5
10003766945|9
10003766951|6
10003767425|6
10003767435|5
10003767438|6
10003767443|9
10003767444|0
10003767557|4
10003767621|5
10003767637|6
10003767641|4
10003767647|3
10003767660|1
10003767661|2
10003767708|9
10003767724|8
10003767733|0
10003767739|6
10003767745|4
10003767755|0
10003767757|5
10003767762|6
10003767765|2
10003767768|3
10003767770|4
10003767771|9
10003767908|1
10003767918|9
10003767922|3
10003767927|5
10003767940|5
10003767977|1
10003768008|0
10003768026|4
10003768032|7
10003768040|0
10003768042|4
10003768046|5
10003768048|0
10003768064|8
10003768084|4
10003768092|3
10003768098|6
10003768105|6
10003768124|2
10003768143|6
10003768145|6
10003768184|0
10003768234|6
10003768408|5
10003768475|7
10003768864|8
10003768974|6
10003768977|0
10003768979|4
10003768982|7
10003768991|7
10003768994|5
10003769044|1
10003769056|8
10003769090|9
10003769102|9
10003769119|4
10003769141|4
10003769290|2
10003769378|8
10003769418|9
10003769511|8
10003769535|7
10003769569|2
10003769572|6
10003769575|2
10003769576|5
10003769586|3
10003769592|5
10003769597|5
10003769604|4
10003769605|3
10003769764|3
10003769765|6
10003769782|8
10003769793|8
10003769798|8
10003769806|6
10003769812|3
10003769813|7
10003769814|5
10003769819|9
10003769822|4
10003769831|6
10003769835|6
10003769836|0
10003769837|4
10003769840|5
10003769855|3
10003769859|5
10003769892|3
10003769898|6
10003769915|6
10003769916|1
10003769918|6
10003769925|8
10003769945|7
10003769958|4
10003769964|8
10003769968|7
10003769971|7
10003769974|7
10003769975|1
10003769976|8
10003769992|3
10003769993|8
10003769994|6
10003769998|6
10003769999|0
10003770012|4
10003770033|1
10003770096|0
10003770208|6
10003770228|6
10003770241|0
10003770244|0
10003770248|6
10003770251|6
10003770256|0
10003770258|2
10003770262|8
10003770272|1
10003770302|4
10003770400|9
10003770403|8
10003770408|7
10003770436|3
10003770441|2
10003770443|5
10003770444|2
10003770448|1
10003770449|3
10003770454|7
10003770457|9
10003770461|2
10003770480|6
10003770485|1
10003770490|4
10003770497|4
10003770498|6
10003770500|9
10003770556|1
10003770562|3
10003770568|6
10003770574|0
10003770583|8
10003770588|7
10003770597|7
10003770604|1
10003770608|1
10003770614|1
10003770625|4
10003770634|5
10003770638|8
10003770644|7
10003770646|2
10003770649|0
10003770690|8
10003770693|5
10003770763|2
10003770765|1
10003770766|0
10003770767|5
10003770768|6
10003770770|3
10003770783|1
10003770787|7
10003770795|8
10003770800|0
10003770803|9
10003770807|5
10003770817|9
10003770821|5
10003770823|7
10003770846|0
10003770855|8
10003770883|9
10003770907|1
10003770912|0
10003770924|8
10003770928|8
10003770931|2
10003770934|3
10003770945|8
10003770950|3
10003770952|8
10003770957|1
10003771035|9
10003771050|6
10003771054|8
10003771056|6
10003771059|0
10003771064|5
10003771065|3
10003771070|7
10003771164|3
10003771169|5
10003771177|5
10003771180|2
10003771411|7
10003771443|8
10003771448|0
10003771456|6
10003771468|5
10003771473|4
10003771476|6
10003771493|7
10003771543|3
10003771580|4
10003771601|8
10003771609|2
10003771613|9
10003771615|5
10003771617|4
10003771621|7
10003771659|3
10003771694|6
10003771834|9
10003771846|1
10003771862|0
10003771871|4
10003771876|1
10003771881|3
10003771882|4
10003771885|5
10003771888|2
10003771906|9
10003771910|6
10003771931|7
10003771936|2
10003771943|7
10003771952|8
10003771962|7
10003771968|0
10003771973|8
10003772163|9
10003772206|5
10003772266|9
10003772300|1
10003772356|2
10003772357|5
10003772450|1
10003772454|3
10003772770|8
10003772773|9
10003772987|9
10003772996|1
10003773004|5
10003773019|1
10003773022|7
10003773026|3
10003773030|7
10003773040|0
10003773044|4
10003773050|4
10003773069|5
10003773073|8
10003773077|2
10003773083|2
10003773093|9
10003773099|9
10003773105|9
10003773107|1
10003773110|8
10003773113|5
10003773190|4
10003773296|4
10003773302|1
10003773308|4
10003773315|2
10003773319|5
10003773325|7
10003773331|1
10003773337|5
10003773345|7
10003773414|3
10003773417|6
10003773420|3
10003773422|7
10003773442|4
10003773443|5
10003773510|5
10003773514|0
10003773521|2
10003773531|4
10003773533|1
10003773539|5
10003773543|8
10003773564|1
10003773569|7
10003773570|5
10003773572|9
10003773636|0
10003773872|8
10003774087|6
10003774088|2
10003774091|6
10003774092|1
10003774380|3
10003774392|2
10003774406|6
10003774535|3
10003774555|7
10003774571|4
10003774575|7
10003774580|1
10003774627|4
10003774634|7
10003774723|6
10003774766|6
10003774783|8
10003774786|8
10003774829|3
10003774835|3
10003774851|8
10003774853|0
10003774859|8
10003774962|7
10003774973|2
10003774980|2
10003775177|5
10003775307|2
10003775395|6
10003775589|5
10003775713|4
10003775715|1
10003775716|8
10003775729|7
10003775738|5
10003775741|6
10003775744|4
10003775779|8
10003775782|8
10003775787|5
10003775790|7
10003775802|2
10003775806|3
10003775830|4
10003775835|7
10003775879|7
10003775887|4
10003775894|1
10003775924|7
10003775934|3
10003775944|7
10003775956|4
10003775967|2
10003775978|5
10003775988|2
10003775994|5
10003776009|4
10003776027|4
10003776032|7
10003776038|1
10003776044|7
10003776056|2
10003776074|9
10003776077|4
10003776079|2
10003776144|5
10003776147|5
10003776148|8
10003776150|4
10003776194|8
10003776195|1
10003776197|1
10003776222|8
10003776229|3
10003776241|1
10003776250|6
10003776252|6
10003776266|2
10003776267|4
10003776328|4
10003776330|0
10003776333|6
10003776335|7
10003776337|9
10003776338|7
10003776340|3
10003776342|4
10003776345|2
10003776373|1
10003776374|6
10003776387|3
10003776410|5
10003776413|9
10003776427|7
10003776435|3
10003776598|5
10003776611|5
10003776833|6
10003776986|9
10003776991|8
10003777001|9
10003777127|9
10003777131|8
10003777137|1
10003777207|7
10003777229|6
10003777231|4
10003777257|6
10003777282|2
10003777283|7
10003777287|3
10003777335|0
10003777338|3
10003777359|5
10003777617|1
10003777724|3
10003777754|7
10003777800|0
10003777808|5
10003777815|2
10003777823|3
10003777827|8
10003777829|6
10003777832|4
10003777851|1
10003777857|0
10003777858|1
10003777860|7
10003777861|4
10003777863|6
10003777874|9
10003777875|1
10003777879|3
10003777880|6
10003777888|3
10003777918|0
10003777922|7
10003777934|2
10003777937|3
10003777942|0
10003777965|3
10003777968|5
10003777976|8
10003777980|3
10003778027|9
10003778030|6
10003778035|7
10003778119|0
10003778120|5
10003778122|2
10003778123|8
10003778219|9
10003778245|2
10003778258|3
10003778262|3
10003778269|7
10003778299|9
10003778312|3
10003778319|2
10003778326|9
10003778328|6
10003778330|3
10003778332|8
10003778338|1
10003778341|0
10003778343|2
10003778350|8
10003778358|5
10003778446|8
10003778458|1
10003778467|5
10003778471|0
10003778474|4
10003778476|1
10003778482|8
10003778484|1
10003778609|1
10003778611|6
10003778631|5
10003778660|2
10003778662|7
10003778664|9
10003778708|1
10003778715|2
10003778718|7
10003778724|5
10003778734|7
10003778743|6
10003778751|1
10003778755|2
10003778758|0
10003778761|2
10003778767|0
10003778768|3
10003778772|2
10003778775|2
10003778776|0
10003778777|7
10003778778|5
10003778781|1
10003778784|5
10003778786|7
10003778788|2
10003778789|4
10003778791|3
10003778793|8
10003778818|2
10003778819|4
10003778823|9
10003778827|5
10003778829|5
10003778833|9
10003778836|4
10003778843|9
10003778844|1
10003778856|8
10003778857|0
10003778858|0
10003778859|1
10003778860|2
10003778863|4
10003778867|5
10003778868|5
10003778871|7
10003778880|4
10003778881|0
10003778908|6
10003778919|4
10003778924|2
10003778933|9
10003778940|7
10003778946|7
10003778950|0
10003778953|4
10003778959|2
10003778977|6
10003778983|1
10003778986|3
10003778992|3
10003778995|5
10003778997|5
10003779034|9
10003779036|3
10003779041|6
10003779067|9
10003779080|1
10003779087|2
10003779092|1
10003779098|9
10003779101|0
10003779104|2
10003779107|2
10003779108|8
10003779110|7
10003779114|6
10003779155|9
10003779164|1
10003779187|5
10003779197|3
10003779200|9
10003779206|2
10003779207|5
10003779212|8
10003779215|4
10003779216|5
10003779218|6
10003779245|0
10003779257|4
10003779282|3
10003779286|5
10003779399|9
10003779412|6
10003779441|4
10003779447|7
10003779459|4
10003779463|9
10003779469|3
10003779475|8
10003779480|1
10003779484|9
10003779492|3
10003779517|6
10003779584|8
10003779593|7
10003779609|7
10003779621|5
10003779633|6
10003779636|5
10003779645|3
10003779653|2
10003779655|2
10003779672|5
10003779676|3
10003779724|9
10003779744|6
10003779750|4
10003779758|0
10003779761|0
10003779766|1
10003779769|1
10003779773|3
10003779774|8
10003779784|5
10003779785|1
10003779786|3
10003779787|6
10003780129|4
10003780137|8
10003780139|7
10003780142|4
10003780146|1
10003780156|7
10003780165|7
10003780168|4
10003780178|6
10003780189|7
10003780197|8
10003780203|7
10003780209|3
10003780213|5
10003780217|6
10003780250|0
10003780251|4
10003780253|9
10003780256|4
10003780260|4
10003780264|0
10003780266|6
10003780268|8
10003780274|6
10003780324|5
10003780327|5
10003780341|2
10003780356|3
10003780387|6
10003780397|3
10003780414|9
10003780436|6
10003780438|7
10003780439|4
10003780440|7
10003780442|9
10003780615|1
10003780617|2
10003780638|6
10003780692|6
10003780693|8
10003780703|8
10003780738|4
10003780740|2
10003780785|1
10003780790|6
10003780791|0
10003780792|1
10003780793|8
10003780794|7
10003780795|6
10003780837|0
10003780857|8
10003780865|6
10003780868|5
10003780879|3
10003780883|2
10003780890|4
10003780893|4
10003780899|6
10003780903|5
10003780907|7
10003780908|9
10003780966|8
10003780988|0
10003780995|5
10003781004|5
10003781015|4
10003781024|6
10003781053|7
10003781059|5
10003781079|8
10003781096|2
10003781148|5
10003781156|8
10003781165|3
10003781173|7
10003781175|6
10003781181|7
10003781183|1
10003781233|3
10003781238|5
10003781303|9
10003781316|4
10003781322|0
10003781333|9
10003781340|4
10003781344|7
10003781351|4
10003781360|5
10003781363|9
10003781368|1
10003781369|5
10003781373|8
10003781376|9
10003781378|9
10003781387|8
10003781388|5
10003781389|8
10003781390|2
10003781430|4
10003781431|2
10003781432|5
10003781433|4
10003781434|8
10003781435|9
10003781436|2
10003781437|7
10003781438|0
10003781442|0
10003781443|2
10003781447|8
10003781450|6
10003781451|2
10003781452|1
10003781454|9
10003781457|4
10003781458|7
10003781460|9
10003781461|6
10003781465|3
10003781475|6
10003781477|2
10003781493|6
10003781495|7
10003781498|6
10003781502|4
10003781505|9
10003781509|9
10003781548|0
10003781552|5
10003781553|5
10003781559|0
10003781561|3
10003781567|2
10003781648|5
10003781652|9
10003781655|9
10003781675|3
10003781681|3
10003781685|6
10003781690|2
10003781770|1
10003781771|4
10003781773|5
10003781783|2
10003781792|2
10003781794|3
10003781797|9
10003781822|5
10003781828|7
10003781830|2
10003781842|1
10003781846|4
10003781850|2
10003782064|8
10003782070|0
10003782073|0
10003782103|7
10003782105|8
10003782110|3
10003782112|3
10003782113|8
10003782114|5
10003782117|8
10003782121|2
10003782133|3
10003782136|6
10003782141|2
10003782144|9
10003782268|7
10003782273|1
10003782275|8
10003782309|4
10003782313|8
10003782319|8
10003782359|5
10003782373|2
10003782445|0
10003782448|9
10003782478|6
10003782482|9
10003782486|2
10003782498|7
10003782501|2
10003782507|5
10003782515|2
10003782530|2
10003782536|1
10003782549|8
10003782595|7
10003782603|9
10003782652|0
10003782653|6
10003782654|2
10003782655|3
10003782656|9
10003782657|0
10003782658|1
10003782659|0
10003782660|5
10003782661|9
10003782663|2
10003782664|5
10003782668|8
10003782669|5
10003782671|1
10003782672|6
10003782673|3
10003782886|9
10003782890|0
10003782894|5
10003782895|0
10003782899|8
10003782955|3
10003782969|8
10003782972|6
10003782975|6
10003782976|4
10003782988|2
10003782991|9
10003782993|3
10003783010|9
10003783014|0
10003783025|1
10003783033|8
10003783035|9
10003783039|9
10003783045|3
10003783047|2
10003783054|1
10003783058|2
10003783062|5
10003783074|2
10003783091|4
10003783094|5
10003783111|6
10003783244|3
10003783339|6
10003783397|5
10003783403|0
10003783405|9
10003783447|9
10003783451|6
10003783472|1
10003783475|2
10003783607|3
10003783610|4
10003783611|1
10003783616|2
10003783619|0
10003783620|3
10003783622|0
10003783623|1
10003783624|2
10003783625|2
10003783627|7
10003783629|9
10003783633|3
10003783640|1
10003783643|6
10003783925|3
10003783934|4
10003783943|7
10003783946|7
10003783956|4
10003783977|6
10003783998|3
10003784005|5
10003784015|9
10003784019|6
10003784024|0
10003784044|5
10003784060|3
10003784125|6
10003784144|1
10003784227|4
10003784228|9
10003784230|5
10003784231|1
10003784240|8
10003784243|1
10003784244|9
10003784245|2
10003784290|2
10003784297|9
10003784305|6
10003784319|3
10003784321|1
10003784325|1
10003784381|3
10003784382|0
10003784383|3
10003784385|5
10003784386|2
10003784387|4
10003784391|5
10003784394|9
10003784398|7
10003784405|6
10003784408|6
10003784524|4
10003784533|3
10003784540|6
10003784543|1
10003784553|2
10003784581|3
10003784604|0
10003784608|9
10003784637|0
10003784643|5
10003784648|4
10003784653|3
10003784654|7
10003784658|0
10003784661|6
10003784666|6
10003784668|1
10003784672|3
10003784678|5
10003784681|5
10003784686|8
10003784695|4
10003784703|2
10003784704|7
10003784709|2
10003784710|8
10003784838|5
10003784841|5
10003784845|7
10003784850|0
10003784856|5
10003784859|0
10003784861|3
10003784911|1
10003784931|5
10003784936|1
10003784939|5
10003784959|0
10003784962|3
10003784968|4
10003784988|0
10003784993|4
10003785002|0
10003785003|5
10003785005|5
10003785006|9
10003785008|0
10003785014|6
10003785033|7
10003785041|4
10003785043|6
10003785045|5
10003785049|4
10003785053|2
10003785110|7
10003785113|3
10003785116|5
10003785120|1
10003785156|4
10003785168|8
10003785212|9
10003785236|4
10003785244|5
10003785246|7
10003785255|0
10003785258|3
10003785285|7
10003785288|5
10003785297|1
10003785299|8
10003785300|2
10003785301|8
10003785303|3
10003785306|1
10003785307|4
10003785308|7
10003785535|1
10003785791|8
10003785812|9
10003785825|7
10003785828|1
10003785832|5
10003785833|9
10003785834|8
10003785847|5
10003785850|7
10003785854|2
10003786282|1
10003786286|4
10003786287|3
10003786288|3
10003786290|0
10003786292|6
10003786294|8
10003786561|9
10003786572|8
10003786580|7
10003786583|4
10003786587|5
10003787058|1
10003787059|7
10003787082|2
10003787085|2
10003787095|4
10003787100|2
10003787585|3
10003787586|9
10003787588|1
10003787616|4
10003787628|1
10003787630|2
10003787639|8
10003787643|7
10003787646|1
10003787651|1
10003787652|4
10003787655|2
10003787657|9
10003787658|4
10003787731|1
10003787733|2
10003787735|0
10003787736|7
10003787742|9
10003787811|2
10003787818|7
10003787841|8
10003787848|9
10003788045|0
10003788051|9
10003788095|4
10003788379|5
10003788383|9
10003788500|3
10003788512|7
10003788548|9
10003788757|0
10003788760|7
10003788860|0
10003788862|6
10003788863|7
10003788872|6
10003788874|2
10003788879|4
10003788885|4
10003788886|6
10003788890|5
10003788906|0
10003788916|3
10003788943|7
10003788945|9
10003788946|3
10003788949|3
10003788956|0
10003789014|8
10003789028|5
10003789044|5
10003789050|6
10003789058|5
10003789063|2
10003789064|5
10003789069|0
10003789268|3
10003789273|1
10003789281|0
10003789306|4
10003789307|9
10003789314|9
10003789357|8
10003789359|6
10003789364|5
10003789409|0
10003789411|5
10003789413|4
10003789419|0
10003789427|8
10003789429|6
10003789432|3
10003789634|3
10003789793|0
10003789799|8
10003789801|7
10003789808|8
10003789812|8
10003789814|3
10003789820|3
10003789827|7
10003789830|9
10003789834|4
10003789838|3
10003789851|1
10003789856|2
10003789859|7
10003790082|1
10003790098|9
10003790127|7
10003790151|4
10003790192|8
10003790197|7
10003790201|9
10003790207|8
10003790211|0
10003790260|7
10003790261|6
10003790262|7
10003790274|4
10003790280|8
10003790283|3
10003790289|9
10003790295|9
10003790317|7
10003790484|8
10003790488|4
10003790490|3
10003790525|9
10003790526|8
10003790528|9
10003790529|7
10003790532|9
10003790533|4
10003790535|6
10003790536|1
10003790537|9
10003790538|7
10003790542|5
10003790554|6
10003790558|6
10003790560|0
10003790584|6
10003790586|3
10003790587|4
10003790589|2
10003790608|9
10003790609|7
10003790630|6
10003790637|6
10003790641|0
10003790645|5
10003790646|2
10003790647|4
10003790651|1
10003790656|8
10003790658|5
10003790664|8
10003790665|6
10003790666|7
10003790675|9
10003790677|7
10003790680|3
10003790696|2
10003790699|4
10003790700|2
10003790703|3
10003790729|9
10003790731|4
10003790732|7
10003790734|6
10003790735|0
10003790738|8
10003790740|4
10003790742|1
10003790744|2
10003790760|0
10003790762|6
10003790766|9
10003790770|3
10003790775|4
10003790807|1
10003790813|3
10003790938|4
10003790939|0
10003790940|8
10003790942|8
10003790943|3
10003790944|6
10003790945|6
10003790947|2
10003790949|6
10003790950|8
10003790951|3
10003790952|5
10003790953|5
10003790967|8
10003790969|2
10003791014|1
10003791027|7
10003791174|8
10003791178|4
10003791188|4
10003791189|5
10003791195|5
10003791197|2
10003791199|9
10003791258|4
10003791321|0
10003791325|2
10003791328|9
10003791331|8
10003791336|9
10003791341|3
10003791365|1
10003791372|7
10003791375|1
10003791380|1
10003791385|6
10003791391|2
10003791396|6
10003791403|4
10003791404|6
10003791411|7
10003791415|2
10003791422|5
10003791474|9
10003791476|0
10003791478|7
10003791483|9
10003791485|9
10003791489|3
10003791585|9
10003791586|1
10003791587|4
10003791588|0
10003791589|5
10003791594|7
10003791596|4
10003791599|4
10003791605|9
10003791614|0
10003791619|0
10003791621|3
10003791622|1
10003791689|9
10003791695|4
10003791698|5
10003791704|6
10003791713|1
10003791733|1
10003791741|3
10003791744|6
10003791750|1
10003791754|2
10003791763|8
10003791769|8
10003791770|4
10003791784|5
10003791862|5
10003791864|4
10003792054|6
10003792076|2
10003792273|3
10003792338|9
10003792340|1
10003792342|2
10003792343|9
10003792344|7
10003792345|3
10003792347|9
10003792349|5
10003792351|5
10003792368|4
10003792370|7
10003792382|1
10003792383|6
10003792384|3
10003792385|1
10003792386|4
10003792409|1
10003792465|1
10003792466|3
10003792468|8
10003792480|8
10003792484|8
10003792485|2
10003792544|2
10003792565|9
10003792575|3
10003792587|5
10003792668|6
10003792674|2
10003792709|4
10003792720|4
10003792721|2
10003792725|2
10003792744|3
10003792752|3
10003792758|8
10003792764|0
10003792767|1
10003792772|6
10003792812|0
10003792816|6
10003792818|8
10003792819|4
10003792821|6
10003793058|5
10003793068|9
10003793072|6
10003793104|4
10003793105|9
10003793109|6
10003793111|6
10003793179|0
10003793181|2
10003793183|8
10003793208|9
10003793275|6
10003793283|9
10003793284|8
10003793292|2
10003793300|3
10003793312|8
10003793319|9
10003793321|4
10003793332|4
10003793352|8
10003793353|6
10003793356|8
10003793361|0
10003793362|3
10003793365|9
10003793369|2
10003793370|8
10003793373|9
10003793375|6
10003793378|5
10003793381|4
10003793384|4
10003793386|5
10003793392|8
10003793393|2
10003793394|0
10003793404|9
10003793415|6
10003793421|8
10003793424|5
10003793427|5
10003793431|5
10003793445|9
10003793447|0
10003793463|6
10003793467|1
10003793469|5
10003793470|2
10003793471|6
10003793472|8
10003793473|7
10003793474|4
10003793476|7
10003793479|0
10003793482|2
10003793485|2
10003793487|5
10003793490|4
10003793493|4
10003793498|6
10003793501|7
10003793503|5
10003793506|0
10003793516|4
10003793522|5
10003793527|3
10003793530|0
10003793531|1
10003793535|4
10003793536|8
10003793538|8
10003793541|0
10003793544|6
10003793548|1
10003793550|4
10003793551|1
10003793553|8
10003793555|2
10003793556|3
10003793560|2
10003793563|3
10003793565|0
10003793569|5
10003793572|0
10003793573|3
10003793576|2
10003793579|8
10003793583|2
10003793585|0
10003793591|9
10003793592|0
10003793599|2
10003793602|0
10003793603|4
10003793604|4
10003793606|7
10003793607|0
10003793609|9
10003793612|9
10003793647|3
10003793653|1
10003793654|0
10003793682|0
10003793684|8
10003793694|6
10003793699|6
10003793709|4
10003793722|1
10003793730|5
10003793731|8
10003793735|9
10003793737|8
10003793740|3
10003793742|1
10003793743|6
10003793747|4
10003793752|8
10003793754|0
10003793755|6
10003793763|7
10003793773|3
10003793782|6
10003793796|7
10003793799|7
10003793805|4
10003793811|7
10003793826|0
10003793853|0
10003793857|3
10003793860|1
10003793862|9
10003793866|2
10003793873|6
10003793876|6
10003793884|4
10003793896|5
10003793903|9
10003793918|5
10003793921|7
10003793935|9
10003793953|3
10003793956|9
10003793961|8
10003793962|7
10003793963|9
10003793964|0
10003793965|4
10003793977|5
10003793979|0
10003793984|5
10003793986|9
10003793997|0
10003794001|8
10003794007|1
10003794012|2
10003794013|2
10003794017|8
10003794018|1
10003794022|0
10003794024|7
10003794027|6
10003794028|4
10003794031|2
10003794035|9
10003794040|8
10003794044|7
10003794046|5
10003794052|7
10003794055|1
10003794060|4
10003794072|3
10003794077|1
10003794084|7
10003794094|4
10003794101|3
10003794106|8
10003794111|4
10003794115|1
10003794128|7
10003794131|7
10003794136|0
10003794140|8
10003794141|1
10003794156|8
10003794159|4
10003794160|1
10003794163|6
10003794164|4
10003794168|5
10003794171|8
10003794174|0
10003794175|7
10003794201|5
10003794204|8
10003794206|1
10003794207|0
10003794215|1
10003794219|3
10003794220|1
10003794230|5
10003794232|2
10003794234|9
10003794244|8
10003794249|2
10003794270|1
10003794283|1
10003794286|5
10003794290|8
10003794295|9
10003794297|3
10003794299|0
10003794300|4
10003794304|5
10003794312|6
10003794319|9
10003794333|3
10003794340|9
10003794342|0
10003794343|6
10003794347|4
10003794356|8
10003794357|7
10003794362|2
10003794376|1
10003794380|3
10003794395|8
10003794399|2
10003794402|6
10003794407|2
10003794408|4
10003794410|5
10003794422|1
10003794427|4
10003794450|3
10003794454|2
10003794455|5
10003794456|2
10003794469|2
10003794470|8
10003794495|7
10003794559|8
10003794566|2
10003794662|2
10003794665|7
10003794670|0
10003794672|9
10003794675|6
10003794689|0
10003794690|5
10003794693|1
10003794697|2
10003794699|1
10003794703|9
10003794704|8
10003794707|1
10003794709|8
10003794712|0
10003794714|9
10003794728|5
10003794738|6
10003794769|1
10003794775|0
10003794784|1
10003794826|2
10003794832|7
10003794836|8
10003794846|0
10003794853|1
10003794858|7
10003794863|0
10003794870|6
10003794878|5
10003794888|0
10003794891|5
10003794898|7
10003794907|0
10003794921|1
10003794928|4
10003794942|4
10003794947|2
10003794986|5
10003795026|5
10003795143|1
10003795217|8
10003795221|4
10003795235|8
10003795238|5
10003795243|2
10003795249|1
10003795251|9
10003795255|0
10003795297|4
10003795344|7
10003795400|6
10003795696|9
10003795698|3
10003795730|2
10003795776|0
10003795778|0
10003795793|9
10003795803|4
10003795818|4
10003795829|2
10003795845|9
10003795862|8
10003795866|5
10003795869|0
10003795912|7
10003795918|8
10003795923|0
10003795938|2
10003795942|4
10003795946|9
10003795948|7
10003795951|0
10003795952|5
10003795958|8
10003795972|6
10003796009|2
10003796014|9
10003796016|8
10003796017|5
10003796021|5
10003796030|4
10003796033|1
10003796035|6
10003796040|8
10003796041|1
10003796043|5
10003796044|3
10003796045|5
10003796047|6
10003796048|2
10003796050|5
10003796051|3
10003796052|4
10003796053|8
10003796066|7
10003796073|9
10003796074|4
10003796076|8
10003796077|7
10003796078|8
10003796079|5
10003796080|9
10003796106|0
10003796112|8
10003796122|1
10003796123|0
10003796125|5
10003796129|7
10003796131|8
10003796133|1
10003796136|1
10003796138|1
10003796144|1
10003796145|0
10003796146|3
10003796148|7
10003796151|1
10003796155|8
10003796158|1
10003796161|0
10003796164|7
10003796165|8
10003796167|0
10003796174|0
10003796179|1
10003796181|2
10003796184|6
10003796187|0
10003796190|7
10003796195|3
10003796198|3
10003796201|0
10003796260|1
10003796272|9
10003796287|0
10003796298|6
10003796305|5
10003796310|6
10003796315|6
10003796322|7
10003796325|3
10003796328|3
10003796331|8
10003796343|8
10003796349|6
10003796379|3
10003796384|0
10003796408|0
10003796413|7
10003796455|6
10003796470|9
10003796503|4
10003796823|9
10003796833|6
10003797084|8
10003797129|5
10003797144|4
10003797151|4
10003797154|2
10003797172|2
10003797177|3
10003797179|1
10003797181|0
10003797193|7
10003797196|3
10003797200|3
10003797211|2
10003797212|6
10003797223|9
10003797229|4
10003797845|7
10003797897|4
10003797904|9
10003797909|4
10003797914|3
10003797915|3
10003797937|0
10003797957|7
10003797983|7
10003797988|0
10003798096|0
10003798121|9
10003798150|6
10003798174|5
10003798177|3
10003798178|0
10003798179|1
10003798181|0
10003798182|7
10003798183|9
10003798185|9
10003798193|5
10003798199|8
10003798203|7
10003798216|9
10003798221|3
10003798222|1
10003798223|3
10003798225|9
10003798228|0
10003798233|6
10003798236|0
10003798261|9
10003798268|7
10003798306|6
10003798312|1
10003798314|4
10003798357|3
10003798364|2
10003798447|7
10003798461|7
10003798487|9
10003798515|4
10003798538|9
10003798539|4
10003798540|9
10003798541|3
10003799087|5
10003799091|6
10003799092|7
10003799105|8
10003799107|0
10003799157|1
10003799180|5
10003799181|2
10003799182|6
10003799186|6
10003799187|0
10003799193|9
10003799391|2
10003799396|2
10003799400|6
10003799405|7
10003799409|8
10003799413|5
10003799459|0
10003799471|8
10003799476|9
10003799479|2
10003799513|1
10003799514|3
10003799523|8
10003799527|4
10003799528|7
10003799530|2
10003799632|1
10003799647|9
10003799653|4
10003799657|3
10003799658|0
10003799661|0
10003799664|9
10003799667|6
10003799682|0
10003799685|4
10003799689|4
10003799699|1
10003799702|9
10003799716|0
10003799719|5
10003799720|1
10003799728|7
10003799730|9
10003799731|0
10003799732|3
10003799741|7
10003799771|4
10003799778|3
10003799783|1
10003799793|3
10003799805|8
10003799815|4
10003799819|9
10003799834|1
10003799841|5
10003799843|0
10003799848|6
10003799852|8
10003799865|7
10003799890|3
10003799899|1
10003799902|9
10003799904|6
10003799907|7
10003799920|2
10003799984|9
10003799996|4
10003799999|6
10003800006|1
10003800008|7
10003800019|3
10003800045|6
10003800055|2
10003800082|3
10003800212|6
10003800252|9
10003800257|3
10003800266|2
10003800268|1
10003800271|3
10003800275|5
10003800276|6
10003800280|9
10003800288|1
10003800292|9
10003800297|4
10003800468|4
10003800469|7
10003800471|4
10003800473|7
10003800539|4
10003800664|2
10003800668|4
10003800694|5
10003800750|9
10003800751|7
10003800770|5
10003800912|3
10003800929|7
10003800941|0
10003800956|9
10003800988|3
10003800998|3
10003801005|1
10003801007|3
10003801010|9
10003801015|3
10003801028|2
10003801031|3
10003801040|7
10003801056|1
10003801059|1
10003801065|4
10003801068|0
10003801070|8
10003801071|3
10003801073|8
10003801074|5
10003801080|0
10003801084|0
10003801091|2
10003801096|0
10003801097|2
10003801107|5
10003801108|3
10003801109|0
10003801110|5
10003801117|4
10003801119|4
10003801121|4
10003801124|4
10003801138|3
10003801149|3
10003801163|6
10003801175|0
10003801201|6
10003801203|7
10003801213|6
10003801250|2
10003801284|9
10003801308|7
10003801323|3
10003801347|7
10003801515|6
10003801522|0
10003801601|2
10003801610|0
10003801618|8
10003801793|8
10003801820|1
10003801823|2
10003801916|3
10003801920|9
10003801925|7
10003802399|6
10003802467|1
10003802518|3
10003802578|6
10003802582|4
10003802847|1
10003802848|2
10003802949|9
10003802959|0
10003802967|5
10003802978|9
10003803019|0
10003803056|6
10003803063|4
10003803071|9
10003803076|1
10003803087|5
10003803095|5
10003803102|7
10003803107|8
10003803116|0
10003803120|2
10003803128|0
10003803134|2
10003803141|7
10003803152|0
10003803154|2
10003803162|9
10003803167|0
10003803182|6
10003803186|4
10003803191|7
10003803196|8
10003803209|0
10003803212|4
10003803213|4
10003803218|3
10003803222|8
10003803226|2
10003803229|1
10003803233|6
10003803236|9
10003803239|4
10003803241|5
10003803244|8
10003803300|1
10003803309|9
10003803318|1
10003803322|2
10003803326|9
10003803327|4
10003803330|0
10003803332|1
10003803335|3
10003803336|4
10003803342|6
10003803344|0
10003803345|2
10003803347|7
10003803348|3
10003803349|3
10003803351|2
10003803353|1
10003803354|1
10003803357|1
10003803358|8
10003803359|1
10003803362|1
10003803363|1
10003803365|4
10003803370|0
10003803375|0
10003803376|8
10003803381|7
10003803464|8
10003803465|7
10003803467|1
10003803472|5
10003803484|5
10003803506|8
10003803513|2
10003803523|4
10003803532|4
10003803534|6
10003803537|3
10003803540|6
10003803542|4
10003803549|1
10003803552|2
10003803557|1
10003803560|2
10003803576|3
10003803586|5
10003803610|6
10003803628|5
10003803631|4
10003803635|8
10003803639|6
10003803643|4
10003803646|0
10003803653|5
10003803655|4
10003803657|5
10003803659|6
10003803663|2
10003803664|6
10003803671|9
10003803672|4
10003803674|8
10003803676|0
10003803680|3
10003803684|9
10003803685|4
10003803686|8
10003803691|4
10003803697|5
10003803701|6
10003803702|4
10003803706|8
10003803707|7
10003803710|9
10003803721|9
10003803731|7
10003803741|5
10003803761|1
10003803764|8
10003803767|9
10003803808|5
10003803827|4
10003803831|2
10003803845|5
10003803849|0
10003803852|9
10003803858|6
10003803861|7
10003803866|5
10003803881|6
10003803885|3
10003803967|2
10003803969|2
10003803975|9
10003803978|3
10003803988|9
10003803991|8
10003803993|7
10003803994|4
10003803995|6
10003803996|1
10003803997|4
10003803999|0
10003804120|1
10003804122|5
10003804127|6
10003804128|7
10003804132|4
10003804136|9
10003804142|1
10003804150|8
10003804151|5
10003804153|1
10003804158|5
10003804164|4
10003804169|6
10003804170|8
10003804171|0
10003804173|7
10003804177|0
10003804179|5
10003804191|3
10003804199|6
10003804206|9
10003804261|5
10003804264|9
10003804271|1
10003804273|3
10003804276|8
10003804282|1
10003804291|1
10003804294|3
10003804300|7
10003804313|9
10003804327|1
10003804337|5
10003804341|6
10003804349|2
10003804356|9
10003804357|8
10003804358|8
10003804359|7
10003804361|7
10003804376|5
10003804386|8
10003804428|3
10003804438|2
10003804442|3
10003804534|6
10003804538|7
10003804543|7
10003804548|8
10003804549|7
10003804551|4
10003804556|7
10003804558|7
10003804576|5
10003804577|4
10003804579|1
10003804587|0
10003804592|9
10003804596|7
10003804603|9
10003804610|2
10003804620|0
10003804630|1
10003804640|6
10003804644|7
10003804650|1
10003804663|1
10003804690|5
10003804691|2
10003805043|6
10003805044|3
10003805051|7
10003805204|1
10003805206|5
10003805414|7
10003805578|1
10003805623|8
10003805631|5
10003805636|7
10003805642|0
10003805643|7
10003805645|6
10003805650|8
10003805653|2
10003805687|5
10003805697|9
10003805770|4
10003805782|7
10003805783|9
10003805787|5
10003805790|7
10003805794|8
10003805796|8
10003805802|5
10003805813|0
10003805838|6
10003805855|4
10003805861|9
10003805867|4
10003805875|1
10003805878|1
10003805880|6
10003805887|4
10003805889|2
10003805890|1
10003805891|1
10003805893|9
10003805895|6
10003805899|7
10003805902|4
10003805908|6
10003805926|4
10003806005|2
10003806009|2
10003806046|2
10003806049|9
10003806050|3
10003806057|8
10003806060|5
10003806062|3
10003806064|1
10003806065|3
10003806069|7
10003806070|6
10003806075|9
10003806096|3
10003806105|3
10003806112|9
10003806113|7
10003806117|7
10003806144|4
10003806154|8
10003806160|7
10003806162|3
10003806166|6
10003806167|1
10003806170|0
10003806171|4
10003806174|9
10003806175|7
10003806177|7
10003806179|6
10003806180|9
10003806185|4
10003806186|2
10003806187|7
10003806190|3
10003806191|3
10003806192|4
10003806195|0
10003806197|7
10003806203|9
10003806205|6
10003806233|9
10003806256|2
10003806270|7
10003806274|0
10003806296|1
10003806354|3
10003806391|9
10003806400|2
10003806406|6
10003806410|0
10003806460|3
10003806466|1
10003806473|2
10003806477|1
10003806479|0
10003806482|3
10003806498|5
10003806502|3
10003806508|7
10003806511|9
10003806513|6
10003806757|5
10003806781|5
10003806792|1
10003806845|8
10003806847|5
10003806853|8
10003806858|9
10003806864|3
10003806893|3
10003806903|6
10003806904|4
10003806906|3
10003806910|7
10003806916|5
10003807061|0
10003807100|8
10003807252|8
10003807260|5
10003807262|4
10003807280|1
10003807286|8
10003807289|0
10003807291|7
10003807299|6
10003807307|4
10003807316|2
10003807324|0
10003807329|5
10003807332|2
10003807333|9
10003807334|1
10003807337|6
10003807339|0
10003807341|1
10003807343|3
10003807344|9
10003807346|0
10003807347|4
10003807349|7
10003807351|5
10003807354|9
10003807389|5
10003807411|5
10003807435|7
10003807439|7
10003807440|2
10003807445|4
10003807446|2
10003807453|9
10003807457|2
10003807458|5
10003807460|1
10003807480|4
10003807495|0
10003807669|5
10003807706|2
10003807715|7
10003807725|4
10003808059|0
10003808279|8
10003808334|4
10003808408|6
10003808434|1
10003808458|6
10003808470|5
10003808483|4
10003808498|5
10003808520|3
10003808533|4
10003808549|1
10003808569|6
10003808576|8
10003808599|3
10003808600|5
10003808603|1
10003808606|1
10003808609|1
10003808610|9
10003808611|4
10003808613|8
10003808622|9
10003808747|3
10003808752|7
10003808764|5
10003808767|6
10003808771|6
10003808774|4
10003808780|6
10003808786|8
10003808795|1
10003808800|5
10003808803|4
10003808885|2
10003808900|1
10003808908|5
10003808913|8
10003808917|0
10003808926|9
10003808934|7
10003808940|0
10003808945|3
10003808957|4
10003808970|3
10003808992|3
10003809023|6
10003809029|1
10003809030|7
10003809033|6
10003809037|8
10003809042|4
10003809043|6
10003809046|6
10003809050|1
10003809052|1
10003809056|8
10003809062|5
10003809080|5
10003809135|0
10003809161|5
10003809163|9
10003809175|1
10003809183|6
10003809207|4
10003809217|0
10003809218|8
10003809228|7
10003809246|7
10003809258|3
10003809303|0
10003809320|7
10003809359|1
10003809370|1
10003809371|3
10003809385|9
10003809393|8
10003809394|8
10003809396|7
10003809400|0
10003809471|2
10003809524|9
10003809526|2
10003809536|8
10003809639|0
10003809650|0
10003809678|6
10003809685|7
10003809700|7
10003809712|2
10003809737|4
10003809738|6
10003809739|6
10003809740|2
10003809741|2
10003809742|3
10003809743|4
10003809869|4
10003809914|7
10003809916|8
10003809921|5
10003809922|7
10003809924|7
10003809926|8
10003809928|8
10003809931|2
10003809939|7
10003809941|7
10003809958|1
10003810065|6
10003810071|4
10003810072|0
10003810078|0
10003810292|4
10003810302|1
10003810306|6
10003810312|4
10003810315|6
10003810319|9
10003810322|2
10003810324|3
10003810326|0
10003810332|5
10003810351|3
10003810352|2
10003810353|8
10003810441|3
10003810446|5
10003810454|8
10003810456|5
10003810462|3
10003810465|8
10003810468|5
10003810471|0
10003810485|3
10003810489|8
10003810491|2
10003810513|1
10003810630|7
10003810677|0
10003810691|5
10003810717|0
10003810719|7
10003810872|0
10003810881|5
10003810898|5
10003810933|4
10003810949|7
10003810955|6
10003810965|8
10003810983|6
10003810988|3
10003811001|4
10003811043|5
10003811055|5
10003811060|0
10003811066|9
10003811075|1
10003811220|2
10003811232|9
10003811242|2
10003811344|2
10003811350|5
10003811355|2
10003811367|9
10003811372|3
10003811381|8
10003811386|8
10003811388|5
10003811392|7
10003811394|6
10003811397|2
10003811400|7
10003811403|8
10003811408|6
10003811483|8
10003811491|3
10003811492|2
10003811499|0
10003811505|3
10003811509|1
10003811613|9
10003811617|9
10003811632|4
10003811640|8
10003811668|2
10003811731|0
10003811736|8
10003811739|8
10003811744|3
10003811787|8
10003811817|3
10003811819|4
10003811836|3
10003811840|5
10003811850|1
10003811851|0
10003811852|9
10003811853|5
10003811855|3
10003811856|7
10003812066|8
10003812070|1
10003812074|8
10003812076|4
10003812080|9
10003812081|2
10003812082|2
10003812085|7
10003812088|9
10003812091|9
10003812096|5
10003812097|2
10003812108|9
10003812131|0
10003812136|2
10003812138|4
10003812152|7
10003812175|0
10003812178|6
10003812184|6
10003812189|6
10003812192|0
10003812201|7
10003812218|9
10003812308|4
10003812472|3
10003812522|0
10003812544|8
10003812547|9
10003812553|6
10003812556|7
10003812571|4
10003812575|9
10003812602|0
10003812613|9
10003812618|6
10003812624|4
10003812663|1
10003812670|4
10003812671|7
10003812683|7
10003812697|7
10003812744|5
10003812757|6
10003812894|2
10003812943|9
10003812948|4
10003812953|8
10003812957|3
10003812961|1
10003812967|1
10003812970|1
10003813037|2
10003813046|1
10003813332|2
10003813351|1
10003813379|6
10003813380|8
10003813382|7
10003813383|0
10003813398|0
10003813399|9
10003813401|0
10003813403|0
10003813405|7
10003813408|5
10003813418|3
10003813420|0
10003813501|0
10003813554|7
10003813638|1
10003813646|7
10003813722|6
10003813731|6
10003813797|2
10003813800|4
10003813803|5
10003813807|9
10003813810|1
10003813852|7
10003813859|1
10003813860|9
10003813876|1
10003813887|7
10003813909|5
10003813920|5
10003813942|3
10003813943|9
10003813946|3
10003813950|3
10003813953|5
10003813971|5
10003813977|6
10003813982|4
10003813984|7
10003813996|9
10003813998|8
10003814005|4
10003814008|9
10003814012|8
10003814063|5
10003814068|5
10003814080|5
10003814089|0
10003814096|5
10003814098|6
10003814113|2
10003814115|2
10003814116|0
10003814120|2
10003814122|2
10003814124|1
10003814127|3
10003814130|2
10003814137|6
10003814196|8
10003814202|1
10003814208|3
10003814211|0
10003814217|3
10003814223|8
10003814233|8
10003814243|7
10003814255|4
10003814268|8
10003814285|4
10003814298|7
10003814309|0
10003814316|9
10003814329|2
10003814341|7
10003814346|6
10003814362|8
10003814377|7
10003814379|3
10003814380|5
10003814381|7
10003814383|9
10003814407|4
10003814422|2
10003814424|2
10003814426|8
10003814429|3
10003814443|4
10003814448|0
10003814450|1
10003814452|5
10003814454|9
10003814455|8
10003814462|4
10003814473|6
10003814475|8
10003814486|0
10003814491|9
10003814499|5
10003814501|6
10003814512|0
10003814517|2
10003814524|0
10003814526|4
10003814535|7
10003814543|7
10003814544|9
10003814555|7
10003814582|4
10003814591|5
10003814605|4
10003814615|7
10003814645|7
10003814652|5
10003814728|2
10003814730|6
10003814731|3
10003814740|4
10003814803|7
10003814806|3
10003814809|8
10003814812|4
10003814814|3
10003814818|8
10003814823|1
10003814826|1
10003814852|9
10003814855|8
10003814856|4
10003814951|8
10003814965|3
10003814967|5
10003814970|5
10003814971|3
10003814974|1
10003814991|0
10003814996|5
10003815000|4
10003815001|4
10003815010|6
10003815019|7
10003815025|0
10003815039|0
10003815056|1
10003815083|2
10003815090|7
10003815094|9
10003815102|5
10003815108|8
10003815112|8
10003815121|5
10003815136|0
10003815139|6
10003815240|7
10003815242|2
10003815243|4
10003815255|3
10003815258|8
10003815268|7
10003815283|2
10003815284|7
10003815298|5
10003815307|3
10003815308|1
10003815312|2
10003815314|4
10003815316|8
10003815319|2
10003815330|0
10003815337|4
10003815348|1
10003815354|7
10003815356|7
10003815362|1
10003815418|1
10003815425|2
10003815434|0
10003815440|0
10003815444|3
10003815448|5
10003815455|3
10003815466|8
10003815600|9
10003815612|4
10003815621|3
10003815626|1
10003815628|2
10003815629|5
10003815633|8
10003815640|0
10003815904|2
10003815913|3
10003815917|1
10003815935|1
10003815950|0
10003816076|5
10003816083|4
10003816239|8
10003816240|6
10003816305|5
10003816328|4
10003816331|6
10003816332|0
10003816334|1
10003816495|3
10003816499|8
10003816520|5
10003816521|4
10003816523|7
10003816538|6
10003816542|9
10003816569|9
10003816581|8
10003816585|0
10003816612|4
10003816707|6
10003816715|5
10003816986|4
10003817054|0
10003817055|4
10003817056|2
10003817058|5
10003817060|0
10003817062|9
10003817073|9
10003817077|9
10003817078|2
10003817082|9
10003817086|4
10003817092|7
10003817139|8
10003817144|6
10003817180|2
10003817182|1
10003817214|0
10003817215|3
10003817218|0
10003817230|7
10003817242|7
10003817244|6
10003817246|8
10003817248|1
10003817279|6
10003817284|9
10003817303|6
10003817308|6
10003817390|0
10003817419|3
10003817424|2
10003817432|0
10003817436|1
10003817445|2
10003817536|2
10003817562|2
10003817568|2
10003817582|6
10003817608|5
10003817612|9
10003817614|0
10003817617|4
10003817622|4
10003817673|9
10003817680|8
10003817683|1
10003817753|4
10003817754|4
10003817755|6
10003817787|3
10003817803|5
10003817813|5
10003817817|2
10003817848|1
10003817886|8
10003817926|9
10003818035|9
10003818042|7
10003818045|0
10003818050|7
10003818056|7
10003818060|8
10003818077|0
10003818089|0
10003818146|3
10003818190|7
10003818202|3
10003818332|8
10003818402|3
10003818407|2
10003818414|3
10003818421|1
10003818447|8
10003818455|7
10003818463|4
10003818465|7
10003818477|0
10003818478|0
10003818490|1
10003818494|7
10003818510|5
10003818511|3
10003818512|1
10003818517|8
10003818522|0
10003818565|0
10003818569|4
10003818574|5
10003818579|7
10003818582|2
10003818586|2
10003818589|9
10003818598|5
10003818664|2
10003818672|6
10003818673|8
10003818674|5
10003818676|5
10003818678|9
10003818683|3
10003818686|3
10003818688|1
10003818692|8
10003818695|4
10003818696|9
10003818703|2
10003818707|2
10003818716|7
10003818738|1
10003818743|1
10003818764|9
10003818940|6
10003818941|7
10003818944|7
10003819275|5
10003819433|5
10003819459|9
10003819633|4
10003819659|8
10003819664|3
10003819670|8
10003819680|9
10003819684|1
10003819732|8
10003819738|4
10003819747|3
10003819754|4
10003819814|0
10003819818|8
10003819822|8
10003819829|9
10003819834|4
10003819840|4
10003819842|5
10003819855|5
10003819862|8
10003819893|6
10003819896|4
10003819898|2
10003819942|8
10003819945|2
10003819974|0
10003819977|4
10003819988|9
10003819992|1
10003820057|9
10003820082|9
10003820094|5
10003820102|0
10003820108|0
10003820127|2
10003820190|8
10003820201|4
10003820205|4
10003820336|1
10003820337|3
10003820338|8
10003820339|4
10003820340|9
10003820397|2
10003820435|2
10003820486|8
10003820526|4
10003820580|2
10003820610|2
10003820629|4
10003820637|5
10003820647|7
10003820669|2
10003820682|6
10003820695|5
10003820721|0
10003820731|0
10003820732|2
10003820734|1
10003820737|6
10003820740|5
10003820755|3
10003820759|1
10003820763|5
10003820765|6
10003820793|6
10003820795|8
10003820796|8
10003820980|2
10003820981|8
10003820984|8
10003820985|8
10003820988|6
10003820989|8
10003820990|6
10003820992|4
10003821083|1
10003821085|8
10003821086|7
10003821089|8
10003821092|1
10003821141|6
10003821153|2
10003821184|6
10003821387|0
10003821388|4
10003821392|8
10003821398|7
10003821515|0
10003821522|7
10003821532|7
10003821567|1
10003821585|3
10003821589|3
10003821593|3
10003821599|6
10003821758|2
10003821775|7
10003821872|2
10003821875|8
10003821876|3
10003821878|6
10003821880|6
10003821881|7
10003821882|2
10003821883|0
10003821884|8
10003821885|2
10003821886|8
10003821887|8
10003821889|8
10003821890|4
10003821891|4
10003821892|2
10003821893|8
10003821894|6
10003821895|9
10003821897|5
10003821898|2
10003821899|8
10003821900|8
10003821901|1
10003821902|2
10003821903|3
10003821904|6
10003821905|2
10003821907|4
10003821908|5
10003821909|0
10003821910|6
10003821911|5
10003821912|8
10003821913|0
10003821914|2
10003821916|3
10003822130|8
10003822132|7
10003822133|4
10003822134|4
10003822136|0
10003822138|4
10003822140|8
10003822142|0
10003822169|4
10003822170|7
10003822172|6
10003822195|1
10003822200|3
10003822202|4
10003822205|1
10003822246|3
10003822253|3
10003822259|6
10003822270|9
10003822279|1
10003822376|9
10003822379|6
10003822381|8
10003822383|1
10003822390|8
10003822393|6
10003822394|8
10003822395|6
10003822396|1
10003822397|4
10003822407|6
10003822408|1
10003822409|6
10003822410|6
10003822411|4
10003822412|8
10003822768|2
10003822771|4
10003822784|8
10003822787|4
10003822804|4
10003822975|2
10003822984|7
10003822988|8
10003822995|6
10003823001|3
10003823011|8
10003823019|6
10003823026|8
10003823044|2
10003823087|0
10003823091|7
10003823092|8
10003823093|5
10003823098|3
10003823099|6
10003823108|0
10003823111|4
10003823113|5
10003823116|4
10003823117|2
10003823118|8
10003823120|0
10003823128|3
10003823137|4
10003823205|1
10003823239|9
10003823241|4
10003823248|5
10003823319|1
10003823320|3
10003823321|3
10003823439|0
10003823493|7
10003823590|5
10003823593|0
10003823595|2
10003823620|2
10003823628|0
10003823634|9
10003823652|8
10003823654|7
10003823657|9
10003823662|0
10003823666|2
10003823668|6
10003823670|1
10003823690|0
10003823695|5
10003823729|2
10003823730|4
10003823734|7
10003823737|2
10003823739|4
10003823743|1
10003823744|4
10003823755|0
10003823759|8
10003823791|4
10003823885|4
10003823887|4
10003823893|8
10003823895|3
10003823898|8
10003823900|4
10003823903|3
10003823905|3
10003823906|6
10003823907|1
10003823912|6
10003823914|7
10003823917|4
10003823925|7
10003823927|6
10003823932|6
10003823933|2
10003823936|8
10003823940|1
10003823945|6
10003823967|1
10003823971|0
10003824013|7
10003824016|1
10003824019|5
10003824023|7
10003824026|4
10003824031|8
10003824047|9
10003824053|6
10003824059|0
10003824060|3
10003824062|8
10003824078|2
10003824086|8
10003824091|8
10003824094|4
10003824097|3
10003824102|8
10003824104|3
10003824106|9
10003824110|3
10003824112|0
10003824113|3
10003824116|9
10003824120|5
10003824121|1
10003824122|0
10003824126|1
10003824148|3
10003824154|5
10003824161|2
10003824191|9
10003824197|9
10003824198|4
10003824203|8
10003824204|2
10003824207|0
10003824216|7
10003824223|1
10003824229|1
10003824234|3
10003824237|8
10003824288|2
10003824290|5
10003824296|5
10003824455|4
10003824456|8
10003824458|3
10003824459|5
10003824460|2
10003824461|2
10003824463|4
10003824464|9
10003824465|0
10003824474|1
10003824478|2
10003824490|3
10003824494|6
10003824497|0
10003824506|7
10003824516|3
10003824525|7
10003824535|1
10003824600|7
10003824633|9
10003824646|5
10003824648|4
10003824654|2
10003824660|9
10003824663|6
10003824668|7
10003824676|3
10003824681|0
10003824688|4
10003824691|3
10003824693|1
10003824695|7
10003824701|5
10003824718|8
10003824777|1
10003824779|8
10003824781|6
10003824785|6
10003824791|7
10003824805|3
10003824816|3
10003824852|9
10003824853|5
10003824860|8
10003824864|3
10003824869|4
10003824877|2
10003824943|2
10003824948|1
10003824949|0
10003824951|3
10003824962|1
10003824964|9
10003824965|1
10003824968|8
10003824976|8
10003824997|4
10003825008|6
10003825011|1
10003825015|5
10003825019|0
10003825031|6
10003825068|5
10003825075|7
10003825114|1
10003825120|3
10003825123|8
10003825129|1
10003825142|3
10003825176|8
10003825209|9
10003825212|5
10003825274|6
10003825276|2
10003825302|7
10003825305|7
10003825314|8
10003825318|9
10003825320|8
10003825323|4
10003825329|3
10003825335|8
10003825344|9
10003825348|4
10003825383|2
10003825393|2
10003825397|3
10003825409|1
10003825416|9
10003825585|6
10003825586|7
10003825588|8
10003825591|3
10003825592|0
10003825596|5
10003825599|0
10003825602|1
10003825606|5
10003825612|5
10003825615|5
10003825619|5
10003825621|2
10003825625|9
10003825629|5
10003825635|3
10003825636|4
10003825637|8
10003825642|5
10003825645|5
10003825649|5
10003825653|7
10003825696|3
10003825700|0
10003825703|8
10003825707|3
10003825710|5
10003825712|6
10003825716|2
10003825722|8
10003825729|7
10003825730|8
10003825732|8
10003825737|7
10003825743|8
10003825768|4
10003825782|1
10003825793|4
10003825804|1
10003825812|8
10003825822|6
10003825832|8
10003825850|0
10003825863|1
10003825870|7
10003825885|3
10003825937|2
10003825943|9
10003825947|8
10003825975|6
10003825989|3
10003825993|5
10003826005|5
10003826016|6
10003826027|5
10003826033|3
10003826063|5
10003826072|3
10003826076|7
10003826080|6
10003826104|9
10003826112|1
10003826118|0
10003826131|0
10003826133|6
10003826134|3
10003826135|1
10003826138|8
10003826139|3
10003826282|4
10003826343|7
10003826351|5
10003826362|1
10003826405|4
10003826433|6
10003826460|2
10003826474|9
10003826480|8
10003826485|4
10003826554|1
10003826566|5
10003826587|4
10003826590|6
10003826595|4
10003826598|9
10003826599|8
10003826605|9
10003826607|4
10003826608|6
10003826652|1
10003826659|6
10003826674|2
10003826683|8
10003826685|5
10003826690|2
10003826695|6
10003826699|3
10003826708|6
10003826722|0
10003826723|8
10003826730|1
10003826739|6
10003826743|5
10003826748|7
10003826771|8
10003826774|6
10003826777|9
10003826779|7
10003826801|6
10003826811|8
10003826836|0
10003826853|3
10003826866|9
10003826881|2
10003826887|2
10003826892|2
10003826914|4
10003826915|1
10003826917|3
10003826918|8
10003826923|4
10003826927|8
10003826928|4
10003826933|8
10003826948|3
10003826950|5
10003826953|1
10003826956|8
10003826969|4
10003826984|8
10003826994|8
10003826998|5
10003827000|5
10003827009|7
10003827049|7
10003827056|7
10003827066|6
10003827076|6
10003827114|0
10003827125|5
10003827127|9
10003827131|8
10003827135|0
10003827148|6
10003827152|2
10003827153|1
10003827156|6
10003827158|4
10003827163|8
10003827166|5
10003827169|5
10003827171|9
10003827176|4
10003827179|5
10003827185|8
10003827186|2
10003827190|7
10003827191|3
10003827198|7
10003827201|8
10003827205|2
10003827212|7
10003827216|9
10003827222|9
10003827226|2
10003827253|0
10003827280|8
10003827289|3
10003827294|0
10003827302|2
10003827310|4
10003827323|9
10003827331|5
10003827626|5
10003827632|5
10003827636|5
10003827641|9
10003827648|4
10003827653|8
10003827656|3
10003827657|5
10003827663|9
10003827666|5
10003827691|9
10003827696|9
10003827701|2
10003827717|0
10003827723|0
10003827728|3
10003827739|0
10003827742|4
10003827798|3
10003827858|9
10003827862|7
10003827867|4
10003827872|9
10003827909|4
10003827913|8
10003827920|9
10003827923|8
10003827946|2
10003827955|2
10003827959|0
10003828020|6
10003828029|0
10003828036|1
10003828041|7
10003828045|5
10003828053|3
10003828056|9
10003828079|0
10003828086|5
10003828091|4
10003828102|5
10003828103|4
10003828109|5
10003828115|5
10003828117|4
10003828122|3
10003828131|1
10003828142|2
10003828145|4
10003828156|1
10003828162|7
10003828163|4
10003828167|7
10003828170|4
10003828174|3
10003828190|7
10003828199|9
10003828210|7
10003828211|3
10003828218|3
10003828223|9
10003828231|2
10003828238|1
10003828241|0
10003828250|3
10003828254|8
10003828256|2
10003828257|3
10003828260|2
10003828261|2
10003828263|9
10003828265|7
10003828267|3
10003828268|8
10003828272|9
10003828279|9
10003828280|4
10003828282|0
10003828284|5
10003828288|6
10003828290|8
10003828294|3
10003828295|1
10003828297|4
10003828299|0
10003828307|0
10003828308|1
10003828310|6
10003828311|1
10003828399|1
10003828460|8
10003828461|9
10003828465|5
10003828478|5
10003828492|7
10003828505|1
10003828571|8
10003828611|5
10003828626|6
10003828645|7
10003828653|9
10003828655|6
10003828659|4
10003828665|5
10003828675|1
10003828685|5
10003828689|5
10003828707|9
10003828717|1
10003828723|2
10003828728|9
10003828731|6
10003828733|4
10003828743|0
10003828751|0
10003828762|8
10003828791|3
10003828815|8
10003828864|5
10003828892|4
10003828904|5
10003828907|2
10003828911|3
10003828925|9
10003829111|8
10003829113|4
10003829117|3
10003829121|4
10003829127|4
10003829137|8
10003829390|6
10003829391|8
10003829393|7
10003829394|5
10003829506|3
10003829507|2
10003829508|7
10003829510|2
10003829512|9
10003829514|2
10003829543|2
10003829550|7
10003829555|0
10003829574|5
10003829576|4
10003829578|1
10003829603|2
10003829714|2
10003829721|3
10003829728|7
10003829733|1
10003829742|5
10003829834|9
10003829836|4
10003829903|3
10003829907|1
10003829910|6
10003829913|9
10003829928|4
10003829949|3
10003829997|7
10003830042|4
10003830048|8
10003830057|8
10003830099|3
10003830121|3
10003830152|4
10003830161|7
10003830164|5
10003830167|3
10003830176|3
10003830177|9
10003830181|3
10003830185|4
10003830189|9
10003830196|4
10003830201|3
10003830207|2
10003830232|4
10003830239|9
10003830249|6
10003830271|1
10003830282|1
10003830286|4
10003830295|5
10003830298|5
10003830303|8
10003830306|6
10003830320|4
10003830324|9
10003830351|6
10003830378|8
10003830382|6
10003830397|2
10003830402|9
10003830406|3
10003830422|9
10003830428|3
10003830433|5
10003830438|3
10003830440|3
10003830452|4
10003830457|6
10003830459|1
10003830460|6
10003830499|4
10003830506|2
10003830526|3
10003830527|1
10003830531|5
10003830543|1
10003830561|9
10003830569|1
10003830576|5
10003830583|6
10003830599|5
10003830607|3
10003830622|1
10003830626|3
10003830632|8
10003830634|8
10003830636|2
10003830676|5
10003830688|0
10003830692|3
10003830698|3
10003830706|5
10003830707|4
10003830710|5
10003830711|9
10003830713|5
10003830722|8
10003830724|1
10003830726|0
10003830728|2
10003830730|5
10003830731|8
10003830732|7
10003830733|8
10003830735|2
10003830736|6
10003830739|6
10003830742|2
10003830743|4
10003830744|6
10003830748|9
10003830754|7
10003830760|0
10003830763|1
10003830775|3
10003830789|5
10003830794|6
10003830799|2
10003830800|4
10003830803|0
10003830804|4
10003830918|7
10003830920|7
10003830922|3
10003830924|6
10003830926|3
10003830929|2
10003830932|5
10003830935|0
10003830941|4
10003831035|2
10003831076|1
10003831088|7
10003831096|9
10003831100|7
10003831104|8
10003831109|9
10003831130|7
10003831131|6
10003831134|1
10003831139|3
10003831142|8
10003831143|8
10003831149|4
10003831152|4
10003831195|3
10003831202|3
10003831208|2
10003831215|3
10003831217|2
10003831219|3
10003831220|0
10003831223|0
10003831225|7
10003831229|0
10003831230|9
10003831232|0
10003831233|6
10003831235|8
10003831238|0
10003831242|5
10003831243|7
10003831245|8
10003831246|9
10003831247|9
10003831248|2
10003831249|3
10003831250|2
10003831252|3
10003831253|5
10003831394|0
10003831395|1
10003831396|0
10003831397|1
10003831398|0
10003831399|2
10003831400|5
10003831401|1
10003831402|3
10003831422|3
10003831424|9
10003831425|6
10003831427|5
10003831428|7
10003831430|5
10003831431|0
10003831433|2
10003831458|5
10003831586|4
10003831592|2
10003831597|2
10003831598|3
10003831614|4
10003831627|8
10003831644|9
10003831659|9
10003831692|9
10003831695|0
10003831711|3
10003831752|5
10003831754|6
10003831766|4
10003831774|9
10003831778|7
10003831786|9
10003831790|8
10003831793|1
10003831797|7
10003831802|3
10003831805|4
10003831814|3
10003831817|5
10003831819|3
10003831826|8
10003831831|5
10003831845|9
10003831848|0
10003831853|2
10003831857|6
10003831870|0
10003831872|0
10003831886|9
10003831890|3
10003831893|0
10003831894|4
10003831904|5
10003831907|6
10003831908|5
10003831909|8
10003831911|9
10003831912|5
10003831913|3
10003831914|7
10003831915|7
10003831916|2
10003831918|5
10003831919|4
10003831933|0
10003831934|6
10003831961|6
10003831962|6
10003831967|7
10003831996|4
10003832012|0
10003832067|0
10003832073|4
10003832078|9
10003832109|9
10003832110|2
10003832116|3
10003832118|0
10003832127|1
10003832132|1
10003832140|0
10003832154|9
10003832166|0
10003832183|0
10003832185|4
10003832188|7
10003832199|1
10003832216|0
10003832265|9
10003832268|3
10003832273|4
10003832281|1
10003832284|1
10003832286|2
10003832288|7
10003832291|0
10003832294|0
10003832296|9
10003832311|8
10003832315|9
10003832316|0
10003832319|8
10003832322|8
10003832328|0
10003832329|8
10003832335|4
10003832371|3
10003832378|4
10003832411|0
10003832579|5
10003832586|1
10003832589|4
10003832590|7
10003832594|5
10003832596|7
10003832597|9
10003832599|2
10003832602|2
10003832605|6
10003832609|8
10003832611|8
10003832613|8
10003832616|0
10003832627|0
10003832631|3
10003832635|1
10003832636|6
10003832660|5
10003832668|0
10003832682|4
10003832684|9
10003832698|1
10003832741|7
10003832774|6
10003832796|9
10003832800|5
10003832801|8
10003832802|5
10003832804|7
10003832806|8
10003832821|6
10003832826|9
10003832831|2
10003832840|8
10003832930|0
10003833005|5
10003833006|3
10003833007|9
10003833014|1
10003833020|0
10003833024|1
10003833028|6
10003833029|0
10003833036|8
10003833044|8
10003833048|0
10003833104|3
10003833108|3
10003833109|3
10003833111|5
10003833115|0
10003833117|3
10003833147|2
10003833157|2
10003833186|3
10003833189|2
10003833199|9
10003833203|0
10003833232|0
10003833236|8
10003833241|5
10003833242|9
10003833251|6
10003833301|2
10003833316|5
10003833321|6
10003833327|4
10003833331|0
10003833338|9
10003833354|9
10003833361|6
10003833485|5
10003833546|9
10003833551|8
10003833563|4
10003833570|6
10003833592|5
10003833643|7
10003833656|3
10003833661|3
10003833677|2
10003833680|5
10003833698|0
10003833712|8
10003833740|8
10003833744|7
10003833803|9
10003833830|4
10003833832|6
10003833912|7
10003834280|5
10003834645|8
10003834646|4
10003834648|1
10003834651|7
10003834656|6
10003834657|5
10003834658|5
10003834697|2
10003834707|4
10003834709|3
10003834710|7
10003834712|7
10003834713|3
10003834717|2
10003834723|2
10003834727|5
10003834729|8
10003834734|8
10003834736|6
10003834748|8
10003834760|7
10003834765|9
10003834780|7
10003834782|4
10003834783|8
10003834785|6
10003834788|5
10003834791|3
10003834795|2
10003834800|4
10003834807|8
10003834811|1
10003834815|7
10003834829|4
10003834831|2
10003834834|8
10003834837|0
10003834838|1
10003834848|4
10003834853|5
10003834855|7
10003834857|5
10003834861|3
10003834871|8
10003834900|0
10003834901|7
10003834902|3
10003834913|3
10003834936|5
10003834945|6
10003835052|8
10003835056|9
10003835064|7
10003835066|3
10003835071|0
10003835074|5
10003835079|1
10003835100|9
10003835112|9
10003835125|4
10003835132|5
10003835154|0
10003835162|7
10003835175|7
10003835181|3
10003835192|4
10003835446|7
10003835448|8
10003835450|5
10003835452|0
10003835453|0
10003835473|1
10003835476|0
10003835508|1
10003835534|2
10003835608|0
10003835609|4
10003835611|0
10003835652|7
10003835736|9
10003835763|9
10003835770|4
10003835771|5
10003835774|6
10003835849|5
10003835850|9
10003835859|1
10003835861|7
10003836154|3
10003836156|3
10003836239|7
10003836243|4
10003836251|0
10003836253|4
10003836254|8
10003836261|1
10003836267|0
10003836269|0
10003836272|6
10003836274|5
10003836277|8
10003836282|4
10003836284|3
10003836287|3
10003836299|8
10003836311|7
10003836329|8
10003836332|9
10003836337|2
10003836364|8
10003836366|9
10003836370|4
10003836379|5
10003836381|8
10003836388|5
10003836405|1
10003836408|6
10003836495|1
10003836500|7
10003836502|0
10003836513|4
10003836543|3
10003836574|9
10003836588|2
10003836590|0
10003836592|2
10003836599|6
10003836601|8
10003836604|1
10003836605|9
10003836608|4
10003836934|4
10003836935|4
10003836938|8
10003836941|8
10003836944|0
10003837028|6
10003837032|9
10003837034|1
10003837047|0
10003837057|8
10003837077|2
10003837079|8
10003837082|7
10003837096|4
10003837099|6
10003837104|5
10003837106|1
10003837108|9
10003837148|7
10003837149|6
10003837150|6
10003837151|9
10003837152|7
10003837154|4
10003837155|5
10003837158|3
10003837159|6
10003837162|7
10003837164|3
10003837166|6
10003837167|1
10003837181|2
10003837183|6
10003837190|6
10003837192|6
10003837194|9
10003837197|7
10003837200|1
10003837204|0
10003837206|1
10003837208|2
10003837209|9
10003837211|3
10003837212|4
10003837214|4
10003837251|1
10003837254|7
10003837257|1
10003837266|3
10003837270|4
10003837272|1
10003837283|8
10003837290|2
10003837291|5
10003837307|1
10003837310|9
10003837317|5
10003837322|6
10003837331|2
10003837335|4
10003837350|4
10003837356|1
10003837588|5
10003837639|0
10003837642|6
10003837644|9
10003837653|0
10003837654|9
10003837657|4
10003837668|0
10003837671|9
10003837676|7
10003837707|9
10003837890|8
10003837896|1
10003838087|2
10003838309|9
10003838431|6
10003838434|6
10003838442|9
10003838472|6
10003838537|7
10003838543|8
10003838561|7
10003838595|6
10003838599|3
10003838605|9
10003838880|0
10003838882|2
10003838884|4
10003838895|8
10003838896|7
10003838897|8
10003838900|0
10003838942|1
10003838945|4
10003838970|6
10003838971|3
10003838972|4
10003838977|5
10003838979|0
10003838987|4
10003838993|6
10003839001|5
10003839028|1
10003839031|5
10003839033|4
10003839039|1
10003839042|8
10003839043|6
10003839046|6
10003839048|1
10003839053|9
10003839056|9
10003839069|7
10003839070|5
10003839071|0
10003839075|7
10003839080|5
10003839275|6
10003839277|8
10003839279|7
10003839280|0
10003839288|6
10003839290|4
10003839291|1
10003839294|0
10003839295|6
10003839299|9
10003839302|2
10003839304|7
10003839307|9
10003839313|5
10003839320|9
10003839346|5
10003839358|6
10003839360|0
10003839362|9
10003839366|8
10003839422|7
10003839482|5
10003839552|5
10003839554|8
10003839555|8
10003839564|0
10003839567|5
10003839749|8
10003839803|7
10003839805|0
10003839807|0
10003839811|0
10003839813|6
10003839816|1
10003839838|2
10003839840|7
10003839842|9
10003839845|0
10003840068|8
10003840087|7
10003840113|6
10003840128|9
10003840225|1
10003840231|8
10003840235|4
10003840239|7
10003840459|4
10003840472|5
10003840475|7
10003840526|5
10003840527|5
10003840549|7
10003840560|8
10003840579|5
10003840582|6
10003840585|5
10003840590|9
10003840627|2
10003840903|4
10003840914|8
10003840930|1
10003841008|1
10003841393|1
10003841411|5
10003841412|4
10003841413|5
10003841414|7
10003841415|9
10003841416|9
10003841417|3
10003841418|3
10003841419|7
10003841420|6
10003841421|2
10003841425|1
10003841427|1
10003841430|5
10003841436|5
10003841438|3
10003841441|9
10003841443|6
10003841444|3
10003841446|6
10003841449|2
10003841450|6
10003841452|3
10003841453|2
10003841456|0
10003841460|6
10003841471|0
10003841521|2
10003841854|1
10003841892|6
10003841935|3
10003841972|2
10003841980|9
10003841981|6
10003841984|5
10003841993|2
10003842014|7
10003842016|2
10003842019|5
10003842023|4
10003842031|0
10003842032|5
10003842035|6
10003842036|3
10003842047|0
10003842051|2
10003842052|5
10003842062|3
10003842082|6
10003842089|1
10003842095|2
10003842109|1
10003842183|4
10003842184|6
10003842193|4
10003842205|3
10003842206|0
10003842212|8
10003842213|0
10003842214|3
10003842371|0
10003842479|2
10003842876|0
10003842896|0
10003842905|2
10003842907|4
10003842913|9
10003842916|4
10003842918|1
10003842928|3
10003842967|2
10003842987|3
10003843061|4
10003843091|6
10003843094|6
10003843123|4
10003843134|9
10003843198|5
10003843307|9
10003843310|8
10003843323|8
10003843327|4
10003843389|6
10003843408|6
10003843416|9
10003843417|6
10003843420|2
10003843422|3
10003843428|5
10003843467|5
10003843472|2
10003843477|8
10003843481|9
10003843482|3
10003843491|2
10003843493|0
10003843504|3
10003843510|6
10003843513|6
10003843518|2
10003843548|8
10003843564|0
10003843581|1
10003843584|0
10003843611|9
10003843613|0
10003843614|6
10003843615|7
10003843617|9
10003843620|5
10003843621|6
10003843623|9
10003843631|1
10003843632|3
10003843633|3
10003843669|8
10003843678|8
10003843683|3
10003843702|6
10003843706|8
10003843708|8
10003843724|2
10003843732|2
10003843778|1
10003843781|5
10003843784|6
10003843786|0
10003843790|8
10003843976|3
10003844130|3
10003844140|3
10003844158|6
10003844160|4
10003844166|1
10003844172|5
10003844177|5
10003844179|7
10003844180|3
10003844182|2
10003844221|6
10003844243|0
10003844244|4
10003844245|7
10003844246|6
10003844247|5
10003844251|9
10003844256|3
10003844261|0
10003844264|6
10003844266|7
10003844267|7
10003844299|0
10003844300|7
10003844302|8
10003844304|7
10003844305|5
10003844307|3
10003844318|1
10003844336|0
10003844342|8
10003844356|3
10003844360|6
10003844381|1
10003844505|2
10003844507|6
10003844508|0
10003844509|3
10003844510|5
10003844516|6
10003844517|9
10003844534|7
10003844538|8
10003844562|2
10003844567|5
10003844576|6
10003844594|2
10003844605|8
10003844614|6
10003844619|1
10003844660|6
10003844683|8
10003844684|2
10003844692|0
10003844699|5
10003844708|2
10003844715|5
10003844740|1
10003844800|9
10003844843|7
10003844847|0
10003844851|4
10003844854|1
10003844913|2
10003844922|8
10003844952|7
10003845006|2
10003845008|0
10003845012|9
10003845017|0
10003845023|8
10003845027|5
10003845116|3
10003845120|1
10003845122|0
10003845126|0
10003845128|8
10003845132|7
10003845135|2
10003845148|2
10003845150|0
10003845151|6
10003845152|6
10003845155|4
10003845160|3
10003845161|0
10003845163|0
10003845165|5
10003845170|0
10003845171|9
10003845174|0
10003845175|2
10003845176|6
10003845177|2
10003845178|3
10003845179|5
10003845180|2
10003845181|7
10003845182|6
10003845183|5
10003845184|7
10003845185|0
10003845186|0
10003845456|8
10003845474|9
10003845483|7
10003845487|9
10003845503|3
10003845504|7
10003845508|4
10003845509|3
10003845510|9
10003845513|9
10003845516|3
10003845517|3
10003845518|3
10003845523|4
10003845534|1
10003845540|5
10003845543|1
10003845550|7
10003845560|1
10003845575|4
10003845599|4
10003845601|8
10003845603|8
10003845606|0
10003845610|1
10003845627|9
10003845642|2
10003845646|3
10003845648|4
10003845650|1
10003845654|8
10003845659|7
10003845662|3
10003845677|0
10003845679|0
10003845683|7
10003845687|7
10003845691|8
10003845697|6
10003845703|2
10003845718|4
10003845721|3
10003845727|9
10003845734|7
10003845747|3
10003845753|5
10003845759|4
10003845762|1
10003845776|4
10003845780|0
10003845783|4
10003845786|9
10003845878|1
10003845884|5
10003845887|8
10003845899|8
10003845900|4
10003845918|9
10003845920|4
10003845924|5
10003845930|4
10003845935|4
10003845939|4
10003845957|6
10003845963|2
10003845970|1
10003845984|4
10003846006|7
10003846011|7
10003846023|9
10003846026|9
10003846064|6
10003846077|8
10003846085|5
10003846112|1
10003846116|3
10003846123|2
10003846124|0
10003846125|8
10003846129|8
10003846149|8
10003846151|6
10003846155|2
10003846159|0
10003846213|2
10003846216|8
10003846231|4
10003846237|5
10003846241|3
10003846244|5
10003846246|7
10003846252|2
10003846259|9
10003846267|9
10003846279|2
10003846287|3
10003846308|5
10003846313|8
10003846318|4
10003846321|6
10003846741|0
10003846756|7
10003846773|9
10003846781|7
10003846784|0
10003846791|1
10003846795|2
10003846799|5
10003846805|2
10003846815|7
10003846823|4
10003846988|9
10003846995|4
10003847070|1
10003847074|7
10003847080|4
10003847096|2
10003847101|9
10003847105|6
10003847111|0
10003847123|9
10003847124|7
10003847125|4
10003847127|3
10003847129|8
10003847131|6
10003847140|1
10003847144|6
10003847151|7
10003847154|4
10003847162|6
10003847163|5
10003847236|2
10003847256|2
10003847261|9
10003847267|6
10003847278|1
10003847284|3
10003847295|4
10003847297|6
10003847304|2
10003847307|8
10003847359|4
10003847363|8
10003847433|1
10003847450|2
10003847454|3
10003847456|9
10003847463|6
10003847469|5
10003847477|8
10003847487|5
10003847491|9
10003847493|0
10003847519|2
10003847522|2
10003847525|4
10003847527|9
10003847530|9
10003847546|5
10003847548|7
10003847550|2
10003847552|3
10003847554|6
10003847555|1
10003847558|2
10003847565|4
10003847567|8
10003847575|1
10003847577|3
10003847580|4
10003847583|0
10003847585|3
10003847679|3
10003847721|6
10003848017|3
10003848020|5
10003848047|6
10003848156|2
10003848188|4
10003848241|3
10003848375|7
10003848387|2
10003848527|8
10003848541|3
10003848547|8
10003848561|3
10003848568|9
10003848572|7
10003848660|8
10003848661|0
10003848673|5
10003848689|6
10003848690|9
10003848696|2
10003848697|1
10003848699|5
10003848715|2
10003848739|2
10003848773|2
10003848777|8
10003848783|7
10003848794|9
10003848824|3
10003848830|3
10003848837|1
10003848840|6
10003848841|1
10003848846|6
10003848849|7
10003848854|6
10003848860|0
10003848861|9
10003848864|8
10003848865|0
10003848868|1
10003848869|5
10003848870|2
10003848872|5
10003848876|6
10003848877|9
10003848879|5
10003848882|0
10003848887|8
10003848894|9
10003848905|6
10003848907|5
10003848911|7
10003848917|5
10003848922|0
10003848971|3
10003848976|2
10003848979|0
10003848981|3
10003848988|4
10003848991|0
10003848995|5
10003849004|1
10003849005|7
10003849006|1
10003849021|7
10003849035|6
10003849039|5
10003849048|2
10003849053|0
10003849054|7
10003849069|0
10003849078|5
10003849080|9
10003849084|6
10003849090|2
10003849107|3
10003849112|6
10003849114|2
10003849116|8
10003849119|2
10003849120|8
10003849124|5
10003849132|8
10003849136|7
10003849158|9
10003849355|2
10003849356|7
10003849361|8
10003849379|6
10003849392|4
10003849408|9
10003849417|6
10003849426|2
10003849428|2
10003849429|5
10003849434|2
10003849438|0
10003849457|6
10003849492|2
10003849498|1
10003849502|8
10003849503|1
10003849514|9
10003849517|2
10003849520|5
10003849527|5
10003849531|3
10003849534|4
10003849539|5
10003849542|3
10003849546|6
10003849547|8
10003849550|8
10003849554|5
10003849558|6
10003849559|2
10003849562|6
10003849565|6
10003849570|6
10003849818|9
10003849840|3
10003849982|9
10003850008|7
10003850011|7
10003850025|0
10003850042|2
10003850080|0
10003850084|2
10003850090|6
10003850099|0
10003850128|5
10003850130|3
10003850131|5
10003850132|5
10003850134|9
10003850137|0
10003850139|3
10003850140|7
10003850141|9
10003850142|6
10003850144|2
10003850145|1
10003850147|2
10003850149|0
10003850151|4
10003850153|6
10003850157|8
10003850158|0
10003850161|0
10003850162|1
10003850173|6
10003850175|9
10003850179|1
10003850205|6
10003850209|3
10003850266|1
10003850268|2
10003850273|4
10003850280|2
10003850291|4
10003850304|8
10003850313|3
10003850321|6
10003850322|7
10003850326|9
10003850332|1
10003850335|1
10003850337|7
10003850339|0
10003850341|7
10003850356|2
10003850361|5
10003850368|3
10003850371|8
10003850379|9
10003850387|0
10003850390|7
10003850394|5
10003850396|9
10003850504|0
10003850505|8
10003850507|3
10003850508|4
10003850509|5
10003850510|9
10003850511|1
10003850512|7
10003850514|0
10003850515|6
10003850516|3
10003850517|9
10003850519|2
10003850520|7
10003850572|9
10003850599|5
10003850601|4
10003850612|7
10003850661|8
10003850663|3
10003850664|9
10003850701|2
10003850706|5
10003850707|2
10003850709|9
10003850715|2
10003850730|2
10003850734|7
10003850781|1
10003850804|6
10003850811|0
10003850825|1
10003850864|5
10003850872|6
10003850881|4
10003850882|3
10003850917|7
10003850919|5
10003850923|4
10003850924|9
10003850926|3
10003850938|4
10003850943|2
10003850944|7
10003850947|7
10003850948|8
10003850950|2
10003850954|4
10003850955|5
10003850957|8
10003850961|6
10003850972|5
10003850975|2
10003850977|8
10003851045|7
10003851053|5
10003851061|1
10003851077|8
10003851087|7
10003851106|8
10003851108|3
10003851116|4
10003851134|3
10003851136|3
10003851181|3
10003851186|2
10003851188|4
10003851191|2
10003851192|3
10003851194|3
10003851195|7
10003851200|5
10003851204|4
10003851208|1
10003851212|8
10003851220|3
10003851221|2
10003851222|5
10003851226|9
10003851240|2
10003851247|7
10003851250|9
10003851252|7
10003851254|3
10003851267|7
10003851440|8
10003851555|1
10003851556|4
10003851561|4
10003851563|8
10003851564|3
10003851565|1
10003851566|7
10003851572|7
10003851596|3
10003851602|2
10003851607|5
10003851610|7
10003851613|0
10003851615|9
10003851616|4
10003851622|0
10003851652|7
10003851671|8
10003851676|4
10003851712|9
10003851715|4
10003851719|5
10003851722|0
10003851725|9
10003851749|1
10003851750|5
10003851774|4
10003851844|7
10003851856|9
10003851863|3
10003851873|0
10003851942|4
10003852005|3
10003852034|6
10003852040|1
10003852070|1
10003852072|9
10003852082|5
10003852085|3
10003852087|5
10003852090|2
10003852097|1
10003852105|7
10003852107|2
10003852194|4
10003852196|2
10003852198|5
10003852201|1
10003852203|8
10003852205|8
10003852208|8
10003852209|5
10003852212|5
10003852213|7
10003852214|8
10003852215|8
10003852217|9
10003852218|4
10003852219|8
10003852221|6
10003852223|8
10003852386|9
10003852400|1
10003852402|1
10003852413|8
10003852416|0
10003852647|8
10003852648|6
10003852653|2
10003852657|4
10003852660|5
10003852661|5
10003852663|0
10003852665|5
10003852678|1
10003852685|2
10003852694|6
10003852695|9
10003852701|7
10003852802|2
10003852804|7
10003852829|0
10003852836|9
10003852840|6
10003852845|0
10003852847|0
10003852849|9
10003852853|3
10003852858|8
10003852881|5
10003852923|5
10003852926|7
10003853012|0
10003853018|0
10003853070|2
10003853072|1
10003853178|9
10003853180|1
10003853190|2
10003853295|4
10003853298|1
10003853301|5
10003853304|3
10003853314|3
10003853330|2
10003853337|5
10003853340|3
10003853347|7
10003853368|0
10003853377|7
10003853403|0
10003853404|8
10003853405|7
10003853407|5
10003853409|9
10003853410|0
10003853415|4
10003853447|9
10003853451|1
10003853453|8
10003853457|9
10003853458|8
10003853459|5
10003853480|2
10003853489|2
10003853507|5
10003853515|1
10003853537|6
10003853548|2
10003853551|5
10003853573|3
10003853633|1
10003853640|8
10003853658|7
10003853690|6
10003853897|5
10003853921|9
10003853932|9
10003853949|8
10003853962|5
10003854000|6
10003854007|6
10003854023|4
10003854030|8
10003854035|2
10003854041|5
10003854059|5
10003854069|2
10003854072|7
10003854091|8
10003854096|1
10003854101|9
10003854104|4
10003854109|3
10003854118|7
10003854135|6
10003854142|5
10003854149|8
10003854161|5
10003854167|1
10003854174|3
10003854181|8
10003854182|5
10003854183|7
10003854185|5
10003854219|9
10003854222|8
10003854224|8
10003854236|6
10003854237|5
10003854250|0
10003854252|6
10003854255|7
10003854260|2
10003854266|8
10003854272|1
10003854300|5
10003854301|3
10003854311|7
10003854377|4
10003854378|1
10003854386|6
10003854388|4
10003854402|6
10003854405|5
10003854409|6
10003854411|8
10003854416|2
10003854420|4
10003854422|0
10003854423|0
10003854428|2
10003854437|2
10003854439|0
10003854442|0
10003854446|2
10003854453|0
10003854459|4
10003854467|0
10003854473|2
10003854474|8
10003854485|6
10003854545|8
10003854551|2
10003854557|7
10003854564|2
10003854601|9
10003854604|8
10003854607|4
10003854612|7
10003854613|6
10003854623|5
10003854625|1
10003854628|8
10003854639|8
10003854743|9
10003854745|5
10003854748|6
10003854749|8
10003854769|2
10003854774|1
10003854787|7
10003854804|4
10003854911|3
10003854915|2
10003854927|8
10003854960|2
10003855213|4
10003855324|6
10003855325|5
10003855361|7
10003855394|2
10003855463|8
10003855491|7
10003855516|1
10003855925|9
10003855929|4
10003855973|7
10003856046|2
10003856056|1
10003856065|8
10003856114|5
10003856123|1
10003856176|5
10003856256|8
10003856334|8
10003856911|2
10003857083|1
10003857104|5
10003857105|9
10003857106|9
10003857130|1
10003857136|3
10003857142|5
10003857148|1
10003857161|6
10003857164|8
10003857171|0
10003857310|1
10003857316|0
10003857319|7
10003857321|7
10003857324|1
10003857470|8
10003857678|7
10003857684|7
10003857707|8
10003857711|0
10003857714|4
10003857716|4
10003857720|5
10003857722|3
10003857726|3
10003857735|0
10003857744|7
10003857750|0
10003857754|2
10003857757|9
10003857759|7
10003857763|9
10003857770|8
10003857774|9
10003857784|9
10003857793|2
10003857810|7
10003857816|1
10003857817|4
10003857821|5
10003857823|6
10003857828|9
10003857867|2
10003857868|1
10003857869|8
10003857874|5
10003857875|2
10003857876|1
10003857877|0
10003857881|9
10003857882|5
10003857883|6
10003857884|9
10003857885|3
10003857887|8
10003857908|6
10003857910|6
10003857923|5
10003857927|1
10003857930|5
10003857939|0
10003857942|5
10003857943|1
10003857945|6
10003857947|3
10003857951|0
10003857952|1
10003857956|0
10003857962|4
10003857968|6
10003857976|9
10003858047|4
10003858146|7
10003858147|5
10003858188|3
10003858194|2
10003858237|1
10003858402|0
10003858438|6
10003858486|5
10003858497|6
10003858498|1
10003858507|6
10003858510|5
10003858715|2
10003858716|1
10003858721|2
10003858724|3
10003858725|0
10003858728|7
10003858731|8
10003858734|9
10003858740|5
10003858860|3
10003858861|1
10003858862|3
10003858863|8
10003858864|1
10003858865|3
10003858866|7
10003858869|5
10003858870|9
10003858872|5
10003858873|3
10003858874|9
10003858875|7
10003858876|2
10003858877|6
10003858878|0
10003858879|8
10003858880|4
10003858889|1
10003858903|8
10003858967|0
10003858970|5
10003858971|7
10003858973|7
10003858974|9
10003858976|5
10003858984|3
10003858988|6
10003858990|7
10003858993|2
10003858995|0
10003858998|8
10003859006|5
10003859007|8
10003859020|3
10003859035|3
10003859046|2
10003859066|7
10003859073|0
10003859074|4
10003859076|5
10003859082|9
10003859265|1
10003859266|4
10003859267|0
10003859269|5
10003859271|1
10003859272|4
10003859274|8
10003859276|4
10003859277|6
10003859319|1
10003859322|1
10003859360|4
10003859365|2
10003859380|1
10003859419|8
10003859438|6
10003859453|3
10003859460|7
10003859475|5
10003859515|4
10003859522|6
10003859524|5
10003859554|8
10003859705|9
10003859812|5
10003859817|6
10003859822|6
10003859849|7
10003859884|3
10003859886|3
10003859900|4
10003859908|2
10003859935|7
10003859940|4
10003859942|3
10003859968|2
10003859981|1
10003860000|4
10003860024|5
10003860071|3
10003860073|8
10003860097|1
10003860100|6
10003860122|8
10003860175|0
10003860178|4
10003860249|1
10003860334|3
10003860349|3
10003860381|2
10003860382|1
10003860394|4
10003860403|6
10003860404|8
10003860418|1
10003860437|7
10003860501|4
10003860517|5
10003860525|1
10003860562|8
10003860567|3
10003860573|4
10003860583|9
10003860611|7
10003860613|3
10003860615|0
10003860648|0
10003860650|6
10003860657|9
10003860677|7
10003860702|9
10003860712|7
10003860717|1
10003860719|2
10003860806|2
10003860856|6
10003860902|4
10003860923|4
10003860925|1
10003860957|7
10003860968|7
10003861044|7
10003861065|4
10003861072|7
10003861074|1
10003861082|3
10003861088|0
10003861092|7
10003861095|1
10003861111|5
10003861112|5
10003861117|2
10003861120|4
10003861121|5
10003861131|2
10003861154|4
10003861155|7
10003861157|4
10003861231|1
10003861233|1
10003861237|6
10003861247|3
10003861257|9
10003861263|9
10003861266|1
10003861277|4
10003861281|5
10003861288|2
10003861296|3
10003861308|4
10003861313|9
10003861327|1
10003861340|9
10003861344|3
10003861348|0
10003861351|4
10003861354|5
10003861358|6
10003861361|1
10003861363|1
10003861366|7
10003861369|9
10003861371|2
10003861384|0
10003861386|7
10003861390|0
10003861394|6
10003861422|6
10003861429|1
10003861435|9
10003861441|5
10003861450|9
10003861454|4
10003861455|5
10003861470|1
10003861473|7
10003861491|0
10003861494|4
10003861498|5
10003861501|7
10003861505|9
10003861508|5
10003861543|7
10003861555|2
10003861558|1
10003861560|3
10003861619|6
10003861690|6
10003861749|9
10003861754|6
10003861760|7
10003861767|8
10003861772|7
10003861777|9
10003861779|7
10003861788|6
10003861794|9
10003861802|4
10003861816|5
10003861817|0
10003861823|7
10003861828|4
10003861845|3
10003861848|5
10003861859|0
10003861869|5
10003861894|8
10003861900|1
10003861945|5
10003861951|0
10003861967|1
10003861973|2
10003861979|0
10003861994|9
10003862006|8
10003862047|9
10003862060|4
10003862063|2
10003862150|2
10003862151|8
10003862152|7
10003862153|2
10003862154|4
10003862199|1
10003862204|2
10003862228|3
10003862229|2
10003862235|7
10003862238|0
10003862243|4
10003862245|0
10003862247|1
10003862249|9
10003862251|9
10003862253|9
10003862257|7
10003862258|5
10003862260|4
10003862267|9
10003862273|1
10003862276|2
10003862277|3
10003862284|6
10003862291|3
10003862293|9
10003862295|6
10003862304|3
10003862309|7
10003862312|2
10003862313|3
10003862317|5
10003862318|5
10003862319|4
10003862320|5
10003862321|4
10003862322|1
10003862333|8
10003862339|1
10003862381|5
10003862388|6
10003862394|0
10003862419|6
10003862429|4
10003862437|0
10003862444|4
10003862514|7
10003862652|7
10003862701|4
10003862704|0
10003862715|1
10003862756|5
10003862778|4
10003862800|7
10003862838|6
10003862918|1
10003862926|8
10003862951|8
10003862957|4
10003862984|9
10003862985|7
10003862989|7
10003862996|0
10003863009|3
10003863016|0
10003863141|9
10003863164|4
10003863165|5
10003863170|9
10003863171|8
10003863172|5
10003863176|9
10003863181|6
10003863184|3
10003863230|9
10003863303|2
10003863308|7
10003863366|7
10003863370|8
10003863379|4
10003863388|0
10003863390|0
10003863393|0
10003863400|0
10003863404|0
10003863409|3
10003863413|0
10003863422|4
10003863432|5
10003863438|7
10003863440|0
10003863454|3
10003863469|1
10003863471|3
10003863474|3
10003863477|7
10003863654|7
10003863655|7
10003863656|6
10003863658|2
10003863659|5
10003863672|2
10003863680|5
10003863682|3
10003863685|5
10003863688|1
10003863690|7
10003863696|3
10003863697|3
10003863699|6
10003863700|0
10003863702|2
10003863729|2
10003863736|8
10003863741|7
10003863742|7
10003863743|1
10003863744|9
10003863747|2
10003863748|7
10003863750|2
10003863758|0
10003863761|4
10003863764|1
10003863766|0
10003863769|0
10003863771|2
10003863774|4
10003863776|0
10003863777|3
10003863788|9
10003863794|8
10003863821|5
10003863834|1
10003863837|2
10003863839|6
10003863843|5
10003863849|7
10003863871|5
10003863874|2
10003863908|6
10003863919|7
10003863933|2
10003863982|1
10003863995|3
10003864016|2
10003864039|0
10003864061|2
10003864066|3
10003864082|1
10003864094|0
10003864095|5
10003864097|8
10003864098|5
10003864099|7
10003864136|6
10003864137|3
10003864138|3
10003864139|0
10003864140|3
10003864142|5
10003864143|2
10003864144|8
10003864169|1
10003864177|3
10003864194|7
10003864206|6
10003864294|3
10003864299|6
10003864303|2
10003864307|3
10003864314|1
10003864319|7
10003864431|5
10003864434|5
10003864438|7
10003864441|9
10003864448|9
10003864460|9
10003864461|3
10003864477|7
10003864479|2
10003864480|6
10003864481|8
10003864482|2
10003864483|2
10003864484|3
10003864485|7
10003864488|2
10003864497|1
10003864510|0
10003864574|2
10003864577|1
10003864594|5
10003864595|0
10003864615|1
10003864624|2
10003864662|0
10003864702|9
10003864708|1
10003864760|7
10003864762|1
10003864768|4
10003864788|0
10003864905|4
10003864918|5
10003864947|7
10003865005|5
10003865198|2
10003865203|9
10003865207|8
10003865219|1
10003865227|4
10003865659|8
10003865667|0
10003865680|2
10003865687|0
10003865691|3
10003865707|3
10003865713|6
10003865743|1
10003865754|4
10003865764|1
10003865952|2
10003865992|2
10003865994|2
10003865998|5
10003866003|3
10003866033|9
10003866034|3
10003866043|0
10003866045|2
10003866047|9
10003866051|9
10003866055|3
10003866260|0
10003866264|9
10003866267|2
10003866268|8
10003866269|3
10003866277|3
10003866279|8
10003866283|4
10003866285|0
10003866290|0
10003866295|4
10003866300|6
10003866301|3
10003866307|0
10003866308|7
10003866310|5
10003866314|1
10003866356|0
10003866358|3
10003866360|5
10003866363|7
10003866366|4
10003866370|8
10003866376|9
10003866378|0
10003866381|9
10003866502|8
10003866504|2
10003866508|3
10003866515|4
10003866536|9
10003866542|4
10003866554|8
10003866560|8
10003866562|5
10003866575|6
10003866579|6
10003866642|2
10003866644|3
10003866658|2
10003866659|1
10003866662|1
10003866663|3
10003866664|6
10003866667|7
10003866681|9
10003866682|2
10003866687|4
10003866690|4
10003866698|3
10003866700|5
10003866702|9
10003866704|5
10003866730|8
10003866738|1
10003866760|6
10003866770|6
10003866771|3
10003866780|2
10003866785|5
10003866787|8
10003866792|1
10003866805|9
10003866814|6
10003866819|1
10003866824|3
10003866825|1
10003866842|1
10003866843|9
10003866844|1
10003866847|5
10003866849|2
10003866851|2
10003866891|8
10003866893|1
10003866894|9
10003866897|7
10003866899|2
10003866911|5
10003866917|9
10003866919|6
10003866922|0
10003866924|2
10003866927|8
10003866929|2
10003866931|7
10003867008|6
10003867009|7
10003867011|4
10003867012|9
10003867013|8
10003867015|6
10003867016|1
10003867018|0
10003867019|6
10003867020|0
10003867022|6
10003867024|7
10003867025|8
10003867027|2
10003867035|4
10003867036|1
10003867037|5
10003867045|1
10003867046|0
10003867055|3
10003867056|7
10003867057|9
10003867058|3
10003867061|6
10003867070|1
10003867072|8
10003867073|4
10003867075|9
10003867077|0
10003867080|4
10003867082|5
10003867085|8
10003867086|8
10003867089|8
10003867090|2
10003867093|6
10003867094|8
10003867095|0
10003867098|2
10003867139|6
10003867202|9
10003867206|3
10003867208|1
10003867210|5
10003867212|8
10003867216|8
10003867227|9
10003867232|0
10003867238|1
10003867244|4
10003867250|0
10003867268|0
10003867270|8
10003867311|3
10003867312|2
10003867315|2
10003867327|3
10003867355|5
10003867362|1
10003867364|0
10003867369|3
10003867370|2
10003867371|5
10003867372|1
10003867373|7
10003867374|9
10003867375|1
10003867433|3
10003867472|9
10003867493|3
10003867509|4
10003867567|4
10003867573|8
10003867665|1
10003867666|8
10003867667|7
10003867668|5
10003867671|4
10003867672|6
10003867674|6
10003867690|9
10003867692|8
10003867742|3
10003867743|6
10003867745|7
10003867789|7
10003867790|4
10003867792|7
10003867798|2
10003867802|2
10003867819|9
10003867823|4
10003867835|2
10003867837|7
10003867842|1
10003867848|6
10003867866|4
10003867878|5
10003867892|0
10003867898|7
10003867901|3
10003867903|5
10003867907|7
10003867911|0
10003867913|4
10003867915|5
10003867923|7
10003867930|5
10003867934|8
10003867937|8
10003867944|2
10003867945|3
10003867963|4
10003867965|9
10003867969|4
10003867974|4
10003867978|6
10003868001|1
10003868010|0
10003868017|9
10003868022|1
10003868024|6
10003868031|8
10003868037|4
10003868059|8
10003868060|2
10003868078|8
10003868080|3
10003868100|7
10003868102|2
10003868109|3
10003868113|6
10003868128|3
10003868129|0
10003868132|1
10003868136|4
10003868326|9
10003868329|7
10003868333|5
10003868336|6
10003868339|5
10003868356|3
10003868360|2
10003868439|6
10003868478|5
10003868485|1
10003868490|2
10003868500|0
10003868509|2
10003868513|0
10003868522|4
10003868525|1
10003868544|9
10003868557|9
10003868562|5
10003868569|3
10003868654|0
10003868658|9
10003868659|3
10003868660|8
10003868699|3
10003868730|6
10003868733|1
10003868738|0
10003868741|0
10003868761|2
10003868775|2
10003868779|8
10003868790|0
10003868793|3
10003868798|8
10003868806|9
10003868819|8
10003868956|6
10003868962|4
10003868963|0
10003868965|9
10003868976|1
10003868978|4
10003868979|6
10003869084|8
10003869099|0
10003869106|8
10003869113|6
10003869118|4
10003869142|6
10003869179|1
10003869184|3
10003869185|5
10003869189|2
10003869192|5
10003869201|3
10003869202|1
10003869209|7
10003869210|6
10003869219|3
10003869242|4
10003869256|5
10003869258|8
10003869264|8
10003869273|8
10003869277|7
10003869323|6
10003869630|7
10003869925|1
10003870214|3
10003870225|5
10003870230|8
10003870278|8
10003870292|6
10003870303|4
10003870336|3
10003870357|6
10003870410|9
10003870416|5
10003870422|6
10003870429|9
10003870461|9
10003870629|5
10003870636|7
10003870646|9
10003870768|6
10003870900|5
10003870902|4
10003870903|6
10003870904|4
10003870905|2
10003870906|6
10003870993|4
10003870994|0
10003870995|0
10003871114|0
10003871115|1
10003871116|7
10003871117|3
10003871120|9
10003871121|8
10003871123|1
10003871126|6
10003871128|4
10003871132|9
10003871137|2
10003871139|6
10003871147|9
10003871150|4
10003871154|9
10003871161|5
10003871164|1
10003871168|2
10003871184|9
10003871189|4
10003871196|8
10003871201|8
10003871209|5
10003871214|9
10003871217|1
10003871239|0
10003871268|6
10003871276|1
10003871278|6
10003871280|5
10003871281|4
10003871282|4
10003871302|1
10003871305|5
10003871309|8
10003871312|2
10003871339|4
10003871361|3
10003871363|6
10003871364|5
10003871390|1
10003871393|8
10003871454|9
10003871460|5
10003871469|9
10003871472|9
10003871479|2
10003871489|4
10003871545|3
10003871546|9
10003871547|2
10003871553|7
10003871557|3
10003871559|6
10003871561|8
10003871562|5
10003871563|9
10003871568|1
10003871573|1
10003871576|4
10003871580|6
10003871592|0
10003871594|8
10003871604|5
10003871607|2
10003871615|5
10003871622|4
10003871649|4
10003871656|3
10003871658|8
10003871706|6
10003871737|9
10003871757|7
10003871762|6
10003871765|3
10003871767|8
10003871780|7
10003871796|4
10003871798|6
10003871801|8
10003871805|4
10003871808|9
10003871824|8
10003871829|2
10003871839|2
10003871841|3
10003871843|1
10003871847|9
10003871853|6
10003871855|0
10003871866|4
10003871868|2
10003871870|7
10003871873|7
10003871897|9
10003871916|0
10003871920|4
10003871923|1
10003871924|5
10003871928|3
10003871940|7
10003871957|0
10003871980|7
10003871985|5
10003872035|1
10003872050|3
10003872133|6
10003872164|4
10003872180|9
10003872181|6
10003872182|1
10003872183|4
10003872184|6
10003872185|3
10003872186|3
10003872187|2
10003872188|4
10003872189|1
10003872190|0
10003872192|5
10003872196|7
10003872201|5
10003872204|7
10003872205|0
10003872206|3
10003872207|9
10003872208|6
10003872221|5
10003872226|2
10003872227|7
10003872229|9
10003872238|4
10003872262|6
10003872263|9
10003872273|9
10003872288|6
10003872289|3
10003872293|1
10003872296|9
10003872301|7
10003872304|2
10003872313|5
10003872315|9
10003872316|0
10003872318|1
10003872320|8
10003872329|8
10003872342|2
10003872349|3
10003872367|4
10003872369|5
10003872375|4
10003872378|4
10003872382|3
10003872390|5
10003872401|0
10003872413|4
10003872414|4
10003872421|3
10003872423|6
10003872433|8
10003872438|4
10003872442|4
10003872443|2
10003872444|9
10003872445|2
10003872451|6
10003872453|6
10003872456|4
10003872460|4
10003872463|3
10003872472|8
10003872484|0
10003872501|3
10003872506|2
10003872507|4
10003872509|0
10003872511|6
10003872516|6
10003872521|8
10003872526|5
10003872529|1
10003872531|5
10003872553|3
10003872556|3
10003872563|4
10003872567|9
10003872582|3
10003872590|7
10003872698|1
10003872700|2
10003872701|7
10003872702|7
10003872703|8
10003872704|5
10003872705|0
10003872707|2
10003872708|0
10003872709|1
10003872710|1
10003872711|4
10003872712|4
10003872713|9
10003872715|6
10003872716|9
10003872717|7
10003872718|0
10003872719|4
10003872749|9
10003872791|5
10003872796|9
10003872799|2
10003872811|4
10003872820|3
10003872821|9
10003872827|9
10003872830|8
10003872834|5
10003872836|7
10003872837|1
10003872845|1
10003872875|7
10003872881|8
10003872884|9
10003872890|4
10003872892|6
10003872897|6
10003872898|6
10003872899|2
10003872903|2
10003872904|6
10003872908|1
10003872912|7
10003872913|2
10003872915|8
10003872923|4
10003872931|5
10003873008|5
10003873011|3
10003873057|5
10003873061|9
10003873064|2
10003873108|4
10003873129|8
10003873134|7
10003873137|8
10003873138|0
10003873186|0
10003873281|4
10003873391|0
10003873499|8
10003873500|4
10003873668|7
10003873697|2
10003873713|2
10003873723|4
10003873738|9
10003873748|6
10003873757|7
10003873759|4
10003873760|0
10003873763|3
10003873768|2
10003873774|8
10003873791|7
10003873796|5
10003873799|1
10003873802|8
10003873931|4
10003873944|7
10003873960|1
10003873962|1
10003873965|9
10003873984|8
10003874009|7
10003874044|4
10003874047|1
10003874051|4
10003874058|0
10003874059|9
10003874105|8
10003874117|0
10003874124|2
10003874134|6
10003874141|3
10003874151|4
10003874152|3
10003874153|5
10003874161|1
10003874164|0
10003874168|6
10003874172|9
10003874179|4
10003874196|9
10003874201|3
10003874321|1
10003874345|3
10003874358|0
10003874359|6
10003874361|6
10003874365|6
10003874378|7
10003874397|9
10003874453|9
10003874615|3
10003874616|9
10003874617|9
10003874618|0
10003874619|3
10003874621|3
10003874622|9
10003874623|6
10003874625|8
10003874626|8
10003874627|6
10003874630|0
10003874633|4
10003874654|5
10003874659|5
10003874666|3
10003874678|1
10003874697|1
10003874710|8
10003874770|1
10003874776|7
10003874809|4
10003874811|5
10003874814|5
10003874817|5
10003874821|4
10003874973|9
10003874974|1
10003874994|1
10003874996|6
10003875004|1
10003875007|5
10003875010|6
10003875016|2
10003875019|5
10003875020|1
10003875021|0
10003875025|4
10003875027|9
10003875028|9
10003875030|3
10003875073|0
10003875074|9
10003875076|6
10003875079|1
10003875081|1
10003875083|6
10003875111|4
10003875114|9
10003875134|0
10003875135|4
10003875136|3
10003875139|4
10003875141|4
10003875142|0
10003875144|6
10003875145|3
10003875223|4
10003875225|4
10003875231|8
10003875237|5
10003875240|0
10003875262|2
10003875264|1
10003875267|9
10003875271|9
10003875280|0
10003875282|5
10003875283|4
10003875286|8
10003875288|5
10003875292|3
10003875293|1
10003875297|3
10003875338|1
10003875340|6
10003875536|5
10003875606|6
10003875622|0
10003875666|1
10003875669|4
10003875689|1
10003875711|4
10003875812|8
10003875814|4
10003875818|3
10003875831|6
10003875836|6
10003875842|2
10003875856|3
10003875870|1
10003875876|3
10003875899|8
10003875905|5
10003875915|3
10003875979|0
10003875983|7
10003875984|3
10003875991|3
10003876001|8
10003876012|3
10003876023|9
10003876027|7
10003876077|1
10003876090|4
10003876105|0
10003876122|9
10003876145|7
10003876151|4
10003876155|5
10003876156|9
10003876157|2
10003876160|2
10003876164|7
10003876165|6
10003876167|1
10003876169|2
10003876170|7
10003876175|5
10003876285|3
10003876286|2
10003876287|2
10003876390|6
10003876399|3
10003876405|8
10003876408|7
10003876413|5
10003876446|0
10003876457|8
10003876503|9
10003876504|2
10003876505|7
10003876508|9
10003876509|2
10003876511|5
10003876512|0
10003876516|5
10003876518|0
10003876519|3
10003876522|5
10003876526|2
10003876549|9
10003876559|7
10003876804|0
10003876837|1
10003876889|7
10003876904|4
10003876915|7
10003876938|4
10003876943|5
10003876956|1
10003876960|7
10003876964|3
10003876969|3
10003876974|4
10003876977|8
10003876980|3
10003876987|6
10003876995|9
10003876997|3
10003877003|9
10003877008|7
10003877017|5
10003877026|5
10003877031|6
10003877039|5
10003877044|6
10003877050|7
10003877052|0
10003877059|1
10003877075|4
10003877105|2
10003877108|1
10003877109|3
10003877110|8
10003877112|7
10003877114|7
10003877115|4
10003877118|8
10003877119|7
10003877121|8
10003877123|1
10003877125|4
10003877129|4
10003877132|8
10003877144|7
10003877145|5
10003877146|4
10003877152|6
10003877164|1
10003877171|2
10003877178|5
10003877185|4
10003877311|0
10003877639|8
10003877841|5
10003877997|0
10003878010|9
10003878015|5
10003878024|4
10003878034|5
10003878037|1
10003878081|0
10003878127|6
10003878139|1
10003878146|5
10003878148|5
10003878218|6
10003878228|4
10003878232|5
10003878235|0
10003878236|5
10003878237|7
10003878238|6
10003878240|8
10003878276|5
10003878424|3
10003878462|5
10003878486|5
10003878489|1
10003878527|7
10003878529|4
10003878554|9
10003878619|5
10003878621|0
10003878623|2
10003878644|4
10003878645|6
10003878679|6
10003878689|9
10003878695|6
10003878698|5
10003878720|3
10003878745|8
10003878802|3
10003878806|0
10003878816|0
10003878827|9
10003878830|3
10003878840|9
10003878846|3
10003878857|6
10003878859|5
10003878863|2
10003878867|8
10003878880|2
10003878888|0
10003878903|5
10003878911|0
10003878925|4
10003878963|0
10003879000|0
10003879035|1
10003879036|2
10003879037|9
10003879039|2
10003879041|5
10003879045|7
10003879049|3
10003879074|1
10003879082|8
10003879086|7
10003879089|9
10003879098|8
10003879108|7
10003879112|4
10003879114|1
10003879117|3
10003879121|9
10003879127|8
10003879139|7
10003879141|0
10003879146|7
10003879159|0
10003879325|7
10003879326|9
10003879328|7
10003879330|9
10003879331|3
10003879332|3
10003879334|3
10003879335|5
10003879336|5
10003879337|4
10003879340|3
10003879341|9
10003879342|4
10003879343|1
10003879344|6
10003879345|3
10003879346|9
10003879347|3
10003879348|5
10003879349|7
10003879350|3
10003879351|1
10003879352|4
10003879353|7
10003879356|6
10003879357|1
10003879358|8
10003879360|5
10003879361|6
10003879362|6
10003879363|6
10003879364|8
10003879365|9
10003879366|5
10003879367|5
10003879369|3
10003879370|0
10003879371|5
10003879372|7
10003879373|7
10003879375|5
10003879376|9
10003879377|0
10003879378|6
10003879379|0
10003879380|2
10003879381|5
10003879419|6
10003879420|7
10003879421|4
10003879423|3
10003879446|1
10003879464|8
10003879467|9
10003879471|0
10003879473|0
10003879476|5
10003879544|1
10003879570|4
10003879576|4
10003879619|2
10003879656|3
10003879670|2
10003879680|3
10003879696|3
10003879769|5
10003879781|9
10003879789|6
10003879790|0
10003879795|6
10003879798|1
10003879800|5
10003879806|4
10003879808|0
10003879832|8
10003879880|0
10003879886|7
10003880004|7
10003880077|5
10003880080|0
10003880081|8
10003880139|7
10003880146|7
10003880150|3
10003880152|5
10003880153|1
10003880183|0
10003880315|4
10003880320|3
10003880330|3
10003880382|9
10003880400|5
10003880402|2
10003880409|9
10003880411|0
10003880425|8
10003880442|0
10003880443|4
10003880451|6
10003880505|3
10003880512|8
10003880545|8
10003880617|7
10003880647|5
10003880656|3
10003880660|8
10003880698|2
10003880737|3
10003880773|4
10003880782|0
10003880797|5
10003880800|7
10003880810|6
10003880812|7
10003880814|1
10003880815|9
10003880839|5
10003880846|9
10003880853|6
10003880888|1
10003880914|6
10003880916|4
10003880918|9
10003880923|5
10003880926|5
10003880928|2
10003880930|6
10003880933|1
10003881293|2
10003881345|9
10003881495|6
10003881566|5
10003881569|1
10003881571|7
10003881575|2
10003881576|8
10003881578|1
10003881582|4
10003881629|2
10003881633|5
10003881637|7
10003881649|8
10003881654|7
10003881791|7
10003881793|8
10003881801|0
10003881802|9
10003881803|8
10003881804|8
10003881805|9
10003881807|7
10003881827|6
10003881828|0
10003881829|8
10003881830|8
10003881831|1
10003881832|6
10003881834|1
10003881836|9
10003881837|4
10003881838|2
10003881841|2
10003881842|5
10003881851|7
10003881852|6
10003881872|0
10003881972|8
10003881987|9
10003881992|1
10003881996|7
10003882003|9
10003882006|3
10003882020|6
10003882030|5
10003882041|8
10003882045|6
10003882049|0
10003882050|5
10003882053|6
10003882055|8
10003882058|1
10003882066|5
10003882070|4
10003882071|1
10003882075|5
10003882077|8
10003882081|9
10003882086|4
10003882152|3
10003882153|9
10003882154|0
10003882155|2
10003882158|8
10003882161|0
10003882163|6
10003882164|6
10003882173|0
10003882185|1
10003882187|3
10003882190|4
10003882196|0
10003882206|2
10003882209|0
10003882248|3
10003882250|6
10003882254|5
10003882257|3
10003882261|1
10003882266|8
10003882269|3
10003882293|1
10003882300|6
10003882302|2
10003882303|7
10003882304|2
10003882305|3
10003882306|7
10003882307|4
10003882308|3
10003882309|8
10003882310|4
10003882345|3
10003882384|0
10003882391|1
10003882398|5
10003882407|0
10003882415|0
10003882417|1
10003882422|7
10003882425|5
10003882428|5
10003882431|7
10003882450|7
10003882551|5
10003882556|7
10003882560|5
10003882562|4
10003882563|0
10003882566|9
10003882585|8
10003882588|6
10003882589|3
10003882595|2
10003882611|5
10003882620|6
10003882626|4
10003882627|6
10003882640|8
10003882646|4
10003882648|6
10003882651|2
10003882678|5
10003882721|9
10003882722|7
10003882723|6
10003882724|3
10003882726|9
10003882729|6
10003882741|5
10003882743|8
10003882744|5
10003882745|9
10003882746|2
10003882747|7
10003882785|4
10003882787|9
10003882858|5
10003882877|9
10003882881|6
10003882956|9
10003882973|0
10003883005|6
10003883008|4
10003883010|2
10003883012|8
10003883013|4
10003883014|1
10003883015|5
10003883016|5
10003883017|7
10003883018|8
10003883019|2
10003883020|7
10003883021|0
10003883022|0
10003883024|8
10003883025|6
10003883026|5
10003883028|7
10003883042|9
10003883061|3
10003883086|5
10003883094|2
10003883122|1
10003883125|0
10003883131|2
10003883138|4
10003883145|5
10003883148|8
10003883175|8
10003883180|4
10003883182|4
10003883277|9
10003883281|2
10003883284|4
10003883288|7
10003883299|5
10003883302|1
10003883304|8
10003883307|5
10003883312|9
10003883314|9
10003883315|3
10003883319|7
10003883323|4
10003883326|0
10003883330|9
10003883333|4
10003883376|3
10003883384|9
10003883432|2
10003883441|6
10003883445|9
10003883453|8
10003883460|7
10003883464|5
10003883473|4
10003883480|3
10003883483|7
10003883486|7
10003883594|8
10003883600|6
10003883603|1
10003883608|2
10003883610|2
10003883646|3
10003883649|8
10003883653|3
10003883655|7
10003883668|1
10003883745|3
10003883747|0
10003883749|3
10003883751|1
10003883753|3
10003883754|7
10003883755|8
10003883756|1
10003883757|6
10003883758|3
10003883759|3
10003883760|9
10003883761|7
10003883763|5
10003883766|6
10003883768|6
10003883772|5
10003883773|6
10003883775|0
10003883777|8
10003883795|5
10003883851|9
10003883854|0
10003883855|5
10003883856|0
10003883864|5
10003883875|8
10003883889|4
10003883894|6
10003884010|1
10003884011|5
10003884012|8
10003884084|0
10003884085|0
10003884087|8
10003884088|7
10003884089|8
10003884091|0
10003884093|3
10003884094|6
10003884095|4
10003884245|3
10003884250|7
10003884254|5
10003884377|4
10003884378|9
10003884379|0
10003884381|7
10003884382|4
10003884386|4
10003884389|1
10003884391|3
10003884394|7
10003884397|5
10003884423|9
10003884427|4
10003884433|0
10003884443|2
10003884473|1
10003884474|9
10003884488|9
10003884523|8
10003884526|7
10003884528|9
10003884534|4
10003884598|8
10003884601|0
10003884617|3
10003884842|2
10003884928|6
10003885033|5
10003885046|2
10003885082|5
10003885093|5
10003885098|3
10003885103|9
10003885115|0
10003885178|3
10003885412|7
10003885425|9
10003885445|8
10003885487|6
10003885491|1
10003885497|8
10003885692|4
10003885694|3
10003885738|4
10003885739|5
10003885742|7
10003885743|8
10003885746|5
10003885749|5
10003885756|5
10003885763|1
10003885770|4
10003885773|1
10003885796|7
10003885803|5
10003885805|5
10003885809|2
10003885811|8
10003885821|8
10003885822|7
10003885829|6
10003885836|2
10003885844|5
10003885849|3
10003885865|0
10003885867|9
10003885872|6
10003885875|3
10003885876|1
10003885877|0
10003885883|6
10003885889|8
10003885892|0
10003885893|3
10003885905|5
10003885945|5
10003885947|0
10003885949|5
10003885974|7
10003886010|3
10003886168|0
10003886194|6
10003886229|9
10003886232|2
10003886288|1
10003886305|3
10003886315|1
10003886317|8
10003886321|7
10003886324|8
10003886327|8
10003886366|7
10003886369|1
10003886370|2
10003886371|9
10003886373|3
10003886382|7
10003886384|3
10003886386|8
10003886393|7
10003886395|8
10003886397|6
10003886400|3
10003886412|5
10003886413|1
10003886425|2
10003886441|8
10003886534|9
10003886805|0
10003886816|0
10003886826|4
10003886836|3
10003886841|4
10003886846|9
10003886856|4
10003886987|3
10003887004|2
10003887083|8
10003887098|4
10003887101|7
10003887103|3
10003887115|5
10003887119|2
10003887120|2
10003887123|3
10003887125|9
10003887126|3
10003887129|0
10003887135|9
10003887139|7
10003887141|2
10003887147|2
10003887153|1
10003887158|6
10003887172|0
10003887174|9
10003887176|4
10003887177|1
10003887180|3
10003887183|5
10003887185|2
10003887187|7
10003887190|8
10003887198|7
10003887228|8
10003887253|9
10003887264|1
10003887278|8
10003887289|3
10003887300|4
10003887301|5
10003887307|6
10003887324|1
10003887326|3
10003887330|6
10003887335|6
10003887338|9
10003887343|7
10003887349|4
10003887350|5
10003887353|9
10003887357|9
10003887361|2
10003887383|4
10003887385|5
10003887389|1
10003887392|3
10003887393|8
10003887431|1
10003887453|7
10003887465|7
10003887473|0
10003887481|9
10003887484|1
10003887495|1
10003887514|8
10003887528|8
10003887555|6
10003887604|4
10003887644|4
10003887650|4
10003887932|1
10003887934|4
10003887937|5
10003887988|4
10003888000|2
10003888010|1
10003888021|2
10003888033|6
10003888036|4
10003888037|6
10003888039|0
10003888042|0
10003888053|4
10003888057|6
10003888063|4
10003888074|9
10003888079|9
10003888097|6
10003888100|7
10003888103|6
10003888119|6
10003888210|0
10003888213|4
10003888214|4
10003888215|5
10003888217|3
10003888222|6
10003888293|4
10003888294|0
10003888595|9
10003888618|0
10003888620|5
10003888965|5
10003888981|0
10003888982|0
10003888991|3
10003889007|5
10003889028|8
10003889039|2
10003889048|6
10003889064|2
10003889091|8
10003889126|5
10003889132|8
10003889142|0
10003889144|4
10003889146|8
10003889148|6
10003889157|1
10003889159|6
10003889160|4
10003889161|9
10003889162|5
10003889164|5
10003889165|7
10003889166|8
10003889167|1
10003889169|9
10003889172|2
10003889173|8
10003889174|7
10003889224|2
10003889290|1
10003889431|5
10003889435|6
10003889445|0
10003889450|8
10003889482|7
10003889488|4
10003889489|4
10003889493|1
10003889495|9
10003889499|9
10003889504|0
10003889508|1
10003889513|9
10003889522|5
10003889534|9
10003889550|0
10003889570|1
10003889577|0
10003889597|9
10003889635|8
10003889718|1
10003889724|4
10003889731|9
10003889734|8
10003889737|6
10003889740|1
10003889742|6
10003889748|7
10003889752|0
10003889763|2
10003889773|9
10003889776|1
10003889788|6
10003889790|9
10003889793|7
10003890045|4
10003890102|4
10003890166|5
10003890180|5
10003890199|5
10003890218|0
10003890219|7
10003890272|7
10003890304|2
10003890313|0
10003890319|9
10003890326|5
10003890342|8
10003890348|9
10003890393|1
10003890398|3
10003890403|2
10003890407|2
10003890708|3
10003890835|1
10003890837|6
10003890841|5
10003890844|6
10003890852|8
10003890864|8
10003890866|6
10003890872|0
10003890895|8
10003891080|2
10003891109|5
10003891111|9
10003891117|0
10003891124|5
10003891126|3
10003891130|5
10003891133|2
10003891136|0
10003891291|1
10003891371|4
10003891459|3
10003891668|3
10003891674|2
10003891679|6
10003891682|2
10003891703|0
10003891719|1
10003891734|2
10003891764|9
10003891872|4
10003891917|2
10003891920|9
10003891937|2
10003891942|7
10003892435|9
10003892445|5
10003892447|3
10003892449|7
10003892450|8
10003892451|1
10003892452|0
10003892453|2
10003892454|8
10003892455|6
10003892456|4
10003892457|2
10003892459|5
10003892461|4
10003892462|7
10003892522|9
10003892535|8
10003892536|2
10003892540|4
10003892556|9
10003892557|6
10003892558|4
10003892560|5
10003892563|3
10003892591|6
10003892592|9
10003892667|6
10003892672|6
10003892715|1
10003892770|2
10003892845|4
10003892847|6
10003892852|0
10003892856|1
10003892928|4
10003892932|7
10003892948|4
10003892950|5
10003892952|4
10003892956|5
10003892958|3
10003892960|3
10003892961|5
10003892965|3
10003892977|6
10003893086|3
10003893087|4
10003893119|7
10003893121|8
10003893124|2
10003893132|3
10003893142|2
10003893144|8
10003893146|4
10003893148|2
10003893151|9
10003893209|4
10003893234|3
10003893258|3
10003893261|4
10003893262|4
10003893265|8
10003893266|6
10003893269|1
10003893333|7
10003893347|7
10003893350|4
10003893374|5
10003893393|5
10003893407|3
10003893540|9
10003893543|5
10003893554|2
10003893557|1
10003893560|1
10003893562|9
10003893577|3
10003893579|2
10003893580|3
10003893581|6
10003893583|2
10003893608|5
10003893733|6
10003893779|7
10003893801|5
10003893886|1
10003893888|4
10003893959|4
10003894013|3
10003894019|3
10003894049|2
10003894058|7
10003894063|4
10003894077|2
10003894086|5
10003894094|1
10003894162|6
10003894168|9
10003894176|7
10003894183|8
10003894310|4
10003894317|4
10003894323|9
10003894362|0
10003894394|6
10003894405|0
10003894407|5
10003894416|0
10003894425|8
10003894436|0
10003894440|3
10003894448|6
10003894450|7
10003894458|4
10003894460|8
10003894475|9
10003894480|6
10003894482|0
10003894494|2
10003894550|3
10003894551|4
10003894552|5
10003894585|5
10003894591|9
10003894607|7
10003894613|1
10003894627|9
10003894694|1
10003894706|0
10003894722|1
10003894729|4
10003894733|4
10003894737|4
10003894743|7
10003894749|7
10003894750|3
10003894761|1
10003894765|7
10003894769|8
10003894776|9
10003894780|6
10003894789|1
10003894797|5
10003894803|9
10003894806|4
10003894812|3
10003894821|7
10003894826|0
10003894835|2
10003894846|1
10003894861|5
10003894864|4
10003894872|0
10003894876|2
10003894883|0
10003894884|6
10003894894|2
10003894895|4
10003894897|8
10003894903|7
10003894910|9
10003894913|5
10003894918|8
10003894925|3
10003895068|3
10003895070|0
10003895090|2
10003895103|2
10003895297|5
10003895366|6
10003895380|8
10003895384|7
10003895387|3
10003895389|5
10003895477|0
10003895707|0
10003895715|7
10003895759|6
10003895812|8
10003895818|9
10003895963|3
10003895964|0
10003895986|2
10003895991|0
10003895995|4
10003896000|1
10003896004|2
10003896007|1
10003896014|9
10003896023|4
10003896030|8
10003896036|9
10003896038|7
10003896039|5
10003896041|5
10003896043|7
10003896045|2
10003896046|0
10003896065|3
10003896071|4
10003896088|8
10003896090|6
10003896097|2
10003896101|9
10003896108|2
10003896113|8
10003896124|7
10003896145|0
10003896152|9
10003896159|3
10003896161|1
10003896163|5
10003896169|8
10003896172|9
10003896180|6
10003896181|5
10003896188|3
10003896189|3
10003896191|9
10003896193|3
10003896196|4
10003896204|4
10003896213|0
10003896215|2
10003896220|4
10003896222|1
10003896225|4
10003896232|9
10003896240|6
10003896256|0
10003896296|5
10003896309|5
10003896315|3
10003896328|6
10003896333|6
10003896341|0
10003896348|4
10003896355|1
10003896374|8
10003896392|2
10003896395|7
10003896409|9
10003896438|4
10003896465|0
10003896502|8
10003896512|8
10003896552|9
10003896638|5
10003896647|5
10003896650|8
10003896659|2
10003896689|4
10003896706|2
10003896715|5
10003896783|3
10003897006|3
10003897011|8
10003897052|7
10003897081|1
10003897086|8
10003897092|4
10003897195|6
10003897265|2
10003897268|0
10003897279|2
10003897284|6
10003897291|3
10003897340|8
10003897350|5
10003897374|6
10003897386|2
10003897420|3
10003897431|6
10003897484|1
10003897485|4
10003897511|3
10003897513|3
10003897517|7
10003897539|1
10003897541|4
10003897543|9
10003897546|6
10003897554|8
10003897555|9
10003897562|0
10003897563|1
10003897572|6
10003897627|9
10003897747|2
10003897755|8
10003897826|6
10003897830|4
10003897853|4
10003897860|6
10003897887|4
10003898032|3
10003898042|7
10003898061|4
10003898065|3
10003898087|6
10003898126|3
10003898176|2
10003898305|8
10003898309|0
10003898316|7
10003898330|5
10003898333|1
10003898336|0
10003898345|1
10003898349|7
10003898355|1
10003898363|8
10003898368|2
10003898370|9
10003898374|1
10003898380|0
10003898383|3
10003898388|2
10003898390|8
10003898393|4
10003898396|8
10003898400|2
10003898402|2
10003898403|9
10003898405|2
10003898406|8
10003898409|0
10003898419|8
10003898453|6
10003898519|9
10003898521|5
10003898577|0
10003898584|1
10003898588|2
10003898591|2
10003898598|9
10003898600|0
10003898703|0
10003898704|1
10003898708|8
10003898709|7
10003898712|4
10003898714|4
10003898717|7
10003898724|9
10003898726|0
10003898728|2
10003898735|1
10003898738|8
10003898741|6
10003898753|5
10003898757|3
10003898762|0
10003898776|2
10003898782|7
10003898790|0
10003898797|9
10003898807|6
10003898813|0
10003898814|5
10003898815|1
10003898821|4
10003898827|8
10003898830|1
10003898835|3
10003898840|0
10003898843|6
10003898849|8
10003898850|9
10003898916|3
10003898988|0
10003898989|9
10003899009|0
10003899015|8
10003899065|7
10003899091|3
10003899093|2
10003899094|2
10003899137|6
10003899138|0
10003899141|0
10003899148|1
10003899150|8
10003899158|1
10003899360|5
10003899378|3
10003899394|7
10003899446|8
10003899449|6
10003899460|5
10003899468|5
10003899473|9
10003899476|6
10003899478|8
10003899484|3
10003899502|7
10003899553|8
10003899577|5
10003899598|0
10003899601|9
10003899654|1
10003899664|0
10003899666|9
10003899671|8
10003899691|4
10003899696|7
10003899699|9
10003899703|3
10003899707|7
10003899711|7
10003899757|7
10003899781|6
10003899858|3
10003899952|8
10003899964|7
10003899970|8
10003899988|8
10003900223|1
10003900227|4
10003900249|0
10003900319|5
10003900360|8
10003900443|1
10003900500|0
10003900521|6
10003900542|8
10003900572|9
10003900584|8
10003900589|9
10003900595|1
10003900601|6
10003900602|0
10003900609|0
10003900731|3
10003900751|8
10003900770|2
10003900781|1
10003900791|1
10003900811|9
10003900816|6
10003900831|8
10003900852|6
10003900857|7
10003900881|5
10003900887|8
10003900890|6
10003900895|5
10003900914|7
10003900923|2
10003900934|9
10003900948|3
10003900958|6
10003901070|2
10003901074|1
10003901079|1
10003901084|8
10003901088|6
10003901091|8
10003901096|7
10003901100|1
10003901103|1
10003901107|1
10003901112|4
10003901115|3
10003901117|8
10003901122|0
10003901130|4
10003901133|0
10003901134|1
10003901137|3
10003901138|8
10003901139|0
10003901142|3
10003901166|5
10003901174|8
10003901189|3
10003901216|2
10003901302|9
10003901303|2
10003901304|7
10003901321|5
10003901354|6
10003901360|0
10003901364|6
10003901365|1
10003901367|3
10003901371|6
10003901374|1
10003901378|0
10003901380|2
10003901392|3
10003901402|0
10003901405|7
10003901512|1
10003901535|2
10003901549|1
10003901568|2
10003901572|1
10003901574|4
10003901576|0
10003901579|0
10003901580|4
10003901582|2
10003901584|5
10003901585|9
10003901586|0
10003901587|6
10003901590|3
10003901591|1
10003901593|8
10003901594|0
10003901595|4
10003901599|4
10003901602|9
10003901604|6
10003901608|1
10003901618|6
10003901620|0
10003901622|0
10003901623|8
10003901628|4
10003901633|9
10003901642|6
10003901645|2
10003901647|1
10003901649|0
10003901654|6
10003901730|9
10003901742|0
10003901757|2
10003901762|9
10003901779|5
10003901809|3
10003901811|4
10003901814|3
10003901948|0
10003901986|5
10003901993|2
10003902018|2
10003902077|9
10003902078|8
10003902079|4
10003902084|2
10003902085|0
10003902110|0
10003902147|5
10003902188|5
10003902190|8
10003902239|2
10003902335|3
10003902349|3
10003902359|5
10003902364|5
10003902367|1
10003902380|3
10003902431|9
10003902434|8
10003902447|8
10003902452|9
10003902613|6
10003902615|1
10003902623|2
10003902633|7
10003902634|3
10003902648|5
10003902653|8
10003902662|0
10003902679|5
10003902780|4
10003902784|7
10003902785|0
10003902786|4
10003902804|7
10003902929|0
10003902946|4
10003902948|6
10003902956|2
10003902960|1
10003902965|1
10003902973|5
10003903035|8
10003903038|4
10003903084|6
10003903087|4
10003903173|2
10003903185|3
10003903203|1
10003903204|0
10003903209|3
10003903210|8
10003903218|0
10003903247|9
10003903309|9
10003903348|4
10003903437|3
10003903469|8
10003903479|3
10003903493|5
10003903496|7
10003903498|0
10003903500|9
10003903502|9
10003903508|3
10003903515|2
10003903520|8
10003903524|9
10003903525|8
10003903529|5
10003903538|1
10003903546|4
10003903567|8
10003903616|7
10003903623|1
10003903624|1
10003903626|8
10003903632|0
10003903642|5
10003903644|6
10003903653|0
10003903663|8
10003903669|6
10003903675|5
10003903696|4
10003903704|2
10003903829|1
10003903960|8
10003903964|1
10003903965|2
10003904074|2
10003904075|8
10003904143|4
10003904148|6
10003904152|3
10003904154|5
10003904156|2
10003904171|8
10003904173|8
10003904176|4
10003904178|3
10003904190|7
10003904195|7
10003904204|3
10003904212|3
10003904218|7
10003904225|7
10003904232|2
10003904250|0
10003904267|9
10003904295|2
10003904298|1
10003904327|5
10003904403|9
10003904410|5
10003904418|1
10003904544|3
10003904573|2
10003904586|1
10003904607|4
10003904615|8
10003904618|6
10003904626|1
10003904636|7
10003904680|5
10003904720|9
10003904800|0
10003904809|2
10003904844|4
10003904889|2
10003904910|6
10003904911|8
10003904912|4
10003904926|4
10003904947|0
10003904968|9
10003904980|4
10003905043|4
10003905051|2
10003905064|2
10003905072|7
10003905077|1
10003905094|2
10003905099|5
10003905106|1
10003905217|0
10003905283|4
10003905562|5
10003905583|9
10003905589|6
10003905592|6
10003905605|3
10003905615|8
10003905617|0
10003905623|6
10003905643|7
10003905644|8
10003905649|3
10003905653|0
10003905662|9
10003905664|0
10003905670|6
10003905678|9
10003905687|8
10003905691|4
10003905696|3
10003905704|5
10003905729|8
10003905733|3
10003905738|1
10003905740|0
10003905741|2
10003905745|8
10003905775|3
10003905852|2
10003905930|5
10003905933|6
10003906039|3
10003906043|3
10003906049|7
10003906129|4
10003906133|8
10003906135|1
10003906154|2
10003906159|9
10003906220|3
10003906225|5
10003906234|3
10003906282|7
10003906313|8
10003906398|8
10003906405|8
10003906409|2
10003906411|3
10003906415|9
10003906581|4
10003906727|1
10003906856|3
10003906909|0
10003906922|3
10003906938|5
10003906945|0
10003906966|6
10003906977|5
10003906990|6
10003906997|6
10003907006|2
10003907011|6
10003907014|4
10003907066|7
10003907085|2
10003907089|8
10003907099|1
10003907103|7
10003907131|7
10003907458|2
10003907460|6
10003907462|7
10003907636|3
10003907661|4
10003907866|9
10003907871|0
10003907873|6
10003907880|7
10003907897|8
10003907902|9
10003907904|1
10003907905|3
10003907906|1
10003907907|8
10003907915|7
10003907916|5
10003907921|4
10003907929|6
10003907951|8
10003907963|8
10003907974|5
10003907981|7
10003907988|2
10003907993|6
10003908007|6
10003908050|1
10003908062|0
10003908064|0
10003908065|5
10003908067|3
10003908068|0
10003908077|7
10003908157|1
10003908161|6
10003908176|3
10003908184|4
10003908248|4
10003908306|3
10003908378|7
10003908386|0
10003908404|4
10003908407|0
10003908412|8
10003908417|7
10003908514|4
10003908516|4
10003908527|3
10003908533|0
10003908542|8
10003908554|4
10003908556|6
10003908559|0
10003908561|9
10003908562|4
10003908565|6
10003908569|1
10003908576|9
10003908589|0
10003908592|8
10003908598|8
10003908602|8
10003908606|3
10003908620|7
10003908623|0
10003908624|5
10003908627|0
10003908633|7
10003908657|6
10003908658|4
10003908664|5
10003908680|6
10003908699|6
10003908702|8
10003908703|0
10003908705|6
10003908707|6
10003908711|2
10003908900|0
10003908903|5
10003908909|6
10003908915|0
10003908917|2
10003908918|1
10003908977|0
10003908982|9
10003908986|7
10003908990|4
10003909028|9
10003909045|8
10003909129|3
10003909134|5
10003909153|4
10003909167|3
10003909188|9
10003909196|3
10003909210|4
10003909227|9
10003909280|6
10003909283|4
10003909292|4
10003909307|0
10003909308|2
10003909312|1
10003909336|1
10003909477|2
10003909485|1
10003909517|9
10003909568|0
10003909585|1
10003909589|2
10003909596|5
10003909609|5
10003909619|6
10003909622|9
10003909625|7
10003909626|2
10003909635|8
10003909638|4
10003909643|1
10003909651|4
10003909657|6
10003909683|5
10003909837|5
10003909841|9
10003909885|1
10003909888|3
10003909892|7
10003909933|2
10003909941|3
10003910085|8
10003910098|5
10003910120|0
10003910122|7
10003910124|2
10003910195|6
10003910207|1
10003910210|4
10003910288|2
10003910296|9
10003910300|3
10003910317|9
10003910404|1
10003910411|3
10003910414|7
10003910416|3
10003910428|7
10003910449|5
10003910451|7
10003910456|0
10003910457|2
10003910464|7
10003910478|8
10003910492|7
10003910506|2
10003910507|0
10003910516|4
10003910523|7
10003910541|8
10003910546|8
10003910547|9
10003910608|7
10003910644|0
10003910647|7
10003910648|9
10003910650|8
10003910651|8
10003910652|6
10003910657|6
10003910659|9
10003910663|3
10003910665|5
10003910674|2
10003910677|4
10003910738|4
10003910918|1
10003910926|1
10003911188|6
10003911190|5
10003911337|7
10003911340|2
10003911369|7
10003911380|4
10003911388|0
10003911420|6
10003911464|2
10003911582|2
10003911587|9
10003911592|8
10003911627|0
10003911637|3
10003911645|2
10003911649|4
10003911651|7
10003911654|4
10003911656|9
10003911706|0
10003911722|8
10003911723|0
10003911724|4
10003911725|7
10003911755|3
10003911817|2
10003911867|8
10003911875|3
10003911888|7
10003911889|1
10003911891|5
10003911892|1
10003911893|3
10003911899|6
10003911902|6
10003911903|1
10003911921|4
10003911926|5
10003911928|0
10003911933|5
10003911936|5
10003911939|7
10003911949|3
10003911953|1
10003911955|7
10003911957|0
10003911959|8
10003911968|9
10003911969|9
10003911977|4
10003911979|3
10003911982|7
10003911984|1
10003911988|4
10003912014|9
10003912019|0
10003912049|3
10003912053|5
10003912095|8
10003912101|2
10003912104|7
10003912105|3
10003912106|4
10003912107|2
10003912113|2
10003912118|7
10003912624|1
10003912696|5
10003912703|9
10003912742|0
10003912745|7
10003912748|7
10003912758|2
10003912814|9
10003913208|2
10003913635|2
10003913643|1
10003913647|3
10003913769|6
10003913780|0
10003913814|4
10003913833|8
10003913869|4
10003913877|6
10003913882|0
10003913888|8
10003913903|2
10003913904|7
10003913908|7
10003913909|0
10003913911|9
10003913919|3
10003913952|8
10003913964|7
10003913965|6
10003913972|4
10003913975|1
10003913977|8
10003913992|4
10003913999|2
10003914007|9
10003914010|9
10003914020|4
10003914024|0
10003914045|8
10003914048|2
10003914051|3
10003914054|0
10003914056|7
10003914057|4
10003914059|0
10003914074|4
10003914080|1
10003914086|6
10003914091|1
10003914097|5
10003914098|6
10003914099|4
10003914100|1
10003914173|0
10003914175|2
10003914180|8
10003914213|6
10003914217|6
10003914220|6
10003914221|4
10003914230|4
10003914233|7
10003914237|0
10003914239|5
10003914245|3
10003914253|8
10003914259|0
10003914261|2
10003914268|8
10003914273|9
10003914282|1
10003914295|9
10003914298|4
10003914307|2
10003914311|4
10003914316|3
10003914325|3
10003914328|4
10003914339|3
10003914341|3
10003914345|7
10003914350|5
10003914351|5
10003914354|4
10003914360|5
10003914361|2
10003914363|0
10003914366|4
10003914370|8
10003914372|1
10003914376|4
10003914377|1
10003914387|1
10003914392|9
10003914404|8
10003914429|0
10003914432|5
10003914434|8
10003914437|1
10003914439|0
10003914442|8
10003914445|4
10003914449|8
10003914450|7
10003914454|8
10003914472|8
10003914475|7
10003914479|3
10003914657|4
10003914660|7
10003914661|9
10003914665|4
10003914666|2
10003914713|0
10003914721|3
10003914722|7
10003914723|0
10003914724|6
10003914726|5
10003914727|7
10003914728|6
10003914734|7
10003914737|5
10003914739|8
10003914741|4
10003914815|4
10003914818|3
10003915052|1
10003915102|9
10003915195|2
10003915196|7
10003915316|1
10003915465|4
10003915497|7
10003915501|6
10003915513|7
10003915515|2
10003915518|7
10003915521|4
10003915524|7
10003915548|1
10003915551|4
10003915559|2
10003915574|5
10003915584|4
10003915591|2
10003915606|1
10003915611|5
10003915612|3
10003915613|4
10003915622|1
10003915628|0
10003915643|0
10003915664|7
10003915665|6
10003915667|8
10003915669|0
10003915671|7
10003915676|7
10003915680|1
10003915682|3
10003915684|9
10003915691|3
10003915773|1
10003915866|5
10003915868|8
10003915869|9
10003915870|8
10003915871|9
10003916039|8
10003916150|6
10003916430|3
10003916475|8
10003916573|3
10003916609|5
10003916610|6
10003916679|4
10003916753|0
10003916761|3
10003916767|6
10003916771|5
10003916777|3
10003916802|4
10003916811|0
10003916989|4
10003916998|0
10003917058|4
10003917067|7
10003917284|3
10003917488|8
10003917529|7
10003917590|0
10003918344|5
10003918607|7
10003918612|5
10003918724|7
10003918728|6
10003918937|9
10003918946|3
10003918989|4
10003919020|2
10003919039|1
10003919042|5
10003919076|3
10003919079|0
10003919112|7
10003919237|4
10003919241|9
10003919302|0
10003919306|9
10003919312|3
10003919314|9
10003919315|8
10003919316|7
10003919317|1
10003919319|7
10003919320|2
10003919367|3
10003919368|8
10003919373|5
10003919375|3
10003919376|6
10003919378|2
10003919383|0
10003919387|5
10003919393|1
10003919398|5
10003919401|8
10003919404|5
10003919420|6
10003919421|8
10003919422|6
10003919424|6
10003919425|3
10003919647|0
10003919657|5
10003919662|9
10003919671|0
10003919676|8
10003919679|9
10003919681|3
10003919684|4
10003919685|5
10003919687|4
10003919691|4
10003919693|7
10003919696|4
10003919698|0
10003919701|8
10003919703|9
10003919704|6
10003919719|5
10003919736|2
10003919810|6
10003919812|8
10003919831|0
10003919841|0
10003919852|9
10003919857|1
10003919859|0
10003919862|8
10003919863|8
10003919867|0
10003919871|2
10003919874|8
10003919876|4
10003919877|4
10003919878|9
10003919879|5
10003919881|4
10003919882|7
10003919883|9
10003919884|8
10003919886|5
10003919887|1
10003919888|2
10003919889|3
10003919890|7
10003919891|9
10003919892|4
10003919893|5
10003919894|9
10003919895|9
10003919900|0
10003919935|3
10003920013|4
10003920014|7
10003920027|5
10003920042|3
10003920110|2
10003920113|9
10003920143|2
10003920153|3
10003920164|9
10003920190|7
10003920193|9
10003920201|3
10003920207|7
10003920217|9
10003920226|3
10003920242|7
10003920255|4
10003920290|1
10003920295|2
10003920303|5
10003920312|9
10003920328|8
10003920332|9
10003920349|5
10003920352|5
10003920356|0
10003920360|6
10003920364|3
10003920367|6
10003920376|6
10003920380|1
10003920385|9
10003920397|0
10003920405|2
10003920409|7
10003920413|7
10003920415|8
10003920456|6
10003920459|7
10003920463|0
10003920467|7
10003920470|1
10003920472|9
10003920474|5
10003920478|3
10003920482|7
10003920617|4
10003920744|5
10003920759|0
10003920777|6
10003920780|3
10003920782|8
10003920788|2
10003920795|1
10003920806|0
10003920842|2
10003920855|9
10003920867|7
10003920872|3
10003920876|2
10003920879|9
10003920882|3
10003920885|3
10003920897|6
10003920902|5
10003920963|9
10003921064|3
10003921066|2
10003921113|8
10003921117|2
10003921120|0
10003921126|9
10003921138|3
10003921255|4
10003921266|7
10003921269|1
10003921279|7
10003921284|3
10003921287|8
10003921291|0
10003921299|6
10003921305|4
10003921438|6
10003921441|4
10003921447|1
10003921487|9
10003921498|0
10003921511|0
10003921518|7
10003921602|6
10003921606|7
10003921626|2
10003921635|6
10003921636|0
10003921638|2
10003921641|6
10003921653|0
10003921723|6
10003921728|7
10003921729|6
10003921741|7
10003921815|1
10003921820|9
10003921821|8
10003921823|2
10003921824|4
10003921828|4
10003921842|6
10003921843|6
10003921856|5
10003921859|7
10003921909|7
10003921922|2
10003921925|3
10003921929|6
10003921953|2
10003921954|7
10003921964|9
10003921968|3
10003921974|7
10003921979|0
10003922054|9
10003922067|2
10003922091|7
10003922104|4
10003922116|5
10003922121|3
10003922125|3
10003922238|5
10003922239|7
10003922557|7
10003922581|2
10003922594|6
10003922612|8
10003922628|9
10003922663|0
10003922685|9
10003922696|5
10003922700|5
10003922709|1
10003922710|2
10003922715|0
10003922795|7
10003922822|1
10003922850|1
10003922862|2
10003922863|7
10003922867|3
10003922925|5
10003922946|1
10003922964|5
10003922966|9
10003922993|2
10003923076|4
10003923092|9
10003923100|3
10003923101|0
10003923146|0
10003923218|0
10003923223|4
10003923234|3
10003923247|8
10003923255|9
10003923271|2
10003923272|6
10003923281|6
10003923345|0
10003923346|8
10003923347|9
10003923348|8
10003923351|6
10003923353|7
10003923357|0
10003923360|3
10003923364|4
10003923366|2
10003923367|8
10003923369|2
10003923370|3
10003923372|1
10003923374|3
10003923378|2
10003923379|6
10003923478|9
10003923479|3
10003923496|0
10003923503|2
10003923511|2
10003923547|8
10003923552|6
10003923568|2
10003923569|9
10003923577|8
10003923585|9
10003923591|9
10003923592|2
10003923596|1
10003923599|0
10003923608|2
10003923658|5
10003923665|9
10003923667|9
10003923675|4
10003923683|2
10003923694|7
10003923700|2
10003923703|3
10003923711|5
10003923713|6
10003923716|7
10003923721|5
10003923753|7
10003923755|8
10003923756|1
10003923757|9
10003923758|2
10003923763|4
10003923765|6
10003923808|8
10003923827|5
10003923874|5
10003923887|0
10003923892|8
10003923895|9
10003923896|3
10003923899|0
10003923907|5
10003923916|5
10003923918|1
10003923928|9
10003924007|0
10003924013|5
10003924067|2
10003924084|4
10003924093|9
10003924163|9
10003924180|4
10003924192|6
10003924195|0
10003924199|7
10003924202|2
10003924208|0
10003924215|7
10003924223|3
10003924227|3
10003924235|6
10003924251|5
10003924261|2
10003924304|7
10003924311|8
10003924315|3
10003924487|1
10003924488|3
10003924508|9
10003924509|1
10003924514|3
10003924516|0
10003924517|0
10003924520|5
10003924529|5
10003924530|8
10003924532|8
10003924533|4
10003924534|3
10003924537|1
10003924557|9
10003924558|7
10003924564|6
10003924667|5
10003924754|4
10003924802|9
10003924811|6
10003924913|7
10003924916|4
10003924952|1
10003924956|2
10003924958|4
10003924960|3
10003924963|4
10003925158|4
10003925173|0
10003925192|4
10003925209|1
10003925219|5
10003925228|6
10003925244|2
10003925253|2
10003925257|4
10003925268|1
10003925275|0
10003925289|1
10003925346|0
10003925505|6
10003925513|7
10003925516|1
10003925534|4
10003925546|3
10003925549|7
10003925560|7
10003925564|3
10003925572|4
10003925716|8
10003925718|7
10003925721|3
10003925728|1
10003925942|3
10003926071|4
10003926077|3
10003926078|2
10003926138|8
10003926222|4
10003926227|0
10003926261|5
10003926270|9
10003926309|7
10003926322|7
10003926333|8
10003926365|0
10003926375|3
10003926380|1
10003926419|8
10003926421|7
10003926432|1
10003926434|3
10003926436|5
10003926442|2
10003926524|7
10003926546|5
10003926555|1
10003926563|6
10003926680|4
10003926723|3
10003926726|5
10003926729|9
10003926731|3
10003926736|1
10003926737|1
10003926741|6
10003927014|3
10003927121|8
10003927168|1
10003927174|4
10003927188|4
10003927190|5
10003927195|9
10003927197|4
10003927236|0
10003927249|5
10003927260|9
10003927266|1
10003927272|9
10003927279|5
10003927291|5
10003927335|9
10003927338|5
10003927391|9
10003927399|5
10003927725|4
10003927728|5
10003927729|5
10003927731|9
10003927732|6
10003927734|6
10003927736|6
10003927745|2
10003927747|3
10003927753|1
10003927758|1
10003927773|9
10003927787|4
10003927889|0
10003927890|4
10003927895|7
10003927958|3
10003927970|4
10003927976|1
10003927979|1
10003927990|0
10003928001|2
10003928006|3
10003928008|5
10003928009|5
10003928018|8
10003928020|0
10003928023|7
10003928027|3
10003928028|3
10003928035|7
10003928041|3
10003928080|0
10003928091|6
10003928093|0
10003928094|3
10003928099|4
10003928107|9
10003928112|1
10003928113|8
10003928119|8
10003928130|8
10003928142|2
10003928145|7
10003928187|1
10003928672|8
10003928676|8
10003928694|8
10003928700|1
10003928711|8
10003928716|0
10003928720|9
10003928749|1
10003928767|9
10003928775|8
10003928834|7
10003928836|5
10003928850|7
10003928888|7
10003929117|1
10003929118|8
10003929119|2
10003929121|2
10003929123|8
10003929128|1
10003929129|9
10003929159|4
10003929161|7
10003929170|6
10003929171|8
10003929182|6
10003929195|6
10003929210|5
10003929215|6
10003929217|5
10003929220|6
10003929223|1
10003929234|3
10003929240|2
10003929324|8
10003929329|4
10003929335|8
10003929401|2
10003929600|5
10003929603|2
10003929606|6
10003929609|3
10003929610|6
10003929830|4
10003929845|7
10003929853|5
10003929862|9
10003929869|4
10003929916|3
10003929924|0
10003929927|5
10003929930|3
10003929941|4
10003929957|6
10003929960|5
10003930162|8
10003930193|1
10003930281|1
10003930287|7
10003930294|3
10003930302|8
10003930340|5
10003930344|4
10003930347|3
10003930358|2
10003930369|8
10003930890|0
10003930945|1
10003931025|4
10003931033|6
10003931051|4
10003931070|9
10003931095|0
10003931103|1
10003931105|2
10003931179|3
10003931182|3
10003931190|8
10003931203|9
10003931278|6
10003931304|9
10003931306|1
10003931309|9
10003931316|0
10003931337|5
10003931342|4
10003931347|4
10003931357|6
10003931382|6
10003931390|2
10003931397|6
10003931417|1
10003931421|5
10003931424|3
10003931425|0
10003931499|2
10003931524|2
10003931652|0
10003931657|9
10003931662|0
10003931706|1
10003931780|6
10003931796|9
10003931807|1
10003931845|0
10003931849|0
10003931856|8
10003931883|3
10003931894|4
10003931899|6
10003931922|3
10003931939|7
10003931945|6
10003931948|2
10003931950|0
10003931954|5
10003931958|6
10003931962|6
10003931966|0
10003931967|3
10003931968|6
10003931970|2
10003931972|2
10003931974|0
10003931976|3
10003931978|5
10003931979|8
10003931982|7
10003931983|3
10003932092|0
10003932123|2
10003932138|5
10003932140|7
10003932167|1
10003932178|4
10003932224|3
10003932236|1
10003932266|9
10003932273|0
10003932333|7
10003932336|9
10003932341|1
10003932344|8
10003932397|1
10003932400|6
10003932403|9
10003932408|9
10003932422|7
10003932439|0
10003932449|9
10003932453|3
10003932468|4
10003932479|5
10003932485|1
10003932493|9
10003932513|6
10003932534|5
10003932537|7
10003932553|0
10003932583|0
10003932586|3
10003932587|9
10003932594|5
10003932643|9
10003932647|2
10003932659|2
10003932677|4
10003932717|5
10003932724|7
10003932726|2
10003932737|4
10003932746|4
10003932765|5
10003932770|0
10003932879|3
10003932933|7
10003933123|8
10003933127|5
10003933130|1
10003933133|0
10003933138|0
10003933185|1
10003933207|5
10003933219|2
10003933229|9
10003933244|3
10003933249|6
10003933273|0
10003933276|4
10003933283|3
10003933290|6
10003933293|5
10003933295|4
10003933298|3
10003933323|5
10003933325|4
10003933326|8
10003933334|1
10003933335|1
10003933337|9
10003933342|6
10003933343|2
10003933367|5
10003933372|8
10003933377|1
10003933383|9
10003933419|3
10003933450|9
10003933467|5
10003933472|1
10003933583|9
10003933636|4
10003933652|3
10003933664|1
10003933785|7
10003933791|8
10003933795|7
10003933855|2
10003933903|1
10003933905|9
10003933915|8
10003933918|7
10003933923|3
10003933926|2
10003933933|4
10003933940|2
10003934053|3
10003934087|4
10003934092|4
10003934100|6
10003934119|5
10003934122|6
10003934135|0
10003934138|9
10003934218|0
10003934279|8
10003934286|2
10003934291|1
10003934448|7
10003934481|9
10003934491|7
10003934523|9
10003934585|3
10003934588|1
10003934657|3
10003934660|3
10003934664|7
10003934667|2
10003934674|7
10003934676|6
10003934678|6
10003934679|3
10003934684|7
10003934687|8
10003934690|6
10003934691|6
10003934698|6
10003934701|2
10003934702|7
10003934707|1
10003934756|7
10003934763|2
10003934764|4
10003934767|5
10003934780|2
10003934781|1
10003934782|5
10003934789|9
10003934790|2
10003934968|9
10003934973|2
10003934978|9
10003934980|4
10003934990|3
10003935001|4
10003935007|5
10003935021|7
10003935034|8
10003935038|4
10003935043|8
10003935050|8
10003935052|8
10003935058|0
10003935065|5
10003935066|1
10003935071|0
10003935083|3
10003935088|0
10003935113|9
10003935187|9
10003935189|5
10003935192|7
10003935195|6
10003935214|3
10003935218|2
10003935219|0
10003935220|2
10003935222|5
10003935224|5
10003935225|4
10003935230|3
10003935235|9
10003935328|3
10003935346|5
10003935367|0
10003935368|4
10003935370|3
10003935375|3
10003935377|0
10003935379|7
10003935382|2
10003935388|6
10003935395|0
10003935398|1
10003935400|7
10003935478|1
10003935481|6
10003935482|4
10003935620|0
10003935622|5
10003935624|0
10003935627|2
10003935638|3
10003935640|3
10003935644|8
10003935649|6
10003935653|5
10003935655|5
10003935659|8
10003935662|7
10003935667|1
10003935668|1
10003935679|6
10003935685|1
10003935694|3
10003935696|2
10003935736|6
10003935737|8
10003935739|7
10003935740|5
10003936040|1
10003936050|5
10003936203|7
10003936271|5
10003936305|4
10003936406|3
10003936409|0
10003936414|2
10003936456|2
10003936498|9
10003936507|8
10003936509|2
10003936514|2
10003936517|9
10003936522|4
10003936531|1
10003936534|4
10003936547|0
10003936549|7
10003936551|5
10003936560|2
10003936562|1
10003936564|3
10003936565|6
10003936605|1
10003936606|5
10003936616|9
10003936652|3
10003936658|9
10003936661|7
10003936664|9
10003936665|9
10003936674|0
10003936684|0
10003936689|8
10003936693|4
10003936696|0
10003936701|7
10003936709|5
10003936715|0
10003936719|9
10003936721|9
10003936737|2
10003936738|0
10003936741|5
10003936743|7
10003936746|0
10003936748|8
10003936749|3
10003936756|3
10003936763|6
10003936768|7
10003936775|2
10003936777|8
10003936779|3
10003936780|5
10003936784|3
10003936785|5
10003936791|8
10003936794|9
10003936795|1
10003936799|3
10003936800|3
10003936801|3
10003936802|6
10003936804|5
10003936912|8
10003936930|1
10003936964|4
10003936965|7
10003936966|4
10003936974|5
10003937008|2
10003937010|9
10003937022|8
10003937029|2
10003937034|9
10003937044|7
10003937053|1
10003937063|7
10003937066|8
10003937075|3
10003937078|6
10003937080|3
10003937082|3
10003937084|6
10003937088|3
10003937089|7
10003937094|8
10003937095|4
10003937102|9
10003937106|5
10003937110|7
10003937116|4
10003937128|5
10003937136|0
10003937141|4
10003937162|7
10003937171|5
10003937173|3
10003937180|8
10003937185|1
10003937190|5
10003937194|5
10003937197|7
10003937212|0
10003937237|3
10003937244|7
10003937264|8
10003937272|9
10003937282|4
10003937307|1
10003937313|4
10003937317|8
10003937356|1
10003937365|4
10003937374|7
10003937392|4
10003937397|3
10003937400|2
10003937544|3
10003937545|7
10003937546|1
10003937547|3
10003937551|2
10003937554|2
10003937556|4
10003937559|2
10003937561|2
10003937563|5
10003937564|0
10003937572|8
10003937587|1
10003937591|6
10003937600|5
10003937602|2
10003937605|6
10003937606|7
10003937607|2
10003937611|9
10003937645|2
10003937753|5
10003937791|5
10003937794|8
10003937797|6
10003937798|6
10003937803|8
10003937804|5
10003937806|9
10003937808|5
10003937810|3
10003937846|7
10003937869|4
10003937880|7
10003937883|7
10003937885|8
10003937886|5
10003937887|8
10003937897|5
10003937949|2
10003937958|2
10003937971|5
10003937982|8
10003937995|2
10003937999|2
10003938005|0
10003938013|9
10003938016|6
10003938021|8
10003938024|3
10003938026|7
10003938039|2
10003938117|5
10003938130|5
10003938134|6
10003938139|0
10003938148|1
10003938152|9
10003938170|3
10003938203|9
10003938285|4
10003938293|7
10003938409|2
10003938430|4
10003938446|4
10003938494|1
10003938563|2
10003938570|5
10003938576|7
10003938580|3
10003938591|3
10003938598|2
10003938604|4
10003938621|8
10003938628|2
10003938633|5
10003938646|0
10003938658|5
10003938663|4
10003938675|6
10003938680|7
10003938683|3
10003938698|3
10003938702|2
10003938710|6
10003938718|2
10003938723|2
10003938736|2
10003938885|3
10003938886|3
10003938982|5
10003938999|7
10003939017|8
10003939062|7
10003939090|1
10003939115|5
10003939142|6
10003939144|4
10003939146|2
10003939149|1
10003939150|5
10003939153|1
10003939168|1
10003939170|7
10003939183|6
10003939188|7
10003939201|7
10003939206|0
10003939208|1
10003939212|0
10003939216|9
10003939229|1
10003939230|7
10003939247|8
10003939250|4
10003939256|7
10003939257|2
10003939261|8
10003939390|9
10003939416|9
10003939417|4
10003939421|5
10003939458|4
10003939580|3
10003939581|2
10003939585|4
10003939629|0
10003939633|9
10003939634|1
10003939638|4
10003939641|0
10003939647|5
10003939661|1
10003939673|9
10003939675|3
10003939678|7
10003939682|6
10003939685|7
10003939688|2
10003939690|2
10003939694|2
10003939698|5
10003939701|1
10003939703|7
10003939708|3
10003939712|1
10003939714|4
10003939716|9
10003939719|2
10003939720|7
10003939721|9
10003939722|4
10003939723|2
10003939724|6
10003939725|9
10003939727|6
10003939728|2
10003939731|5
10003939732|8
10003939735|5
10003939736|4
10003939738|5
10003939746|6
10003939748|5
10003939750|7
10003939751|2
10003939752|1
10003939755|5
10003939756|3
10003939757|8
10003939916|4
10003939917|1
10003939918|6
10003939919|0
10003939921|5
10003939927|7
10003939931|8
10003939932|9
10003939937|9
10003939940|0
10003939967|6
10003939970|0
10003940060|4
10003940095|9
10003940106|5
10003940115|5
10003940117|1
10003940128|3
10003940129|6
10003940141|9
10003940234|4
10003940241|9
10003940249|2
10003940251|8
10003940254|2
10003940256|9
10003940259|1
10003940261|9
10003940265|8
10003940269|5
10003940279|1
10003940285|5
10003940286|5
10003940293|2
10003940295|5
10003940299|5
10003940301|3
10003940315|1
10003940316|6
10003940317|3
10003940321|1
10003940326|2
10003940327|6
10003940330|4
10003940333|1
10003940341|2
10003940342|4
10003940344|9
10003940346|3
10003940353|6
10003940375|8
10003940397|9
10003940438|4
10003940441|6
10003940447|8
10003940472|1
10003940484|8
10003940486|4
10003940487|0
10003940491|2
10003940494|5
10003940496|7
10003940497|4
10003940498|5
10003940500|5
10003940503|6
10003940512|1
10003940519|8
10003940520|2
10003940536|2
10003940543|0
10003940670|2
10003940671|1
10003940718|9
10003940728|2
10003940731|9
10003940736|6
10003940738|9
10003940748|1
10003940758|8
10003940764|6
10003940775|2
10003940785|1
10003940787|8
10003940817|8
10003940861|2
10003940866|1
10003940882|5
10003940883|6
10003940888|0
10003940892|9
10003940904|0
10003940908|6
10003940963|8
10003940967|8
10003940973|3
10003940978|6
10003940984|0
10003940992|5
10003940999|5
10003941001|3
10003941004|4
10003941008|0
10003941010|7
10003941025|2
10003941026|5
10003941031|8
10003941035|0
10003941038|1
10003941040|8
10003941098|3
10003941101|7
10003941107|9
10003941110|4
10003941111|5
10003941112|9
10003941114|0
10003941117|6
10003941121|3
10003941149|9
10003941191|4
10003941223|6
10003941224|2
10003941225|9
10003941226|4
10003941227|6
10003941259|0
10003941273|1
10003941279|1
10003941287|0
10003941289|6
10003941291|7
10003941292|7
10003941306|2
10003941309|3
10003941358|1
10003941374|4
10003941402|7
10003941418|3
10003941433|2
10003941443|9
10003941456|3
10003941457|2
10003941463|7
10003941467|5
10003941476|9
10003941481|1
10003941513|5
10003941516|8
10003941528|7
10003941532|9
10003941538|7
10003941543|0
10003941555|4
10003941632|7
10003941640|2
10003941648|1
10003941650|1
10003941651|5
10003941673|4
10003941706|2
10003941720|6
10003941754|5
10003941755|2
10003941756|3
10003941757|3
10003941758|1
10003941759|6
10003941761|6
10003941763|6
10003941764|6
10003941767|6
10003941770|6
10003941775|0
10003941778|7
10003941784|0
10003941788|6
10003941789|2
10003941791|1
10003941797|0
10003941832|1
10003941851|4
10003941871|9
10003941888|5
10003941907|0
10003941921|1
10003941973|5
10003941977|3
10003941987|4
10003941995|7
10003942009|7
10003942013|8
10003942015|7
10003942018|0
10003942039|2
10003942075|5
10003942077|1
10003942078|0
10003942080|5
10003942086|9
10003942092|9
10003942098|0
10003942099|1
10003942107|3
10003942112|5
10003942113|2
10003942114|2
10003942119|4
10003942124|8
10003942131|3
10003942133|5
10003942139|3
10003942187|7
10003942188|6
10003942190|9
10003942194|4
10003942197|7
10003942198|5
10003942200|1
10003942201|7
10003942203|5
10003942206|7
10003942207|6
10003942211|0
10003942214|8
10003942220|5
10003942221|0
10003942222|6
10003942223|7
10003942224|0
10003942225|6
10003942232|2
10003942233|1
10003942241|6
10003942248|6
10003942249|9
10003942253|1
10003942254|8
10003942256|2
10003942276|7
10003942278|0
10003942280|2
10003942281|7
10003942286|4
10003942290|0
10003942293|6
10003942295|1
10003942300|2
10003942302|5
10003942309|1
10003942314|4
10003942325|4
10003942328|8
10003942332|8
10003942333|5
10003942335|1
10003942336|6
10003942337|7
10003942338|9
10003942340|8
10003942341|0
10003942342|5
10003942377|8
10003942378|0
10003942379|1
10003942386|8
10003942404|8
10003942410|1
10003942415|9
10003942419|8
10003942424|4
10003942425|6
10003942434|2
10003942435|2
10003942445|2
10003942448|5
10003942453|6
10003942455|9
10003942456|1
10003942459|8
10003942461|4
10003942464|8
10003942465|2
10003942467|0
10003942468|6
10003942470|5
10003942509|6
10003942525|0
10003942529|3
10003942534|0
10003942537|9
10003942541|2
10003942553|6
10003942561|7
10003942571|7
10003942574|4
10003942576|2
10003942580|4
10003942597|2
10003942606|0
10003942661|8
10003942680|3
10003942704|3
10003942707|5
10003942714|6
10003942738|5
10003942743|8
10003942746|9
10003942751|7
10003942760|9
10003942764|7
10003942766|1
10003942770|7
10003942773|4
10003942775|4
10003942782|0
10003942784|2
10003942791|2
10003942793|1
10003942796|3
10003942801|8
10003942809|7
10003942810|1
10003942811|5
10003942814|6
10003942815|0
10003942816|4
10003942818|1
10003942819|1
10003942820|1
10003942994|6
10003942997|5
10003943017|7
10003943036|0
10003943047|3
10003943051|7
10003943070|1
10003943078|8
10003943082|3
10003943084|5
10003943086|1
10003943098|4
10003943106|6
10003943110|1
10003943116|5
10003943119|5
10003943127|4
10003943128|0
10003943130|1
10003943133|6
10003943138|9
10003943140|3
10003943163|2
10003943182|0
10003943186|0
10003943187|2
10003943189|8
10003943196|2
10003943204|0
10003943208|3
10003943285|6
10003943333|8
10003943403|3
10003943412|2
10003943453|1
10003943477|5
10003943481|2
10003943488|9
10003943489|1
10003943492|2
10003943507|4
10003943508|1
10003943556|4
10003943557|9
10003943560|4
10003943564|0
10003943566|6
10003943574|9
10003943577|1
10003943581|1
10003943582|8
10003943591|0
10003943597|5
10003943603|8
10003943672|7
10003943689|7
10003943692|3
10003943696|3
10003943703|0
10003943707|1
10003943710|4
10003943724|3
10003943737|1
10003943740|1
10003943755|5
10003943765|2
10003943776|2
10003943786|1
10003943798|6
10003943803|0
10003943805|8
10003943812|8
10003943834|8
10003943845|2
10003943854|6
10003943860|1
10003943892|3
10003943932|2
10003943939|4
10003943967|7
10003943978|6
10003943987|6
10003943989|4
10003944010|7
10003944012|8
10003944029|9
10003944036|1
10003944041|2
10003944057|2
10003944059|5
10003944061|7
10003944063|0
10003944065|2
10003944072|3
10003944082|5
10003944087|2
10003944089|0
10003944091|4
10003944093|6
10003944098|3
10003944132|5
10003944140|5
10003944146|1
10003944151|4
10003944170|9
10003944174|2
10003944203|7
10003944216|3
10003944227|7
10003944228|8
10003944234|7
10003944236|4
10003944247|1
10003944257|7
10003944260|5
10003944269|9
10003944278|4
10003944285|3
10003944288|8
10003944292|9
10003944297|1
10003944305|6
10003944314|8
10003944317|7
10003944324|8
10003944558|8
10003944570|6
10003944633|0
10003944639|7
10003944655|2
10003944662|3
10003944677|4
10003944687|4
10003944694|2
10003944704|8
10003944707|2
10003944708|6
10003944710|1
10003944713|8
10003944716|6
10003944720|1
10003944723|7
10003944725|5
10003944733|1
10003944756|3
10003944810|8
10003944816|2
10003945051|0
10003945066|3
10003945189|7
10003945194|5
10003945279|6
10003945589|9
10003945803|0
10003945815|8
10003945827|7
10003945833|8
10003945852|7
10003945871|7
10003945950|2
10003945965|4
10003945982|6
10003945989|9
10003945992|4
10003945996|7
10003946056|6
10003946057|9
10003946059|4
10003946060|5
10003946625|7
10003946640|7
10003946651|5
10003946664|5
10003946680|6
10003946689|5
10003946694|5
10003946711|2
10003946890|6
10003946894|9
10003946915|5
10003946920|8
10003946945|0
10003946950|8
10003946955|1
10003946989|7
10003946995|9
10003946999|5
10003947002|2
10003947170|5
10003947292|0
10003947305|7
10003947476|9
10003947540|5
10003947552|2
10003947765|7
10003947812|8
10003947821|8
10003947826|4
10003947831|6
10003947841|5
10003947905|9
10003947912|6
10003947928|7
10003947934|4
10003947937|7
10003947943|2
10003947945|7
10003947947|3
10003947958|7
10003947959|4
10003947965|6
10003947966|3
10003947973|8
10003947976|3
10003947979|5
10003947985|1
10003947995|5
10003948001|9
10003948013|8
10003948019|2
10003948026|4
10003948061|3
10003948068|9
10003948072|4
10003948076|8
10003948077|5
10003948083|4
10003948088|3
10003948089|4
10003948094|6
10003948097|8
10003948179|3
10003948196|2
10003948198|0
10003948199|7
10003948201|3
10003948208|9
10003948222|8
10003948341|1
10003948433|1
10003948511|0
10003948542|3
10003948587|5
10003948603|4
10003948613|3
10003948655|0
10003948676|3
10003948679|5
10003948683|1
10003948796|2
10003948797|1
10003948798|7
10003948799|3
10003948800|3
10003948801|2
10003948802|0
10003948805|5
10003948809|4
10003948810|5
10003948811|9
10003948812|3
10003948813|6
10003948814|2
10003948820|8
10003948841|3
10003948907|4
10003948912|5
10003948924|8
10003948934|5
10003948942|0
10003948947|7
10003948965|7
10003949069|4
10003949071|7
10003949076|7
10003949084|6
10003949188|0
10003949198|7
10003949233|5
10003949251|3
10003949254|9
10003949258|7
10003949263|5
10003949300|1
10003949303|5
10003949325|2
10003949474|5
10003949480|2
10003949483|3
10003949487|9
10003949493|6
10003949496|9
10003949498|5
10003949532|4
10003949608|3
10003949611|9
10003949612|9
10003949616|9
10003949618|1
10003949619|4
10003949620|9
10003949622|7
10003949624|2
10003949625|5
10003949626|9
10003949721|1
10003949731|9
10003949749|4
10003949751|3
10003949753|1
10003949755|7
10003949756|1
10003949758|1
10003949761|1
10003949763|8
10003949767|7
10003949771|6
10003949777|8
10003949781|9
10003949785|5
10003949786|3
10003949791|6
10003949808|9
10003949822|3
10003949836|2
10003949841|1
10003950011|4
10003950018|6
10003950027|1
10003950031|0
10003950041|2
10003950135|4
10003950161|8
10003950330|8
10003950342|9
10003950345|4
10003950364|8
10003950407|5
10003950412|9
10003950417|8
10003950437|7
10003950439|4
10003950444|3
10003950450|5
10003950454|3
10003950459|2
10003950471|5
10003950472|1
10003950474|6
10003950490|2
10003950493|8
10003950494|7
10003950503|7
10003950504|4
10003950511|1
10003950516|8
10003950519|9
10003950539|6
10003950587|3
10003950595|5
10003950609|7
10003950614|4
10003950693|9
10003950699|9
10003950702|2
10003950712|7
10003950720|3
10003950725|8
10003950728|3
10003950730|9
10003950731|3
10003950732|5
10003950736|7
10003950820|3
10003950954|8
10003950989|4
10003951007|2
10003951018|4
10003951046|5
10003951071|7
10003951072|4
10003951073|8
10003951076|5
10003951079|4
10003951081|9
10003951220|0
10003951312|6
10003951335|7
10003951370|0
10003951376|9
10003951379|6
10003951395|5
10003951462|3
10003951467|0
10003951489|5
10003951515|4
10003951521|9
10003951522|1
10003951525|4
10003951529|0
10003951533|2
10003951557|1
10003951573|1
10003951604|8
10003951612|3
10003951629|9
10003951780|9
10003951783|8
10003951786|6
10003951863|4
10003951868|5
10003952122|3
10003952173|6
10003952215|7
10003952342|4
10003952437|5
10003952438|7
10003952441|9
10003952444|9
10003952481|3
10003952566|0
10003952577|4
10003952597|2
10003952624|9
10003952627|6
10003952634|1
10003952788|3
10003952791|4
10003952795|9
10003952799|2
10003952800|8
10003952817|7
10003952827|3
10003952828|6
10003952833|2
10003952839|3
10003952845|2
10003952854|9
10003952855|6
10003952859|6
10003952874|2
10003952882|9
10003952941|7
10003952950|0
10003952964|7
10003952972|2
10003952982|5
10003952994|2
10003952995|8
10003953000|6
10003953003|4
10003953009|8
10003953011|8
10003953012|0
10003953013|5
10003953016|1
10003953018|9
10003953021|8
10003953027|5
10003953029|6
10003953030|5
10003953033|8
10003953034|5
10003953039|9
10003953045|9
10003953134|6
10003953176|3
10003953186|3
10003953188|6
10003953215|1
10003953234|2
10003953236|7
10003953238|5
10003953272|2
10003953548|1
10003953589|1
10003953595|3
10003953601|9
10003953602|7
10003953628|6
10003953637|9
10003953645|7
10003953649|5
10003953796|4
10003953802|2
10003953894|5
10003953895|5
10003953947|8
10003953955|0
10003953959|3
10003953962|7
10003953975|1
10003954029|6
10003954080|8
10003954105|5
10003954132|3
10003954259|0
10003954282|9
10003954310|0
10003954377|0
10003954406|8
10003954412|7
10003954418|2
10003954419|9
10003954425|5
10003954433|1
10003954439|4
10003954464|1
10003954483|3
10003954528|6
10003954551|8
10003954572|5
10003954576|7
10003954616|1
10003954620|9
10003954623|8
10003954635|3
10003954639|4
10003954645|5
10003954791|1
10003954995|6
10003955034|7
10003955036|5
10003955037|4
10003955038|0
10003955039|4
10003955064|0
10003955069|6
10003955073|7
10003955078|5
10003955082|4
10003955085|7
10003955088|0
10003955099|4
10003955101|9
10003955109|2
10003955137|2
10003955144|1
10003955156|8
10003955159|2
10003955163|6
10003955169|7
10003955184|6
10003955185|9
10003955188|9
10003955216|3
10003955221|5
10003955227|8
10003955236|6
10003955332|2
10003955337|8
10003955338|9
10003955339|6
10003955618|1
10003955619|3
10003955700|7
10003955703|3
10003955767|8
10003955814|0
10003955858|7
10003955864|2
10003955876|1
10003956012|0
10003956018|4
10003956021|9
10003956028|0
10003956131|8
10003956177|0
10003956257|1
10003956780|2
10003956890|5
10003956977|1
10003956981|2
10003956992|9
10003956993|7
10003957004|8
10003957007|5
10003957010|2
10003957034|0
10003957043|4
10003957044|1
10003957058|6
10003957059|2
10003957089|8
10003957143|8
10003957156|0
10003957168|7
10003957200|3
10003957285|6
10003957448|9
10003957455|3
10003957647|7
10003957651|1
10003958312|2
10003958592|4
10003958595|9
10003958598|7
10003958604|9
10003958611|8
10003958646|9
10003958658|7
10003958670|8
10003958686|1
10003958692|7
10003958694|7
10003958700|6
10003958706|2
10003958707|3
10003958725|4
10003958740|5
10003958743|0
10003958746|5
10003958752|4
10003958759|6
10003958768|7
10003958814|4
10003958857|5
10003958877|2
10003958883|9
10003958900|0
10003958908|6
10003958916|6
10003958917|5
10003958965|4
10003959060|2
10003959061|3
10003959062|9
10003959064|3
10003959065|7
10003959066|3
10003959067|2
10003959068|6
10003959069|2
10003959070|8
10003959071|3
10003959074|8
10003959084|5
10003959097|7
10003959098|6
10003959100|9
10003959106|1
10003959108|1
10003959109|6
10003959124|1
10003959141|2
10003959153|3
10003959157|6
10003959164|6
10003959174|0
10003959196|2
10003959200|9
10003959209|8
10003959293|6
10003959295|8
10003959306|6
10003959313|7
10003959320|1
10003959345|2
10003959376|4
10003959394|4
10003959451|2
10003959463|2
10003959465|8
10003959566|4
10003959574|9
10003959614|4
10003959628|5
10003959632|1
10003959642|9
10003959645|4
10003959674|4
10003959796|8
10003959801|7
10003959807|5
10003959934|4
10003959937|9
10003959941|7
10003959944|1
10003959964|7
10003959985|6
10003959988|2
10003959997|0
10003960073|8
10003960076|9
10003960079|3
10003960082|2
10003960089|9
10003960099|7
10003960100|3
10003960105|4
10003960108|9
10003960116|1
10003960118|2
10003960127|9
10003960139|5
10003960142|1
10003960151|3
10003960159|0
10003960163|6
10003960206|9
10003960209|2
10003960231|0
10003960233|9
10003960243|1
10003960379|3
10003960408|6
10003960415|7
10003960449|8
10003960454|3
10003960464|0
10003960466|1
10003960468|5
10003960477|2
10003960484|3
10003960505|3
10003960521|4
10003960556|0
10003960561|0
10003960562|5
10003960564|8
10003960775|1
10003960777|4
10003960783|5
10003960787|8
10003960795|9
10003960803|0
10003960818|3
10003960820|0
10003960821|5
10003960824|9
10003960825|6
10003960828|3
10003960833|2
10003960841|7
10003960845|3
10003960858|7
10003960860|9
10003960861|8
10003960864|9
10003960870|1
10003960872|8
10003960912|6
10003960915|9
10003960923|4
10003960927|9
10003960929|6
10003960932|6
10003961055|0
10003961061|7
10003961067|0
10003961656|9
10003961657|8
10003961662|8
10003961664|5
10003961677|2
10003961705|2
10003961839|8
10003961859|2
10003961941|4
10003961943|0
10003961954|8
10003961963|6
10003961999|7
10003962027|4
10003962048|7
10003962073|3
10003962149|0
10003962252|0
10003962282|4
10003962290|4
10003962422|6
10003962521|9
10003962578|1
10003962625|5
10003962631|8
10003962662|0
10003962666|9
10003962676|8
10003962687|6
10003962702|6
10003962715|4
10003962724|3
10003962730|2
10003962736|8
10003962740|0
10003962742|2
10003962747|2
10003962748|5
10003962753|9
10003962758|0
10003962767|3
10003962768|5
10003962769|4
10003962772|7
10003962775|6
10003962779|8
10003962782|7
10003962791|4
10003962794|1
10003962806|8
10003962810|0
10003962816|9
10003962818|3
10003962842|4
10003962844|0
10003962846|6
10003962848|1
10003962862|3
10003962874|6
10003962885|0
10003962895|0
10003962908|6
10003962909|0
10003962917|9
10003962924|9
10003962937|3
10003962960|8
10003962962|1
10003962968|0
10003962969|9
10003962970|0
10003963025|2
10003963029|7
10003963032|0
10003963064|9
10003963069|6
10003963089|7
10003963100|4
10003963109|3
10003963116|9
10003963117|6
10003963125|2
10003963141|2
10003963145|7
10003963153|7
10003963155|1
10003963166|3
10003963173|3
10003963194|9
10003963198|8
10003963199|4
10003963200|1
10003963204|7
10003963205|1
10003963208|7
10003963210|8
10003963213|0
10003963214|4
10003963216|8
10003963221|6
10003963224|1
10003963227|0
10003963238|5
10003963260|7
10003963272|2
10003963288|2
10003963299|5
10003963340|0
10003963370|0
10003963371|3
10003963372|3
10003963373|6
10003963375|3
10003963376|3
10003963378|9
10003963380|3
10003963391|1
10003963422|9
10003963444|1
10003963449|2
10003963460|7
10003963482|2
10003963506|5
10003963511|2
10003963516|5
10003963558|0
10003963572|5
10003963583|8
10003963606|1
10003963731|2
10003963732|1
10003963733|2
10003963735|5
10003963737|1
10003963738|9
10003963740|3
10003963741|8
10003963752|7
10003963754|7
10003963761|6
10003963762|7
10003963766|5
10003963768|4
10003963770|8
10003963772|0
10003963775|7
10003963777|5
10003963779|2
10003963781|6
10003963785|8
10003963787|4
10003963789|5
10003963792|2
10003963805|5
10003963810|8
10003963812|2
10003963818|2
10003963819|7
10003963820|3
10003963821|4
10003963823|2
10003963824|1
10003963826|2
10003963838|0
10003963843|3
10003963844|6
10003963845|6
10003963905|2
10003963906|3
10003963914|6
10003963973|8
10003963979|0
10003963982|6
10003964056|9
10003964094|2
10003964100|5
10003964104|9
10003964128|8
10003964131|6
10003964135|2
10003964136|0
10003964138|7
10003964139|0
10003964299|7
10003964301|0
10003964303|6
10003964308|2
10003964311|4
10003964313|5
10003964314|3
10003964315|8
10003964316|7
10003964321|5
10003964347|6
10003964351|4
10003964353|7
10003964354|8
10003964355|3
10003964359|5
10003964365|7
10003964369|0
10003964386|2
10003964473|5
10003964526|8
10003964533|7
10003964584|4
10003964589|8
10003964602|4
10003964714|5
10003964720|0
10003964722|8
10003964822|5
10003964824|9
10003964831|5
10003964832|9
10003964833|5
10003964834|4
10003964836|1
10003964854|6
10003964855|1
10003964891|3
10003964893|6
10003964900|5
10003964905|5
10003964908|6
10003964915|1
10003965025|6
10003965038|7
10003965090|7
10003965100|7
10003965103|1
10003965104|7
10003965107|4
10003965108|4
10003965111|5
10003965437|8
10003965502|1
10003965601|7
10003965636|6
10003965637|5
10003965640|6
10003965643|6
10003965644|8
10003965646|3
10003965650|8
10003965651|5
10003965854|5
10003965858|5
10003965868|3
10003965874|3
10003965875|0
10003965880|5
10003965886|7
10003965889|9
10003965912|2
10003965917|1
10003965957|4
10003965958|5
10003965959|7
10003965962|7
10003965966|4
10003965969|8
10003965979|4
10003965994|9
10003965998|5
10003966000|2
10003966047|2
10003966056|0
10003966354|8
10003966373|5
10003966378|4
10003966384|1
10003966390|1
10003966394|7
10003966399|5
10003966432|5
10003966443|5
10003966455|4
10003966474|4
10003966487|0
10003966496|7
10003966514|6
10003966520|3
10003966524|9
10003966551|0
10003966553|3
10003966554|1
10003966648|3
10003966649|4
10003966651|8
10003966909|3
10003966917|3
10003966935|5
10003966936|1
10003966947|8
10003966953|6
10003966964|9
10003966975|4
10003966983|8
10003966984|4
10003966999|0
10003967001|2
10003967235|7
10003967236|0
10003967238|6
10003967303|3
10003967305|7
10003967310|6
10003967313|8
10003967353|6
10003967361|9
10003967363|9
10003967366|2
10003967369|7
10003967382|1
10003967387|6
10003967403|5
10003967417|5
10003967420|6
10003967458|6
10003967530|6
10003967535|5
10003967546|2
10003967557|5
10003967562|9
10003967584|4
10003967587|3
10003967673|8
10003967751|6
10003967759|2
10003967767|9
10003967774|9
10003967776|9
10003967778|2
10003967785|3
10003967787|1
10003967792|8
10003967796|3
10003968128|7
10003968240|7
10003968242|5
10003968245|0
10003968247|0
10003968248|9
10003968249|4
10003968250|2
10003968253|3
10003968265|9
10003968267|3
10003968269|6
10003968274|2
10003968287|1
10003968320|4
10003968331|0
10003968390|0
10003968414|6
10003968422|5
10003968433|8
10003968441|6
10003968450|7
10003968453|3
10003968460|8
10003968465|3
10003968468|8
10003968474|3
10003968476|0
10003968491|2
10003968599|5
10003968605|5
10003968607|9
10003968611|4
10003968619|6
10003968659|2
10003968672|0
10003968689|4
10003968709|3
10003968726|5
10003968882|6
10003968886|4
10003968999|5
10003969141|4
10003969153|2
10003969167|9
10003969203|2
10003969212|9
10003969214|6
10003969228|6
10003969235|0
10003969238|6
10003969239|1
10003969243|4
10003969245|5
10003969250|8
10003969251|6
10003969258|1
10003969261|3
10003969262|7
10003969263|2
10003969264|9
10003969268|9
10003969270|1
10003969274|4
10003969276|4
10003969277|6
10003969278|9
10003969281|3
10003969288|1
10003969295|8
10003969360|1
10003969364|3
10003969392|8
10003969394|2
10003969395|3
10003969397|5
10003969401|2
10003969403|4
10003969405|3
10003969406|4
10003969407|6
10003969409|5
10003969410|2
10003969411|6
10003969412|2
10003969414|3
10003969419|3
10003969422|4
10003969424|6
10003969425|8
10003969430|8
10003969432|9
10003969437|7
10003969441|7
10003969442|1
10003969445|4
10003969457|4
10003969459|9
10003969461|6
10003969468|5
10003969543|2
10003969545|5
10003969548|4
10003969556|5
10003969563|2
10003969564|9
10003969570|8
10003969574|7
10003969575|7
10003969576|3
10003969578|8
10003969581|1
10003969605|3
10003969618|2
10003969628|2
10003969719|1
10003969720|0
10003969723|8
10003969725|8
10003969733|9
10003969741|1
10003969742|4
10003969747|5
10003969753|2
10003969756|6
10003969765|9
10003969785|6
10003969799|0
10003969864|7
10003969885|3
10003969888|1
10003969893|3
10003969895|1
10003969896|9
10003969897|4
10003969898|9
10003969899|1
10003969910|6
10003969911|1
10003969949|9
10003969987|8
10003969993|9
10003970105|4
10003970108|7
10003970109|6
10003970143|7
10003970149|2
10003970190|0
10003970235|7
10003970307|1
10003970322|2
10003970345|6
10003970393|7
10003970414|3
10003970419|2
10003970438|4
10003970440|0
10003970447|9
10003970550|5
10003970569|5
10003970676|2
10003970720|9
10003970726|9
10003970936|9
10003970938|1
10003970946|5
10003970968|8
10003970974|7
10003970976|6
10003971004|6
10003971045|3
10003971060|0
10003971093|7
10003971103|4
10003971137|0
10003971151|5
10003971157|8
10003971162|0
10003971170|7
10003971175|8
10003971193|3
10003971203|0
10003971216|0
10003971247|9
10003971259|6
10003971261|4
10003971273|0
10003971282|8
10003971286|5
10003971290|3
10003971292|4
10003971302|1
10003971304|8
10003971308|1
10003971314|2
10003971375|2
10003971379|6
10003971382|5
10003971424|1
10003971426|1
10003971428|7
10003971429|5
10003971436|3
10003971438|9
10003971477|3
10003971565|9
10003971884|0
10003971893|8
10003971896|4
10003971912|4
10003972107|4
10003972290|6
10003972313|6
10003972334|7
10003972340|9
10003972403|5
10003972407|9
10003972448|9
10003972467|5
10003972474|1
10003972476|9
10003972482|2
10003972485|5
10003972487|7
10003972490|9
10003972499|1
10003972539|2
10003972543|3
10003972566|9
10003972569|9
10003972573|8
10003972577|7
10003972583|3
10003972601|9
10003972608|6
10003972620|6
10003972622|8
10003972625|7
10003972627|5
10003972629|2
10003972633|7
10003972640|6
10003972641|3
10003972647|7
10003972651|4
10003972653|8
10003972656|5
10003972659|3
10003972660|3
10003972661|7
10003972664|8
10003972665|9
10003972668|6
10003972669|8
10003972670|8
10003972674|8
10003972677|5
10003972681|3
10003972682|3
10003972686|7
10003972692|1
10003972695|4
10003972699|8
10003972701|2
10003972702|9
10003972703|3
10003972704|7
10003972705|0
10003972706|6
10003972707|7
10003972708|5
10003972709|9
10003972710|2
10003972711|4
10003972713|8
10003972726|5
10003972731|6
10003972749|7
10003972750|7
10003972751|2
10003972757|3
10003972768|1
10003972772|6
10003972781|7
10003972785|0
10003972813|6
10003972818|0
10003972822|1
10003972823|5
10003972827|7
10003972832|0
10003972837|4
10003972850|9
10003972851|5
10003972854|4
10003972857|1
10003972860|4
10003972885|3
10003972887|8
10003972893|2
10003972896|1
10003972904|6
10003972910|0
10003972917|5
10003972925|4
10003972933|3
10003972936|9
10003972937|0
10003972943|5
10003972948|5
10003972949|9
10003972954|3
10003972960|0
10003972967|1
10003972976|8
10003972979|3
10003972984|1
10003972991|0
10003972993|5
10003972997|6
10003972999|4
10003973003|2
10003973008|6
10003973089|6
10003973091|8
10003973096|7
10003973097|0
10003973098|1
10003973099|2
10003973103|4
10003973126|0
10003973130|5
10003973132|8
10003973167|7
10003973189|4
10003973215|8
10003973273|1
10003973281|7
10003973284|2
10003973290|9
10003973300|9
10003973302|2
10003973303|6
10003973308|1
10003973320|1
10003973322|9
10003973324|7
10003973335|0
10003973340|4
10003973343|3
10003973345|7
10003973349|7
10003973369|0
10003973373|4
10003973394|7
10003973446|1
10003973480|7
10003973483|3
10003973486|0
10003973487|0
10003973496|4
10003973499|6
10003973501|1
10003973506|8
10003973509|5
10003973514|0
10003973519|0
10003973526|9
10003973532|5
10003973538|5
10003973542|6
10003973544|9
10003973549|9
10003973555|7
10003973558|5
10003973563|9
10003973570|0
10003973573|6
10003973581|3
10003973622|4
10003973636|8
10003973639|1
10003973644|7
10003973650|7
10003973663|4
10003973734|1
10003973860|0
10003973882|0
10003973888|5
10003973900|7
10003973902|4
10003973918|7
10003974051|9
10003974150|9
10003974152|3
10003974191|6
10003974212|6
10003974278|6
10003974301|4
10003974310|5
10003974322|6
10003974469|8
10003974473|0
10003974483|2
10003974499|0
10003974501|4
10003974514|2
10003974524|0
10003974528|2
10003974532|7
10003974544|6
10003974552|8
10003974563|8
10003974574|4
10003974632|8
10003974639|1
10003974641|1
10003974654|3
10003974670|2
10003974674|4
10003974678|1
10003974681|7
10003974686|3
10003974795|0
10003974885|1
10003974929|8
10003974947|4
10003974999|6
10003975006|0
10003975018|4
10003975028|1
10003975033|5
10003975037|0
10003975127|9
10003975139|0
10003975141|7
10003975143|5
10003975149|5
10003975160|0
10003975166|8
10003975174|6
10003975187|0
10003975199|6
10003975202|0
10003975223|1
10003975226|6
10003975227|6
10003975228|2
10003975273|5
10003975371|2
10003975373|7
10003975380|9
10003975385|8
10003975413|5
10003975416|6
10003975419|4
10003975422|3
10003975425|3
10003975430|1
10003975431|8
10003975439|0
10003975442|9
10003975444|1
10003975449|1
10003975453|6
10003975456|8
10003975459|2
10003975529|8
10003975553|1
10003975560|4
10003975563|7
10003975574|4
10003975612|3
10003975618|3
10003975622|6
10003975632|8
10003975633|4
10003975634|9
10003975635|6
10003975939|3
10003975952|4
10003976063|8
10003976079|3
10003976095|9
10003976111|2
10003976116|3
10003976120|6
10003976127|4
10003976361|8
10003976376|1
10003976381|3
10003976385|5
10003976393|7
10003976398|4
10003976453|8
10003976455|5
10003976458|3
10003976461|2
10003976466|1
10003976471|7
10003976476|1
10003976482|5
10003976490|5
10003976542|6
10003976547|0
10003976556|5
10003976595|4
10003976745|6
10003976746|8
10003976747|2
10003976759|8
10003976761|0
10003976762|6
10003976763|0
10003976764|3
10003976765|8
10003976767|4
10003976769|5
10003976774|3
10003976776|9
10003976800|3
10003976805|0
10003976807|3
10003976809|9
10003976811|7
10003976812|8
10003976822|9
10003976826|8
10003976834|9
10003976837|4
10003976841|9
10003976843|1
10003976846|9
10003976850|3
10003976854|1
10003976859|0
10003976864|2
10003976869|1
10003976873|0
10003976878|7
10003976885|8
10003976890|2
10003976897|5
10003976903|3
10003976931|0
10003976940|0
10003976945|6
10003976955|2
10003976957|4
10003976966|2
10003976969|4
10003976970|8
10003977011|0
10003977012|1
10003977013|2
10003977014|4
10003977015|4
10003977016|6
10003977017|8
10003977025|3
10003977067|4
10003977144|6
10003977211|3
10003977313|8
10003977344|2
10003977346|0
10003977352|9
10003977354|1
10003977359|5
10003977422|5
10003977576|4
10003977579|7
10003977589|9
10003977621|6
10003977959|0
10003977969|9
10003978015|9
10003978208|7
10003978304|0
10003978309|8
10003978321|6
10003978455|8
10003978474|7
10003978479|4
10003978514|3
10003978535|9
10003978546|5
10003978558|0
10003978668|0
10003978728|3
10003978733|6
10003978741|2
10003978749|8
10003978759|9
10003978764|1
10003978768|3
10003978774|8
10003978799|6
10003978949|6
10003978950|0
10003978951|9
10003978952|8
10003978962|6
10003978964|9
10003979116|2
10003979276|1
10003979327|5
10003979376|6
10003979382|1
10003979384|9
10003979523|4
10003979764|6
10003979775|5
10003979787|8
10003979794|6
10003979802|1
10003979859|8
10003979863|5
10003979891|7
10003979892|2
10003979911|4
10003979974|3
10003979983|2
10003980029|8
10003980035|0
10003980042|7
10003980056|4
10003980061|5
10003980070|3
10003980191|7
10003980307|6
10003980354|0
10003980369|3
10003980577|9
10003980593|8
10003980749|9
10003980772|8
10003980882|5
10003980932|3
10003980945|5
10003981040|5
10003981047|9
10003981054|2
10003981061|4
10003981200|7
10003981221|0
10003981265|0
10003981290|0
10003981293|1
10003981295|6
10003981319|4
10003981337|1
10003981345|6
10003981346|3
10003981363|2
10003981381|7
10003981391|8
10003981496|8
10003981506|1
10003981516|7
10003981526|8
10003981533|8
10003981597|4
10003981608|3
10003981743|6
10003981747|3
10003981761|5
10003981762|9
10003981776|5
10003981783|8
10003981788|7
10003981797|2
10003981804|2
10003981835|0
10003981846|2
10003981849|8
10003981870|3
10003981875|5
10003981887|8
10003981892|9
10003981902|9
10003981928|9
10003981942|0
10003981960|0
10003981964|1
10003981965|5
10003981968|0
10003981972|2
10003981976|7
10003981977|2
10003981978|3
10003981980|7
10003981981|2
10003981982|9
10003981984|4
10003981985|1
10003981986|3
10003981994|0
10003981996|1
10003981998|7
10003982001|5
10003982002|9
10003982003|8
10003982012|5
10003982014|2
10003982016|7
10003982041|5
10003982045|8
10003982066|6
10003982317|8
10003982327|6
10003982335|8
10003982358|3
10003982361|8
10003982364|8
10003982375|6
10003982379|6
10003982382|6
10003982404|0
10003982442|8
10003982448|2
10003982454|3
10003982490|0
10003982513|1
10003982520|4
10003982618|9
10003982619|2
10003982620|3
10003982625|6
10003982901|7
10003982904|8
10003982920|5
10003982926|8
10003982930|3
10003982933|5
10003982936|6
10003982939|3
10003982941|9
10003982944|9
10003983007|5
10003983014|5
10003983016|0
10003983017|0
10003983019|2
10003983102|5
10003983107|4
10003983122|5
10003983128|4
10003983130|1
10003983135|2
10003983153|8
10003983187|4
10003983199|4
10003983206|4
10003983207|9
10003983208|0
10003983213|6
10003983245|1
10003983248|0
10003983276|7
10003983291|2
10003983420|3
10003983424|2
10003983426|8
10003983427|7
10003983429|4
10003983431|2
10003983432|0
10003983440|0
10003983441|6
10003983448|8
10003983454|8
10003983456|7
10003983461|6
10003983466|2
10003983476|5
10003983478|3
10003983484|0
10003983582|8
10003983602|9
10003983603|9
10003983612|9
10003983616|7
10003983621|4
10003983629|2
10003983631|9
10003983647|7
10003983652|1
10003983653|8
10003983654|7
10003983667|7
10003983669|0
10003983675|8
10003983676|8
10003983681|6
10003983685|8
10003983694|1
10003983695|7
10003983726|1
10003983794|1
10003983862|7
10003983900|4
10003983928|8
10003983932|0
10003983934|2
10003983944|1
10003983947|2
10003983949|3
10003983953|5
10003983958|2
10003983973|9
10003984096|0
10003984108|3
10003984134|3
10003984363|3
10003984405|7
10003984431|6
10003984440|4
10003984449|3
10003984536|9
10003984580|6
10003984584|7
10003984585|3
10003984587|5
10003984588|4
10003984591|1
10003984656|3
10003984659|1
10003984666|5
10003984670|2
10003984681|1
10003984688|5
10003984691|9
10003984700|3
10003984705|1
10003984709|5
10003984725|0
10003984734|8
10003984738|7
10003984757|0
10003984759|8
10003984760|8
10003984767|7
10003984792|0
10003984793|6
10003984795|6
10003984796|0
10003984802|1
10003984806|6
10003985035|7
10003985039|7
10003985044|4
10003985047|6
10003985052|6
10003985073|4
10003985077|1
10003985089|5
10003985251|9
10003985262|3
10003985345|6
10003985361|6
10003985385|5
10003985392|0
10003985395|7
10003985405|0
10003985409|2
10003985416|9
10003985418|7
10003985427|2
10003985444|5
10003985448|7
10003985454|0
10003985463|5
10003985471|3
10003985483|5
10003985484|1
10003985488|7
10003985491|3
10003985506|6
10003985556|3
10003985563|0
10003985565|8
10003985566|2
10003985568|6
10003985569|9
10003985579|4
10003985587|5
10003985597|8
10003985609|3
10003985626|1
10003985652|9
10003985662|8
10003985678|0
10003985696|8
10003985698|6
10003985703|1
10003985726|9
10003985730|8
10003985735|6
10003985749|5
10003985757|1
10003985760|0
10003985762|4
10003985769|3
10003985779|4
10003985786|0
10003985789|0
10003985793|0
10003985794|8
10003985797|0
10003985801|4
10003985803|0
10003985819|9
10003985823|0
10003985826|6
10003985831|7
10003985833|4
10003985841|7
10003985844|2
10003985849|6
10003985850|1
10003985852|8
10003985854|7
10003985857|2
10003985860|6
10003985865|4
10003985866|8
10003985867|0
10003985881|7
10003985883|4
10003985886|0
10003985907|3
10003986085|2
10003986101|9
10003986110|0
10003986127|6
10003986172|5
10003986178|4
10003986267|9
10003986270|7
10003986276|3
10003986285|8
10003986287|3
10003986293|0
10003986298|0
10003986299|2
10003986301|3
10003986311|0
10003986342|1
10003986359|6
10003986365|3
10003986368|8
10003986626|6
10003986633|5
10003986638|5
10003986675|4
10003986685|7
10003986703|0
10003986706|8
10003986726|4
10003986758|3
10003986781|4
10003986797|6
10003986799|6
10003986817|3
10003986820|3
10003986826|0
10003986830|8
10003986837|0
10003986843|4
10003986851|7
10003986853|6
10003986863|8
10003986930|9
10003986937|7
10003986938|2
10003986943|8
10003986999|6
10003987005|4
10003987028|6
10003987082|4
10003987105|6
10003987106|0
10003987107|6
10003987128|8
10003987130|3
10003987133|7
10003987134|6
10003987136|7
10003987165|7
10003987193|9
10003987258|8
10003987270|2
10003987280|2
10003987285|4
10003987290|3
10003987291|3
10003987293|3
10003987296|5
10003987302|0
10003987306|5
10003987308|4
10003987312|4
10003987315|1
10003987319|0
10003987321|6
10003987324|6
10003987327|8
10003987330|6
10003987333|6
10003987336|0
10003987348|0
10003987349|0
10003987351|0
10003987353|3
10003987422|8
10003987441|1
10003987462|6
10003987467|6
10003987523|4
10003987613|5
10003987649|0
10003987655|9
10003987657|3
10003987658|2
10003987659|8
10003987662|5
10003987663|5
10003987665|2
10003987666|1
10003987667|7
10003987669|0
10003987809|8
10003987820|4
10003987825|3
10003987827|3
10003987828|6
10003987910|0
10003987990|4
10003988089|4
10003988114|6
10003988121|2
10003988269|4
10003988271|0
10003988276|3
10003988288|6
10003988308|3
10003988336|6
10003988342|7
10003988346|8
10003988348|4
10003988349|8
10003988773|2
10003988815|7
10003988858|0
10003988879|6
10003988884|4
10003988895|4
10003988897|0
10003988901|6
10003988903|4
10003988907|8
10003988912|5
10003988918|2
10003988928|9
10003988932|2
10003988935|4
10003988941|9
10003988946|7
10003988949|9
10003988953|0
10003988957|0
10003988964|3
10003988968|2
10003988972|6
10003988975|8
10003988980|2
10003988984|8
10003988988|1
10003989038|4
10003989042|5
10003989043|8
10003989045|1
10003989046|9
10003989047|4
10003989048|8
10003989049|4
10003989050|7
10003989052|3
10003989053|4
10003989055|7
10003989058|0
10003989059|5
10003989073|1
10003989076|6
10003989090|3
10003989105|9
10003989141|0
10003989145|8
10003989150|8
10003989170|1
10003989174|5
10003989178|4
10003989182|0
10003989193|6
10003989206|0
10003989209|3
10003989224|1
10003989228|1
10003989355|1
10003989357|1
10003989363|9
10003989366|0
10003989368|8
10003989370|5
10003989371|4
10003989372|0
10003989375|7
10003989376|5
10003989378|0
10003989379|0
10003989380|0
10003989384|0
10003989385|2
10003989386|5
10003989391|7
10003989392|6
10003989393|3
10003989481|5
10003989482|4
10003989483|1
10003989487|9
10003989488|9
10003989489|7
10003989543|6
10003989553|0
10003989561|4
10003989572|0
10003989575|7
10003989595|9
10003989599|3
10003989606|4
10003989608|9
10003989610|7
10003989611|0
10003989612|7
10003989621|6
10003989642|5
10003989650|7
10003989724|0
10003989742|1
10003989749|5
10003989761|4
10003989774|6
10003989893|1
10003989898|9
10003989903|2
10003989910|2
10003989917|3
10003989919|8
10003989922|8
10003989930|6
10003989964|9
10003989968|7
10003989975|8
10003989987|3
10003990080|1
10003990103|6
10003990106|7
10003990119|6
10003990124|7
10003990133|5
10003990356|9
10003990366|9
10003990371|2
10003990375|4
10003990376|4
10003990388|2
10003990393|8
10003990401|6
10003990405|5
10003990408|6
10003990409|4
10003990410|7
10003990418|9
10003990420|3
10003990421|2
10003990427|5
10003990429|2
10003990440|5
10003990441|7
10003990618|1
10003990806|1
10003990809|0
10003990811|7
10003990815|8
10003990825|4
10003990827|4
10003990828|2
10003990830|8
10003990832|2
10003990851|0
10003990855|4
10003990911|6
10003990922|4
10003990925|5
10003990931|3
10003990936|3
10003990942|8
10003990945|0
10003990949|5
10003990956|6
10003990965|9
10003990999|7
10003991047|7
10003991052|4
10003991058|3
10003991064|0
10003991078|2
10003991134|6
10003991162|5
10003991179|2
10003991187|4
10003991195|3
10003991665|2
10003992017|3
10003992212|0
10003992487|0
10003992490|1
10003992633|9
10003992789|8
10003993193|8
10003993451|3
10003993488|5
10003993492|7
10003993506|6
10003993526|0
10003993531|1
10003993534|1
10003993539|4
10003993548|6
10003993550|0
10003993926|4
10003993927|3
10003993928|7
10003993929|7
10003993930|3
10003993931|3
10003993969|7
10003993972|0
10003993974|8
10003993975|4
10003993976|5
10003993984|4
10003994006|8
10003994121|0
10003994136|2
10003994144|8
10003994147|8
10003994171|8
10003994174|8
10003994177|5
10003994249|2
10003994253|8
10003994254|9
10003994255|1
10003994257|4
10003994259|8
10003994260|6
10003994263|4
10003994266|5
10003994299|0
10003994309|2
10003994388|6
10003994497|4
10003994504|5
10003994514|3
10003994517|0
10003994520|9
10003994539|9
10003994548|5
10003994552|2
10003994554|4
10003994650|2
10003994674|8
10003994695|3
10003994703|7
10003994723|6
10003995241|9
10003995345|3
10003995347|0
10003995349|0
10003995352|2
10003995353|8
10003995356|4
10003995358|3
10003995360|5
10003995362|7
10003995386|4
10003995465|5
10003995477|9
10003995662|2
10003995665|4
10003995667|0
10003995686|0
10003995688|9
10003995695|1
10003995796|7
10003995817|9
10003995823|5
10003995824|4
10003995826|5
10003995832|6
10003995870|1
10003995898|0
10003995900|0
10003995901|0
10003995902|2
10003995903|2
10003995904|9
10003995905|3
10003995906|1
10003995912|1
10003995924|2
10003995926|6
10003995929|0
10003995931|2
10003995947|3
10003995975|6
10003996007|8
10003996011|3
10003996027|6
10003996040|4
10003996046|3
10003996050|0
10003996055|5
10003996056|1
10003996062|6
10003996110|6
10003996114|3
10003996119|9
10003996127|6
10003996132|8
10003996134|8
10003996137|3
10003996145|8
10003996147|0
10003996155|9
10003996160|2
10003996168|8
10003996307|6
10003996308|3
10003996315|8
10003996322|3
10003996324|6
10003996326|1
10003996329|7
10003996339|1
10003996345|7
10003996347|4
10003996353|1
10003996358|2
10003996360|0
10003996378|3
10003996424|6
10003996461|7
10003996463|9
10003996465|3
10003996468|3
10003996475|7
10003996494|0
10003996600|3
10003996605|5
10003996606|9
10003996665|9
10003996773|9
10003996776|3
10003996788|4
10003996790|8
10003996795|7
10003996799|1
10003996802|5
10003996816|2
10003996828|9
10003996837|6
10003996840|4
10003996843|2
10003996851|8
10003996852|9
10003996874|5
10003996887|7
10003996891|5
10003996897|5
10003996901|5
10003996920|5
10003996925|9
10003996945|2
10003996958|7
10003996965|9
10003997098|0
10003997243|5
10003997377|8
10003997401|1
10003997431|8
10003997434|0
10003997436|5
10003997456|9
10003997469|5
10003997473|8
10003997486|3
10003997488|2
10003997569|0
10003997592|0
10003997594|0
10003997600|9
10003997605|7
10003997612|1
10003997617|9
10003997619|5
10003997641|4
10003997653|6
10003997700|9
10003997718|8
10003997725|0
10003997732|1
10003997735|7
10003997737|9
10003997739|2
10003997741|2
10003997742|5
10003997748|7
10003997752|3
10003997790|0
10003998028|5
10003998033|8
10003998048|1
10003998052|6
10003998059|3
10008647043|3
10008647222|2
10008647472|2
10008647504|0
10008647529|2
10008647542|6
10008647925|5
10008648126|3
10008648141|9
10008648149|3
10008648157|4
10008648173|2
10008648177|4
10008648179|2
10008648182|3
10008648189|7
10008648194|6
10008648218|0
10008648284|8
10008648288|6
10008648322|2
10008648419|8
10008648497|2
10008648689|5
10008648695|2
10008648698|4
10008648704|2
10008648705|7
10008648711|4
10008648789|9
10008648849|4
10008648880|5
10008648883|5
10008648885|7
10008648891|4
10008648901|8
10008648917|0
10008648918|7
10008648921|1
10008648923|5
10008648926|4
10008648930|6
10008648932|9
10008648933|6
10008649193|9
10008649220|0
10008649236|2
10008649238|6
10008649242|1
10008649245|3
10008649248|2
10008649250|1
10008649252|7
10008649266|8
10008649268|3
10008649270|5
10008649308|6
10008649318|4
10008649395|3
10008649399|5
10008649401|1
10008649417|8
10008649422|7
10008649427|0
10008649430|2
10008649432|0
10008649434|2
10008649436|2
10008649439|6
10008649447|0
10008649451|4
10008649452|0
10008649454|0
10008649464|1
10008649469|9
10008649475|7
10008649479|1
10008649481|6
10008649489|8
10008649491|5
10008649492|5
10008649494|0
10008649495|3
10008649496|3
10008649498|5
10008649501|2
10008649688|7
10008649886|4
10008649917|9
10008649921|3
10008649982|3
10008649987|2
10008649990|9
10008650008|5
10008650127|2
10008650145|3
10008650156|4
10008650157|8
10008650335|2
10008650482|8
10008650486|5
10008650491|6
10008650493|0
10008650496|8
10008650499|4
10008650502|8
10008650512|6
10008650520|6
10008650527|3
10008650528|4
10008650536|8
10008650542|9
10008650574|0
10008650580|7
10008650582|8
10008650583|6
10008650701|7
10008650730|6
10008650755|0
10008650794|8
10008650858|7
10008650964|5
10008651035|8
10008651044|2
10008651064|8
10008651116|6
10008651176|9
10008651210|9
10008651627|2
10008651630|2
10008651635|6
10008651643|9
10008651661|3
10008651664|0
10008651672|0
10008651679|0
10008651697|8
10008651698|8
10008651702|4
10008651728|1
10008651740|7
10008651742|8
10008651758|6
10008651777|0
10008651782|9
10008651945|5
10008652337|6
10008652545|0
10008652577|5
10008652578|7
10008652580|8
10008652586|2
10008652593|7
10008652601|6
10008652619|1
10008652622|7
10008652631|2
10008652633|9
10008652642|3
10008653116|8
10008653412|1
10008653413|1
10008653414|9
10008653415|5
10008653417|4
10008653418|3
10008653419|5
10008653520|1
10008653550|8
10008653551|2
10008653552|3
10008653553|2
10008653554|9
10008653555|4
10008653602|1
10008653609|3
10008653610|0
10008653615|5
10008653619|6
10008653620|7
10008653629|7
10008653918|8
10008654106|2
10008654136|9
10008654137|5
10008654139|4
10008654140|9
10008654143|2
10008654188|5
10008654196|5
10008654198|2
10008654201|2
10008654206|5
10008654220|5
10008654223|5
10008654225|4
10008654229|4
10008654233|0
10008654250|6
10008654255|8
10008654267|5
10008654296|9
10008654317|8
10008654320|3
10008654412|3
10008654461|6
10008654524|3
10008654862|2
10008654864|8
10008654883|0
10008654987|6
10008654990|7
10008655005|2
10008655011|4
10008655035|8
10008655068|8
10008655075|1
10008655088|0
10008655109|0
10008655121|6
10008655381|4
10008655496|9
10008655498|4
10008655501|8
10008655502|9
10008655509|6
10008655512|2
10008655517|0
10008655521|3
10008655524|7
10008655527|4
10008655528|0
10008655533|8
10008655540|5
10008655541|5
10008655543|2
10008655546|9
10008655550|2
10008655556|9
10008655612|7
10008655615|7
10008655621|4
10008655628|0
10008655632|2
10008655685|2
10008655694|2
10008655699|1
10008655700|0
10008655705|6
10008655708|9
10008655712|2
10008655769|6
10008655772|1
10008655777|2
10008655778|1
10008655779|7
10008655780|5
10008655781|0
10008655782|7
10008655783|3
10008655786|2
10008655787|7
10008655790|5
10008655794|4
10008655952|8
10008656096|0
10008656116|8
10008656120|8
10008656123|9
10008656251|7
10008656260|9
10008656297|6
10008656301|9
10008656306|5
10008656311|6
10008656315|7
10008656332|0
10008656338|0
10008656340|2
10008656513|4
10008656656|7
10008656666|2
10008656683|1
10008656698|6
10008656709|5
10008656726|8
10008656729|4
10008656731|0
10008656737|0
10008656738|6
10008656747|5
10008656753|6
10008656755|7
10008656756|5
10008656758|3
10008656760|8
10008656762|0
10008656766|9
10008656772|5
10008656777|8
10008656779|5
10008656787|2
10008656788|7
10008656791|9
10008656795|2
10008656799|8
10008656990|6
10008656992|0
10008656993|3
10008656996|6
10008657117|2
10008657119|7
10008657121|5
10008657123|7
10008657126|5
10008657130|6
10008657132|1
10008657133|4
10008657134|2
10008657183|3
10008657187|1
10008657204|2
10008657224|6
10008657229|0
10008657283|2
10008657295|7
10008657307|3
10008657316|2
10008657343|2
10008657369|0
10008657375|3
10008657379|7
10008657382|5
10008657384|3
10008657386|6
10008657387|9
10008657388|2
10008657393|6
10008657396|6
10008657398|1
10008657401|0
10008657404|1
10008657605|9
10008657606|6
10008657607|0
10008657608|5
10008657609|7
10008657611|9
10008657613|6
10008657614|9
10008657620|9
10008657814|9
10008657817|2
10008657821|8
10008657823|3
10008657826|8
10008657827|7
10008657832|8
10008657836|8
10008657837|0
10008657838|2
10008657856|4
10008657859|2
10008657904|0
10008657906|1
10008657910|7
10008657911|5
10008657935|7
10008657939|6
10008657943|9
10008657946|3
10008657948|1
10008657950|2
10008657952|9
10008657953|7
10008657955|1
10008657960|8
10008657969|6
10008657973|2
10008657978|5
10008657979|8
10008657980|5
10008657983|4
10008657988|8
10008657990|1
10008658050|0
10008658137|4
10008658197|1
10008658242|4
10008658260|1
10008658263|5
10008658265|0
10008658268|2
10008658270|4
10008658271|7
10008658273|6
10008658276|0
10008658279|2
10008658282|2
10008658341|1
10008658349|4
10008658414|1
10008658443|3
10008658455|0
10008658490|6
10008658500|3
10008658503|4
10008658697|6
10008658785|2
10008658894|5
10008658949|3
10008659102|0
10008659202|5
10008659203|0
10008659204|7
10008659205|3
10008659206|6
10008659207|8
10008659208|7
10008659210|8
10008659212|4
10008659213|8
10008659215|1
10008659219|0
10008659220|9
10008659222|8
10008659224|6
10008659226|1
10008659229|4
10008659231|8
10008659235|3
10008659238|3
10008659247|7
10008659248|5
10008659253|0
10008659256|7
10008659258|5
10008659273|3
10008659285|1
10008659287|9
10008659289|4
10008659291|7
10008659295|6
10008659299|0
10008659314|5
10008659322|9
10008659324|5
10008659365|1
10008659374|3
10008659376|1
10008659377|3
10008659379|8
10008659381|2
10008659382|1
10008659384|2
10008659390|8
10008659392|8
10008659395|7
10008659396|1
10008659398|5
10008659408|6
10008659411|7
10008659421|2
10008659427|0
10008659432|7
10008659438|4
10008659440|6
10008659442|8
10008659451|5
10008659514|8
10008659603|5
10008659711|2
10008659713|4
10008659715|1
10008659750|4
10008659752|4
10008659777|9
10008659781|8
10008659883|5
10008659910|1
10008659913|9
10008659917|4
10008659921|5
10008659927|2
10008659932|9
10008659935|0
10008659936|4
10008659954|0
10008659956|0
10008659975|8
10008659978|9
10008659992|8
10008659996|3
10008660027|9
10008660032|2
10008660036|6
10008660142|5
10008660143|2
10008660144|0
10008660145|4
10008660148|3
10008660179|5
10008660180|0
10008660381|4
10008660384|8
10008660387|6
10008660393|4
10008660394|0
10008660397|4
10008660400|0
10008660408|0
10008660410|3
10008660413|3
10008660416|8
10008660417|3
10008660418|6
10008660421|2
10008660422|9
10008660423|4
10008660424|6
10008660425|0
10008660427|7
10008660430|0
10008660431|6
10008660436|6
10008660443|6
10008660524|7
10008660533|1
10008660536|4
10008660576|0
10008660600|1
10008660604|2
10008660611|7
10008660615|2
10008660657|2
10008660658|9
10008660661|9
10008660662|4
10008660663|0
10008660664|7
10008660666|1
10008660667|4
10008660668|7
10008660669|9
10008660756|1
10008660758|1
10008660774|4
10008660816|7
10008660817|5
10008660819|1
10008660820|6
10008660821|7
10008660823|5
10008660831|3
10008660832|3
10008660833|2
10008660834|8
10008660837|7
10008660839|3
10008660841|9
10008660843|5
10008660846|4
10008660850|3
10008660851|4
10008660855|4
10008660857|7
10008660867|4
10008660869|4
10008660872|2
10008660873|3
10008660878|1
10008660879|5
10008660880|5
10008660882|8
10008660885|2
10008660886|4
10008660887|6
10008660888|0
10008660891|1
10008660892|4
10008660894|4
10008660897|2
10008660898|3
10008660902|2
10008660907|0
10008660911|6
10008660924|8
10008660925|8
10008660926|4
10008660942|2
10008660945|9
10008660959|6
10008660964|6
10008660967|8
10008660987|3
10008660988|8
10008660989|6
10008660990|2
10008660991|2
10008660992|8
10008660993|7
10008660994|2
10008660995|1
10008660996|8
10008661119|2
10008661121|7
10008661200|3
10008661201|3
10008661204|8
10008661222|3
10008661244|1
10008661253|3
10008661279|3
10008661291|6
10008661330|9
10008661364|1
10008661365|1
10008661381|8
10008661430|0
10008661570|9
10008661572|8
10008661575|9
10008661576|1
10008661590|9
10008661652|5
10008661658|3
10008661661|1
10008661663|5
10008661667|3
10008661668|7
10008661671|5
10008661673|2
10008661679|3
10008661681|2
10008661722|2
10008661733|7
10008661739|4
10008661744|8
10008661746|5
10008661747|5
10008661748|1
10008661753|2
10008661754|5
10008661757|4
10008661761|8
10008661765|4
10008661768|9
10008661791|5
10008661793|8
10008661795|8
10008661802|9
10008661804|3
10008661809|0
10008661819|0
10008661858|8
10008661890|2
10008661895|6
10008661900|5
10008661901|3
10008661972|4
10008661973|1
10008661975|7
10008661976|7
10008662078|9
10008662082|8
10008662164|4
10008662171|4
10008662290|8
10008662293|0
10008662296|1
10008662304|4
10008662565|1
10008662572|4
10008662577|0
10008662585|6
10008662594|8
10008662600|2
10008662605|5
10008662622|5
10008662646|5
10008662708|6
10008662713|4
10008662716|4
10008662720|6
10008662852|3
10008662853|0
10008662854|8
10008662871|3
10008662878|3
10008662885|7
10008662889|5
10008662891|4
10008662902|5
10008662908|3
10008662912|4
10008662926|3
10008662932|1
10008662946|4
10008662953|9
10008663021|0
10008663023|5
10008663025|3
10008663028|7
10008663029|6
10008663032|4
10008663038|0
10008663041|7
10008663079|9
10008663156|4
10008663157|6
10008663341|1
10008663346|4
10008663347|0
10008663352|4
10008663357|3
10008663363|3
10008663365|5
10008663368|7
10008663369|6
10008663370|0
10008663372|3
10008663374|6
10008663375|6
10008663379|4
10008663382|6
10008663387|1
10008663390|0
10008663392|4
10008663410|8
10008663415|5
10008663447|6
10008663451|2
10008663453|5
10008663456|9
10008663459|6
10008663461|7
10008663463|8
10008663466|2
10008663470|9
10008663473|2
10008663486|2
10008663487|6
10008663488|9
10008663489|6
10008663490|6
10008663491|8
10008663492|5
10008663494|7
10008663497|4
10008663499|6
10008663500|5
10008663501|9
10008663502|5
10008663507|7
10008663509|0
10008663519|6
10008663545|3
10008663563|5
10008663672|7
10008663679|5
10008663680|2
10008663681|0
10008663682|7
10008663684|9
10008663686|8
10008663687|4
10008663688|1
10008663690|4
10008663691|2
10008663694|8
10008663696|4
10008663697|8
10008663698|2
10008663759|4
10008663769|9
10008663783|8
10008663923|5
10008663924|1
10008663944|4
10008663975|6
10008664014|9
10008664016|9
10008664018|5
10008664020|5
10008664039|2
10008664041|7
10008664042|8
10008664043|0
10008664044|0
10008664045|1
10008664047|7
10008664052|4
10008664055|8
10008664059|7
10008664062|7
10008664063|2
10008664065|5
10008664067|7
10008664072|4
10008664073|8
10008664074|5
10008664075|2
10008664077|4
10008664079|0
10008664080|2
10008664081|5
10008664082|1
10008664085|8
10008664087|8
10008664090|2
10008664092|4
10008664093|3
10008664096|5
10008664097|7
10008664098|2
10008664099|7
10008664100|9
10008664109|2
10008664114|5
10008664117|3
10008664136|2
10008664139|6
10008664144|4
10008664145|0
10008664154|7
10008664165|1
10008664171|2
10008664176|8
10008664183|9
10008664184|9
10008664185|0
10008664186|4
10008664228|7
10008664230|5
10008664231|0
10008664234|6
10008664351|7
10008664353|5
10008664494|8
10008664523|6
10008664536|7
10008664537|2
10008664547|5
10008664559|4
10008664565|7
10008664568|4
10008664597|9
10008664598|9
10008664605|6
10008664608|3
10008664610|1
10008664622|5
10008664623|3
10008664625|4
10008664634|2
10008664758|1
10008664772|6
10008664773|9
10008664774|8
10008664775|0
10008664776|5
10008664777|2
10008664788|6
10008664791|5
10008664795|9
10008664981|7
10008664982|7
10008664983|4
10008664986|9
10008664988|4
10008664991|2
10008665000|6
10008665014|5
10008665027|0
10008665043|3
10008665046|7
10008665048|9
10008665049|5
10008665092|0
10008665099|4
10008665125|9
10008665132|8
10008665133|4
10008665136|1
10008665137|0
10008665153|8
10008665155|3
10008665172|8
10008665176|6
10008665177|5
10008665178|1
10008665179|4
10008665181|5
10008665200|6
10008665201|3
10008665202|5
10008665203|0
10008665204|0
10008665205|4
10008665206|5
10008665207|5
10008665253|0
10008665254|3
10008665275|4
10008665276|9
10008665278|8
10008665396|2
10008665397|4
10008665398|1
10008665399|1
10008665439|6
10008665444|6
10008665447|0
10008665459|2
10008665492|1
10008665494|1
10008665497|8
10008665498|4
10008665503|9
10008665512|5
10008665581|9
10008665676|8
10008665681|5
10008665684|5
10008665754|7
10008665756|3
10008665757|8
10008665823|1
10008665828|3
10008666067|0
10008666068|7
10008666069|2
10008666070|3
10008666071|9
10008666072|6
10008666075|9
10008666076|0
10008666080|3
10008666083|7
10008666086|6
10008666089|5
10008666090|8
10008666091|3
10008666092|4
10008666093|9
10008666094|0
10008666097|5
10008666099|6
10008666120|4
10008666128|4
10008666129|3
10008666135|8
10008666137|1
10008666140|1
10008666144|4
10008666146|3
10008666178|8
10008666187|4
10008666235|4
10008666275|0
10008666276|7
10008666278|7
10008666289|3
10008666290|9
10008666297|9
10008666309|4
10008666319|2
10008666321|9
10008666322|2
10008666325|4
10008666334|6
10008666338|4
10008666340|7
10008666370|1
10008666408|1
10008666419|8
10008666423|0
10008666426|1
10008666434|7
10008666435|1
10008666439|2
10008666440|7
10008666447|0
10008666449|6
10008666457|4
10008666458|1
10008666459|8
10008666460|0
10008666510|0
10008666511|9
10008666512|5
10008666514|4
10008666515|8
10008666521|9
10008666522|5
10008666523|6
10008666524|6
10008666525|6
10008666526|2
10008666528|1
10008666529|4
10008666530|8
10008666531|7
10008666586|1
10008666587|9
10008666588|2
10008666589|6
10008666657|4
10008666660|0
10008666706|1
10008666829|0
10008666830|4
10008666831|6
10008666839|6
10008666840|0
10008666841|4
10008666845|0
10008666847|1
10008666848|4
10008666855|6
10008666858|4
10008666863|8
10008666865|0
10008666869|2
10008666871|3
10008666874|0
10008666882|0
10008666885|1
10008666893|4
10008666897|8
10008666899|3
10008666905|5
10008666908|2
10008666909|2
10008666914|2
10008666915|5
10008666924|5
10008666929|6
10008666954|2
10008666958|0
10008667001|6
10008667006|3
10008667008|5
10008667029|5
10008667039|8
10008667043|0
10008667045|6
10008667048|7
10008667049|9
10008667051|1
10008667052|7
10008667054|4
10008667055|1
10008667056|1
10008667057|6
10008667058|5
10008667061|6
10008667064|5
10008667065|8
10008667066|7
10008667067|7
10008667068|1
10008667069|0
10008667070|4
10008667071|7
10008667072|3
10008667073|8
10008667198|9
10008667226|6
10008667227|9
10008667228|9
10008667244|1
10008667245|7
10008667246|2
10008667247|1
10008667248|5
10008667249|9
10008667274|9
10008667275|3
10008667277|8
10008667279|4
10008667293|6
10008667303|5
10008667304|0
10008667307|9
10008667503|6
10008667512|7
10008667514|7
10008667516|7
10008667535|8
10008667538|0
10008667540|0
10008667543|1
10008667548|5
10008667551|7
10008667555|0
10008667562|6
10008667572|8
10008667610|6
10008667612|8
10008667615|2
10008667619|6
10008667622|6
10008667630|1
10008667631|6
10008667632|1
10008667633|0
10008667634|8
10008667660|1
10008667690|8
10008667691|8
10008667692|6
10008667693|3
10008667753|5
10008667807|0
10008668205|9
10008668210|8
10008668212|5
10008668215|9
10008668219|7
10008668224|0
10008668228|9
10008668231|2
10008668233|0
10008668238|6
10008668239|5
10008668240|2
10008668245|9
10008668254|8
10008668255|8
10008668256|1
10008668257|9
10008668258|5
10008668303|8
10008668304|6
10008668305|4
10008668306|4
10008668307|8
10008668308|8
10008668312|4
10008668313|7
10008668598|3
10008668604|0
10008668611|5
10008668617|6
10008668641|8
10008668646|0
10008668652|5
10008668671|8
10008668674|5
10008668683|5
10008668687|1
10008668699|8
10008668703|7
10008668706|3
10008668728|5
10008668733|8
10008668738|9
10008668754|0
10008668761|5
10008668764|8
10008668771|2
10008668782|4
10008668786|2
10008668798|6
10008668823|0
10008668837|3
10008668848|1
10008668850|2
10008668870|8
10008669010|5
10008669019|7
10008669051|6
10008669053|2
10008669054|6
10008669188|0
10008669192|5
10008669197|0
10008669202|5
10008669204|3
10008669208|5
10008669214|4
10008669234|9
10008669246|8
10008669250|7
10008669267|1
10008669270|5
10008669289|8
10008669294|3
10008669298|9
10008669299|6
10008669304|5
10008669307|2
10008669341|3
10008669342|4
10008669348|6
10008669356|2
10008669358|8
10008669361|2
10008669363|2
10008669364|8
10008669366|3
10008669368|2
10008669371|0
10008669479|9
10008669546|5
10008669593|2
10008669595|0
10008669597|8
10008669641|3
10008669642|6
10008669643|1
10008669644|8
10008669646|8
10008669705|3
10008669706|4
10008669710|1
10008669711|9
10008669712|5
10008669921|6
10008669926|6
10008669929|6
10008669930|7
10008669933|0
10008669941|0
10008669956|3
10008669960|2
10008669964|7
10008669965|5
10008669972|2
10008669976|8
10008669978|8
10008669979|5
10008669984|8
10008669989|9
10008669991|2
10008669993|2
10008669999|1
10008670000|4
10008670002|3
10008670003|8
10008670004|7
10008670005|1
10008670007|1
10008670010|2
10008670048|7
10008670096|7
10008670111|9
10008670112|1
10008670113|6
10008670116|6
10008670117|3
10008670118|9
10008670119|8
10008670120|9
10008688466|0
10008688471|3
10008688476|2
10008688480|6
10008688486|5
10008688493|4
10008688512|6
10008688516|5
10008688517|8
10008688519|4
10008688522|0
10008688524|8
10008688529|2
10008688531|1
10008688532|4
10008688538|2
10008688548|7
10008688555|2
10008688562|4
10008688565|5
10008688568|3
10008688570|2
10008688574|1
10008688612|8
10008688616|0
10008688617|9
10008688693|8
10008688722|5
10008688727|0
10008688731|0
10008688737|9
10008688742|2
10008688745|4
10008688761|4
10008688766|5
10008688769|6
10008688771|0
10008688776|3
10008688778|9
10008688781|5
10008688791|6
10008688795|5
10008688801|6
10008688805|1
10008688808|2
10008688810|4
10008688811|9
10008688813|0
10008688828|5
10008688836|1
10008688845|7
10008688847|2
10008688854|8
10008688857|4
10008688858|1
10008688860|6
10008688861|4
10008688866|4
10008688870|9
10008688876|1
10008688882|2
10008688884|3
10008688886|9
10008688915|0
10008688983|1
10008688990|8
10008688997|4
10008688999|6
10008689001|0
10008689003|9
10008689005|0
10008689019|5
10008689021|2
10008689027|6
10008689028|0
10008689032|9
10008689033|6
10008689037|0
10008689039|3
10008689062|4
10008689065|6
10008689066|3
10008689072|0
10008689073|2
10008689074|2
10008689075|2
10008689103|6
10008695364|0
10008695370|5
10008695389|6
10008695393|4
10008695394|5
10008695432|3
10008695533|5
10008695541|8
10008695542|4
10008695543|8
10008695544|8
10008695545|0
10008695546|7
10008695549|1
10008695555|0
10008695560|1
10008695590|4
10008695591|9
10008695594|3
10008695595|7
10008695596|7
10008695597|0
10008695599|7
10008695600|9
10008695601|3
10008695604|5
10008695614|3
10008695625|3
10008695626|7
10008695760|9
10008695763|6
10008695781|1
10008695787|9
10008695788|3
10008695792|1
10008695793|7
10008695796|0
10008695815|2
10008695820|7
10008695823|3
10008695825|3
10008695826|5
10008695832|3
10008695835|2
10008695841|7
10008695848|1
10008695851|9
10008695855|7
10008695858|6
10008695863|7
10008695866|5
10008695921|8
10008695929|7
10008695934|8
10008695943|2
10008695952|6
10008695959|5
10008695971|7
10008695980|2
10008695986|2
10008695990|3
10008695996|0
10008696003|8
10008696007|4
10008696014|5
10008696017|3
10008696026|9
10008696082|3
10008696083|9
10008696084|1
10008696085|8
10008696086|6
10008696087|7
10008696090|3
10008696091|9
10008696415|0
10008696449|5
10008696460|4
10008696461|4
10008696463|4
10008696464|1
10008696479|5
10008696543|0
10008696660|9
10008696663|0
10008696667|3
10008696672|1
10008696687|8
10008696702|5
10008696718|8
10008696731|6
10008696733|1
10008696743|7
10008696748|8
10008696751|7
10008696753|6
10008696764|6
10008696768|2
10008696770|2
10008696772|6
10008696773|3
10008696774|7
10008696775|2
10008696777|8
10008696778|2
10008696779|8
10008696780|5
10008696781|4
10008696785|7
10008696791|5
10008696792|0
10008696795|3
10008696797|6
10008696807|6
10008696820|4
10008696828|9
10008696837|5
10008696889|8
10008696896|9
10008696899|8
10008696904|0
10008696905|1
10008696906|8
10008696907|8
10008696908|4
10008696912|4
10008696915|6
10008696916|5
10008697011|1
10008697029|3
10008697037|7
10008697040|3
10008697043|0
10008697044|5
10008697047|0
10008697049|7
10008697050|9
10008697052|8
10008697056|6
10008697057|2
10008697086|8
10008697087|7
10008697099|8
10008697105|5
10008697108|8
10008697133|9
10008697134|9
10008697138|6
10008697140|5
10008697144|3
10008697148|3
10008697156|4
10008697161|5
10008697167|9
10008697169|6
10008697170|0
10008697171|7
10008697172|7
10008697173|8
10008697176|5
10008697183|2
10008697187|1
10008697196|4
10008697197|0
10008697228|2
10008697235|7
10008697237|6
10008697238|9
10008697239|2
10008697408|2
10008697412|6
10008697413|8
10008697418|3
10008697419|4
10008697420|1
10008697428|8
10008697434|7
10008697459|9
10008697467|8
10008697474|8
10008697476|2
10008697501|2
10008697505|2
10008697515|7
10008697517|2
10008697520|4
10008697534|5
10008697539|6
10008697541|4
10008697545|5
10008697546|2
10008697550|3
10008697554|2
10008697558|6
10008697563|7
10008697584|8
10008697586|1
10008697587|6
10008697590|0
10008697595|3
10008697596|2
10008697598|0
10008697599|7
10008697789|9
10008697792|3
10008697799|4
10008697802|1
10008697805|3
10008697806|2
10008697817|0
10008697819|0
10008697822|1
10008697827|0
10008697832|5
10008697836|9
10008697845|4
10008697849|6
10008697852|0
10008697864|0
10008697899|8
10008697924|9
10008697971|1
10008697981|0
10008698004|0
10008698008|2
10008698015|0
10008698017|3
10008698024|9
10008698032|8
10008698034|6
10008698089|5
10008698095|1
10008698096|6
10008698097|2
10008698101|0
10008698110|5
10008698145|0
10008698146|3
10008698191|0
10008698192|9
10008698202|7
10008698206|4
10008698214|4
10008698217|7
10008698228|6
10008698309|7
10008698322|7
10008698323|5
10008698329|7
10008698334|1
10008698342|0
10008698343|5
10008698347|6
10008698351|9
10008698354|4
10008698367|4
10008698370|1
10008698374|3
10008698379|2
10008698395|7
10008698398|9
10008698399|1
10008698400|7
10008698403|6
10008698408|0
10008698478|8
10008698482|5
10008698483|3
10008698488|2
10008698493|7
10008698500|6
10008698504|8
10008698509|8
10008698517|0
10008698585|6
10008698728|9
10008698731|5
10008698734|9
10008698735|3
10008698742|8
10008698941|6
10008698946|9
10008698948|5
10008698949|4
10008698953|6
10008698957|7
10008698964|8
10008698965|8
10008698975|0
10008698978|4
10008698986|7
10008698988|7
10008698993|8
10008699002|8
10008699014|4
10008699015|2
10008699018|9
10008699025|6
10008699039|3
10008699051|6
10008699056|3
10008699058|8
10008699059|5
10008699071|5
10008699072|7
10008699075|4
10008699101|4
10008699107|8
10008699178|1
10008699179|9
10008699186|0
10008699190|2
10008699193|1
10008699195|3
10008699196|0
10008699202|8
10008699204|3
10008699207|2
10008699209|4
10008699213|7
10008699217|1
10008699235|8
10008699239|9
10008699243|0
10008699245|7
10008699247|8
10008699310|6
10008699311|5
10008699313|2
10008699518|4
10008699519|0
10008699630|9
10008699631|0
10008699636|3
10008699639|4
10008699647|8
10008699655|1
10008699656|7
10008699657|8
10008699659|5
10008699661|3
10008699662|6
10008699665|5
10008699669|8
10008699671|1
10008699673|1
10008699674|5
10008699675|4
10008699678|1
10008699680|1
10008699683|6
10008699694|2
10008699696|9
10008699697|1
10008699698|7
10008699706|2
10008699708|7
10008699710|7
10008699711|7
10008699712|8
10008699713|3
10008699714|7
10008699717|8
10008699718|0
10008699721|0
10008699724|9
10008699729|2
10008699731|4
10008699735|2
10008699736|4
10008699739|0
10008699746|3
10008699752|8
10008699763|4
10008699773|6
10008699777|7
10008699781|6
10008699782|9
10008699785|3
10008699826|5
10008699830|9
10008699836|1
10008699837|4
10008699849|8
10008699853|3
10008699854|7
10008699855|6
10008699856|1
10008699858|7
10008699861|4
10008699863|2
10008699867|5
10008699894|3
10008699900|2
10008699903|3
10008699904|4
10008700063|9
10008700064|5
10008700065|2
10008700066|7
10008700067|4
10008700068|4
10008700126|4
10008700127|0
10008700142|7
10008701416|7
10008701418|3
10008701419|6
10008701535|6
10008701543|4
10008701550|0
10008701551|5
10008701554|8
10008701556|3
10008701559|6
10008701561|2
10008701571|2
10008701579|4
10008701590|4
10008701607|5
10008701625|0
10008701626|4
10008701627|8
10008701628|7
10008701629|2
10008701835|8
10008701836|7
10008701993|5
10008702002|9
10008702004|9
10008702020|6
10008702022|5
10008702025|6
10008702033|4
10008702048|8
10008702052|1
10008702074|6
10008702077|4
10008702079|6
10008702081|7
10008702084|1
10008702085|1
10008702090|5
10008702093|9
10008702098|6
10008702112|3
10008702114|5
10008702119|1
10008702124|4
10008702156|0
10008702182|5
10008702186|0
10008702221|1
10008702226|9
10008702232|5
10008702258|9
10008702270|9
10008702274|2
10008702278|1
10008702291|7
10008702298|4
10008702303|5
10008702311|2
10008702321|3
10008702324|8
10008702331|4
10008702332|0
10008702341|1
10008702380|5
10008702672|9
10008702673|8
10008702702|3
10008702710|0
10008702718|3
10008702725|9
10008702758|3
10008702761|3
10008702768|6
10008702781|5
10008702789|0
10008702790|6
10008702794|1
10008702795|0
10008702798|7
10008702801|7
10008702809|3
10008702810|1
10008702813|0
10008702817|1
10008702819|9
10008702820|8
10008702829|3
10008702830|1
10008702834|4
10008702838|8
10008702866|9
10008702870|2
10008702878|4
10008702882|0
10008728697|2
10008728698|8
10008728699|7
10008728700|4
10008728701|4
10008728710|8
10008728727|4
10008728746|6
10008728753|6
10008728755|3
10008728760|1
10008728767|4
10008728780|1
10008728852|7
10008729004|2
10008729005|6
10008729021|3
10008729032|7
10008729034|3
10008729036|6
10008729038|0
10008729041|7
10008729042|3
10008729045|5
10008729047|1
10008729061|6
10008729062|3
10008729063|1
10008729064|3
10008729071|3
10008729073|6
10008729075|3
10008729079|3
10008729083|0
10008729087|5
10008729096|3
10008729101|1
10008729109|2
10008729125|4
10008729134|1
10008729146|6
10008729209|5
10008729237|4
10008729273|7
10008729328|3
10008729337|6
10008729368|8
10008729380|6
10008729387|3
10008729395|3
10008729419|3
10008729425|0
10008729427|5
10008729430|0
10008729431|4
10008729435|8
10008729437|9
10008729441|7
10008729446|7
10008729447|3
10008729448|4
10008729459|6
10008729462|2
10008729463|4
10008729465|2
10008729467|6
10008729470|7
10008729510|8
10008729511|8
10008729517|9
10008729518|0
10008729519|6
10008729538|4
10008729577|9
10008729578|7
10008729580|0
10008732052|0
10008732056|8
10008732083|8
10008732119|8
10008732125|0
10008732131|2
10008732140|5
10008732173|8
10008732179|2
10008732226|6
10008732230|3
10008732239|8
10008732240|0
10008732244|3
10008732253|2
10008732260|9
10008732262|8
10008732265|6
10008732267|5
10008732269|2
10008732270|3
10008732272|6
10008732282|4
10008732283|1
10008732285|1
10008732289|6
10008732303|0
10008732308|4
10008732314|7
10008732320|3
10008732321|9
10008732327|9
10008732330|3
10008732332|6
10008732333|1
10008732335|6
10008732336|1
10008732337|2
10008732340|7
10008732345|7
10008732347|0
10008732350|2
10008732353|7
10008732356|3
10008732360|2
10008732361|1
10008732362|8
10008732365|0
10008732366|0
10008732367|6
10008732368|4
10008732395|9
10008732399|7
10008732404|9
10008732409|7
10008732414|8
10008732416|8
10008732419|4
10008732423|2
10008732426|7
10008732447|2
10008735707|2
10008735713|3
10008735750|6
10008735757|4
10008735761|0
10008735766|9
10008735767|0
10008735768|0
10008735769|0
10008735783|8
10008736064|2
10008736107|4
10008736108|2
10008736152|0
10008736158|0
10008736227|9
10008736245|2
10008736250|4
10008736324|1
10008736325|4
10008736486|2
10008736493|8
10008736499|0
10008736503|1
10008736535|3
10008736540|2
10008736544|0
10008736549|4
10008736556|9
10008736561|4
10008736590|3
10008736763|7
10008736785|2
10008736813|7
10008736855|0
10008736860|0
10008736907|3
10008736909|1
10008736910|7
10008736931|5
10008737115|2
10008737147|1
10008737163|2
10008737266|9
10008737292|0
10008737360|4
10008737365|5
10008737366|1
10008737369|5
10008737381|3
10008737394|6
10008737463|6
10008737468|9
10008737549|3
10008737550|8
10008737552|4
10008737561|6
10008737562|4
10008737564|1
10008737565|5
10008737567|3
10008737575|4
10008737577|2
10008737578|4
10008737580|9
10008737583|9
10008737584|3
10008737586|9
10008737589|2
10008737590|0
10008737592|5
10008737786|0
10008737789|1
10008737803|7
10008737809|6
10008737839|3
10008737887|1
10008738022|9
10008738025|4
10008738026|5
10008738031|3
10008738032|2
10008738033|0
10008738034|4
10008738098|9
10008738275|4
10008738288|5
10008738291|5
10008738294|7
10008738362|4
10008738365|1
10008738382|1
10008738472|3
10008738473|9
10008746061|3
10008746076|4
10008746092|2
10008746094|1
10008746097|1
10008746101|5
10008746104|1
10008746119|7
10008746123|4
10008746137|4
10008746139|0
10008746140|4
10008746174|3
10008746177|9
10008746179|7
10008746234|3
10008746236|3
10008746237|9
10008746240|2
10008746419|9
10008746433|2
10008746436|8
10008746440|1
10008746474|9
10008746484|0
10008746486|6
10008746488|3
10008746491|4
10008746501|7
10008746505|5
10008746575|4
10008746576|4
10008746580|5
10008746582|9
10008746583|5
10008746584|1
10008746662|1
10008746666|4
10008746679|6
10008746680|5
10008746683|4
10008746684|2
10008746693|7
10008746779|5
10008746782|0
10008746786|7
10008746832|1
10008746833|9
10008746890|0
10008746939|3
10008746951|2
10008746952|6
10008746961|0
10008747125|6
10008747128|1
10008747141|6
10008747214|1
10008747456|9
10008747487|6
10008747492|9
10008747527|4
10008747530|9
10008747534|4
10008747539|0
10008747542|4
10008747546|9
10008747547|5
10008747552|7
10008747555|0
10008747579|5
10008747581|7
10008747583|9
10008747587|3
10008747598|1
10008747599|1
10008747610|6
10008747611|4
10008747614|2
10008747617|1
10008747618|5
10008747622|0
10008747624|6
10008747632|0
10008747635|3
10008747642|7
10008747643|0
10008747650|5
10008747659|7
10008747706|1
10008747714|8
10008747720|1
10008747727|8
10008747790|8
10008747855|7
10008747856|8
10008747858|3
10008747859|6
10008747860|4
10008747861|0
10008747862|2
10008747867|1
10008747998|5
10008748001|1
10008748007|5
10008748015|0
10008748020|2
10008748024|9
10008748029|1
10008748042|7
10008748064|3
10008748067|0
10008748070|4
10008748073|3
10008748079|1
10008748083|5
10008748084|8
10008748086|0
10008748092|4
10008748093|8
10008748098|8
10008748099|4
10008748103|5
10008748109|2
10008748110|2
10008748115|2
10008748118|7
10008748123|8
10008748136|0
10008748137|7
10008748144|7
10008748148|0
10008748151|0
10008748154|4
10008748159|3
10008748161|8
10008748163|1
10008748169|4
10008748171|3
10008748173|3
10008748175|5
10008748176|4
10008748180|1
10008748190|5
10008748197|6
10008748202|7
10008748203|5
10008748207|1
10008748209|4
10008748212|1
10008748213|6
10008748216|2
10008748218|1
10008748219|4
10008748223|7
10008748230|3
10008748245|6
10008748253|0
10008748259|3
10008748263|1
10008748265|1
10008748270|5
10008748275|7
10008748278|8
10008748281|9
10008748286|0
10008748288|0
10008748289|3
10008748303|3
10008748321|7
10008748324|8
10008748328|3
10008748333|3
10008748344|3
10008748345|9
10008748347|4
10008748348|6
10008748350|9
10008748353|9
10008748355|3
10008748356|5
10008748361|5
10008748369|3
10008748375|3
10008748384|1
10008748409|8
10008748412|2
10008748426|7
10008748439|5
10008748465|0
10008748469|7
10008748470|7
10008748482|3
10008748485|7
10008748499|0
10008748506|3
10008748510|3
10008748513|9
10008748519|2
10008748522|9
10008748526|0
10008748529|0
10008748565|3
10008748574|3
10008748577|0
10008748580|2
10008748614|8
10008748648|0
10008748813|6
10008748815|6
10008748816|8
10008748824|9
10008748825|6
10008748827|3
10008748828|9
10008748849|6
10008748870|3
10008748982|4
10008748984|8
10008748990|5
10008748996|1
10008749005|8
10008749013|4
10008749020|3
10008749025|1
10008749027|0
10008749028|9
10008749029|3
10008749032|0
10008749033|0
10008749036|1
10008749037|1
10008749041|4
10008749042|5
10008749050|8
10008749056|1
10008749062|8
10008749065|5
10008749068|9
10008749070|7
10008749104|9
10008749110|0
10008749112|9
10008749115|4
10008749118|2
10008749123|0
10008749128|3
10008749141|8
10008749143|1
10008749172|4
10008749223|7
10008749333|9
10008749405|3
10008749406|6
10008749413|5
10008749414|3
10008749581|8
10008749601|4
10008749605|1
10008749617|5
10008749624|9
10008749639|9
10008749643|9
10008749645|8
10008749658|4
10008749661|8
10008749711|8
10008749715|0
10008749719|3
10008749729|6
10008749733|4
10008749740|9
10008749744|1
10008749751|8
10008749772|5
10008749778|1
10008749786|9
10008749791|8
10008749798|9
10008749808|8
10008749823|7
10008749842|8
10008749846|8
10008749854|0
10008749863|0
10008749875|4
10008749905|1
10008749985|1
10008749990|8
10008749998|3
10008750006|6
10008750015|5
10008750035|0
10008757364|4
10008757370|7
10008757379|1
10008757382|1
10008757385|3
10008757388|7
10008757408|2
10008757411|6
10008757422|6
10008757423|5
10008757436|2
10008757510|2
10008757525|6
10008757535|8
10008757537|6
10008757558|1
10008757564|2
10008757568|4
10008757574|7
10008757577|4
10008757579|7
10008757589|0
10008757602|1
10008757611|9
10008757612|7
10008757615|3
10008757658|7
10008757672|7
10008757673|8
10008757679|9
10008757695|2
10008757696|2
10008757952|2
10008757961|6
10008757963|7
10008757997|9
10008758000|2
10008758002|4
10008758006|6
10008758050|8
10008758054|8
10008758059|8
10008758060|4
10008758061|2
10008758062|7
10008758067|4
10008758069|1
10008758099|2
10008758105|5
10008758112|2
10008758117|8
10008758122|3
10008758125|3
10008758131|9
10008758134|3
10008758139|5
10008758209|4
10008758211|4
10008758212|5
10008758219|9
10008758220|0
10008758221|8
10008758228|1
10008758340|6
10008758341|9
10008758342|0
10008758348|7
10008758349|2
10008758350|6
10008758353|8
10008758355|2
10008758359|7
10008758361|4
10008758382|7
10008758413|2
10008758445|2
10008758489|1
10008758503|3
10008758506|7
10008758509|5
10008758524|4
10008758525|8
10008758527|5
10008758530|5
10008758544|7
10008758549|3
10008758555|5
10008758605|2
10008758607|1
10008758608|0
10008758609|8
10008758610|8
10008758611|0
10008758627|1
10008758730|1
10008758733|4
10008758734|7
10008758736|1
10008758737|9
10008758738|5
10008758743|2
10008758747|3
10008758749|9
10008758751|3
10008758752|8
10008758754|7
10008758756|2
10008758759|6
10008758760|2
10008758762|7
10008758773|7
10008758775|2
10008758787|2
10008758789|1
10008758791|2
10008758792|7
10008758793|7
10008758795|4
10008758824|9
10008758833|7
10008758852|6
10008758888|4
10008758890|0
10008758896|6
10008758899|3
10008758913|6
10008758917|3
10008758929|0
10008758953|0
10008758977|8
10008758980|4
10008759073|2
10008759279|3
10008759285|1
10008759287|2
10008759288|1
10008759290|1
10008759293|0
10008759296|9
10008759297|1
10008759300|9
10008759301|3
10008759304|7
10008759317|4
10008759319|9
10008759325|1
10008759328|4
10008759329|9
10008759331|9
10008759339|9
10008759360|7
10008759374|4
10008759377|1
10008759383|5
10008759385|3
10008759394|7
10008759405|8
10008759414|8
10008759427|9
10008759459|2
10008759474|3
10008759487|5
10008759535|0
10008759565|0
10008759710|2
10008759767|4
10008759768|4
10008759769|0
10008759770|8
10008759771|6
10008759819|6
10008759822|3
10008759827|9
10008759833|2
10008759841|6
10008759856|1
10008759880|1
10008759938|1
10008759943|1
10008759947|6
10008759979|5
10008760096|3
10008760155|8
10008760175|8
10008760178|2
10008760179|2
10008760293|2
10008760294|4
10008760301|4
10008760318|5
10008760322|1
10008760323|9
10008760338|4
10008760342|5
10008760343|9
10008760370|3
10008760402|3
10008760405|2
10008760467|6
10008760468|6
10008760470|6
10008760472|8
10008760475|0
10008760476|7
10008760477|4
10008760478|3
10008760479|1
10008760481|3
10008760482|4
10008760483|6
10008760493|5
10008760495|8
10008760497|0
10008760498|4
10008760499|2
10008760501|3
10008760505|1
10008760507|4
10008760511|7
10008760513|3
10008760519|4
10008760520|8
10008760521|6
10008760542|6
10008760545|8
10008760547|8
10008771298|8
10008771304|0
10008771311|5
10008771314|4
10008771328|8
10008771330|9
10008771333|3
10008771335|0
10008771336|9
10008771339|7
10008771340|9
10008771342|6
10008771345|0
10008771346|4
10008771350|3
10008771353|1
10008771354|1
10008771355|0
10008771358|7
10008771359|6
10008771360|3
10008771361|4
10008771364|1
10008771365|0
10008771367|2
10008771369|3
10008771372|2
10008771373|9
10008771379|8
10008771382|7
10008771384|5
10008771419|7
10008771428|5
10008771484|8
10008771486|1
10008771487|7
10008771488|1
10008771546|1
10008771547|4
10008771552|4
10008771554|5
10008771555|6
10008771556|6
10008771559|1
10008771560|4
10008771562|7
10008771563|1
10008771571|6
10008771578|5
10008771579|8
10008771580|4
10008771581|2
10008771585|6
10008771586|6
10008771589|6
10008771595|4
10008771602|9
10008771603|2
10008771628|0
10008771629|3
10008771766|7
10008771774|4
10008772093|5
10008772119|4
10008772129|5
10008772130|4
10008772133|8
10008772135|4
10008772146|4
10008772147|6
10008772167|5
10008772178|8
10008772182|0
10008772195|1
10008772197|1
10008772199|9
10008772202|8
10008772204|0
10008772220|6
10008772298|7
10008772299|0
10008772364|3
10008772553|0
10008772556|8
10008772559|7
10008772572|5
10008772575|6
10008772577|6
10008772580|4
10008772583|4
10008772600|1
10008772621|4
10008772668|9
10008772685|6
10008772688|2
10008772694|1
10008772702|0
10008772708|3
10008772713|5
10008772760|2
10008772819|5
10008772824|1
10008772826|4
10008772829|6
10008772830|8
10008772836|4
10008772839|6
10008772841|7
10008772844|0
10008772845|0
10008772860|0
10008772864|3
10008772870|2
10008772884|8
10008772896|2
10008772900|2
10008772914|0
10008773159|0
10008773213|2
10008773291|7
10008773327|2
10008773329|1
10008773331|6
10008773332|3
10008773333|6
10008773335|5
10008773360|1
10008778270|7
10008778273|7
10008778410|6
10008778531|4
10008778532|4
10008778533|5
10008778537|5
10008778542|0
10008778670|4
10008778674|9
10008778683|2
10008778692|1
10008778696|7
10008778708|9
10008778714|9
10008778715|7
10008778719|5
10008778726|5
10008778742|5
10008778746|4
10008778749|1
10008778760|2
10008778763|5
10008778861|3
10008778863|3
10008778865|6
10008778866|6
10008778867|1
10008778868|9
10008778869|0
10008778870|9
10008778871|7
10008778872|9
10008778873|8
10008778874|7
10008778876|9
10008778877|8
10008778892|8
10008778893|7
10008778894|6
10008779024|7
10008779029|9
10008779111|6
10008779115|1
10008779117|7
10008779126|2
10008779131|2
10008779133|6
10008779138|5
10008779168|0
10008779175|1
10008779203|2
10008779215|5
10008779276|8
10008779279|2
10008779629|7
10008779649|8
10008779667|5
10008779668|0
10008779686|4
10008779696|9
10008779785|2
10008779789|6
10008779795|5
10008779801|1
10008779806|0
10008779813|0
10008779847|9
10008779849|0
10008779865|8
10008779871|8
10008779872|6
10008779899|4
10008779900|7
10008779901|7
10008779914|6
10008779918|6
10008779919|1
10008779921|7
10008779924|3
10008779931|9
10008779935|0
10008779940|8
10008779942|1
10008779951|1
10008779955|4
10008779956|1
10008779959|7
10008779961|1
10008779966|3
10008779976|0
10008779985|6
10008779991|6
10008780000|3
10008780010|7
10008780026|3
10008780034|6
10008780040|3
10008780041|6
10008780044|3
10008780057|9
10008780238|8
10008780291|1
10008780298|7
10008780312|7
10008780378|1
10008780381|6
10008780386|2
10008780402|1
10008780428|2
10008780446|3
10008780451|8
10008780581|5
10008796127|2
10008796152|9
10008796153|8
10008796154|0
10008796159|7
10008796161|0
10008796163|8
10008796166|9
10008796168|2
10008796176|3
10008796193|8
10008796206|3
10008796209|1
10008796212|9
10008796216|9
10008796223|6
10008796233|1
10008796240|2
10008796249|0
10008796259|4
10008796265|0
10008796365|1
10008796487|5
10008796496|4
10008796509|2
10008796512|6
10008796524|2
10008796541|2
10008796566|6
10008796571|0
10008796586|6
10008796592|1
10008796597|9
10008796598|4
10008796608|2
10008796704|2
10008796718|3
10008796733|5
10008796736|5
10008796746|5
10008796772|5
10008796778|1
10008796864|8
10008796865|4
10008796881|7
10008796886|0
10008797032|2
10008797035|6
10008797113|4
10008797293|0
10008797294|9
10008797298|5
10008797299|0
10008797300|5
10008797302|5
10008797305|4
10008797308|5
10008797309|0
10008797315|4
10008797317|4
10008797500|9
10008797524|4
10008797532|2
10008797672|9
10008797678|2
10008797758|7
10008797772|0
10008797779|6
10008797782|8
10008797788|6
10008797809|1
10008798026|6
10008798027|4
10008798028|7
10008798080|6
10008798081|0
10008798082|7
10008798083|4
10008798224|8
10008798227|5
10008798315|1
10008798344|3
10008798375|5
10008798527|9
10008798529|2
10008798648|8
10008798660|2
10008798661|7
10008798663|5
10008798668|6
10008798714|4
10008798778|7
10008798782|1
10008798784|7
10008798823|9
10008798841|6
10008798842|5
10008798843|4
10008798915|5
10008798923|1
10008798938|9
10008806061|1
10008806362|4
10008806452|6
10008806453|0
10008806528|6
10008806532|4
10008806541|8
10008806543|5
10008806557|8
10008806578|8
10008806616|8
10008806619|8
10008806633|0
10008806863|2
10008806867|9
10008806987|0
10008807180|6
10008807182|4
10008807365|8
10008807367|4
10008807419|2
10008807420|0
10008807421|4
10008807422|5
10008807423|5
10008807426|5
10008807427|7
10008807628|4
10008807630|1
10008807631|1
10008807633|5
10008807781|6
10008807938|5
10008807940|9
10008807942|6
10008807943|1
10008807944|8
10008807945|2
10008807947|3
10008807948|9
10008807949|5
10008807950|1
10008807951|9
10008807952|5
10008807953|6
10008807954|7
10008808017|4
10008808018|4
10008808102|4
10008808113|2
10008808119|8
10008808145|6
10008808223|7
10008808225|4
10008808226|3
10008808232|2
10008808233|7
10008808238|1
10008808242|5
10008808254|2
10008808255|5
10008808257|0
10008808259|7
10008808262|9
10008808263|6
10008808540|7
10008808717|4
10008808723|4
10008808739|0
10008809078|1
10008809080|8
10008809094|1
10008809159|6
10008809160|6
10008809168|7
10008809181|3
10008809213|8
10008809226|9
10008809230|7
10008809309|0
10008809446|7
10008809451|2
10008809456|4
10008809458|1
10008809530|2
10008809595|3
10008809597|2
10008809600|0
10008809687|7
10008809869|8
10008809870|1
10008809871|6
10008809949|8
10008809951|3
10008809954|9
10008809955|1
10008809959|5
10008809964|4
10008809966|4
10008809970|0
10008809973|7
10008809978|7
10008809984|4
10008809985|4
10008809999|6
10008810007|5
10008810012|5
10008810013|6
10008810024|3
10008810027|4
10008810035|5
10008810037|0
10008810041|7
10008810056|0
10008810057|0
10008810068|7
10008810070|4
10008810086|2
10008810096|3
10008810105|1
10008810107|0
10008810108|6
10008810115|6
10008810129|6
10008810146|2
10008810150|2
10008810161|6
10008810166|1
10008810180|4
10008810181|9
10008810186|9
10008810244|5
10008810297|2
10008810300|4
10008810307|8
10008810309|4
10008810310|8
10008810314|9
10008810315|0
10008810318|7
10008810319|3
10008810321|8
10008810322|3
10008810337|9
10008810338|2
10008810339|4
10008810417|0
10008810420|0
10008810436|9
10008810438|4
10008810459|4
10008810461|7
10008810462|9
10008810463|5
10008810464|5
10008810466|7
10008810469|8
10008810477|0
10008810480|8
10008810481|3
10008810536|4
10008810537|7
10008810538|6
10008810540|7
10008810551|1
10008810552|9
10008810553|0
10008810554|7
10008810557|2
10008810558|3
10008810559|7
10008810561|8
10008810563|0
10008810564|5
10008810565|4
10008810566|7
10008810569|7
10008810574|8
10008810587|6
10008810625|7
10008810641|6
10008810642|4
10008810645|1
10008810646|2
10008810657|7
10008810671|3
10008810687|7
10008810706|3
10008810710|3
10008810718|2
10008810727|1
10008810735|0
10008810753|2
10008810764|2
10008810847|8
10008810850|2
10008810853|3
10008810854|4
10008810855|1
10008810988|8
10008810998|1
10008811009|3
10008811010|4
10008811062|5
10008811063|6
10008811064|0
10008811118|5
10008811119|8
10008811120|2
10008811124|1
10008811137|7
10008811140|8
10008811145|8
10008811149|6
10008811158|3
10008811210|2
10008811215|5
10008811221|7
10008811226|5
10008811230|6
10008811252|6
10008811255|9
10008811259|6
10008811264|7
10008811266|9
10008811276|1
10008811352|7
10008811380|0
10008811398|1
10008811399|6
10008811407|0
10008821631|4
10008821635|1
10008821638|5
10008821646|3
10008821647|0
10008821649|3
10008821650|9
10008821658|5
10008821661|8
10008821682|1
10008821732|8
10008821736|5
10008821739|5
10008821741|0
10008821742|6
10008821743|2
10008821746|9
10008821748|9
10008821753|8
10008821756|8
10008821769|0
10008821774|2
10008821777|6
10008821780|3
10008821785|9
10008821793|9
10008821795|2
10008821802|0
10008821804|8
10008821807|7
10008821809|8
10008821815|4
10008821818|0
10008821823|7
10008821825|4
10008821826|5
10008821827|3
10008821835|5
10008821837|1
10008821841|9
10008821858|5
10008821875|3
10008821887|9
10008821888|2
10008821936|0
10008821942|0
10008821946|5
10008821947|6
10008821982|3
10008822012|5
10008822030|7
10008822063|1
10008822069|7
10008822082|0
10008822122|5
10008822133|1
10008822142|7
10008822144|5
10008822146|0
10008822165|1
10008822212|9
10008822213|5
10008822214|4
10008822215|3
10008822216|9
10008822221|5
10008822223|8
10008822225|3
10008822226|1
10008822237|2
10008822279|7
10008822396|7
10008822423|5
10008822475|8
10008822489|3
10008822490|0
10008822494|9
10008822498|4
10008822586|9
10008822604|8
10008822610|5
10008822615|6
10008822617|6
10008822622|3
10008822677|1
10008822695|6
10008822713|0
10008822718|1
10008822719|7
10008822720|2
10008822723|7
10008822726|9
10008822740|6
10008822744|6
10008822746|3
10008822902|4
10008822904|2
10008822906|5
10008822913|4
10008822921|9
10008822939|2
10008822944|1
10008822950|1
10008822956|0
10008822980|8
10008822986|0
10008823039|8
10008823155|2
10008823157|5
10008823162|7
10008823164|1
10008823168|6
10008823169|2
10008823173|3
10008823180|1
10008823183|8
10008823184|0
10008823190|2
10008823197|6
10008823200|4
10008823204|6
10008823206|2
10008823244|0
10008823436|2
10008823438|6
10008823445|2
10008823446|5
10008823463|1
10008823469|3
10008823471|3
10008823475|6
10008823479|2
10008823504|8
10008823517|6
10008823592|8
10008823594|2
10008823758|8
10008823821|2
10008823909|2
10008823953|2
10008824047|9
10008824048|3
10008824050|4
10008824060|3
10008824069|1
10008824073|6
10008824075|2
10008824076|1
10008824082|5
10008824093|3
10008824102|8
10008824103|8
10008824104|0
10008824119|2
10008824120|8
10008824133|6
10008824139|1
10008824159|2
10008824160|7
10008824163|4
10008824166|2
10008824168|7
10008824169|9
10008824265|1
10008824266|1
10008824267|8
10008824269|3
10008824270|3
10008824274|5
10008824275|2
10008824276|4
10008824286|1
10008824294|4
10008824300|9
10008824307|6
10008824345|2
10008824397|9
10008824401|4
10008824402|9
10008824404|0
10008824463|8
10008824465|4
10008824472|2
10008824473|0
10008824477|6
10008824479|6
10008824504|0
10008824509|0
10008824512|5
10008824535|4
10008824536|5
10008824640|3
10008824676|1
10008824693|7
10008824694|6
10008824907|7
10008825050|7
10008825074|7
10008825081|0
10008825082|1
10008825290|5
10008825293|9
10008825361|8
10008825922|5
10008825927|1
10008826053|7
10008826054|8
10008826055|8
10008826057|3
10008826061|4
10008826062|8
10008826063|8
10008826064|3
10008826066|7
10008826069|9
10008826088|2
10008826105|2
10008826109|2
10008826133|8
10008826266|8
10008826268|2
10008826270|7
10008826275|7
10008826276|4
10008826278|6
10008826279|8
10008826284|6
10008826369|5
10008826375|5
10008826378|7
10008826380|5
10008826382|1
10008826385|9
10008826390|1
10008826393|4
10008826395|6
10008826401|0
10008826403|6
10008826564|4
10008826570|9
10008826571|1
10008826580|2
10008826581|1
10008826603|1
10008826605|9
10008826606|5
10008826624|1
10008826680|1
10008826691|3
10008826696|5
10008826731|8
10008826736|6
10008826737|7
10008826740|5
10008826744|2
10008826745|8
10008826747|5
10008826750|7
10008826751|3
10008826753|0
10008826754|0
10008826756|5
10008826757|7
10008826850|6
10008826879|8
10008826927|7
10008826937|0
10008826941|6
10008826971|3
10008826986|9
10008827000|0
10008827009|9
10008827018|8
10008827068|4
10008827085|9
10008827086|3
10008827087|8
10008839545|1
10008839546|0
10008839548|0
10008839549|8
10008839856|5
10008839861|3
10008839865|2
10008839871|8
10008839919|1
10008839968|7
10008840051|2
10008840052|0
10008840054|4
10008840200|5
10008840208|2
10008840231|9
10008840232|9
10008840234|5
10008840235|8
10008840286|0
10008840287|4
10008840289|2
10008840291|3
10008840293|1
10008840296|1
10008840298|9
10008840301|6
10008840303|3
10008840305|3
10008840306|6
10008840307|8
10008840309|5
10008840312|3
10008840313|0
10008840314|2
10008840320|7
10008840326|1
10008840328|9
10008840330|2
10008840334|7
10008840337|1
10008840343|1
10008840346|1
10008840356|7
10008840358|6
10008840363|4
10008840368|7
10008840378|2
10008840383|4
10008840407|6
10008840418|1
10008840423|9
10008840473|3
10008840652|5
10008840654|7
10008840656|9
10008840658|0
10008840659|9
10008840661|5
10008840673|2
10008840674|3
10008840677|8
10008840679|0
10008840680|8
10008840718|2
10008840719|5
10008840721|4
10008840722|8
10008840775|3
10008840800|6
10008840802|2
10008840803|3
10008840963|3
10008840967|5
10008840985|7
10008840992|2
10008841012|6
10008841153|2
10008841622|3
10008841625|4
10008841641|4
10008841664|6
10008841668|6
10008841670|2
10008841671|3
10008841678|5
10008841690|8
10008841728|1
10008841787|9
10008841795|8
10008841882|4
10008841886|4
10008841895|1
10008841907|9
10008841911|8
10008841915|5
10008841933|5
10008842194|0
10008842197|5
10008842204|2
10008842208|9
10008842217|9
10008842225|7
10008842226|7
10008842230|3
10008842232|0
10008842253|5
10008842254|6
10008842276|2
10008842306|5
10008842410|6
10008842412|9
10008842418|4
10008842454|1
10008842455|2
10008842456|3
10008842457|9
10008842461|2
10008855895|6
10008855899|6
10008855906|7
10008855909|1
10008855910|8
10008855949|2
10008855953|3
10008855967|9
10008856020|5
10008856035|9
10008856037|7
10008856038|1
10008856039|0
10008856040|7
10008856069|5
10008856097|1
10008856098|4
10008856105|1
10008856139|9
10008856140|1
10008856141|1
10008856143|2
10008856148|0
10008856182|5
10008856229|9
10008856278|5
10008856279|1
10008856289|9
10008856291|5
10008856292|4
10008856293|2
10008856294|1
10008856296|7
10008856297|8
10008856379|9
10008856384|1
10008856386|6
10008856389|9
10008856391|6
10008856396|7
10008856401|8
10008856402|2
10008856423|7
10008856425|8
10008856432|8
10008856433|0
10008856436|2
10008856439|6
10008856448|7
10008856472|2
10008856638|7
10008856658|5
10008856682|2
10008856697|4
10008856710|9
10008856733|3
10008856799|0
10008856913|7
10008856939|1
10008856953|9
10008856954|0
10008856957|2
10008856960|7
10008857003|1
10008857016|4
10008857051|6
10008857143|0
10008857145|1
10008857147|5
10008857152|3
10008857158|6
10008857164|6
10008857166|3
10008857208|4
10008857211|8
10008857286|5
10008857304|3
10008857307|1
10008857329|6
10008857330|6
10008857331|1
10008857386|4
10008857398|3
10008857471|3
10008857472|6
10008857474|1
10008857483|1
10008857484|8
10008857485|2
10008857486|0
10008857489|7
10008857490|7
10008857530|0
10008857547|6
10008857579|2
10008857592|4
10008857711|4
10008857714|4
10008857717|7
10008857720|3
10008857722|6
10008857729|1
10008857735|9
10008857755|8
10008857781|3
10008857823|8
10008857824|8
10008857827|2
10008857830|9
10008857832|9
10008857835|6
10008857837|8
10008857840|6
10008858038|3
10008858078|0
10008858080|8
10008858082|7
10008858083|8
10008858118|5
10008858130|4
10008858135|2
10008858136|0
10008858137|3
10008858139|1
10008858255|1
10008858256|0
10008858257|6
10008858258|5
10008858260|2
10008858261|9
10008858275|6
10008858377|1
10008858402|8
10008858634|3
10008858638|6
10008858641|0
10008858669|6
10008858671|1
10008858672|9
10008858675|1
10008859049|1
10008859055|8
10008859066|9
10008859123|2
10008859217|9
10008859364|1
10008859408|1
10008859414|7
10008859568|4
10008859575|6
10008859583|2
10008859590|6
10008859594|1
10008859597|8
10008859664|2
10008859667|9
10008859690|9
10008859691|2
10008859704|1
10008859808|0
10008859919|2
10008860085|4
10008860086|1
10008860088|9
10008860090|9
10008860091|3
10008860094|1
10008860108|7
10008860118|8
10008860125|5
10008860127|1
10008860132|2
10008860133|9
10008860136|6
10008860138|2
10008860142|2
10008860145|3
10008860151|0
10008860407|6
10008860409|1
10008860411|6
10008860471|6
10008900916|3
10008900954|7
10008901085|4
10008901090|9
10008901145|6
10008901147|9
10008901151|5
10008901154|1
10008901174|1
10008901175|8
10008901177|4
10008901209|4
10008901215|2
10008901216|4
10008901286|7
10008901287|2
10008901288|4
10008901309|6
10008901313|8
10008901314|2
10008901448|1
10008901459|8
10008901532|4
10008901534|8
10008901575|8
10008901576|3
10008901593|1
10008901637|3
10008901687|5
10008901822|6
10008901830|5
10008901831|3
10008901833|9
10008901834|0
10008901839|4
10008901843|4
10008901846|5
10008901848|6
10008901869|6
10008901876|7
10008901881|8
10008901888|7
10008901947|1
10008901950|8
10008901953|6
10008901956|3
10008902036|5
10008902075|7
10008902125|7
10008902127|5
10008902131|9
10008902137|3
10008902379|8
10008902384|5
10008902391|2
10008902392|6
10008902405|8
10008902437|3
10008902594|1
10008902895|9
10008902896|1
10008902897|1
10008902906|5
10008902908|1
10008902919|8
10008902922|1
10008902924|4
10008902928|5
10008902942|4
10008902947|1
10008902948|1
10008902954|1
10008902955|2
10008902957|2
10008902958|9
10008902959|7
10008902960|1
10008902962|1
10008902970|4
10008902987|1
10008902988|3
10008902993|0
10008903089|8
10008903093|1
10008903097|4
10008903110|9
10008903111|2
10008903114|8
10008903192|0
10008903193|9
10008903195|2
10008903196|7
10008903197|1
10008903198|1
10008903199|7
10008903311|8
10008903385|3
10008903386|4
10008903392|9
10008903407|8
10008903414|7
10008903419|3
10008903429|7
10008903431|6
10008903432|8
10008903433|2
10008903434|3
10008903441|1
10008903442|7
10008903447|1
10008903448|1
10008903543|7
10008903591|1
10008903592|7
10008903608|8
10008903623|5
10008903626|3
10008903822|1
10008903836|1
10008904105|3
10008904106|3
10008904109|1
10008904114|8
10008904127|9
10008904144|4
10008904147|9
10008904150|4
10008904158|9
10008904162|9
10008904173|6
10008904405|2
10008904407|1
10008904410|2
10008904423|3
10008904429|2
10008904552|8
10008904619|5
10008904666|7
10008904668|7
10008904670|0
10008904673|1
10008904677|8
10008904681|2
10008904682|3
10008904684|5
10008904686|5
10008904687|7
10008904690|7
10008904694|0
10008904697|0
10008904701|3
10008904898|6
10008904900|3
10008904903|9
10008904905|7
10008904906|3
10008904912|3
10008904915|8
10008904919|4
10008904922|7
10008904939|5
10008904962|8
10008904973|3
10008905015|6
10008905069|1
10008905100|3
10008905185|0
10008905222|1
10008905232|0
10008905233|4
10008905237|0
10008905388|8
10008905390|8
10008905394|2
10008905396|0
10008905397|7
10008905399|9
10008905403|6
10008905404|6
10008905406|1
10008905407|9
10008905409|5
10008905414|4
10008905417|5
10008905422|9
10008905425|9
10008905432|0
10008905434|7
10008905436|8
10008905439|4
10008905444|1
10008905445|9
10008905450|6
10008905452|7
10008905455|4
10008905464|1
10008905492|8
10008905499|4
10008905742|6
10008905744|4
10008905868|9
10008905880|4
10008905951|5
10008905979|5
10008905982|8
10008905984|2
10008905986|3
10008905990|6
10008905991|4
10008905993|1
10008905994|6
10008905995|2
10008905996|0
10008905997|8
10008905999|2
10008906006|0
10008906011|9
10008906015|3
10008906018|3
10008906019|8
10008906022|5
10008906024|7
10008906025|1
10008906034|1
10008906040|6
10008906044|9
10008906047|6
10008906059|9
10008906061|9
10008906064|1
10008906067|4
10008906073|1
10008906075|2
10008906080|4
10008906085|1
10008906110|7
10008906240|0
10008906241|5
10008906244|8
10008906317|1
10008906318|2
10008906320|9
10008906326|4
10008906351|3
10008906526|3
10008906538|1
10008906590|5
10008906592|4
10008906593|2
10008906594|0
10008906610|1
10008906615|1
10008906618|4
10008906626|7
10008906628|7
10008906637|3
10008906638|0
10008906642|5
10008906643|5
10008906646|9
10008906649|6
10008906651|9
10008906652|8
10008906659|0
10008906660|5
10008906711|5
10008906712|7
10008906874|2
10008907127|0
10008907130|7
10008907134|7
10008907136|7
10008907137|7
10008907138|3
10008907139|1
10008907148|4
10008907150|5
10008907157|4
10008907160|1
10008907172|2
10008907218|7
10008907225|7
10008907226|7
10008907244|2
10008907303|2
10008907305|6
10008907307|3
10008907310|2
10008907359|3
10008907362|2
10008907366|5
10008907368|2
10008907391|2
10008907397|1
10008907400|7
10008907403|4
10008907406|8
10008907409|7
10008907416|9
10008907420|3
10008907424|5
10008907435|4
10008907440|0
10008907441|6
10008907444|6
10008907447|9
10008907456|7
10008907470|5
10008907472|9
10008907476|4
10008907477|6
10008907496|6
10008907499|2
10008907500|7
10008907503|2
10008907683|1
10008907698|5
10008907705|3
10008907714|9
10008907719|0
10008907720|5
10008907723|7
10008907728|2
10008907733|5
10008907734|6
10008907749|3
10008907751|2
10008907753|4
10008907758|1
10008907761|9
10008907768|0
10008907770|6
10008907776|0
10008907783|7
10008907784|9
10008907785|4
10008907786|0
10008907792|2
10008907793|8
10008907795|7
10008907802|1
10008907804|3
10008907805|2
10008907807|1
10008907813|3
10008907841|4
10008908090|1
10008908093|5
10008908147|4
10008908152|9
10008908180|4
10008908332|6
10008908380|4
10008908631|0
10008908636|6
10008908659|8
10008908671|2
10008908703|2
10008908880|2
10008908881|8
10008908882|1
10008908883|7
10008908884|0
10008908889|3
10008908896|0
10008908901|8
10008908929|5
10008908941|8
10008908980|7
10008909170|3
10008909188|3
10008909296|7
10008909302|8
10008909304|7
10008909443|0
10008909507|8
10008909524|8
10008909537|6
10008909544|2
10008909548|6
10008909578|2
10008909783|3
10008909795|4
10008909799|1
10008909800|4
10008909803|1
10008909806|8
10008909859|5
10008909899|3
10008909990|7
10008909991|9
10008909992|5
10008909993|7
10008932926|2
10008932963|3
10008932967|2
10008932973|6
10008932974|3
10008932976|0
10008933001|7
10008933047|5
10008933056|4
10008933072|5
10008933073|7
10008933074|2
10008933075|4
10008933076|7
10008933128|5
10008933183|5
10008933198|6
10008933203|2
10008933285|3
10008933286|8
10008933287|0
10008933288|8
10008933289|6
10008933290|3
10008933291|4
10008933292|7
10008933293|7
10008933294|2
10008933295|5
10008933297|3
10008933298|6
10008933300|9
10008933301|7
10008933320|2
10008933321|1
10008933383|6
10008933384|1
10008933387|7
10008933397|1
10008933405|0
10008933407|1
10008933409|7
10008933410|9
10008933421|1
10008933422|8
10008933435|4
10008933439|8
10008933443|6
10008933448|5
10008933464|7
10008933474|7
10008933501|8
10008933505|4
10008933506|0
10008933509|5
10008933514|1
10008933523|5
10008933528|0
10008933540|7
10008933545|7
10008933547|3
10008933555|3
10008933559|4
10008933571|9
10008933577|5
10008933583|1
10008933589|3
10008933701|3
10008933723|5
10008933726|7
10008933728|8
10008933732|7
10008933736|1
10008933741|3
10008933742|5
10008933747|0
10008933749|1
10008933751|1
10008933767|5
10008933772|4
10008933785|3
10008933787|5
10008933789|8
10008933791|5
10008933794|8
10008933797|7
10008933798|3
10008933896|1
10008933897|1
10008934010|0
10008934012|3
10008934014|3
10008934020|2
10008934024|3
10008934028|6
10008934036|9
10008934038|0
10008934047|7
10008934067|6
10008934093|2
10008934097|8
10008934102|8
10008934105|1
10008934121|0
10008934149|3
10008934200|4
10008934258|1
10008934260|2
10008934261|5
10008934262|1
10008934266|2
10008934270|7
10008934272|3
10008934308|9
10008934320|1
10008934337|4
10008934338|5
10008934346|8
10008934396|0
10008934419|2
10008934508|1
10008934601|2
10008934602|4
10008934603|7
10008934604|9
10008934608|4
10008934609|4
10008934613|0
10008934615|8
10008934638|6
10008934649|6
10008934653|4
10008934656|4
10008934657|2
10008934679|7
10008934728|1
10008934745|1
10008934746|8
10008934751|3
10008934757|0
10008934759|2
10008934760|0
10008934763|1
10008934766|1
10008934769|5
10008934770|4
10008934775|4
10008934777|6
10008934782|7
10008934783|7
10008934787|5
10008934862|5
10008934923|7
10008934933|9
10008934936|6
10008934948|8
10008934949|0
10008934952|5
10008934959|3
10008934961|7
10008934963|7
10008934968|2
10008934973|5
10008934988|8
10008934991|1
10008934993|8
10008934995|2
10008935005|6
10008935163|7
10008935164|4
10008935165|0
10008935166|6
10008935209|2
10008935217|0
10008935218|2
10008935221|3
10008935225|9
10008935226|7
10008935227|8
10008935232|9
10008935234|2
10008935237|1
10008935244|1
10008935247|3
10008935252|4
10008935254|7
10008935263|7
10008935356|6
10008935374|3
10008935375|7
10008935376|1
10008935377|3
10008935415|8
10008935417|7
10008935419|3
10008935420|0
10008935421|0
10008935423|9
10008935425|6
10008935440|4
10008935453|0
10008935454|2
10008935457|6
10008935459|7
10008935461|7
10008935503|5
10008935504|7
10008935509|1
10008935656|7
10008935658|4
10008935661|3
10008935670|9
10008935675|0
10008935678|8
10008935684|7
10008935686|2
10008935722|4
10008935724|3
10008935742|8
10008935745|0
10008935752|1
10008935757|4
10008935759|4
10008935760|5
10008935763|0
10008935765|1
10008935767|8
10008935771|4
10008935772|6
10008935773|9
10008935775|6
10008935779|6
10008935785|0
10008935786|0
10008935789|9
10008935790|2
10008935795|2
10008935796|8
10008935799|6
10008935825|3
10008935836|7
10008935837|0
10008935872|8
10008935874|7
10008935876|3
10008935990|4
10008935995|0
10008935996|4
10008936002|3
10008936017|3
10008936121|9
10008936147|5
10008936160|8
10008936180|6
10008936195|1
10008936225|4
10008936226|3
10008936230|0
10008936233|1
10008936365|6
10008936366|3
10008936371|3
10008936379|8
10008936384|8
10008936389|2
10008936391|8
10008936392|2
10008936393|4
10008936396|6
10008936400|2
10008936401|1
10008936407|2
10008936417|0
10008936420|5
10008936421|5
10008936422|9
10008936424|1
10008936426|1
10008936427|4
10008936429|5
10008936430|7
10008936433|9
10008936434|8
10008936442|4
10008936446|9
10008936448|1
10008936451|8
10008936453|4
10008936464|1
10008936676|9
10008936760|8
10008936761|9
10008936762|9
10008936763|7
10008936766|2
10008936786|4
10008936795|4
10008936798|1
10008936809|3
10008936819|9
10008936821|0
10008936823|6
10008936829|0
10008936846|1
10008936853|2
10008936863|7
10008936871|1
10008936872|5
10008936897|7
10008936958|8
10008936959|1
10008936964|7
10008936968|0
10008937103|2
10008937117|9
10008937118|9
10008937120|8
10008937123|1
10008937125|1
10008937126|1
10008937128|0
10008937129|1
10008937167|6
10008937223|3
10008937224|6
10008937225|1
10008937226|0
10008937228|8
10008937230|4
10008937231|4
10008937232|4
10008937233|2
10008937234|6
10008937235|4
10008937236|5
10008937238|8
10008937239|2
10008937246|0
10008937254|9
10008937256|5
10008937257|6
10008937258|0
10008937259|1
10008937260|9
10008937280|4
10008937315|4
10008937316|3
10008937317|6
10008937414|0
10008937451|0
10008937460|8
10008937461|7
10008937475|3
10008937477|1
10008937478|6
10008937479|3
10008937482|5
10008937508|4
10008937523|6
10008937530|4
10008937534|6
10008937536|2
10008937537|4
10008937540|4
10008937545|9
10008937549|1
10008937550|6
10008937552|1
10008937553|3
10008937554|4
10008937557|6
10008937559|6
10008937574|7
10008937588|6
10008937589|5
10008937597|0
10008937598|0
10008937602|9
10008937609|9
10008938016|5
10008938019|3
10008938022|2
10008938024|1
10008938060|1
10008938063|8
10008938065|0
10008938066|7
10008938067|2
10008938070|7
10008938072|9
10008938159|4
10008938351|9
10008938353|7
10008938355|8
10008938356|8
10008938403|5
10008938412|2
10008938415|2
10008938418|8
10008938419|7
10008938420|0
10008938423|2
10008938507|3
10008938526|4
10008938528|1
10008938533|0
10008938534|5
10008938555|5
10008938593|5
10008938595|9
10008938649|6
10008938651|8
10008938725|7
10008938808|1
10008938809|3
10008938810|1
10008938812|8
10008938968|9
10008938969|2
10008939002|3
10008939046|1
10008939048|2
10008939057|6
10008939085|1
10008939166|7
10008939187|4
10008939192|0
10008939197|0
10008939207|9
10008939209|7
10008939211|5
10008939212|9
10008939217|7
10008939325|5
10008939326|6
10008939327|2
10008939329|9
10008939353|7
10008939388|5
10008939389|7
10008939455|5
10008939522|4
10008939526|2
10008939527|5
10008939528|6
10008939533|9
10008939534|8
10008939537|7
10008939538|4
10008939539|2
10008939548|9
10008939619|2
10008939620|9
10008939624|8
10008939628|8
10008939669|4
10008939670|5
10008939671|1
10008986565|2
10008986566|8
10008986569|5
10008986574|0
10008986588|1
10008986589|3
10008986590|4
10008986597|6
10008986605|7
10008986606|9
10008986610|5
10008986620|2
10008986621|1
10008986634|1
10008986643|8
10008986647|7
10008986656|6
10008986657|4
10008986658|4
10008986660|0
10008986671|1
10008986677|0
10008986681|4
10008986686|8
10008986693|4
10008986728|4
10008986730|5
10008986738|0
10008986739|8
10008986740|0
10008986855|4
10008986856|0
10008986872|1
10008986876|4
10008986879|6
10008986995|0
10008987010|0
10008987028|8
10008987058|1
10008987064|3
10008987084|8
10008987088|2
10008987097|7
10008987101|7
10008987104|7
10008987146|3
10008987152|1
10008987227|0
10008987238|5
10008987240|9
10008987241|5
10008987310|0
10008987330|0
10008987331|8
10008987436|7
10008987442|0
10008987446|1
10008987455|4
10008987491|6
10008987499|3
10008987511|0
10008987517|0
10008987528|2
10008987530|3
10008987536|0
10008987537|2
10008987539|9
10008987540|9
10008987543|6
10008987550|8
10008987553|3
10008987555|7
10008987564|0
10008987671|0
10008987672|1
10008987676|0
10008987679|8
10008987687|3
10008987689|9
10008987690|9
10008987693|5
10008987695|5
10008987696|6
10008987709|4
10008987710|6
10008987846|5
10008988583|2
10008988747|9
10008988749|3
10008988767|4
10008988779|5
10008988794|7
10008988809|1
10008988860|1
10008988868|0
10008988875|3
10008989038|6
10008989076|0
10008989077|3
10008989078|0
10008989079|6
10008989111|8
10008989118|8
10008989120|0
10008989121|1
10008989160|8
10008989165|6
10008989225|9
10008989401|1
10008989448|9
10008989450|1
10008989451|0
10008989461|6
10008989466|5
10008989495|9
10008989498|7
10008989513|0
10008989559|1
10008989654|2
10008989694|2
10008989696|7
10008989702|7
10008989713|6
10008989716|0
10008989717|6
10008989744|3
10008989746|6
10008989747|6
10008989751|4
10008989863|6
10008989865|9
10008989867|5
10008989876|7
10008989877|5
10008989889|2
10008989899|2
10008989902|1
10008989909|5
10008989950|8
10008989952|0
10008989998|5
10008989999|1
10008990014|9
10008990018|6
10008990034|7
10008990037|8
10008990047|3
10008990056|7
10008990059|9
10008990062|5
10008990085|2
10008990089|8
10008990091|5
10008990097|0
10008990288|0
10008990314|0
10008990349|9
10008990364|4
10008990405|3
10008990431|1
10008990456|5
10008990460|2
10008990476|3
10008990479|7
10008990519|8
10008990527|4
10008990530|2
10008990534|2
10008990540|2
10008990543|3
10008990552|3
10008990674|5
10008990675|9
10008990676|1
10008990677|1
10008990678|3
10008990679|1
10008990680|1
10008990681|0
10008990682|1
10008990683|7
10008990684|1
10008990743|4
10008990744|0
10008990745|7
10008990746|4
10008990748|5
10008990749|2
10008990750|8
10008990888|1
10008990904|3
10008990908|8
10008990914|6
10008990916|4
10008990918|7
10008990919|6
10008990920|3
10008990926|4
10008990930|0
10008990932|8
10008991063|6
10008991064|6
10008991069|8
10008991073|1
10008991080|8
10008991088|8
10008991179|4
10008991184|6
10008991195|1
10008991200|1
10008991202|2
10008991205|1
10008991216|3
10008991219|5
10008991221|9
10008991286|4
10008991289|8
10008991294|4
10008991365|7
10008991383|9
10008991418|5
10008991422|4
10008991431|5
10008991555|8
10008991646|5
10008991814|1
10008991828|3
10008991953|4
10008991986|3
10008991999|5
10008992003|0
10008992012|0
10008992042|3
10008992045|9
10008992048|5
10008992055|2
10008992064|3
10008992067|5
10008992071|7
10008992081|2
10008992085|2
10008992117|9
10008992125|8
10008992135|2
10008992137|6
10008992138|9
10008992184|8
10008992255|3
10008992267|9
10008992280|9
10008992287|3
10008992370|5
10009006625|7
10009006626|8
10009006627|4
10009006629|8
10009006637|7
10009006650|6
10009006674|4
10009006688|9
10009006691|2
10009006693|5
10009006697|9
10009006701|1
10009006715|7
10009006742|9
10009006753|2
10009006761|5
10009006763|7
10009006784|2
10009006785|3
10009006788|0
10009006792|7
10009006794|2
10009006796|6
10009006799|9
10009006800|7
10009006804|4
10009006821|4
10009006836|3
10009006839|7
10009006844|9
10009006849|1
10009006861|6
10009006877|5
10009006904|1
10009006942|9
10009006944|1
10009006945|1
10009006946|0
10009006947|5
10009006949|6
10009006957|8
10009006960|5
10009006985|1
10009006990|5
10009006993|8
10009006995|0
10009006997|0
10009006998|6
10009007002|5
10009007006|3
10009007011|4
10009007015|2
10009007018|3
10009007029|0
10009007067|7
10009007127|8
10009007131|2
10009007134|1
10009007138|3
10009007141|3
10009007157|9
10009007159|8
10009007214|2
10009007233|8
10009007266|5
10009007273|0
10009007277|2
10009007342|2
10009007343|2
10009007348|8
10009007407|0
10009007486|7
10009007488|7
10009007489|5
10009007579|4
10009007635|5
10009007638|1
10009007640|8
10009007642|7
10009007643|9
10009007657|2
10009007658|1
10009007659|0
10009007660|9
10009007664|4
10009007670|4
10009007676|5
10009007739|1
10009007740|6
10009007742|8
10009007745|1
10009007747|1
10009007754|7
10009007755|0
10009007756|9
10009007757|3
10009007763|4
10009007764|9
10009007768|4
10009007802|5
10009007808|5
10009007825|5
10009007836|1
10009007838|8
10009007871|7
10009007879|3
10009007880|5
10009007882|4
10009007883|1
10009007884|2
10009007886|3
10009007887|9
10009007888|2
10009007890|0
10009007892|8
10009007893|4
10009007913|8
10009007914|3
10009007922|5
10009007923|7
10009007924|4
10009007930|1
10009007947|2
10009007949|0
10009007955|0
10009007999|0
10009008000|5
10009008019|8
10009008036|9
10009008037|0
10009008042|5
10009008044|7
10009008045|4
10009008047|6
10009008049|4
10009008052|0
10009008058|0
10009008059|4
10009008071|3
10009008123|1
10009008126|9
10009008128|0
10009008155|2
10009008179|6
10009008194|5
10009008278|1
10009008282|1
10009008325|0
10009008330|3
10009008341|4
10009008357|5
10009008360|0
10009008441|5
10009008442|0
10009008445|3
10009008487|4
10009008489|7
10009008494|1
10009008495|1
10009008499|3
10009008500|0
10009008501|6
10009008540|2
10009008551|6
10009008653|7
10009008658|0
10009008662|0
10009008663|8
10009008665|0
10009008682|6
10009008704|7
10009008705|7
10009008708|7
10009008709|2
10009008711|7
10009008712|0
10009008717|6
10009008724|1
10009008727|4
10009008823|9
10009008836|4
10009008839|0
10009008840|6
10009008842|7
10009008843|7
10009008845|6
10009008848|4
10009009009|4
10009009010|0
10009009013|8
10009009015|7
10009009018|7
10009009019|5
10009009020|8
10009009026|0
10009009063|2
10009009069|2
10009009104|9
10009009105|2
10009009108|5
10009009112|2
10009009121|7
10009009129|6
10009009133|6
10009009140|1
10009009168|9
10009009171|1
10009009188|1
10009009227|4
10009009228|0
10009009229|8
10009009338|6
10009009349|2
10009009366|8
10009009367|9
10009009368|7
10009009370|6
10009009371|6
10009009376|7
10009009395|6
10009009396|4
10009009507|4
10009009510|0
10009009513|4
10009009515|0
10009009526|3
10009009531|7
10009009538|9
10009009543|8
10009009545|2
10009009550|8
10009009551|9
10009009552|6
10009009553|9
10009009556|8
10009009561|5
10009009594|6
10009009595|6
10009009596|0
10009009598|4
10009009601|9
10009009603|8
10009009604|3
10009009608|4
10009009610|9
10009009615|0
10009009619|3
10009009660|8
10009009663|4
10009009682|1
10009009686|8
10009009688|1
10009009689|3
10009009690|2
10009009693|4
10009009695|6
10009009697|1
10009009698|2
10009009699|5
10009009800|2
10009009803|6
10009009805|5
10009009831|7
10009009864|7
10009010032|9
10009010049|9
10009010051|4
10009010055|2
10009010057|9
10009010059|3
10009010060|3
10009010063|9
10009010066|3
10009010121|8
10009010135|0
10009010136|3
10009010138|2
10009010140|0
10009010148|4
10009010167|0
10009010168|9
10009010170|9
10009010171|0
10009010172|6
10009010175|6
10009010178|6
10009010179|3
10009010181|7
10009010182|1
10009010184|8
10009010185|6
10009010188|1
10009010280|5
10009010293|1
10009010298|2
10009010373|7
10009010377|3
10009010378|8
10009010379|9
10009010467|0
10009010469|0
10009010477|2
10009010498|6
10009010505|8
10009010513|0
10009010515|9
10009010517|6
10009010596|1
10009010634|1
10009010640|9
10009010758|0
10009010938|6
10009010959|8
10009010963|9
10009010968|0
10009010971|7
10009010976|1
10009010979|8
10009010987|0
10009010993|4
10009010994|3
10009011094|6
10009011095|2
10009011127|4
10009011145|8
10009011147|7
10009011167|1
10009011170|8
10009011179|0
10009011182|2
10009011187|3
10009011206|1
10009011207|2
10009011208|8
10009011213|8
10009011236|3
10009011243|3
10009011250|6
10009011259|9
10009011285|3
10009011288|9
10009011289|2
10009011303|9
10009011305|8
10009011313|6
10009011321|7
10009011328|7
10009011332|1
10009011352|7
10009011353|8
10009011355|2
10009011356|2
10009011359|4
10009011363|9
10009011366|9
10009011367|1
10009011369|5
10009011370|2
10009011374|6
10009011378|5
10009011411|5
10009011412|5
10009011413|0
10009011414|4
10009011533|1
10009011534|4
10009011535|2
10009011536|7
10009011537|9
10009011538|1
10009011544|2
10009011584|5
10009011585|2
10009011587|7
10009011591|5
10009011607|8
10009011625|2
10009011635|0
10009011636|4
10009011656|7
10009011696|9
10009011744|8
10009011755|1
10009011756|2
10009011766|1
10009011771|2
10009011774|0
10009011776|1
10009011778|1
10009011779|0
10009011780|5
10009011784|9
10009011793|9
10009011797|4
10009011801|0
10009011814|1
10009011819|7
10009011830|1
10009011838|8
10009011840|6
10009011845|3
10009011931|3
10009011936|8
10009011942|4
10009011944|3
10009011959|3
10009011963|0
10009011964|4
10009011982|1
10009011986|3
10009011991|9
10009011995|6
10009012005|6
10009012006|7
10009012011|5
10009012014|5
10009012018|9
10009012026|0
10009012031|9
10009012047|0
10009012054|7
10009012061|0
10009012067|3
10009012156|7
10009012177|8
10009012186|5
10009012188|1
10009012189|3
10009012193|9
10009012196|7
10009012199|2
10009012201|3
10009012205|1
10009012209|0
10009012216|6
10009012218|4
10009012224|9
10009012228|0
10009012234|8
10009012239|4
10009012240|0
10009012245|7
10009012298|1
10009012327|5
10009012328|1
10009012329|1
10009012330|8
10009012346|3
10009012347|1
10009012348|8
10009012349|3
10009012350|4
10009012351|8
10009012352|2
10009012353|0
10009012354|7
10009012355|3
10009012356|2
10009012391|6
10009012394|6
10009012417|2
10009012418|6
10009012475|4
10009012482|1
10009012483|0
10009012491|6
10009012496|4
10009012565|3
10009012616|9
10009012618|4
10009012620|7
10009012623|3
10009012628|1
10009012633|7
10009012671|9
10009012673|2
10009012731|8
10009012735|5
10009012739|8
10009012742|5
10009012746|7
10009012774|0
10009012784|0
10009012789|2
10009012793|8
10009012838|3
10009012839|1
10009012841|4
10009012844|0
10009012845|5
10009012846|8
10009012854|4
10009012855|8
10009012856|4
10009012858|0
10009012861|5
10009012862|4
10009012865|2
10009012867|7
10009012869|1
10009012872|2
10009012873|2
10009012874|3
10009012875|8
10009012876|4
10009012877|6
10009012878|7
10009013004|7
10009013005|0
10009013021|9
10009013077|5
10009124063|6
10009124143|4
10009124146|5
10009124148|2
10009124149|8
10009124151|3
10009124155|4
10009124157|2
10009124159|8
10009124160|8
10009124163|5
10009124168|6
10009124174|3
10009124179|7
10009124183|4
10009124204|5
10009124211|0
10009124217|4
10009124221|6
10009124223|3
10009124236|2
10009124247|8
10009124261|1
10009124271|4
10009124276|0
10009124320|4
10009124322|6
10009124333|7
10009124343|8
10009124351|1
10009124356|1
10009124360|3
10009124363|9
10009124378|8
10009124391|0
10009124392|0
10009124393|0
10009124418|3
10009124452|3
10009124459|6
10009124471|3
10009124476|4
10009124532|6
10009124548|8
10009124554|6
10009124560|3
10009124566|9
10009124572|9
10009124581|5
10009124586|5
10009124587|6
10009124618|7
10009124626|3
10009124628|2
10009124637|1
10009124641|0
10009124648|7
10009124653|9
10009124661|0
10009124662|9
10009124664|0
10009124672|8
10009124677|7
10009124679|0
10009124687|0
10009124692|9
10009124699|2
10009124704|3
10009124711|1
10009124724|5
10009124730|8
10009124750|1
10009124753|0
10009124806|8
10009124807|9
10009124808|7
10009124813|2
10009124829|2
10009125019|2
10009125021|6
10009125024|5
10009125029|8
10009125036|2
10009125037|2
10009125042|2
10009125046|4
10009125052|6
10009125061|9
10009125142|4
10009125163|2
10009125164|6
10009125166|7
10009125171|6
10009125204|3
10009125232|6
10009125237|2
10009125238|9
10009125427|4
10009125517|5
10009125522|0
10009125532|9
10009125537|5
10009125551|2
10009125556|2
10009125557|1
10009125559|3
10009125582|1
10009125612|3
10009125614|3
10009125619|4
10009125629|4
10009125633|8
10009125634|8
10009125640|6
10009125651|4
10009125654|5
10009125655|5
10009125661|2
10009125666|1
10009125708|7
10009125710|2
10009125819|0
10009125821|0
10009125901|6
10009125906|3
10009125949|1
10009126031|9
10009126032|0
10009126033|5
10009126043|9
10009126045|7
10009126063|9
10009126069|2
10009126071|1
10009126073|4
10009126097|0
10009126110|0
10009126194|7
10009126196|8
10009126198|8
10009126416|3
10009126422|4
10009126428|5
10009126439|3
10009126518|4
10009126526|0
10009126543|0
10009126545|1
10009126551|2
10009126554|8
10009126688|8
10009126778|0
10009126798|3
10009126801|7
10009126811|6
10009126814|5
10009126817|4
10009126820|3
10009126825|4
10009126831|5
10009126836|1
10009126838|4
10009126850|7
10009126884|0
10009126885|8
10009126886|7
10009126892|2
10009126893|7
10009126894|0
10009126895|2
10009126896|8
10009126897|8
10009126898|9
10009126966|1
10009126971|9
10009126973|4
10009126974|8
10009126985|7
10009126989|7
10009126995|4
10009126996|2
10009127008|9
10009127021|4
10009127031|9
10009127092|4
10009127137|4
10009127144|1
10009127147|8
10009127150|5
10009127161|1
10009127224|2
10009127271|8
10009127314|7
10009127326|2
10009127418|9
10009127419|1
10009127420|9
10009127422|4
10009127423|5
10009127441|8
10009127447|1
10009127453|7
10009127456|5
10009127457|0
10009127481|1
10009127488|2
10009127491|3
10009127498|9
10009127554|7
10009127565|9
10009127573|1
10009127576|2
10009127577|7
10009127585|5
10009127595|2
10009127606|9
10009127607|5
10009127619|7
10009127637|8
10009127652|6
10009127665|3
10009127669|2
10009127670|5
10009127676|4
10009127685|8
10009127706|2
10009127709|6
10009127714|4
10009127720|9
10009127721|8
10009127724|4
10009127732|7
10009127740|3
10009127743|9
10009127786|7
10009127802|2
10009127962|5
10009128001|5
10009129566|5
10009129568|9
10009129644|8
10009129650|1
10009129664|5
10009129707|2
10009129709|3
10009129721|3
10009129724|8
10009129725|7
10009129737|3
10009129748|9
10009129765|0
10009129823|4
10009129902|1
10009129931|6
10009129943|0
10009129944|4
10009129945|3
10009129947|2
10009129974|3
10009129976|1
10009129978|7
10009129979|0
10009129981|3
10009129983|5
10009129985|0
10009129988|1
10009130116|2
10009130124|2
10009130130|6
10009130144|5
10009130154|0
10009130159|6
10009130168|0
10009130173|9
10009130176|5
10009130177|8
10009130179|6
10009130204|8
10009130212|1
10009130215|1
10009130221|4
10009130222|4
10009130229|9
10009130242|8
10009130244|7
10009130253|3
10009130257|6
10009130261|2
10009130265|9
10009130271|5
10009130291|8
10009130318|5
10009130402|7
10009130478|2
10009130479|3
10009130480|2
10009130481|7
10009130482|4
10009130489|9
10009130496|7
10009130504|5
10009130514|3
10009130527|9
10009130552|9
10009130555|9
10009130579|8
10009130583|3
10009130615|3
10009130624|5
10009130628|7
10009130663|9
10009130664|3
10009130684|5
10009130697|8
10009130743|6
10009151649|3
10009151650|5
10009151653|7
10009151656|8
10009151662|9
10009151667|3
10009151691|2
10009151694|5
10009151765|9
10009151954|0
10009151971|1
10009151975|5
10009151976|6
10009152075|5
10009152098|0
10009152187|6
10009152224|4
10009152225|4
10009152238|2
10009152248|5
10009152272|9
10009152277|8
10009152282|3
10009152284|2
10009152555|7
10009152563|9
10009152564|6
10009152566|1
10009152567|1
10009152568|0
10009152575|2
10009152577|7
10009152586|0
10009152595|6
10009152596|5
10009152600|2
10009152601|4
10009152617|2
10009152623|0
10009152626|2
10009152630|7
10009152713|4
10009152791|1
10009152793|8
10009152794|8
10009152817|3
10009152827|1
10009152890|5
10009152899|9
10009152977|7
10009152984|2
10009152992|6
10009153008|5
10009153011|6
10009153016|1
10009153044|8
10009153045|8
10009153046|5
10009153047|9
10009153057|1
10009153059|0
10009153061|7
10009153133|6
10009153134|8
10009153135|6
10009153163|5
10009153164|2
10009153165|7
10009153166|9
10009153220|9
10009153222|4
10009153224|5
10009153228|1
10009153231|8
10009153235|4
10009153236|0
10009153266|6
10009153294|4
10009153310|8
10009153317|1
10009153333|1
10009153342|4
10009153344|4
10009153349|0
10009153363|5
10009153377|2
10009153378|0
10009153392|8
10009153419|5
10009153433|5
10009153483|0
10009153503|4
10009153521|9
10009153525|0
10009153526|1
10009153529|8
10009153565|6
10009153568|2
10009153569|5
10009153570|5
10009153571|0
10009153572|8
10009153573|9
10009153576|9
10009153578|4
10009153583|2
10009153584|7
10009153590|9
10009153603|6
10009153607|1
10009153608|6
10009153609|4
10009153621|6
10009153806|2
10009153807|8
10009153816|7
10009153835|5
10009153840|7
10009153841|4
10009153844|4
10009153848|8
10009153852|5
10009153857|7
10009153861|2
10009153864|0
10009153871|1
10009153880|7
10009153881|5
10009153885|9
10009153886|7
10009153889|5
10009153892|7
10009153894|9
10009153903|4
10009153909|3
10009153911|7
10009153938|9
10009153943|5
10009153945|4
10009153950|1
10009153953|6
10009153962|3
10009153971|7
10009154032|2
10009154034|8
10009154035|6
10009154036|9
10009154038|6
10009154039|3
10009154041|7
10009154045|2
10009154053|5
10009154054|4
10009154056|4
10009154060|9
10009154061|3
10009154068|5
10009154069|1
10009154071|0
10009154072|8
10009154074|1
10009154075|0
10009154474|7
10009154475|1
10009154476|6
10009154483|1
10009154495|3
10009154500|0
10009154513|6
10009154515|4
10009154516|0
10009154519|2
10009154520|3
10009154521|4
10009154522|2
10009154523|5
10009154524|1
10009154525|3
10009154526|8
10009154528|2
10009154529|3
10009154530|2
10009154531|6
10009154532|3
10009154533|1
10009154535|7
10009154536|7
10009154553|5
10009154554|2
10009154555|5
10009154556|1
10009154557|2
10009154558|5
10009154559|2
10009154560|7
10009154561|0
10009154563|0
10009154576|7
10009154577|8
10009154578|9
10009154581|0
10009154768|4
10009154774|4
10009154785|6
10009154794|7
10009154810|3
10009154813|4
10009154815|9
10009154820|9
10009154821|1
10009154841|6
10009154879|4
10009154908|4
10009154921|4
10009154977|6
10009155042|5
10009155049|7
10009155051|2
10009155316|8
10009155318|7
10009155567|3
10009155571|3
10009155572|7
10009155574|5
10009155580|3
10009155582|9
10009155583|1
10009155584|1
10009155585|7
10009155753|7
10009155762|8
10009155795|1
10009155814|3
10009155827|4
10009155828|7
10009155856|4
10009155875|5
10009155883|4
10009155894|6
10009155897|4
10009155919|6
10009155923|0
10009155929|5
10009155933|7
10009155965|6
10009156096|9
10009156097|1
10009156098|5
10009156099|6
10009156100|8
10009156101|9
10009156102|4
10009156103|7
10009156104|6
10009156106|4
10009156132|6
10009156134|3
10009156136|3
10009156137|0
10009156140|6
10009156141|7
10009156142|0
10009156159|6
10009156414|0
10009156472|0
10009156473|4
10009156477|5
10009156479|8
10009156485|6
10009156628|6
10009156683|2
10009156833|8
10009156844|3
10009156960|0
10009156966|4
10009157026|2
10009157114|9
10009157115|5
10009157194|0
10009157197|9
10009157203|8
10009157247|5
10009157404|3
10009157406|5
10009157489|6
10009157491|7
10009157494|1
10009157498|3
10009157520|0
10009157521|8
10009157522|0
10009157526|0
10009157603|8
10009157605|8
10009157609|8
10009157614|0
10009157616|7
10009157618|5
10009157620|7
10009157624|5
10009157625|4
10009157629|6
10009157637|6
10009157642|9
10009157647|1
10009157655|6
10009157666|5
10009157870|4
10009157876|0
10009157878|0
10009157938|9
10009157944|2
10009158111|3
10009158118|5
10009158135|2
10009158139|4
10009158151|4
10009158471|7
10009158511|3
10009158512|6
10009158513|0
10009158518|3
10009158533|6
10009158537|2
10009158592|1
10009158593|5
10009158604|5
10009158607|3
10009158610|8
10009158612|6
10009158615|1
10009158619|8
10009158628|1
10009158634|0
10009158639|9
10009158646|5
10009158671|3
10009158677|7
10009158682|5
10009158686|9
10009158687|2
10009158695|5
10009158699|7
10009158702|6
10009158708|5
10009158713|2
10009158763|8
10009158948|4
10009158953|7
10009159113|8
10009159115|0
10009159130|6
10009159154|4
10009159200|2
10009159215|8
10009159230|4
10009159244|4
10009159316|1
10009159564|4
10009159566|7
10009159567|5
10009159568|9
10009159570|1
10009159572|7
10009159573|0
10009159576|9
10009159588|0
10009159590|9
10009159724|2
10009159725|4
10009159729|2
10009159735|7
10009159738|7
10009159746|1
10009159762|8
10009159765|0
10009159768|1
10009159770|2
10009159777|0
10009159782|5
10009159794|3
10009159797|3
10009159863|4
10009159868|8
10009159870|0
10009159871|0
10009159878|3
10009159907|0
10009159941|2
10009159967|0
10009159974|8
10009160016|1
10009160031|4
10009160363|5
10009160365|7
10009160390|6
10009160402|6
10009160405|2
10009160445|9
10009160451|7
10009160710|1
10009160715|5
10009160737|3
10009160785|5
10009160798|5
10009160839|1
10009160845|7
10009160857|4
10009160874|6
10009160975|6
10009161054|1
10009161059|7
10009161246|3
10009161247|3
10009161248|8
10009161249|2
10009161250|0
10009161265|4
10009161317|4
10009161322|1
10009161341|0
10009161358|3
10009161423|3
10009161433|0
10009161446|8
10009161447|3
10009161461|5
10009161479|4
10009161527|8
10009161533|8
10009161544|8
10009161546|7
10009161548|2
10009161565|6
10009161582|9
10009161588|9
10009161589|8
10009161606|7
10009161607|7
10009161612|0
10009161620|2
10009161626|8
10009161711|9
10009161725|3
10009161729|5
10009161738|4
10009161745|6
10009161748|6
10009161759|6
10009161760|2
10009161858|5
10009161867|8
10009161907|3
10009161910|7
10009161960|3
10009161996|8
10009162002|7
10009162008|5
10009162063|8
10009162068|5
10009162083|1
10009162092|0
10009162101|5
10009228947|8
10009228948|6
10009228949|4
10009228950|3
10009228951|7
10009228955|6
10009228999|4
10009229015|9
10009229016|6
10009229018|5
10009229019|2
10009229020|5
10009229032|8
10009229035|7
10009229048|8
10009229053|2
10009229056|6
10009229093|8
10009229113|7
10009229116|9
10009229135|6
10009229144|7
10009229205|9
10009229210|4
10009229216|5
10009229221|7
10009229225|4
10009229238|2
10009229262|3
10009229292|5
10009229315|9
10009229319|9
10009229327|3
10009229330|8
10009229336|9
10009229345|4
10009229350|0
10009229362|7
10009229363|1
10009229365|1
10009229404|4
10009229412|5
10009229455|5
10009229456|8
10009229467|7
10009229482|2
10009229627|5
10009229634|1
10009229644|7
10009229652|3
10009229669|3
10009229672|3
10009229720|7
10009229729|9
10009229732|4
10009229766|3
10009229768|7
10009229770|7
10009229773|8
10009229775|4
10009229778|0
10009229781|8
10009229795|4
10009229800|5
10009229804|8
10009229809|7
10009229813|3
10009229814|8
10009229822|0
10009229824|9
10009229825|2
10009229826|4
10009229876|6
10009229877|5
10009229879|5
10009229881|6
10009229940|8
10009230101|8
10009230143|2
10009230160|1
10009230166|3
10009230174|9
10009230177|8
10009230179|5
10009230184|1
10009230187|1
10009230192|2
10009230203|7
10009230212|3
10009230244|1
10009230247|4
10009230250|5
10009230252|1
10009230253|8
10009230257|4
10009230259|8
10009230262|0
10009230267|7
10009230272|1
10009230273|2
10009230278|1
10009230288|1
10009230289|1
10009230295|6
10009230345|4
10009230354|5
10009230360|7
10009230365|6
10009230368|3
10009230369|2
10009230371|6
10009230390|5
10009230398|8
10009230417|2
10009230420|4
10009230676|9
10009230678|9
10009230679|1
10009230680|2
10009230682|4
10009230685|8
10009230686|1
10009230687|3
10009230688|6
10009230693|3
10009230711|2
10009230732|8
10009230738|1
10009230754|8
10009230764|5
10009230776|3
10009230792|4
10009230822|9
10009230828|0
10009230839|7
10009230868|1
10009230874|9
10009230908|4
10009230917|1
10009230924|9
10009231241|8
10009231248|2
10009231249|8
10009231251|4
10009231252|2
10009231255|5
10009231257|1
10009231268|8
10009231272|9
10009231274|5
10009231276|8
10009231277|6
10009231291|6
10009231301|7
10009231319|0
10009231323|7
10009231373|9
10009231376|0
10009231384|6
10009231390|7
10009231391|4
10009231392|9
10009231394|9
10009231396|0
10009231397|7
10009231403|7
10009231404|6
10009231417|7
10009231418|7
10009231419|1
10009231420|2
10009231422|9
10009231423|8
10009231425|9
10009231446|2
10009231450|1
10009231456|0
10009231480|6
10009231503|4
10009231544|3
10009231545|7
10009231546|5
10009231547|6
10009231549|9
10009231578|8
10009231582|5
10009231608|6
10009231620|6
10009231627|2
10009231629|5
10009231631|2
10009231634|5
10009231638|4
10009231655|4
10009231669|4
10009231673|9
10009231675|5
10009231677|2
10009231680|6
10009231682|4
10009231684|8
10009231686|3
10009231689|4
10009231692|2
10009231704|7
10009231769|9
10009231787|0
10009231793|7
10009231800|9
10009231822|5
10009231826|9
10009231846|6
10009231851|1
10009232249|4
10009232251|5
10009232253|8
10009232254|5
10009232269|4
10009232282|9
10009232283|9
10009232285|6
10009232290|4
10009232294|0
10009232295|6
10009232297|9
10009232346|1
10009232383|0
10009232393|2
10009232398|2
10009232413|1
10009232431|0
10009232440|3
10009232448|0
10009232470|9
10009232477|3
10009232504|8
10009232507|0
10009232532|8
10009232535|4
10009232557|5
10009232563|3
10009232568|0
10009232575|1
10009232581|7
10009232585|5
10009232596|0
10009232728|3
10009232743|1
10009232744|7
10009232912|1
10009233005|3
10009233013|4
10009233017|1
10009233068|9
10009233071|7
10009233110|5
10009233111|0
10009233112|2
10009233118|7
10009233126|7
10009233356|1
10009233358|1
10009233421|9
10009233429|5
10009233555|8
10009233557|5
10009233564|5
10009233898|8
10009233901|6
10009233915|0
10009233917|9
10009233925|3
10009233933|7
10009233941|7
10009233943|8
10009233999|6
10009234002|7
10009234003|9
10009234006|6
10009234008|1
10009234014|4
10009234016|9
10009234037|7
10009234047|7
10009234149|6
10009234152|8
10009234156|2
10009234159|4
10009234314|0
10009234508|3
10009234509|3
10009234512|9
10009234514|4
10009234537|6
10009234630|8
10009235086|4
10009235089|3
10009235135|2
10009235144|1
10009235154|6
10009235169|9
10009235175|1
10009235176|5
10009235185|3
10009235186|0
10009235187|8
10009235190|1
10009235192|9
10009235193|4
10009235196|0
10009235212|2
10009235214|0
10009235216|9
10009235517|0
10009235518|5
10009235519|2
10009235521|5
10009235526|1
10009235528|6
10009235529|4
10009235530|0
10009235544|8
10009235545|1
10009235550|6
10009235551|6
10009235552|4
10009235553|4
10009235554|7
10009235581|7
10009235585|4
10009235586|2
10009235588|0
10009235589|2
10009235592|5
10009235597|3
10009235606|0
10009235845|0
10009235846|6
10009235849|9
10009235880|1
10009235914|5
10009235949|4
10009235951|4
10009235955|1
10009235960|8
10009235966|6
10009235985|3
10009236002|9
10009236027|5
10009236045|1
10009236058|2
10009236090|8
10009236204|5
10009236209|1
10009236274|9
10009236275|8
10009236276|8
10009236277|9
10009236278|5
10009236279|0
10009236478|5
10009236514|5
10009236524|4
10009236600|7
10009236657|7
10009236671|8
10009236674|2
10009236675|5
10009236780|9
10009236782|9
10009236784|8
10009236787|2
10009236789|8
10009236793|0
10009236804|7
10009236818|8
10009236834|3
10009236840|2
10009236841|0
10009236845|1
10009236847|5
10009236848|1
10009236857|4
10009236859|2
10009236868|1
10009236876|6
10009236892|2
10009236897|9
10009236964|5
10009236970|9
10009237026|5
10009237027|4
10009237077|3
10009237127|1
10009237148|4
10009237150|1
10009237151|5
10009237154|4
10009237464|2
10009237467|7
10009237483|0
10009237487|6
10009237491|2
10009237937|0
10009237940|1
10009237945|5
10009237948|0
10009237951|0
10009237954|1
10009237956|6
10009237957|4
10009237960|3
10009237963|4
10009237966|7
10009237971|3
10009237978|0
10009237982|9
10009238006|4
10009238013|3
10009238019|1
10009238057|1
10009238082|6
10009238118|1
10009238124|5
10009238153|4
10009238163|2
10009238166|5
10009238169|3
10009238172|8
10009238178|4
10009238186|6
10009238195|1
10009238209|6
10009238220|2
10009238223|7
10009238250|6
10009238450|1
10009238451|9
10009238485|3
10009238486|7
10009238488|4
10009238490|7
10009238491|3
10009238492|2
10009238493|8
10009238494|1
10009238509|3
10009238510|4
10009238518|1
10009238531|0
10009238538|8
10009238542|3
10009238549|9
10009238561|4
10009238562|0
10009238564|0
10009238566|6
10009238574|7
10009238576|0
10009238579|0
10009238580|2
10009238583|6
10009238589|9
10009238593|2
10009238597|6
10009238604|9
10009238609|5
10009238615|7
10009238626|9
10009238629|5
10009238638|1
10009238644|8
10009238646|7
10009238651|5
10009238652|6
10009238658|2
10009238660|6
10009238664|5
10009238666|7
10009238668|1
10009238683|4
10009238689|4
10009238699|5
10009238708|9
10009238720|6
10009238727|5
10009238734|4
10009238787|1
10009238894|1
10009239031|5
10009239045|1
10009239046|7
10009239047|2
10009239048|5
10009239049|0
10009239050|8
10009239051|7
10009239053|8
10009239057|6
10009239344|3
10009239352|3
10009239358|1
10009239361|4
10009239363|6
10009239364|2
10009239366|9
10009239369|5
10009239370|9
10009239372|8
10009239376|7
10009239379|5
10009239383|8
10009239393|8
10009239453|4
10009239476|1
10009239481|6
10009239487|7
10009239488|7
10009239690|9
10009239695|4
10009239696|6
10009239697|4
10009239698|7
10009239699|4
10009239700|4
10009239701|4
10009239702|0
10009239706|4
10009239971|4
10009239979|5
10009239980|0
10009239982|0
10009239984|1
10009239985|9
10009240010|5
10009240018|0
10009240055|7
10009240057|8
10009240060|2
10009240063|3
10009240067|5
10009240069|6
10009240089|4
10009240117|8
10009240119|8
10009240144|5
10009240156|0
10009240163|3
10009240177|0
10009240185|7
10009240191|5
10009240306|8
10009240307|0
10009240308|4
10009240309|7
10009240315|0
10009240316|1
10009240318|8
10009240320|4
10009240321|1
10009240322|4
10009240502|6
10009240503|8
10009240506|1
10009240509|4
10009240510|9
10009240515|0
10009240522|0
10009240536|7
10009240549|8
10009240602|5
10009240648|4
10009240674|1
10009240679|1
10009240742|0
10009240753|5
10009240771|0
10009240776|2
10009240779|8
10009240781|2
10009240783|4
10009240784|1
10009240797|6
10009240801|4
10009240807|0
10009240848|2
10009240852|5
10009240855|3
10009240871|5
10009240877|6
10009240883|9
10009240887|6
10009240891|1
10009240894|1
10009240901|7
10009240990|0
10009240992|1
10009240993|6
10009241084|8
10009241088|2
10009241439|8
10009241444|7
10009241449|8
10009241462|4
10009241472|5
10009241485|7
10009241493|3
10009241500|7
10009241539|7
10009241796|0
10009241799|5
10009241804|0
10009241808|3
10009241918|0
10009241921|8
10009241931|2
10009241935|7
10009241936|8
10009241939|6
10009241944|4
10009241948|7
10009241982|1
10009242012|1
10009242054|5
10009242066|2
10009242081|2
10009242091|3
10009242122|5
10009242135|6
10009242148|5
10009242150|3
10009242209|1
10009242294|5
10009242313|8
10009242577|2
10009242578|4
10009242912|8
10009242917|3
10009242959|3
10009242966|9
10009242967|7
10009242977|7
10009242990|7
10009243015|1
10009243074|3
10009243075|9
10009243153|7
10009243367|5
10009243616|1
10009243626|7
10009243804|0
10009244021|3
10009244036|6
10009244041|1
10009244073|5
10009244081|3
10009244094|5
10009244110|1
10009244152|6
10009244177|3
10009244182|4
10009244188|3
10009244197|7
10009244214|1
10009244218|1
10009244219|2
10009244220|4
10009244221|3
10009244222|2
10009244223|8
10009244225|2
10009244226|6
10009244238|9
10009244239|8
10009244262|5
10009244350|7
10009244351|3
10009244923|7
10009246955|6
10009246958|4
10009246965|0
10009247242|1
10009247583|2
10009248018|9
10009248035|2
10009248036|6
10009248063|5
10009248125|6
10009248136|6
10009248144|3
10009248170|2
10009248226|7
10009248238|6
10009248290|3
10009259439|4
10009259465|1
10009259467|8
10009259469|0
10009259472|6
10009259507|2
10009259517|7
10009259523|6
10009259738|2
10009259740|9
10009259779|7
10009259797|8
10009259807|0
10009259808|2
10009259815|3
10009259820|6
10009259851|8
10009259859|7
10009259876|2
10009259888|0
10009259894|5
10009259899|8
10009260019|2
10009260041|7
10009260049|5
10009260056|6
10009260061|4
10009260079|2
10009260134|5
10009260201|1
10009260243|8
10009260252|5
10009260253|6
10009260255|2
10009260258|9
10009260266|4
10009260329|9
10009260807|4
10009260808|4
10009260809|7
10009260810|8
10009260811|1
10009260812|0
10009260813|6
10009260819|3
10009260830|3
10009260841|5
10009260883|8
10009260885|6
10009260886|5
10009260888|9
10009260889|7
10009260916|6
10009260920|1
10009260921|3
10009260922|7
10009260924|0
10009260926|3
10009260928|9
10009260937|3
10009260940|3
10009261001|1
10009261005|6
10009261020|3
10009261030|7
10009261043|9
10009261054|1
10009261085|6
10009261112|8
10009261140|9
10009261148|8
10009261188|8
10009261306|5
10009261308|4
10009261313|2
10009261319|3
10009261322|9
10009261323|7
10009261324|6
10009261325|9
10009261344|9
10009261370|9
10009261371|2
10009261372|7
10009261674|6
10009261785|0
10009261791|5
10009261795|4
10009261830|1
10009261843|3
10009261855|4
10009262080|7
10009262087|7
10009262090|0
10009262092|5
10009262094|6
10009262096|8
10009266589|1
10009266624|9
10009266636|0
10009266718|0
10009266720|0
10009266733|7
10009266750|8
10009266752|6
10009266755|7
10009266757|9
10009266760|8
10009266761|0
10009266764|9
10009266765|2
10009266769|1
10009266771|5
10009266828|7
10009266834|1
10009266846|9
10009266856|5
10009266861|5
10009266874|4
10009266875|8
10009266889|3
10009266902|4
10009266939|6
10009266948|3
10009266952|6
10009267036|9
10009267039|0
10009267042|9
10009267044|7
10009267046|5
10009267503|6
10009267507|5
10009267508|5
10009267511|9
10009267513|3
10009267518|4
10009267567|2
10009267574|9
10009267586|6
10009267596|1
10009267598|9
10009267603|5
10009267622|7
10009267631|7
10009267636|8
10009267645|9
10009267683|1
10009267685|2
10009267699|0
10009267700|4
10009267708|6
10009267712|8
10009267723|6
10009267732|2
10009267738|0
10009267743|0
10009267746|3
10009267747|9
10009267752|5
10009267775|5
10009267776|9
10009267777|6
10009267788|4
10009267818|7
10009267838|2
10009267841|1
10009267842|8
10009267843|7
10009267845|8
10009267846|1
10009267905|3
10009268595|5
10009268596|1
10009268686|9
10009268697|0
10009268700|2
10009268701|1
10009268721|1
10009268737|7
10009268769|7
10009268784|3
10009268852|1
10009268889|3
10009268925|9
10009268926|0
10009268928|4
10009268929|5
10009268930|6
10009268967|3
10009268969|7
10009268972|5
10009268978|6
10009269023|6
10009269024|6
10009269025|4
10009269026|8
10009269027|0
10009269028|2
10009269029|8
10009269030|9
10009269032|1
10009269036|1
10009269037|4
10009269038|0
10009269039|4
10009269040|5
10009269041|0
10009269042|2
10009269043|8
10009269044|9
10009269045|4
10009269046|8
10009269049|1
10009269050|4
10009269051|0
10009269052|1
10009269053|8
10009269054|3
10009269055|6
10009269056|6
10009269057|9
10009269060|2
10009269061|8
10009269062|8
10009269065|6
10009269066|0
10009269082|7
10009269084|0
10009269085|3
10009269088|3
10009269089|6
10009269091|0
10009269092|9
10009269093|5
10009269094|1
10009269095|5
10009269096|0
10009269220|3
10009269221|7
10009269233|7
10009269284|8
10009269291|7
10009269314|2
10009269358|1
10009269377|5
10009269460|7
10009269501|7
10009269521|8
10009269523|9
10009269834|0
10009269838|3
10009269890|8
10009269918|0
10009269999|6
10009270003|9
10009270034|9
10009270055|7
10009270085|7
10009270311|3
10009270313|6
10009270316|4
10009270328|6
10009270372|6
10009270413|0
10009270432|5
10009270439|6
10009270442|2
10009270446|2
10009270459|0
10009270467|2
10009270482|7
10009270486|0
10009270505|8
10009270560|1
10009270579|9
10009270739|5
10009270882|6
10009270887|5
10009271013|2
10009271069|9
10009271078|4
10009271079|3
10009271080|0
10009271149|6
10009271157|2
10009271253|3
10009271271|8
10009271275|2
10009271280|5
10009271336|5
10009271362|4
10009271606|0
10009271709|1
10009271864|0
10009271960|3
10009271964|3
10009271978|3
10009272017|8
10009272028|5
10009272046|5
10009272052|9
10009272067|7
10009272134|5
10009272142|1
10009272226|4
10009272276|2
10009272286|8
10009272288|5
10009272289|5
10009272298|1
10009272306|2
10009272308|0
10009272361|8
10009272363|3
10009272377|1
10009272380|1
10009272381|1
10009272387|8
10009272389|4
10009272390|5
10009272395|4
10009272396|9
10009272404|9
10009272408|7
10009272419|1
10009272425|6
10009272435|1
10009272452|5
10009272459|4
10009272593|2
10009272594|1
10009272595|0
10009272596|4
10009272600|4
10009272611|6
10009272613|6
10009273086|3
10009273100|4
10009273125|8
10009273162|4
10009273166|3
10009273173|8
10009273176|4
10009273289|3
10009273300|6
10009273317|4
10009273345|1
10009273350|0
10009273356|8
10009273359|9
10009273389|0
10009273396|4
10009273399|5
10009273401|1
10009273407|2
10009273416|6
10009273422|9
10009273425|3
10009273433|5
10009273441|6
10009273454|3
10009273506|3
10009273639|4
10009273889|2
10009273896|9
10009273901|4
10009273908|1
10009273914|0
10009273921|5
10009273935|9
10009273938|0
10009273986|0
10009274110|8
10009274111|1
10009274117|6
10009274118|9
10009295332|1
10009295354|2
10009295489|5
10009295497|6
10009295521|2
10009295533|2
10009295542|1
10009295552|4
10009295646|4
10009295655|2
10009295661|9
10009295665|5
10009295703|0
10009295843|3
10009296020|9
10009296312|1
10009296320|6
10009296327|2
10009296355|5
10009296360|4
10009296366|6
10009296375|1
10009296379|8
10009296406|5
10009296427|3
10009296441|4
10009296448|2
10009296596|4
10009296604|8
10009296629|5
10009296644|1
10009296647|4
10009296676|1
10009296680|3
10009297207|2
10009297259|0
10009297444|0
10009297456|4
10009297585|8
10009297591|4
10009298093|0
10009298094|5
10009298105|4
10009298115|5
10009298167|0
10009298190|9
10009298199|0
10009298215|0
10009298216|2
10009298226|2
10009298230|4
10009298237|2
10009298239|7
10009298241|5
10009298264|2
10009298267|0
10009298270|2
10009298274|7
10009298281|2
10009298304|1
10009298313|6
10009298345|7
10009298358|2
10009298368|1
10009298432|5
10009298472|2
10009298511|3
10009298925|6
10009298926|2
10009298927|6
10009298928|3
10009298929|6
10009298932|9
10009298933|0
10009298968|4
10009298970|9
10009298974|1
10009298977|6
10009298981|1
10009298983|6
10009298986|2
10009298990|2
10009299479|6
10009299486|2
10009299489|2
10009299492|0
10009299510|5
10009299538|5
10009299543|2
10009299547|4
10009299560|9
10009299571|4
10009299574|1
10009299583|5
10009299586|1
10009299592|1
10009299593|5
10009299602|1
10009299606|9
10009299667|4
10009299678|2
10009299827|3
10009299829|3
10009299864|0
10009299865|8
10009299867|7
10009299898|8
10009299901|7
10009299911|0
10009299939|0
10009299943|6
10009299948|9
10009299949|4
10009299950|7
10009299961|2
10009300001|4
10009300006|8
10009300019|6
10009300064|1
10009300071|5
10009300126|6
10009300129|4
10009300334|1
10009300335|5
10009300336|9
10009300338|1
10009300345|9
10009300346|6
10009300348|9
10009300352|0
10009300355|2
10009300357|4
10009300360|6
10009300390|4
10009300392|1
10009300397|2
10009300430|9
10009300434|3
10009300440|6
10009300442|1
10009300443|8
10009300447|7
10009300541|9
10009300543|8
10009300552|4
10009300564|9
10009300572|8
10009300573|7
10009300574|1
10009300577|0
10009300580|9
10009300587|5
10009300612|2
10009300653|9
10009300684|1
10009300692|5
10009300696|7
10009300800|5
10009301070|7
10009301088|7
10009301091|1
10009301092|9
10009301096|1
10009301099|1
10009301100|6
10009301183|1
10009301190|1
10009301201|7
10009301206|6
10009301252|6
10009301265|9
10009301283|6
10009301323|9
10009301325|6
10009301334|2
10009301335|1
10009301339|0
10009301342|3
10009301347|3
10009301349|1
10009301352|6
10009301378|3
10009301379|2
10009301391|2
10009301395|8
10009301397|1
10009301404|6
10009301409|5
10009301412|8
10009301519|1
10009301520|5
10009301678|3
10009301840|4
10009302051|5
10009302084|9
10009302132|8
10009302183|0
10009302199|4
10009302223|7
10009302352|9
10009302705|9
10009302708|8
10009302727|4
10009302733|3
10009302736|9
10009302741|2
10009302747|1
10009302758|1
10009302760|2
10009302768|7
10009302772|9
10009302814|9
10009302904|7
10009302918|8
10009303002|6
10009303114|3
10009303130|3
10009303141|6
10009303147|1
10009303156|1
10009303160|7
10009303166|9
10009303310|5
10009303335|9
10009303444|3
10009303449|9
10009303758|1
10009303776|4
10009303777|4
10009303808|8
10009303832|8
10009303847|0
10009303874|4
10009303879|0
10009303910|8
10009303919|0
10009303925|9
10009303931|5
10009303939|5
10009303944|9
10009304029|7
10009304056|7
10009304122|0
10009304133|4
10009304175|0
10009304185|8
10009304200|6
10009304239|6
10009304374|6
10009304386|3
10009304706|9
10009304712|5
10009304770|2
10009304772|5
10009304841|1
10009304901|1
10009305254|2
10009305299|3
10009305398|7
10009305422|0
10009305423|8
10009305424|2
10009305486|3
10009305492|7
10009305501|6
10009305529|4
10009305530|9
10009305554|1
10009305597|6
10009305677|1
10009305740|2
10009305805|7
10009305820|9
10009305828|5
10009305939|1
10009306315|0
10009306316|2
10009306319|9
10009306321|1
10009306323|7
10009306324|8
10009306325|2
10009306326|6
10009306330|7
10009306331|6
10009306333|3
10009306335|7
10009306337|4
10009306338|4
10009306342|6
10009306350|2
10009306355|6
10009306359|2
10009306420|8
10009306439|2
10009306507|0
10009306520|1
10009306531|0
10009306554|4
10009306558|2
10009306560|1
10009306564|3
10009306567|4
10009306568|5
10009306569|2
10009306574|1
10009306581|9
10009306629|9
10009306630|2
10009306633|7
10009306634|4
10009306635|2
10009306636|8
10009306637|1
10009306638|8
10009306639|6
10009306644|0
10009306647|8
10009306827|6
10009306836|3
10009306839|4
10009306840|4
10009306853|1
10009306855|9
10009306859|1
10009306863|2
10009306878|0
10009306893|1
10009306898|6
10009306937|1
10009306938|9
10009306939|1
10009306940|7
10009306941|0
10009306944|3
10009306961|9
10009306962|8
10009306964|3
10009306966|7
10009306968|0
10009306969|8
10009306971|5
10009306972|5
10009306973|6
10009306974|9
10009306976|8
10009306978|0
10009306979|6
10009306983|4
10009306991|3
10009306997|6
10009307001|8
10009307004|5
10009307008|3
10009307010|8
10009307015|3
10009307032|5
10009307079|8
10009307100|2
10009307310|4
10009307314|0
10009307315|9
10009307320|9
10009307328|5
10009307333|4
10009307337|7
10009307340|3
10009307341|6
10009307347|6
10009307351|4
10009307358|2
10009307360|6
10009307361|4
10009307391|3
10009307397|3
10009307402|2
10009307409|6
10009307419|6
10009307423|1
10009307450|5
10009307463|0
10009307464|7
10009307469|6
10009307473|4
10009307475|1
10009307502|3
10009307503|3
10009307504|0
10009307505|8
10009307506|1
10009307543|4
10009307545|0
10009307567|9
10009307582|9
10009307586|4
10009307590|8
10009307595|5
10009307601|7
10009307605|3
10009307762|4
10009307940|9
10009307941|4
10009307942|6
10009307943|5
10009307947|7
10009307953|3
10009307956|1
10009307965|7
10009307968|9
10009307969|4
10009307972|7
10009307975|2
10009307977|4
10009307978|6
10009307979|1
10009307981|2
10009307984|8
10009307989|1
10009307990|3
10009307994|7
10009308010|5
10009308015|7
10009308021|4
10009308022|1
10009308029|1
10009308037|7
10009308050|5
10009308080|2
10009308083|8
10009308090|6
10009308106|9
10009308121|0
10009308134|7
10009308151|2
10009308156|4
10009308167|7
10009308174|9
10009308211|1
10009308280|6
10009308299|1
10009308307|5
10009308311|9
10009308818|0
10009308825|4
10009308829|7
10009308836|5
10009308895|0
10009308899|8
10009308900|0
10009308904|6
10009308905|0
10009308907|4
10009308910|9
10009308939|8
10009308943|2
10009308957|4
10009308963|9
10009309139|5
10009309180|9
10009309434|8
10009309459|8
10009309462|5
10009309464|0
10009309466|2
10009309469|0
10009309472|2
10009309473|0
10009309475|0
10009309477|7
10009309483|8
10009309495|5
10009309505|9
10009309512|8
10009309520|7
10009309538|2
10009309549|1
10009309556|3
10009309557|7
10009309567|7
10009309573|6
10009309591|4
10009309604|4
10009309607|0
10009309615|0
10009309617|5
10009309637|1
10009309645|9
10009309683|8
10009309690|2
10009309697|4
10009309703|7
10009310034|9
10009310036|6
10009310043|0
10009310046|9
10009310061|7
10009310062|4
10009310064|5
10009310069|8
10009310072|9
10009310080|9
10009310086|6
10009310088|6
10009310115|1
10009310125|2
10009310129|0
10009310130|0
10009310143|9
10009310150|5
10009310155|7
10009310157|5
10009310158|0
10009310161|1
10009310180|0
10009310183|9
10009310190|3
10009310198|4
10009310256|0
10009310287|5
10009310292|7
10009310296|2
10009310297|2
10009310299|2
10009310313|7
10009310679|1
10009310689|2
10009310711|0
10009310713|3
10009310715|1
10009310716|9
10009310717|1
10009310724|6
10009310725|5
10009310726|4
10009310731|4
10009310735|8
10009310737|4
10009310738|0
10009310744|0
10009310748|2
10009310752|8
10009310757|1
10009310758|3
10009310763|5
10009310767|8
10009310779|0
10009310813|2
10009310833|4
10009310838|3
10009310840|7
10009310842|7
10009310843|0
10009310844|7
10009310848|0
10009310852|0
10009310853|4
10009310856|6
10009310858|3
10009310888|3
10009310893|1
10009310896|3
10009310906|1
10009310907|7
10009310908|7
10009310912|3
10009310915|5
10009310916|2
10009310921|8
10009310924|8
10009310933|7
10009310947|4
10009310948|9
10009310954|1
10009310959|1
10009310963|2
10009310971|1
10009310985|0
10009310988|5
10009310998|7
10009311002|7
10009311013|1
10009311028|4
10009311030|9
10009311036|9
10009311482|4
10009311488|4
10009311498|7
10009311500|2
10009311502|0
10009311504|7
10009311507|9
10009311511|2
10009311521|5
10009311525|0
10009311534|2
10009311583|9
10009311585|3
10009311598|7
10009311608|7
10009311685|1
10009311689|5
10009311690|6
10009311712|2
10009311724|6
10009311755|8
10009311765|1
10009311773|2
10009311776|0
10009311813|5
10009311816|3
10009311821|5
10009311822|2
10009311828|0
10009311829|7
10009311830|2
10009311831|8
10009311832|5
10009311989|2
10009311991|2
10009311993|9
10009311994|3
10009311998|3
10009312019|4
10009312027|1
10009312041|7
10009312052|6
10009312066|1
10009312080|4
10009312083|7
10009312089|2
10009312108|2
10009312111|2
10009312115|8
10009312119|7
10009312120|0
10009312139|8
10009312141|7
10009312143|6
10009312147|3
10009312174|8
10009312180|0
10009312184|4
10009312187|2
10009312194|0
10009312197|0
10009312199|7
10009312203|2
10009312209|7
10009312214|5
10009312215|5
10009312501|9
10009312502|2
10009312503|7
10009312553|8
10009312554|0
10009312821|1
10009312823|1
10009312825|8
10009312835|5
10009312837|6
10009312840|3
10009312841|7
10009312842|2
10009313091|6
10009313097|3
10009313101|1
10009313104|8
10009313140|2
10009313156|6
10009313157|5
10009313217|4
10009313245|4
10009313315|5
10009313316|5
10009313343|3
10009313553|1
10009313603|8
10009313608|4
10009313614|7
10009313617|3
10009313633|5
10009313653|6
10009313708|2
10009313752|1
10009314101|8
10009314269|3
10009314274|1
10009314275|5
10009314444|2
10009314446|3
10009314483|9
10009314489|6
10009314546|3
10009314547|3
10009314549|8
10009314550|5
10009314552|2
10009315138|0
10009315296|3
10009315463|1
10009315466|2
10009315471|1
10009315472|9
10009315478|7
10009315484|8
10009315486|5
10009315491|1
10009315492|0
10009315495|8
10009315496|3
10009315513|0
10009315516|6
10009315545|6
10009315557|3
10009315582|6
10009315593|1
10009315600|9
10009315603|1
10009315614|6
10009315628|2
10009315647|6
10009315655|5
10009315712|5
10009315714|1
10009315719|9
10009315725|1
10009315733|9
10009315740|4
10009315799|9
10009315802|2
10009315805|5
10009315807|6
10009315808|1
10009315880|7
10009316243|9
10009316262|8
10009316271|3
10009316373|3
10009316380|5
10009316528|0
10009316724|2
10009316725|9
10009316726|9
10009316727|0
10009316743|6
10009316744|1
10009316746|3
10009316749|9
10009316752|5
10009316757|5
10009316760|8
10009316764|2
10009316770|8
10009316777|5
10009316781|4
10009316795|1
10009316889|4
10009316953|9
10009317465|1
10009317474|1
10009317481|1
10009317485|4
10009317491|9
10009317494|1
10009317497|1
10009317499|9
10009317503|5
10009317512|4
10009317522|7
10009317615|4
10009317639|2
10009317712|3
10009317715|4
10009317720|3
10009317724|6
10009317759|0
10009317825|6
10009347963|3
10009347965|1
10009347966|8
10009348009|9
10009348012|6
10009348046|5
10009348061|2
10009348062|8
10009348066|7
10009348070|2
10009348073|7
10009348094|7
10009348119|2
10009348120|2
10009348123|6
10009348131|5
10009348370|9
10009348586|6
10009348589|3
10009348728|8
10009348745|1
10009348754|0
10009348757|6
10009348765|3
10009348802|0
10009348806|4
10009348933|2
10009348934|3
10009348935|8
10009348936|3
10009348938|7
10009348943|9
10009348983|0
10009349003|5
10009349035|7
10009349040|2
10009349053|2
10009349092|9
10009349100|9
10009349110|9
10009349111|2
10009349119|9
10009349120|8
10009349122|7
10009349125|8
10009349135|3
10009349139|0
10009349147|2
10009349152|4
10009349170|2
10009349184|9
10009349196|8
10009349222|2
10009349250|1
10009349299|0
10009349300|1
10009349304|0
10009349307|7
10009349529|8
10009349531|7
10009349533|9
10009349534|7
10009349535|5
10009349536|3
10009349537|5
10009349538|3
10009349539|9
10009349541|4
10009349542|9
10009349544|8
10009349553|0
10009349556|9
10009349563|8
10009349567|5
10009349568|0
10009349573|8
10009349583|6
10009349585|3
10009349586|8
10009349589|7
10009349590|2
10009349600|5
10009349610|7
10009349616|5
10009349618|3
10009349622|1
10009349624|5
10009349668|1
10009349671|9
10009349674|6
10009349678|8
10009349680|9
10009349682|3
10009349685|8
10009349694|6
10009349698|6
10009349699|9
10009349701|8
10009349704|3
10009349709|1
10009349711|9
10009349717|6
10009349720|2
10009349726|3
10009349728|8
10009349729|8
10009349744|3
10009349746|5
10009349749|7
10009349750|9
10009349751|1
10009349795|8
10009349796|3
10009349821|0
10009349934|7
10009349942|6
10009349943|8
10009349947|7
10009349965|6
10009349966|0
10009349969|3
10009349972|0
10009349981|0
10009349983|1
10009349986|6
10009349989|5
10009349994|0
10009349997|0
10009349998|3
10009350001|8
10009350003|5
10009350034|5
10009350035|7
10009350036|0
10009354604|3
10009354648|8
10009354655|9
10009354658|7
10009354659|1
10009354673|1
10009354680|6
10009354682|5
10009354684|5
10009354689|2
10009354691|7
10009354693|9
10009354694|7
10009354735|6
10009354746|7
10009354802|4
10009354803|6
10009354808|7
10009354810|9
10009354943|5
10009354948|3
10009354951|1
10009354959|7
10009354976|9
10009354983|1
10009354984|3
10009354985|6
10009354987|2
10009354998|2
10009355001|3
10009355002|1
10009355004|9
10009355035|3
10009355080|2
10009355089|3
10009355118|1
10009355122|9
10009355133|7
10009355137|0
10009355141|4
10009355147|2
10009355155|4
10009355179|9
10009355282|4
10009355301|9
10009355304|7
10009355316|6
10009355326|9
10009355331|5
10009355406|4
10009355407|4
10009355423|1
10009355424|1
10009355426|1
10009355427|1
10009355429|4
10009355444|6
10009355445|4
10009355527|8
10009355533|9
10009355535|1
10009355536|5
10009355539|7
10009355546|4
10009355547|6
10009355549|7
10009355552|8
10009355554|2
10009355587|3
10009355602|0
10009355606|9
10009355781|0
10009355785|3
10009355788|1
10009355826|9
10009356063|6
10009356064|0
10009356065|5
10009356096|2
10009356133|6
10009356137|7
10009356245|5
10009356254|7
10009356297|5
10009356428|0
10009356429|2
10009356431|2
10009356432|1
10009356627|8
10009356635|7
10009356644|5
10009356659|1
10009356669|9
10009356677|2
10009356681|6
10009356684|8
10009356687|7
10009356693|1
10009356696|5
10009356700|8
10009356725|7
10009356944|8
10009356945|9
10009357240|8
10009357258|4
10009357259|1
10009357260|5
10009357261|3
10009357264|1
10009357267|6
10009357271|0
10009357273|9
10009357275|3
10009357277|2
10009357278|9
10009357280|1
10009357284|2
10009357287|4
10009357288|4
10009357299|4
10009372924|7
10009372993|7
10009373040|2
10009373044|3
10009373061|0
10009373066|7
10009373075|9
10009373088|7
10009373094|1
10009373100|3
10009373107|9
10009373110|1
10009373436|7
10009373705|7
10009373784|3
10009373787|5
10009373791|0
10009373792|8
10009373795|9
10009373798|4
10009373806|8
10009373808|2
10009373814|9
10009373820|9
10009373855|3
10009373865|4
10009373867|3
10009373869|4
10009373875|1
10009373877|5
10009373879|9
10009373880|8
10009373882|8
10009373884|6
10009373887|2
10009373893|1
10009373895|7
10009373896|4
10009373903|9
10009373906|9
10009373957|7
10009373971|8
10009374153|7
10009374157|2
10009374232|9
10009374335|0
10009374338|8
10009374351|3
10009374355|1
10009374358|8
10009374359|3
10009374362|4
10009374364|1
10009374368|4
10009374373|0
10009374375|6
10009374377|5
10009374384|7
10009374388|4
10009374389|3
10009374392|5
10009374394|6
10009374397|1
10009374409|9
10009374412|4
10009374417|8
10009374418|5
10009374419|3
10009374424|4
10009374427|7
10009374435|9
10009374438|3
10009374439|9
10009374442|6
10009374615|0
10009374654|0
10009374668|3
10009374671|9
10009374698|7
10009374717|2
10009374767|9
10009374772|5
10009374773|0
10009374775|1
10009374777|5
10009374779|2
10009374780|4
10009374781|8
10009374784|6
10009374785|6
10009374787|6
10009374793|2
10009374794|5
10009374795|2
10009375055|4
10009375064|1
10009375066|1
10009375105|8
10009375109|3
10009375182|0
10009375236|6
10009375241|9
10009375246|6
10009375247|2
10009375249|9
10009375252|7
10009375255|6
10009375256|5
10009375349|1
10009375356|8
10009375391|5
10009375410|4
10009375413|1
10009375418|0
10009375523|8
10009375549|9
10009375557|3
10009375563|4
10009375567|5
10009375594|7
10009375597|0
10009375599|2
10009375601|6
10009375645|9
10009375686|4
10009375692|2
10009375702|5
10009375710|6
10009375713|6
10009375717|3
10009375759|7
10009375760|1
10009375761|9
10009375762|0
10009375763|8
10009375797|9
10009375879|4
10009375902|7
10009375903|6
10009375904|9
10009375905|8
10009375906|6
10009375908|4
10009376050|6
10009376059|1
10009376072|7
10009376081|6
10009376099|9
10009376101|5
10009376103|6
10009376106|8
10009376109|4
10009376112|2
10009376157|5
10009376196|0
10009376198|4
10009376202|9
10009376206|5
10009376207|6
10009376209|3
10009376214|5
10009376228|1
10009376237|6
10009376261|9
10009376265|3
10009376272|0
10009376329|6
10009376347|2
10009376461|4
10009376463|6
10009376464|0
10009376465|2
10009376466|9
10009376566|9
10009376654|1
10009376660|0
10009376688|9
10009376705|0
10009376717|8
10009376718|9
10009376720|6
10009376740|4
10009376749|8
10009376766|4
10009376769|7
10009376778|0
10009376781|8
10009376785|2
10009376797|9
10009376818|0
10009376837|4
10009376938|8
10009376951|4
10009376975|6
10009376985|6
10009377068|2
10009377073|7
10009377195|5
10009377210|3
10009377214|8
10009377240|8
10009377278|8
10009377288|6
10009377297|4
10009377298|1
10009377299|5
10009377301|6
10009377308|8
10009377328|7
10009377329|6
10009377330|0
10009377331|9
10009377348|8
10009377351|3
10009377352|1
10009377356|6
10009377361|4
10009377366|6
10009377370|8
10009377389|0
10009377393|1
10009377408|3
10009377418|0
10009377423|5
10009377457|0
10009377467|7
10009377494|4
10009377539|9
10009377616|0
10009377786|7
10009377790|5
10009377792|0
10009377794|4
10009377796|8
10009377803|4
10009377806|1
10009377807|7
10009377817|7
10009377917|4
10009377943|5
10009378005|8
10009378009|5
10009378028|6
10009378029|6
10009378030|9
10009378034|4
10009378037|9
10009378044|0
10009378381|5
10009378384|2
10009378385|3
10009378387|8
10009378390|0
10009378418|9
10009378432|4
10009378454|0
10009378466|0
10009378480|8
10009378492|9
10009378502|4
10009378507|2
10009378515|8
10009378604|3
10009378657|9
10009378682|9
10009378690|0
10009379444|6
10009379449|7
10009379450|6
10009379451|9
10009379452|8
10009379453|2
10009379455|9
10009379457|1
10009379459|3
10009379462|7
10009379466|9
10009379467|0
10009379470|6
10009379474|3
10009379481|3
10009379497|0
10009379499|7
10009379505|4
10009379509|1
10009379516|0
10009379521|2
10009379528|9
10009379534|9
10009379544|6
10009379547|9
10009379550|9
10009379555|3
10009379558|0
10009379564|3
10009379568|7
10009379570|7
10009379575|0
10009379576|5
10009379582|8
10009379586|7
10009379592|1
10009379594|1
10009379598|9
10009379603|7
10009379619|1
10009379623|6
10009379626|9
10009379641|2
10009379645|7
10009379646|0
10009379650|5
10009379658|0
10009379661|7
10009379666|9
10009379668|0
10009379672|5
10009379676|9
10009379695|4
10009379704|3
10009379705|8
10009379721|4
10009379732|9
10009379740|6
10009379747|3
10009379759|7
10009379774|2
10009379776|8
10009379782|9
10009379788|5
10009379799|1
10009379807|4
10009379818|6
10009379828|3
10009379836|1
10009380039|9
10009380047|0
10009380050|2
10009380119|0
10009380131|4
10009380138|7
10009380145|2
10009380166|4
10009380175|5
10009380178|3
10009380203|9
10009380208|6
10009380266|0
10009380269|5
10009380271|7
10009380333|0
10009380340|4
10009380401|8
10009380403|0
10009380406|9
10009380407|5
10009380411|3
10009380412|4
10009380414|6
10009380415|5
10009380416|8
10009380417|8
10009380418|0
10009380420|2
10009380422|2
10009380426|6
10009380432|3
10009380437|8
10009380438|9
10009380440|7
10009380443|7
10009380451|1
10009380462|1
10009380463|6
10009380469|4
10009380476|6
10009380487|2
10009380498|1
10009380541|1
10009380585|4
10009380595|2
10009380653|0
10009380657|8
10009380662|0
10009380668|0
10009380681|5
10009380706|3
10009380730|4
10009380803|3
10009380804|7
10009380805|3
10009380806|6
10009380807|0
10009380808|4
10009380809|8
10009380810|7
10009380811|5
10009380927|2
10009380930|3
10009380945|6
10009380956|2
10009380983|8
10009381043|3
10009381046|2
10009381051|7
10009381068|6
10009381113|5
10009381114|7
10009381115|3
10009381116|6
10009381132|2
10009381152|1
10009381158|5
10009381159|9
10009381160|3
10009381161|7
10009381162|2
10009381163|0
10009381165|4
10009381166|2
10009381167|8
10009381168|0
10009381249|8
10009381251|4
10009381256|3
10009381266|3
10009381276|9
10009381407|9
10009381487|5
10009381527|9
10009381528|9
10009381529|8
10009381530|1
10009381531|4
10009381532|8
10009381533|9
10009381540|5
10009381662|3
10009381669|0
10009381708|7
10009381712|0
10009381742|5
10009381768|7
10009381844|4
10009381848|2
10009381854|4
10009381855|8
10009381870|7
10009381922|8
10009381929|5
10009381937|6
10009381944|4
10009381949|2
10009381976|6
10009381981|9
10009382056|9
10009382091|3
10009382357|9
10009382358|1
10009382359|0
10009382368|6
10009382370|4
10009382393|6
10009382397|2
10009382399|7
10009382408|2
10009382443|2
10009382446|5
10009382460|3
10009382466|8
10009382470|3
10009382529|6
10009382532|7
10009382595|4
10009382604|0
10009382606|3
10009382714|2
10009382715|1
10009382716|7
10009382717|4
10009382725|3
10009382727|3
10009382730|5
10009382731|0
10009382732|2
10009382740|3
10009382742|2
10009382743|4
10009382751|3
10009382753|5
10009382765|5
10009382767|7
10009382881|4
10009382882|3
10009382884|8
10009382887|7
10009382890|6
10009382897|9
10009382899|2
10009382900|6
10009382915|6
10009382922|8
10009382944|2
10009382956|4
10009382966|8
10009382975|3
10009383054|1
10009383061|1
10009383064|0
10009383147|1
10009383298|7
10009383300|8
10009383308|2
10009383309|1
10009383314|1
10009383456|6
10009383458|0
10009383476|6
10009383481|9
10009383485|4
10009383554|6
10009383572|1
10009383580|4
10009383585|2
10009383735|0
10009383743|9
10009383750|5
10009383765|1
10009384449|5
10009384450|2
10009384479|0
10009384489|1
10009384661|3
10009384678|3
10009384817|5
10009384821|4
10009384827|5
10009384831|0
10009384832|2
10009384849|6
10009384853|5
10009384861|0
10009384994|8
10009385164|3
10009385166|8
10009385167|8
10009385168|7
10009385169|5
10009385170|8
10009385171|0
10009385484|7
10009385485|4
10009385486|4
10009387222|9
10009387232|6
10009387234|2
10009387238|4
10009387243|2
10009387245|3
10009387254|1
10009387255|4
10009387257|3
10009387260|0
10009387263|2
10009387266|5
10009387298|9
10009387302|0
10009387305|1
10009387345|9
10009387383|3
10009387384|6
10009387385|3
10009387847|4
10009387870|7
10009387881|0
10009387935|7
10009387949|3
10009388063|0
10009388067|3
10009388108|0
10009388141|3
10009388146|7
10009388150|5
10009388168|2
10009388206|8
10009388213|0
10009388219|7
10009388245|4
10009388251|7
10009388275|8
10009388278|4
10009388284|0
10009388290|5
10009388314|0
10009388330|5
10009388343|0
10009388352|5
10009388370|7
10009388381|7
10009388429|1
10009388454|7
10009388566|1
10009388627|1
10009388633|3
10009388634|8
10009388737|2
10009388738|8
10009388739|2
10009388749|4
10009388762|2
10009388766|3
10009388776|3
10009388780|1
10009388782|2
10009388797|8
10009388807|6
10009388833|4
10009388848|6
10009388979|1
10009389030|7
10009389041|9
10009389058|9
10009389313|8
10009389613|8
10009389614|2
10009389675|4
10009389680|2
10009389687|7
10009389691|4
10009389698|4
10009389701|6
10009389704|1
10009389707|9
10009389760|7
10009389765|6
10009389821|4
10009389826|1
10009389845|4
10009389851|5
10009389860|5
10009389862|1
10009389870|1
10009389876|3
10009389883|7
10009389884|8
10009389905|4
10009389909|1
10009389913|7
10009389919|2
10009389921|4
10009389923|7
10009389926|0
10009389927|8
10009389942|6
10009390019|2
10009390070|9
10009390284|9
10009390286|8
10009390287|5
10009390377|4
10009404739|1
10009404742|2
10009404744|5
10009404762|1
10009404774|2
10009404803|5
10009404814|8
10009405099|3
10009405105|9
10009405109|8
10009405113|9
10009405128|4
10009405133|0
10009405139|8
10009405407|9
10009405430|0
10009405431|4
10009405434|8
10009405435|2
10009405436|7
10009405437|3
10009405438|9
10009405441|8
10009405442|5
10009405444|9
10009405445|7
10009405446|0
10009405447|5
10009405448|2
10009405449|0
10009405450|6
10009405451|8
10009405452|6
10009405453|3
10009405473|5
10009405658|7
10009405660|4
10009405661|7
10009405662|7
10009405663|8
10009405680|5
10009405683|3
10009405687|0
10009405689|4
10009405690|3
10009405693|3
10009405696|3
10009405702|1
10009405707|6
10009405709|7
10009405718|9
10009405726|1
10009405727|6
10009405730|1
10009405734|6
10009405736|1
10009405739|8
10009405758|4
10009405762|8
10009405766|6
10009405769|8
10009405774|2
10009405778|2
10009405780|9
10009405782|0
10009405798|0
10009405803|1
10009405821|5
10009405825|3
10009405829|7
10009405831|2
10009405834|1
10009405948|2
10009405949|7
10009405950|7
10009405951|4
10009405952|2
10009405973|7
10009405974|2
10009405975|2
10009405978|3
10009405979|0
10009405984|6
10009405986|6
10009405988|6
10009405989|3
10009405990|6
10009405992|7
10009405994|2
10009405996|8
10009405997|0
10009405998|9
10009406002|0
10009406003|7
10009406005|3
10009406006|8
10009406007|8
10009406008|7
10009406010|6
10009406011|0
10009406012|8
10009406013|9
10009406015|8
10009406016|3
10009406017|4
10009406018|9
10009406019|0
10009406021|7
10009406022|9
10009406023|8
10009406026|0
10009406236|9
10009406237|0
10009406242|1
10009406276|8
10009406282|4
10009406285|7
10009406316|2
10009406318|6
10009406328|3
10009406329|7
10009406330|0
10009406337|3
10009406338|7
10009406340|6
10009406342|6
10009406346|9
10009406350|0
10009406360|9
10009406365|4
10009406367|5
10009406369|1
10009406372|0
10009406374|3
10009406375|8
10009406379|2
10009406388|6
10009406396|7
10009406397|8
10009406398|7
10009406399|3
10009406401|0
10009406403|0
10009406406|9
10009406412|1
10009406415|1
10009406417|1
10009406419|2
10009406420|4
10009406422|9
10009406423|2
10009406425|6
10009406428|5
10009406430|2
10009406431|0
10009406434|1
10009406435|3
10009406437|7
10009406438|4
10009406442|8
10009406443|8
10009406446|1
10009406464|0
10009406475|0
10009406478|9
10009406479|9
10009406480|0
10009406481|4
10009406482|7
10009406483|5
10009406484|3
10009406485|3
10009406486|0
10009406487|0
10009406488|3
10009406489|8
10009406490|2
10009406491|5
10009406492|9
10009406493|6
10009406494|9
10009406495|9
10009406496|7
10009406497|9
10009406498|4
10009406499|6
10009406500|9
10009406501|7
10009406502|0
10009406503|4
10009406504|5
10009406505|4
10009406515|8
10009406516|7
10009406524|9
10009406530|8
10009406531|5
10009406532|6
10009406534|9
10009406536|4
10009406538|9
10009406539|5
10009406541|1
10009406542|7
10009406543|8
10009406544|0
10009406545|3
10009406547|2
10009406550|1
10009406551|6
10009406554|3
10009406557|6
10009406558|3
10009406559|5
10009406560|8
10009406714|1
10009406716|2
10009406784|7
10009406802|3
10009406803|8
10009406804|0
10009406805|5
10009406806|9
10009406809|7
10009406810|2
10009406814|9
10009406817|1
10009406818|5
10009406819|7
10009406820|1
10009406821|2
10009406822|7
10009406823|6
10009406824|9
10009406826|7
10009406829|0
10009406831|6
10009406832|2
10009406833|2
10009406835|4
10009406837|1
10009406839|1
10009407026|1
10009407027|6
10009407029|2
10009407050|5
10009407058|6
10009407185|9
10009407186|5
10009407187|0
10009407188|1
10009407273|7
10009407281|0
10009407361|1
10009407363|0
10009407367|2
10009407376|6
10009407420|6
10009407544|7
10009407545|4
10009407546|3
10009407560|4
10009407565|3
10009407583|4
10009407601|9
10009407607|1
10009407633|8
10009407655|2
10009407703|3
10009407737|1
10009407741|2
10009407744|9
10009407747|8
10009407768|4
10009407779|6
10009407784|4
10009407789|4
10009407916|7
10009408041|7
10009408044|8
10009408045|3
10009408046|3
10009408048|9
10009408054|5
10009408059|6
10009408063|1
10009408067|2
10009408069|2
10009408075|0
10009408076|0
10009408077|6
10009408079|2
10009408082|0
10009408120|5
10009408146|9
10009408147|6
10009408149|6
10009408153|6
10009408159|9
10009408359|7
10009408360|1
10009408361|4
10009408367|3
10009408392|3
10009408394|4
10009408396|5
10009408398|5
10009408427|9
10009408442|2
10009408444|4
10009408448|5
10009408449|7
10009408450|1
10009408475|3
10009408479|3
10009408534|6
10009408564|5
10009408585|3
10009408586|5
10009408591|9
10009408594|0
10009408597|5
10009408603|6
10009408667|8
10009408694|7
10009408697|3
10009408704|1
10009408713|8
10009408719|8
10009408723|5
10009408727|1
10009408748|6
10009408760|4
10009408778|3
10009408849|1
10009408857|9
10009408860|6
10009408889|4
10009408892|5
10009408897|9
10009408898|2
10009408899|3
10009408929|0
10009408930|0
10009408931|0
10009408933|0
10009408939|6
10009408942|5
10009408948|4
10009409039|6
10009409045|3
10009409058|0
10009409123|4
10009409124|2
10009409126|2
10009409127|2
10009409128|4
10009409130|6
10009409131|6
10009409343|0
10009409344|2
10009409345|1
10009409356|2
10009409360|2
10009409382|6
10009409383|8
10009409400|0
10009409429|9
10009409438|5
10009409446|9
10009409449|6
10009409464|0
10009409494|6
10009409605|8
10009409606|3
10009409611|8
10009409618|7
10009409623|8
10009409635|7
10009409636|7
10009409641|4
10009409642|9
10009409643|4
10009409645|6
10009409648|6
10009409652|6
10009409654|2
10009409655|5
10009409656|8
10009409658|3
10009409659|9
10009409660|7
10009409665|1
10009409666|7
10009409669|1
10009409672|4
10009409675|8
10009409678|0
10009409683|6
10009409684|1
10009409717|0
10009409738|8
10009409740|7
10009409742|3
10009409747|9
10009409750|3
10009409758|6
10009409759|0
10009409761|1
10009409763|6
10009409767|4
10009409801|2
10009409805|3
10009409812|0
10009409813|7
10009409815|7
10009409817|8
10009409818|7
10009409819|3
10009409915|3
10009409980|5
10009409981|8
10009409984|5
10009409985|0
10009409986|8
10009409988|6
10009409999|1
10009410035|0
10009410037|6
10009410323|3
10009410352|8
10009410353|6
10009410434|5
10009410435|0
10009410439|4
10009410466|9
10009410467|7
10009410470|6
10009410472|9
10009410474|4
10009410475|4
10009410477|6
10009410478|0
10009410479|5
10009410481|1
10009410482|6
10009410483|8
10009410486|0
10009410488|7
10009410489|1
10009410491|0
10009410506|0
10009410509|9
10009410511|2
10009410514|6
10009410518|2
10009410526|9
10009410531|5
10009410535|8
10009410539|3
10009410565|4
10009410572|2
10009410576|8
10009410577|3
10009410582|8
10009410589|6
10009410616|9
10009410628|1
10009410633|8
10009410672|1
10009410673|4
10009410674|0
10009410676|1
10009410677|4
10009410694|9
10009410698|1
10009410700|2
10009410701|0
10009410702|4
10009410703|1
10009410704|4
10009410746|6
10009410769|1
10009410771|4
10009410880|0
10009411107|1
10009411125|1
10009411128|7
10009411196|6
10009411198|2
10009411231|4
10009411236|4
10009411362|3
10009411379|8
10009411381|0
10009411390|5
10009411394|7
10009411395|9
10009411410|2
10009411413|1
10009411415|2
10009411420|7
10009411424|6
10009411428|3
10009411432|3
10009411434|4
10009411445|5
10009411449|5
10009411453|1
10009411454|9
10009411455|8
10009411457|6
10009411458|8
10009411462|0
10009411464|3
10009411466|1
10009411467|9
10009411476|9
10009411488|3
10009411492|4
10009411502|7
10009411504|7
10009411512|7
10009411513|6
10009411514|7
10009411515|8
10009411516|4
10009411523|4
10009411584|6
10009411863|8
10009411865|2
10009411866|8
10009411930|3
10009411931|5
10009411938|7
10009411948|6
10009411965|3
10009411983|7
10009412019|9
10009412024|6
10009412032|9
10009412033|1
10009412038|3
10009412039|7
10009412040|9
10009412044|7
10009412046|6
10009412062|6
10009412063|9
10009412066|3
10009412078|1
10009412083|7
10009412100|3
10009412101|6
10009412115|7
10009412118|7
10009412121|6
10009412123|0
10009412127|0
10009412131|8
10009412135|4
10009412140|7
10009412142|1
10009412150|8
10009412269|5
10009412271|8
10009412290|6
10009412294|0
10009412300|8
10009412304|4
10009412305|0
10009412306|6
10009412311|4
10009412315|6
10009412319|8
10009412329|0
10009412330|4
10009412344|6
10009412370|3
10009412372|2
10009412374|2
10009412375|9
10009412376|0
10009412377|1
10009412378|1
10009412379|1
10009412626|9
10009412715|2
10009412716|9
10009412785|9
10009412943|3
10009412944|0
10009412946|1
10009412949|3
10009412951|5
10009412958|4
10009412965|1
10009412971|5
10009412980|0
10009412982|8
10009412984|2
10009412985|7
10009412986|0
10009412988|7
10009412989|3
10009412990|4
10009412991|2
10009412993|0
10009412995|3
10009412999|9
10009413001|0
10009413002|6
10009413003|3
10009413009|2
10009413010|7
10009413011|2
10009413023|4
10009413026|1
10009413033|3
10009413136|0
10009413202|7
10009413280|5
10009413309|6
10009413315|3
10009413342|7
10009413343|0
10009413463|0
10009413465|4
10009413466|5
10009413467|3
10009413468|1
10009413473|5
10009413477|6
10009413484|8
10009413486|1
10009413490|1
10009413523|2
10009413525|7
10009413526|6
10009413528|1
10009413529|5
10009413530|2
10009413541|8
10009413550|0
10009413605|2
10009413608|9
10009413611|5
10009413612|8
10009413627|7
10009413629|6
10009413630|5
10009413631|6
10009413632|0
10009413633|7
10009413634|3
10009413637|9
10009413640|8
10009413641|9
10009413642|4
10009413643|7
10009413648|5
10009413649|8
10009413650|9
10009413651|3
10009413652|4
10009413657|6
10009413659|2
10009413661|4
10009413766|3
10009413773|6
10009413778|9
10009419066|3
10009419073|7
10009419084|7
10009419099|1
10009419100|6
10009419233|7
10009419249|0
10009419251|8
10009419255|8
10009419256|8
10009419261|1
10009419284|9
10009419304|2
10009419310|7
10009419366|3
10009419367|7
10009419369|7
10009419370|3
10009419371|5
10009419372|7
10009419373|8
10009419389|8
10009419390|7
10009419435|5
10009419440|6
10009419441|4
10009419442|0
10009419445|4
10009419448|5
10009419449|4
10009419482|8
10009419485|8
10009419488|6
10009419490|3
10009419492|6
10009419493|9
10009419494|6
10009419518|9
10009419525|9
10009419529|0
10009419530|7
10009419533|5
10009419545|0
10009419549|5
10009419559|8
10009419586|4
10009419615|2
10009419617|7
10009419618|4
10009419621|8
10009419625|5
10009419626|8
10009419629|3
10009419631|8
10009419634|9
10009419635|1
10009419637|2
10009419643|5
10009419649|5
10009419667|3
10009419669|5
10009419670|0
10009419688|5
10009419696|5
10009419698|7
10009419704|0
10009419705|2
10009419707|3
10009419708|5
10009419713|0
10009419717|0
10009419721|2
10009419723|6
10009419725|4
10009419726|2
10009419727|3
10009419730|2
10009419731|7
10009419734|1
10009419739|4
10009419741|3
10009419742|7
10009419744|4
10009419747|9
10009419751|8
10009419754|7
10009419757|3
10009419762|2
10009419774|3
10009419776|1
10009419778|9
10009419782|0
10009419785|6
10009419787|4
10009419789|4
10009419791|6
10009419793|7
10009419797|8
10009419799|6
10009419800|1
10009419802|1
10009419811|1
10009419813|2
10009419816|6
10009419817|8
10009419820|2
10009419823|0
10009419834|8
10009419847|2
10009419865|8
10009419884|8
10009419885|9
10009419890|5
10009419893|5
10009419894|2
10009419895|3
10009419896|7
10009419897|8
10009419963|1
10009419964|6
10009419965|2
10009419966|5
10009419967|1
10009419968|3
10009419969|3
10009419970|5
10009419971|8
10009419972|0
10009419973|9
10009419976|0
10009422156|9
10009422157|5
10009422160|2
10009422161|6
10009422163|0
10009422166|8
10009422167|2
10009422168|7
10009422170|8
10009422181|7
10009422194|4
10009422199|9
10009422202|7
10009422205|9
10009422210|1
10009422219|4
10009422222|4
10009422234|6
10009422241|7
10009422244|1
10009422245|8
10009422248|4
10009422250|8
10009422251|2
10009422254|3
10009422255|8
10009422256|5
10009422257|8
10009422258|1
10009422260|0
10009422263|5
10009422266|8
10009422269|3
10009422270|8
10009422271|9
10009422272|3
10009422273|1
10009422275|4
10009422277|5
10009422278|4
10009422293|6
10009422301|0
10009422302|8
10009422303|4
10009422305|1
10009422306|4
10009422319|8
10009422321|0
10009422322|0
10009422323|6
10009422353|7
10009422400|1
10009422417|9
10009422418|0
10009422419|9
10009422421|5
10009422425|9
10009422426|1
10009422427|7
10009422454|8
10009422457|5
10009422458|1
10009422459|7
10009422461|2
10009422471|0
10009422476|9
10009422480|5
10009422482|3
10009422484|2
10009422486|7
10009422488|5
10009422490|7
10009422491|3
10009422563|0
10009422566|8
10009422570|4
10009422574|4
10009422578|9
10009422582|7
10009422585|3
10009422590|1
10009422595|6
10009422610|9
10009422622|0
10009422648|9
10009422655|2
10009422661|9
10009422662|4
10009422668|9
10009422676|8
10009422680|5
10009422684|8
10009422687|4
10009422691|8
10009422703|6
10009422710|2
10009422711|7
10009422714|5
10009422725|6
10009422727|2
10009422732|1
10009422735|3
10009422736|7
10009422745|6
10009422750|4
10009422762|1
10009422770|4
10009422779|2
10009422784|2
10009422785|5
10009422788|4
10009422789|1
10009422793|2
10009422795|4
10009422798|4
10009422800|6
10009422801|1
10009422803|3
10009422840|5
10009422857|6
10009422898|9
10009422911|8
10009422912|4
10009423132|1
10009423133|0
10009423134|0
10009423146|8
10009423161|3
10009423162|0
10009423167|9
10009423168|8
10009423169|3
10009423173|6
10009423185|1
10009423186|7
10009423188|6
10009423190|8
10009423191|9
10009423193|3
10009423195|5
10009423197|1
10009423198|5
10009423200|0
10009423201|0
10009423202|9
10009423203|6
10009423204|4
10009423205|7
10009423207|9
10009423208|1
10009423209|5
10009423210|8
10009423211|7
10009423212|3
10009423213|3
10009423214|6
10009423215|4
10009423217|8
10009423218|3
10009423220|4
10009423235|8
10009423349|6
10009423352|8
10009423357|6
10009423363|6
10009423368|0
10009423369|0
10009423370|7
10009423373|0
10009423382|4
10009423385|0
10009423386|7
10009423388|6
10009423390|5
10009423394|7
10009423395|3
10009423398|3
10009423410|7
10009423458|1
10009423461|3
10009423462|0
10009423465|8
10009423478|3
10009423492|2
10009423493|0
10009423495|3
10009423496|9
10009423497|4
10009423574|5
10009423617|3
10009423618|6
10009423898|3
10009423899|4
10009423900|1
10009423901|1
10009423913|3
10009423914|2
10009423916|7
10009423918|1
10009423920|6
10009423922|6
10009423923|5
10009423924|3
10009423926|7
10009423927|2
10009423928|8
10009423929|7
10009423953|6
10009423957|0
10009424067|7
10009424070|6
10009424071|7
10009424075|2
10009424082|4
10009424086|1
10009424090|1
10009424101|2
10009424110|4
10009424119|1
10009424123|7
10009424138|5
10009424152|6
10009424160|0
10009424168|0
10009424231|5
10009424398|2
10009424665|9
10009424668|7
10009424669|0
10009424685|6
10009424687|8
10009424688|5
10009424689|1
10009424690|3
10009424692|1
10009424693|2
10009424694|4
10009424696|9
10009424711|6
10009424712|1
10009424713|6
10009424717|2
10009424734|9
10009424735|0
10009424772|5
10009424773|3
10009424774|0
10009424775|5
10009424776|3
10009424777|8
10009424778|5
10009424779|5
10009424780|9
10009424781|4
10009424782|4
10009424783|2
10009424784|2
10009424785|9
10009424786|7
10009424792|8
10009424794|3
10009424795|8
10009424796|3
10009424798|5
10009424799|0
10009424803|3
10009424805|1
10009424808|4
10009424810|6
10009424813|9
10009424815|8
10009424816|3
10009424818|1
10009424819|6
10009424822|8
10009424824|3
10009424826|7
10009424827|3
10009424828|8
10009424829|5
10009424830|9
10009424831|0
10009424832|2
10009424860|3
10009424862|0
10009424865|7
10009424867|8
10009424868|8
10009424869|4
10009424871|3
10009424872|9
10009424875|1
10009424877|3
10009424878|3
10009424879|5
10009424882|2
10009424889|8
10009424977|9
10009424984|3
10009425100|7
10009425105|7
10009425109|7
10009425113|8
10009425117|7
10009425119|2
10009425227|3
10009425228|7
10009425229|9
10009425487|1
10009425488|0
10009425496|1
10009425497|9
10009425501|2
10009425515|7
10009425519|0
10009425523|0
10009425524|9
10009425641|8
10009425643|5
10009425644|5
10009425645|2
10009425646|1
10009425647|5
10009425648|5
10009425649|4
10009425651|2
10009425652|3
10009425653|3
10009425655|7
10009425656|2
10009425657|7
10009425658|1
10009425659|2
10009425660|7
10009425661|1
10009425662|0
10009425663|9
10009425664|9
10009425665|8
10009425666|0
10009425667|8
10009425668|1
10009425669|0
10009425670|6
10009425671|2
10009425687|0
10009425715|4
10009425734|4
10009425766|7
10009425774|9
10009425785|9
10009425817|9
10009426007|7
10009426011|6
10009426019|9
10009426026|7
10009426027|9
10009426263|6
10009426265|9
10009426266|6
10009426280|1
10009426660|9
10009426680|1
10009426692|0
10009426693|8
10009426694|6
10009426695|7
10009426698|2
10009426700|7
10009426755|3
10009426783|1
10009426791|9
10009426809|8
10009427088|5
10009427139|1
10009427142|0
10009427144|2
10009427153|8
10009427173|2
10009427179|9
10009427283|0
10009427286|1
10009427294|3
10009427305|3
10009427327|3
10009427329|1
10009427330|1
10009427361|9
10009427364|6
10009427500|7
10009427653|9
10009427655|6
10009427724|8
10009427833|3
10009427840|4
10009427841|7
10009427846|9
10009427847|7
10009427853|4
10009427856|2
10009427859|8
10009427861|0
10009427869|5
10009427871|8
10009427875|0
10009427878|0
10009427881|3
10009427894|4
10009427895|8
10009427900|6
10009427905|1
10009427918|0
10009427991|9
10009427992|0
10009428003|8
10009428065|6
10009428066|8
10009428067|9
10009428078|1
10009428097|8
10009428101|2
10009428104|9
10009428193|7
10009428233|1
10009428288|3
10009428294|3
10009428306|8
10009428307|8
10009428308|4
10009428309|6
10009428311|3
10009428400|5
10009428401|1
10009428403|7
10009485742|5
10009485743|1
10009485744|6
10009485745|3
10009485766|1
10009485774|3
10009485781|1
10009485787|9
10009485800|6
10009485801|1
10009485842|7
10009485876|6
10009485877|4
10009486012|0
10009486013|7
10009486014|2
10009486015|1
10009486016|8
10009486111|6
10009486116|6
10009486118|2
10009486189|5
10009486190|2
10009486193|0
10009486194|1
10009486196|0
10009486197|7
10009486198|1
10009486199|0
10009486200|2
10009486201|9
10009486202|5
10009486203|4
10009486209|8
10009486211|3
10009486213|4
10009486215|6
10009486217|9
10009486219|4
10009486221|3
10009486223|8
10009486224|7
10009486226|9
10009486227|0
10009486234|1
10009486237|4
10009486239|0
10009486240|6
10009486242|1
10009486243|7
10009486245|4
10009486246|8
10009486251|1
10009486252|6
10009486254|4
10009486257|8
10009486262|4
10009486263|2
10009486264|5
10009486265|0
10009486280|4
10009486285|9
10009486289|4
10009486291|8
10009486293|7
10009486294|3
10009486296|6
10009486298|0
10009486299|7
10009486300|4
10009486301|1
10009486303|4
10009486305|4
10009486307|7
10009486311|5
10009486313|2
10009486317|9
10009486320|4
10009486321|1
10009486324|6
10009486425|0
10009486426|2
10009486428|9
10009486429|3
10009486430|5
10009486431|0
10009486432|4
10009486433|9
10009486434|4
10009486435|6
10009486436|9
10009486437|8
10009486438|4
10009486439|5
10009486440|3
10009486441|2
10009486605|9
10009486616|3
10009486628|0
10009486629|1
10009486669|6
10009486713|7
10009487027|2
10009487029|3
10009487036|0
10009487037|4
10009487038|4
10009487039|1
10009487052|0
10009487068|5
10009487075|9
10009487077|1
10009487097|0
10009487098|0
10009487099|4
10009487100|8
10009487101|9
10009487102|6
10009487103|4
10009487104|8
10009487105|5
10009487106|7
10009487107|3
10009487108|9
10009487109|7
10009487110|3
10009487111|4
10009487112|1
10009487113|8
10009487114|7
10009487115|4
10009487116|8
10009487127|3
10009487128|1
10009487129|1
10009487130|4
10009487132|7
10009487185|8
10009487225|8
10009487229|2
10009487236|9
10009487319|6
10009487320|2
10009487321|6
10009487334|7
10009487337|6
10009487339|7
10009487389|0
10009487394|8
10009487400|4
10009487442|3
10009487445|8
10009487446|1
10009487471|0
10009487475|1
10009487488|0
10009487511|5
10009487514|5
10009487523|9
10009487594|7
10009487723|5
10009487758|6
10009487797|4
10009487801|1
10009487805|0
10009487807|5
10009487845|5
10009487853|3
10009487854|8
10009487855|3
10009487878|2
10009487881|6
10009487896|0
10009487899|3
10009487901|5
10009487908|4
10009487909|2
10009487912|3
10009487923|1
10009487936|4
10009487937|5
10009487984|1
10009487985|4
10009488170|0
10009488171|0
10009488203|1
10009488207|0
10009488208|1
10009488210|7
10009488211|4
10009488213|6
10009488214|1
10009488220|2
10009488221|2
10009488223|7
10009488225|1
10009488227|3
10009488411|1
10009488412|3
10009488414|6
10009488416|8
10009488421|8
10009488422|6
10009488433|8
10009488435|8
10009488510|1
10009488518|9
10009488531|6
10009488532|6
10009488533|4
10009488536|0
10009488574|1
10009488576|7
10009488595|0
10009488598|7
10009488600|9
10009488601|0
10009488603|1
10009488604|7
10009488605|0
10009488607|9
10009488608|6
10009488610|6
10009488611|1
10009488614|0
10009488615|1
10009488617|3
10009488618|2
10009488630|4
10009488631|4
10009488632|4
10009488633|8
10009488636|7
10009488642|1
10009488646|1
10009488688|3
10009488689|7
10009488690|7
10009488691|7
10009488693|1
10009488695|3
10009488696|9
10009488699|2
10009488700|6
10009488828|3
10009488829|2
10009488830|6
10009488844|9
10009488846|5
10009488848|9
10009488850|9
10009488853|8
10009488856|0
10009488887|8
10009488888|3
10009488889|7
10009488890|9
10009488891|5
10009488892|4
10009488893|0
10009488895|1
10009488896|9
10009488897|2
10009488898|9
10009488914|5
10009488919|5
10009488923|6
10009488951|4
10009488958|3
10009488961|1
10009488974|1
10009488978|5
10009488981|2
10009488990|0
10009488997|1
10009489004|1
10009489005|0
10009489008|9
10009489022|2
10009489024|2
10009489028|2
10009489031|7
10009489032|1
10009489034|0
10009489036|2
10009489037|8
10009489040|1
10009489041|7
10009489043|4
10009489053|7
10009489105|2
10009489207|7
10009489286|7
10009489288|6
10009489289|5
10009489290|5
10009489291|3
10009489292|7
10009489293|8
10009489308|6
10009489373|1
10009489374|5
10009489378|6
10009489380|1
10009489381|2
10009489492|8
10009489493|4
10009489494|5
10009489495|8
10009489514|3
10009489565|7
10009489572|5
10009489573|8
10009489576|6
10009489579|1
10009489580|4
10009489598|6
10009489599|6
10009489601|1
10009489673|0
10009489722|2
10009489809|9
10009489811|7
10009489812|3
10009489814|6
10009489978|9
10009489982|5
10009489989|8
10009490004|4
10009490007|9
10009490060|2
10009490063|1
10009490067|7
10009490069|3
10009490070|8
10009490096|2
10009490114|1
10009490116|0
10009490157|7
10009490166|5
10009490177|0
10009490184|4
10009490186|9
10009490190|7
10009490191|3
10009490192|5
10009490193|3
10009490194|2
10009490201|6
10009490202|0
10009490203|8
10009490204|3
10009490240|3
10009490248|0
10009490362|8
10009490365|7
10009490394|4
10009490395|0
10009490554|2
10009490562|2
10009490572|2
10009490602|4
10009490605|6
10009490607|2
10009490608|0
10009490609|4
10009490611|9
10009490612|4
10009490613|3
10009490687|6
10009490694|7
10009490706|1
10009490720|7
10009490818|6
10009490819|3
10009490823|5
10009490833|4
10009490834|5
10009490835|2
10009490839|3
10009490934|6
10009490952|0
10009490953|3
10009490955|9
10009490991|7
10009491036|5
10009491126|3
10009491154|7
10009491163|1
10009491182|1
10009491185|5
10009491239|0
10009491241|3
10009491242|4
10009491243|0
10009491244|6
10009491245|8
10009491248|7
10009491267|0
10009491455|9
10009491492|5
10009491676|2
10009491822|7
10009491900|4
10009491941|5
10009491947|3
10009491950|7
10009491951|2
10009491952|8
10009491953|5
10009491957|8
10009491976|7
10009491979|1
10009491984|8
10009491985|2
10009491987|3
10009491988|7
10009491995|3
10009492004|1
10009492005|4
10009492033|8
10009492039|5
10009492042|3
10009492044|2
10009492056|0
10009492096|1
10009492153|6
10009492154|4
10009492155|8
10009492156|6
10009492157|9
10009492163|5
10009492167|9
10009492168|5
10009492197|5
10009492387|3
10009492390|7
10009492396|6
10009492399|1
10009492405|2
10009492413|0
10009492415|7
10009492504|6
10009492509|5
10009492520|0
10009492533|6
10009492540|1
10009492549|3
10009492554|9
10009492558|1
10009492559|6
10009492560|2
10009492581|5
10009492625|0
10009499841|5
10009499850|7
10009499853|2
10009499854|6
10009499856|9
10009499858|3
10009499859|9
10009500131|8
10009500231|0
10009500236|0
10009500248|0
10009500252|0
10009500447|9
10009500673|8
10009500683|8
10009500719|3
10009500726|0
10009500733|4
10009500740|7
10009500748|0
10009500749|3
10009500750|2
10009500751|1
10009500752|4
10009500765|5
10009500766|5
10009500769|7
10009500771|9
10009500911|9
10009500912|5
10009500913|8
10009500931|8
10009500932|4
10009500933|4
10009500934|7
10009500935|1
10009501015|3
10009501033|0
10009501034|0
10009501036|5
10009501052|9
10009501114|9
10009501115|0
10009501126|6
10009501128|5
10009501131|8
10009501132|6
10009501135|6
10009501155|5
10009501196|6
10009501236|1
10009501246|7
10009501252|8
10009501257|0
10009501267|0
10009501282|1
10009501294|6
10009501297|8
10009501309|4
10009501321|6
10009501328|5
10009501332|2
10009501352|1
10009501354|4
10009501376|8
10009501380|0
10009501383|9
10009501385|3
10009501388|3
10009501393|9
10009501394|8
10009501395|7
10009501404|8
10009501461|3
10009501467|6
10009501468|2
10009501469|9
10009501470|0
10009501471|4
10009501472|9
10009501473|8
10009501735|4
10009501776|1
10009501806|4
10009501810|0
10009501863|5
10009501864|0
10009501872|0
10009501877|2
10009501899|1
10009501905|7
10009501960|7
10009501963|1
10009501966|6
10009502006|8
10009502024|1
10009502117|6
10009502363|9
10009502367|3
10009502397|5
10009502467|5
10009502476|5
10009502496|9
10009502544|6
10009502548|9
10009502549|9
10009502568|5
10009502656|9
10009502658|4
10009502665|6
10009502666|1
10009502668|9
10009502707|0
10009502708|4
10009502722|6
10009502723|4
10009502724|3
10009502725|8
10009502727|1
10009502728|3
10009502729|0
10009502730|0
10009502731|6
10009502733|0
10009502734|2
10009502859|6
10009502870|6
10009502880|3
10009502883|8
10009502900|6
10009502905|7
10009502919|0
10009502923|5
10009502926|1
10009502927|6
10009502932|4
10009502936|2
10009502943|9
10009502976|3
10009502985|7
10009502986|4
10009503028|3
10009503055|0
10009503252|3
10009503393|0
10009503462|7
10009503476|0
10009503477|6
10009503530|2
10009503556|0
10009503557|7
10009503605|1
10009503615|7
10009503785|6
10009503793|0
10009503794|7
10009503800|4
10009503803|0
10009503805|7
10009503806|1
10009503812|3
10009503814|5
10009503816|9
10009503827|1
10009503828|6
10009503831|8
10009503832|6
10009503836|9
10009503839|6
10009503887|5
10009503888|2
10009503951|5
10009504190|8
10009504202|7
10009504203|2
10009504204|3
10009504205|0
10009504206|8
10009504207|9
10009504208|3
10009504209|5
10009504210|1
10009504211|8
10009504212|3
10009504213|0
10009504215|4
10009504216|2
10009504217|9
10009504218|8
10009504219|7
10009504220|7
10009504221|8
10009504246|7
10009504247|1
10009504248|5
10009504533|4
10009504603|7
10009504616|3
10009504626|9
10009504629|1
10009504637|6
10009504651|3
10009504686|1
10009504690|0
10009504691|3
10009504800|2
10009504887|9
10009504900|2
10009504950|8
10009504951|0
10009505021|3
10009505022|7
10009505023|5
10009505025|4
10009505027|0
10009505028|5
10009505032|3
10009505033|3
10009505034|9
10009505035|1
10009505038|5
10009505040|1
10009505042|0
10009505045|2
10009505046|0
10009505047|5
10009505049|6
10009505051|5
10009505052|2
10009505118|0
10009505213|1
10009505411|6
10009505438|6
10009505444|5
10009505445|4
10009505450|4
10009505479|4
10009505495|5
10009505499|9
10009505536|9
10009505545|7
10009505571|9
10009505587|2
10009505591|9
10009505592|5
10009505593|2
10009505595|1
10009505613|5
10009505614|8
10009505616|7
10009505624|7
10009505764|3
10009506424|5
10009506457|2
10009506495|5
10009506517|6
10009506528|6
10009506554|1
10009506555|7
10009506557|6
10009506562|2
10009506567|6
10009506570|9
10009506680|2
10009506714|7
10009506726|9
10009506730|2
10009506757|0
10009506764|0
10009506879|9
10009506880|0
10009506924|3
10009506925|0
10009506928|5
10009506929|6
10009506930|3
10009506931|2
10009506932|1
10009506933|0
10009506934|6
10009506935|6
10009506936|4
10009506937|4
10009506938|0
10009506939|2
10009506940|9
10009506941|8
10009506942|5
10009506943|4
10009506944|9
10009506945|9
10009506946|7
10009506947|3
10009506948|4
10009506949|1
10009506950|6
10009506951|0
10009506952|0
10009506953|3
10009506964|4
10009507178|5
10009507185|1
10009507191|7
10009507201|8
10009507213|0
10009507352|3
10009507390|0
10009507510|8
10009507514|9
10009507516|2
10009507546|0
10009507547|4
10009507548|2
10009507549|8
10009507550|5
10009507551|8
10009507552|6
10009507554|4
10009507555|0
10009507556|4
10009507557|4
10009507558|3
10009507559|2
10009507560|5
10009507562|3
10009507563|9
10009507564|9
10009507565|0
10009507566|6
10009507567|3
10009507568|0
10009507569|3
10009507570|5
10009507571|6
10009507572|7
10009507573|1
10009507574|4
10009507575|8
10009507576|6
10009507577|4
10009507579|8
10009507581|5
10009507582|5
10009507583|1
10009507585|7
10009507589|6
10009507590|7
10009507591|7
10009507592|6
10009507595|0
10009507596|3
10009507598|0
10009507599|5
10009507600|3
10009507601|3
10009507639|2
10009507662|5
10009507761|5
10009507763|7
10009507764|0
10009507834|9
10009508040|7
10009508092|7
10009508093|3
10009508094|1
10009508095|3
10009508112|9
10009508124|7
10009508125|1
10009508126|8
10009508127|7
10009508128|5
10009508130|5
10009508131|3
10009508132|4
10009508133|5
10009508134|5
10009508135|6
10009508137|3
10009508138|9
10009508139|1
10009508140|3
10009508142|6
10009508143|4
10009508144|5
10009508145|1
10009508146|4
10009508147|9
10009508148|8
10009508149|2
10009508150|9
10009508151|1
10009508156|5
10009508157|5
10009508161|7
10009508163|3
10009508186|5
10009508188|0
10009508190|1
10009508354|1
10009508412|1
10009508413|9
10009508414|4
10009508415|2
10009508432|4
10009508434|4
10009508575|9
10009508594|2
10009508596|6
10009508601|4
10009508663|4
10009508665|1
10009508667|1
10009508750|7
10009508751|4
10009508752|3
10009508753|9
10009508783|5
10009508784|7
10009508785|0
10009508786|3
10009508788|8
10009508789|1
10009508791|2
10009508793|3
10009508794|6
10009508795|7
10009508796|2
10009508799|3
10009508800|2
10009508802|3
10009508816|2
10009508826|6
10009508829|1
10009508831|4
10009508834|3
10009508837|6
10009508840|0
10009508842|2
10009508884|6
10009508892|8
10009508894|6
10009508916|6
10009508917|4
10009508919|6
10009509033|2
10009509034|4
10009509035|8
10009509041|3
10009509134|0
10009509136|7
10009509140|1
10009509162|3
10009509164|3
10009509201|0
10009509223|6
10009509224|6
10009509227|6
10009509235|8
10009509305|6
10009509311|5
10009509323|3
10009509326|7
10009509328|4
10009509335|6
10009509338|3
10009509344|0
10009509348|4
10009509444|4
10009509562|8
10009509563|3
10009509666|5
10009509671|9
10009509684|8
10009509687|5
10009509693|6
10009509704|2
10009509715|2
10009509723|8
10009509729|3
10009509730|3
10009509731|3
10009509732|9
10009509735|7
10009509738|8
10009509740|4
10009509743|7
10009509744|9
10009509745|5
10009509746|7
10009509761|2
10009509762|0
10009509767|0
10009509883|2
10009509891|7
10009509892|6
10009509893|6
10009509898|1
10009509925|0
10009509961|3
10009510057|9
10009510058|3
10009510103|2
10009510109|1
10009510114|6
10009510145|7
10009510150|5
10009510154|0
10009510166|9
10009510171|4
10009510194|7
10009510204|9
10009510214|5
10009510378|8
10009510386|5
10009510476|1
10009510568|1
10009510571|7
10009510576|1
10009510579|6
10009510589|4
10009510726|9
10009510728|8
10009510788|6
10009510789|3
10009510791|1
10009510792|0
10009510793|2
10009510794|9
10009510796|7
10009510799|8
10009510800|4
10009510803|4
10009510804|2
10009510805|5
10009510806|2
10009510809|3
10009510810|4
10009510811|4
10009510813|6
10009510815|3
10009510816|0
10009510817|1
10009511156|1
10009511163|7
10009511174|8
10009511176|8
10009511254|5
10009511304|4
10009511323|1
10009511333|1
10009511350|2
10009511351|2
10009511352|4
10009511353|0
10009511355|6
10009511356|5
10009511357|1
10009511358|2
10009511359|1
10009511360|4
10009511361|9
10009511362|7
10009511363|5
10009511364|1
10009511365|4
10009511366|9
10009511367|6
10009511368|9
10009511369|2
10009511370|4
10009511371|7
10009511372|9
10009511377|4
10009511388|9
10009511403|2
10009511415|9
10009511422|0
10009511423|1
10009511424|6
10009511427|6
10009511510|7
10009511517|6
10009511518|9
10009511519|7
10009511520|0
10009511543|8
10009511554|5
10009511565|8
10009511566|4
10009511567|2
10009511610|8
10009511611|5
10009511613|6
10009511615|7
10009511616|3
10009511633|2
10009511635|0
10009511636|4
10009511639|8
10009511641|0
10009511643|3
10009511647|1
10009511648|0
10009511649|2
10009511650|2
10009511671|4
10009511676|9
10009511678|9
10009511681|2
10009511682|8
10009511711|6
10009511720|9
10009511724|4
10009511735|0
10009511736|6
10009511754|8
10009511756|3
10009511758|8
10009511759|3
10009511760|8
10009511761|8
10009511767|9
10009511771|4
10009511863|5
10009511866|5
10009511867|0
10009511870|0
10009511874|3
10009511917|4
10009511918|3
10009511921|6
10009511924|2
10009511925|3
10009511974|5
10009511975|1
10009512107|8
10009512118|6
10009512127|4
10009512175|3
10009512182|2
10009512184|9
10009512303|4
10009512410|1
10009512411|0
10009512412|8
10009512413|7
10009512414|7
10009512416|9
10009512417|6
10009512419|2
10009512421|0
10009512423|0
10009512426|2
10009512427|9
10009512429|5
10009512430|1
10009512431|3
10009512432|7
10009512433|2
10009512435|4
10009512437|9
10009512439|6
10009512465|6
10009512467|0
10009512469|3
10009512472|6
10009512543|0
10009512544|8
10009512545|7
10009512546|7
10009512547|0
10009512548|6
10009512549|2
10009512550|5
10009512551|4
10009512552|4
10009512553|7
10009512554|6
10009512555|7
10009512556|7
10009512557|2
10009512559|4
10009512560|4
10009512561|7
10009512771|6
10009512784|6
10009512785|5
10009512789|1
10009512802|7
10009513289|3
10009513290|9
10009513291|1
10009513294|6
10009513652|2
10009513653|3
10009513654|6
10009513697|2
10009513722|6
10009513823|2
10009513891|0
10009513894|3
10009513930|1
10009514003|6
10009514062|1
10009514063|7
10009514066|8
10009514068|8
10009514069|7
10009514072|6
10009514075|7
10009514076|9
10009514077|8
10009514079|0
10009514133|1
10009514135|3
10009514137|5
10009514138|2
10009514144|6
10009514145|0
10009514179|0
10009514199|4
10009514200|9
10009514203|8
10009514205|4
10009514212|8
10009514293|1
10009514303|5
10009514500|1
10009514501|8
10009514504|1
10009514506|0
10009514520|9
10009514521|5
10009514522|2
10009514717|2
10009514718|4
10009514720|6
10009514727|6
10009514728|4
10009514730|3
10009514750|1
10009514755|5
10009514765|4
10009514770|4
10009514773|6
10009514775|0
10009514779|2
10009514787|2
10009514832|9
10009514867|3
10009514875|5
10009514881|2
10009514990|3
10009515006|4
10009515007|3
10009515009|4
10009515010|4
10009515013|6
10009515015|7
10009515016|3
10009515017|8
10009515018|2
10009515022|3
10009515023|1
10009515024|9
10009515026|0
10009515028|2
10009515029|0
10009515032|7
10009515034|5
10009515035|5
10009515037|7
10009515039|0
10009515041|0
10009515046|2
10009515072|3
10009515101|4
10009515102|4
10009515103|1
10009515104|0
10009515105|5
10009515106|1
10009515107|9
10009515108|7
10009515109|6
10009515110|1
10009515111|4
10009515112|6
10009515113|8
10009515114|6
10009515115|9
10009515116|8
10009515117|0
10009515118|1
10009515119|7
10009515120|7
10009515121|0
10009515122|1
10009515123|8
10009515124|0
10009515125|4
10009515126|9
10009515127|5
10009515128|0
10009515129|6
10009515130|9
10009515131|8
10009515236|8
10009515237|5
10009515318|4
10009515322|6
10009515353|5
10009515366|4
10009515368|7
10009515373|1
10009515392|7
10009515428|6
10009515429|1
10009515443|6
10009515469|3
10009515525|2
10009515526|3
10009515528|6
10009515529|6
10009515530|9
10009515531|0
10009515532|4
10009515534|0
10009515535|0
10009515537|7
10009515538|2
10009515539|5
10009515541|2
10009515543|4
10009515544|9
10009515545|8
10009515546|6
10009515548|5
10009515550|7
10009515551|5
10009515553|2
10009515554|8
10009515555|5
10009515557|0
10009515559|2
10009515561|1
10009515563|1
10009515566|1
10009515572|7
10009515573|4
10009515574|4
10009515575|7
10009515576|0
10009515577|2
10009515579|6
10009515585|5
10009515586|5
10009515590|4
10009515610|5
10009515613|7
10009515651|0
10009515678|4
10009515696|4
10009515728|6
10009515729|9
10009515731|2
10009515732|8
10009515733|6
10009515734|8
10009515735|4
10009515737|8
10009515738|6
10009515739|8
10009515740|2
10009515748|8
10009515750|7
10009515756|2
10009515767|5
10009515806|0
10009515811|0
10009515821|8
10009515825|9
10009515831|1
10009515835|4
10009515838|5
10009515979|0
10009515980|3
10009515983|9
10009516071|1
10009516097|7
10009516098|6
10009516099|9
10009516101|9
10009516102|0
10009516103|8
10009516104|1
10009516111|1
10009516317|2
10009516318|3
10009516319|2
10009516320|0
10009516321|4
10009516323|1
10009516715|1
10009516742|1
10009516754|3
10009516783|6
10009516790|7
10009516854|2
10009516855|3
10009516856|9
10009516870|5
10009516871|7
10009516872|9
10009516873|6
10009516874|2
10009516876|1
10009516877|4
10009516880|1
10009516885|3
10009516887|7
10009516889|9
10009516892|0
10009516898|4
10009516899|9
10009516901|0
10009516903|6
10009516904|1
10009516906|4
10009516907|6
10009516908|6
10009516910|7
10009516919|5
10009516920|8
10009516921|2
10009516924|2
10009516925|0
10009516926|4
10009516927|8
10009516929|0
10009516930|4
10009516936|4
10009516939|2
10009516943|5
10009516944|8
10009516946|9
10009516950|4
10009516951|7
10009516958|2
10009517153|0
10009517154|2
10009517157|0
10009517281|5
10009517292|7
10009517411|6
10009517424|2
10009517427|7
10009517429|3
10009517430|4
10009517431|4
10009517494|0
10009517703|8
10009517704|3
10009517735|1
10009517752|8
10009517785|6
10009517821|6
10009517867|3
10009517869|8
10009517870|8
10009517871|4
10009517873|6
10009517874|0
10009517875|7
10009517876|6
10009517877|3
10009517881|7
10009517882|0
10009517885|9
10009517886|9
10009517887|1
10009517889|3
10009517904|0
10009517905|5
10009517943|5
10009517945|5
10009517946|5
10009517947|2
10009517948|0
10009517953|9
10009517956|6
10009518057|7
10009518060|2
10009518221|3
10009518222|6
10009518225|6
10009518230|1
10009518233|8
10009518240|3
10009518242|9
10009518329|4
10009518332|6
10009518349|6
10009518376|9
10009518408|9
10009518409|4
10009518410|4
10009518411|9
10009518426|6
10009518428|4
10009518429|3
10009518464|1
10009518509|2
10009518566|5
10009518649|9
10009519647|2
10009519771|8
10009519776|5
10009519840|1
10009519857|6
10009519861|6
10009519863|5
10009519864|0
10009519872|2
10009519877|2
10009519880|1
10009519883|0
10009519889|2
10009519898|6
10009519899|5
10009519900|5
10009520036|0
10009520037|9
10009520038|7
10009520078|9
10009520079|1
10009520080|0
10009520089|5
10009520092|8
10009520096|8
10009520102|9
10009520106|6
10009520108|4
10009520122|2
10009520126|9
10009520127|9
10009520130|0
10009520131|4
10009520132|8
10009520133|6
10009520135|5
10009520137|5
10009520139|5
10009520140|7
10009520141|8
10009520145|6
10009520147|8
10009520149|2
10009520151|3
10009520169|3
10009520174|0
10009520179|1
10009520205|1
10009520226|0
10009520494|5
10009520495|9
10009520496|8
10009520497|1
10009520498|9
10009520499|7
10009520501|2
10009520579|6
10009520660|8
10009520675|6
10009520754|9
10009520758|0
10009520812|4
10009520965|5
10009520967|7
10009520970|0
10009520973|5
10009520977|5
10009520980|2
10009521046|5
10009521104|8
10009521123|6
10009521124|4
10009521176|4
10009521177|1
10009521179|8
10009521180|2
10009521185|6
10009521186|5
10009521188|9
10009521193|2
10009521197|6
10009521198|4
10009521199|8
10009521200|9
10009521201|9
10009521213|7
10009521214|0
10009521217|8
10009521218|4
10009521219|1
10009521228|5
10009521237|5
10009521239|2
10009521257|9
10009521259|6
10009521260|2
10009521262|3
10009521263|7
10009521465|3
10009521468|2
10009521480|3
10009521483|4
10009521490|3
10009521494|3
10009521505|6
10009521525|3
10009521529|8
10009521530|2
10009521555|0
10009521557|5
10009521579|6
10009521582|9
10009521585|7
10009521590|7
10009521599|2
10009521608|2
10009521616|8
10009521627|1
10009521652|6
10009521668|1
10009521677|6
10009521805|6
10009521806|4
10009521810|7
10009521815|8
10009521820|9
10009521827|4
10009522259|6
10009522260|1
10009522297|9
10009522298|7
10009522300|2
10009522303|3
10009522305|5
10009522308|8
10009522310|6
10009522316|7
10009522326|4
10009522329|5
10009522333|4
10009522335|7
10009522340|2
10009522343|3
10009522347|1
10009522473|7
10009522490|4
10009522493|2
10009522496|7
10009522507|9
10009522510|8
10009522511|0
10009522513|6
10009522516|9
10009522524|3
10009522529|3
10009522536|2
10009522570|5
10009522571|9
10009522575|8
10009522746|7
10009522772|5
10009522774|1
10009522785|5
10009522786|0
10009522867|0
10009522871|1
10009522896|5
10009522947|1
10009522948|5
10009522985|5
10009522995|2
10009522999|9
10009523002|7
10009523194|3
10009523452|3
10009523453|7
10009523454|6
10009523455|1
10009523456|8
10009523457|1
10009523458|8
10009523459|7
10009523461|8
10009523462|9
10009523463|0
10009523470|0
10009523471|4
10009523473|0
10009523474|2
10009523476|8
10009523480|1
10009523481|5
10009523482|9
10009523484|3
10009523486|5
10009523499|3
10009523500|8
10009523504|4
10009523506|8
10009523507|5
10009523509|1
10009523510|9
10009523511|9
10009523513|3
10009523514|5
10009523515|3
10009523516|8
10009523518|5
10009523520|9
10009523523|9
10009523525|3
10009523526|2
10009523528|9
10009523529|2
10009523531|1
10009523532|6
10009523533|0
10009523534|4
10009523536|6
10009523541|8
10009523543|0
10009524100|0
10009524104|7
10009524105|0
10009524109|9
10009524112|5
10009524120|7
10009524124|1
10009524135|1
10009524170|1
10009524284|6
10009524285|3
10009524286|1
10009524287|2
10009524333|1
10009524334|7
10009524335|1
10009524336|2
10009524337|7
10009524339|1
10009524340|8
10009524367|3
10009524368|1
10009524370|1
10009524372|7
10009524373|4
10009524374|1
10009524386|7
10009524387|4
10009524388|8
10009524390|5
10009524392|5
10009524404|7
10009524405|7
10009524419|5
10009524434|3
10009524435|4
10009524436|3
10009524437|4
10009524445|9
10009524980|3
10009524983|6
10009524993|2
10009524994|5
10009525220|0
10009525223|1
10009525226|3
10009525494|5
10009525495|1
10009525497|5
10009525499|2
10009525500|3
10009525502|1
10009525503|3
10009525504|8
10009525505|3
10009525515|1
10009525519|5
10009525520|9
10009525521|1
10009525523|9
10009525524|7
10009525525|5
10009525527|4
10009525631|9
10009525639|3
10009525665|6
10009525961|3
10009526017|2
10009526018|8
10009526019|5
10009526021|9
10009526022|7
10009526023|9
10009526024|2
10009526027|1
10009526029|1
10009526034|4
10009526044|2
10009526055|7
10009526058|0
10009526063|6
10009526071|1
10009526078|2
10009526129|7
10009526133|3
10009526138|2
10009526145|4
10009526170|2
10009526171|9
10009526172|7
10009526174|5
10009526176|6
10009526181|3
10009526204|1
10009526205|8
10009526259|2
10009526295|9
10009526514|5
10009526574|8
10009526607|4
10009526609|2
10009526622|9
10009526638|3
10009526712|6
10009526788|2
10009526802|8
10009526804|4
10009526830|0
10009526837|1
10009526841|5
10009526847|6
10009526858|8
10009526991|5
10009527073|1
10009527086|0
10009527095|9
10009527117|2
10009527143|4
10009527148|3
10009527149|3
10009527150|2
10009527151|2
10009527153|3
10009527154|9
10009527157|3
10009527159|3
10009528811|4
10009528812|5
10009528813|7
10009528829|4
10009528832|7
10009528833|8
10009528836|7
10009528844|4
10009528861|2
10009528863|3
10009528864|5
10009528865|0
10009528867|6
10009528871|3
10009528873|4
10009528876|6
10009528877|5
10009528879|1
10009528881|0
10009528884|0
10009528917|4
10009528925|5
10009528938|8
10009528948|6
10009528957|7
10009529025|3
10009529027|3
10009529053|6
10009529130|7
10009529131|4
10009529132|5
10009529151|1
10009529187|5
10009529188|0
10009529189|2
10009529262|2
10009529271|0
10009529276|5
10009529321|5
10009529467|4
10009529469|6
10009529493|8
10009529497|9
10009529503|1
10009529504|8
10009529506|2
10009529510|1
10009529513|4
10009529515|2
10009529530|7
10009529531|9
10009529532|5
10009529534|0
10009529557|1
10009529567|1
10009529578|6
10009529590|3
10009529594|3
10009529598|4
10009529619|6
10009529622|7
10009529635|7
10009529655|5
10009529671|9
10009529676|4
10009529697|9
10009529701|3
10009529728|1
10009529798|7
10009529886|0
10009529889|2
10009530093|9
10009530099|5
10009530106|7
10009530124|5
10009530125|0
10009530130|5
10009530133|8
10009530143|0
10009530147|1
10009530154|8
10009530155|2
10009530159|5
10009530163|8
10009530165|1
10009530172|6
10009530173|3
10009530178|5
10009530179|5
10009530184|9
10009530186|1
10009530191|5
10009530193|0
10009530195|9
10009530200|5
10009530208|9
10009530211|7
10009530214|4
10009530215|2
10009530216|7
10009530217|0
10009530219|7
10009530221|4
10009530224|2
10009530225|9
10009530238|5
10009530239|8
10009530242|7
10009530245|8
10009530251|0
10009530270|4
10009530274|6
10009530287|8
10009530289|2
10009530291|0
10009530292|8
10009530294|6
10009530297|0
10009530306|5
10009530307|2
10009530308|7
10009530310|7
10009530311|8
10009530312|4
10009530313|5
10009530316|0
10009530321|7
10009530322|6
10009530325|1
10009530328|6
10009530332|9
10009530337|0
10009530349|5
10009530353|2
10009530381|8
10009530385|9
10009530387|8
10009530390|5
10009530393|8
10009530395|1
10009530398|5
10009530400|8
10009530402|1
10009530413|8
10009530454|7
10009530456|7
10009530459|2
10009530535|8
10009530666|3
10009530668|0
10009530669|5
10009530670|5
10009530671|1
10009530674|9
10009530676|8
10009530677|6
10009530682|8
10009530688|7
10009530691|9
10009530695|3
10009530699|0
10009530716|6
10009530717|7
10009530721|4
10009530725|3
10009530729|3
10009530730|7
10009530732|2
10009530734|0
10009530739|5
10009530744|6
10009530747|3
10009530748|1
10009530751|3
10009530755|1
10009530763|2
10009530768|9
10009530776|8
10009530779|6
10009530795|8
10009530808|7
10009530842|5
10009530844|6
10009530884|4
10009530889|2
10009530938|1
10009530958|6
10009530992|2
10009531014|1
10009531019|9
10009531046|5
10009531053|9
10009531055|2
10009531057|5
10009531058|0
10009531157|8
10009531269|3
10009531290|6
10009531320|7
10009531323|7
10009531325|0
10009531328|6
10009531329|7
10009531333|1
10009531342|0
10009531343|7
10009531352|2
10009531363|4
10009531371|2
10009531373|6
10009531381|0
10009531391|3
10009531419|7
10009531429|1
10009531431|7
10009531433|1
10009531434|2
10009531435|3
10009531437|1
10009531439|9
10009531441|1
10009531452|3
10009531462|9
10009531514|8
10009531520|9
10009531550|8
10009531586|5
10009531678|1
10009531679|7
10009531680|9
10009531681|5
10009531682|5
10009531685|4
10009531687|9
10009531692|4
10009531719|6
10009531722|5
10009531725|3
10009531747|5
10009531749|9
10009531763|6
10009531926|1
10009531948|7
10009531998|0
10009532025|1
10009532041|8
10009532042|1
10009532045|8
10009532058|1
10009532064|3
10009532071|6
10009532078|1
10009532079|2
10009532081|1
10009532083|9
10009532084|1
10009532085|1
10009532086|9
10009532087|4
10009532088|5
10009532089|1
10009532090|9
10009532091|9
10009532092|9
10009532107|1
10009532110|7
10009532111|0
10009532114|8
10009532118|0
10009532121|8
10009532126|0
10009532131|1
10009532137|5
10009532138|3
10009532139|0
10009532142|0
10009532144|8
10009532148|1
10009532149|2
10009532150|2
10009532152|5
10009532154|2
10009532158|6
10009532160|9
10009532165|7
10009532169|0
10009532172|9
10009532179|6
10009532184|5
10009532190|2
10009532192|9
10009532202|9
10009532220|9
10009532221|5
10009532222|2
10009532227|8
10009532232|0
10009532241|5
10009532244|3
10009532249|4
10009532251|8
10009532253|5
10009532256|4
10009532257|3
10009532276|2
10009532280|0
10009532283|8
10009532284|9
10009532285|0
10009532287|0
10009532288|4
10009532295|4
10009532298|6
10009532302|0
10009532304|3
10009532305|6
10009532306|9
10009532307|1
10009532308|6
10009532309|5
10009532336|5
10009532524|1
10009532590|8
10009532608|5
10009532614|2
10009532616|2
10009532652|0
10009532656|1
10009532659|4
10009532676|4
10009532679|5
10009532758|0
10009532848|2
10009532849|1
10009532856|5
10009533138|8
10009533309|8
10009533312|4
10009533315|8
10009533323|5
10009533336|1
10009533340|0
10009533341|6
10009533351|9
10009533357|7
10009533360|8
10009533374|2
10009533378|1
10009533380|8
10009533387|7
10009533394|5
10009533418|7
10009533442|4
10009533466|1
10009533477|4
10009533585|5
10009533594|2
10009533614|5
10009533624|5
10009533843|1
10009533958|7
10009533959|2
10009533960|1
10009533961|6
10009533962|5
10009533963|5
10009533964|2
10009533965|7
10009533967|3
10009533968|5
10009533969|4
10009533970|5
10009533971|7
10009533972|1
10009533973|5
10009533974|8
10009533977|4
10009533983|7
10009533985|8
10009533987|0
10009533988|2
10009533995|6
10009534000|5
10009534001|2
10009534003|1
10009534008|7
10009534017|8
10009534020|7
10009534026|5
10009534030|7
10009534045|3
10009534047|0
10009534049|4
10009534051|8
10009534053|5
10009534054|6
10009534061|7
10009534063|9
10009534064|2
10009534065|7
10009534066|8
10009534067|8
10009534069|4
10009534096|2
10009534097|9
10009534098|3
10009534099|6
10009534100|3
10009534102|7
10009534103|8
10009534104|8
10009534105|4
10009534106|3
10009534107|9
10009534113|4
10009534123|5
10009534127|5
10009534135|4
10009534136|0
10009534143|7
10009534147|3
10009534156|0
10009534165|3
10009534167|7
10009534179|9
10009534188|3
10009534207|8
10009534210|5
10009534239|2
10009534255|1
10009534407|7
10009534883|3
10009534884|6
10009534885|3
10009534886|7
10009534887|4
10009534888|5
10009534890|6
10009534891|1
10009534907|0
10009534912|6
10009534918|8
10009534919|3
10009534936|2
10009534938|8
10009534940|6
10009534954|1
10009534958|7
10009534964|1
10009534966|1
10009534969|6
10009534971|0
10009534973|2
10009534976|0
10009534978|0
10009534979|5
10009534981|3
10009534982|3
10009534986|5
10009534994|3
10009534998|6
10009535013|0
10009535060|9
10009535062|9
10009535064|4
10009535065|7
10009535066|0
10009535071|2
10009535075|5
10009535076|7
10009535077|5
10009535080|8
10009535092|5
10009535093|8
10009535094|1
10009535096|4
10009535097|1
10009535100|6
10009535101|6
10009535105|1
10009535107|0
10009535108|7
10009535110|6
10009535112|1
10009535116|9
10009535120|3
10009535254|0
10009535264|0
10009535427|0
10009535460|1
10009535461|3
10009535463|3
10009535464|3
10009535465|8
10009535466|0
10009535467|4
10009535468|1
10009535469|0
10009535470|8
10009535471|4
10009535472|5
10009535473|6
10009535476|9
10009535529|7
10009535543|8
10009535546|5
10009535562|5
10009535610|2
10009535614|9
10009535657|4
10009535762|6
10009535765|4
10009535767|8
10009535769|5
10009535779|0
10009535782|1
10009535786|3
10009535795|3
10009535805|5
10009535806|1
10009535815|7
10009535843|2
10009536164|5
10009536287|1
10009536316|8
10009536318|9
10009536403|8
10009536404|8
10009536405|4
10009536406|6
10009536407|8
10009536410|7
10009536417|7
10009536419|8
10009536422|5
10009536423|4
10009536424|6
10009536425|8
10009536426|1
10009536427|2
10009536429|7
10009536431|6
10009536443|5
10009536449|0
10009536451|1
10009536456|5
10009536462|5
10009536467|8
10009536472|7
10009536473|3
10009536478|6
10009536481|1
10009536483|2
10009536488|7
10009536489|2
10009536492|7
10009536497|3
10009536503|7
10009536509|9
10009536516|9
10009536520|2
10009536549|1
10009536556|7
10009536568|4
10009536573|8
10009536576|9
10009536582|7
10009536585|1
10009536587|8
10009536591|8
10009536595|2
10009536598|8
10009536632|3
10009536639|5
10009536654|7
10009536706|6
10009536992|6
10009537034|8
10009537035|6
10009537036|7
10009537041|5
10009537043|9
10009537044|5
10009537048|2
10009537226|8
10009537228|2
10009537231|1
10009537233|3
10009537236|9
10009537238|2
10009537241|4
10009537242|8
10009537245|2
10009537246|3
10009537253|7
10009537256|3
10009537261|9
10009537265|4
10009537268|2
10009537276|2
10009537281|6
10009537319|3
10009537323|1
10009537326|5
10009537327|6
10009537328|8
10009537329|3
10009537332|3
10009537437|0
10009537440|4
10009537443|5
10009537446|6
10009537447|0
10009537458|8
10009537460|8
10009537462|9
10009537573|6
10009537575|3
10009537578|7
10009537579|4
10009537580|2
10009537581|5
10009537582|3
10009537584|1
10009537591|0
10009537593|6
10009537594|9
10009537596|0
10009537598|3
10009537599|2
10009537602|1
10009537603|8
10009537604|5
10009537620|5
10009537622|9
10009537623|6
10009537628|6
10009537631|3
10009537636|0
10009537638|0
10009537647|5
10009537649|1
10009537650|8
10009537653|7
10009537657|9
10009537660|2
10009537676|5
10009537679|4
10009537681|2
10009537687|6
10009537692|6
10009537694|8
10009537706|2
10009537710|7
10009537714|1
10009537725|1
10009537734|1
10009537808|6
10009538020|6
10009538022|9
10009538027|4
10009538028|3
10009538031|7
10009538034|3
10009538047|3
10009538049|0
10009538056|6
10009538079|4
10009538085|3
10009538163|5
10009538169|2
10009538321|0
10009538322|4
10009538324|9
10009538326|8
10009538525|7
10009538629|3
10009538630|6
10009538634|0
10009538636|7
10009538639|4
10009538642|7
10009538644|3
10009538649|9
10009538673|2
10009538675|6
10009538676|6
10009538677|5
10009538704|1
10009538821|0
10009538829|9
10009538831|0
10009538834|2
10009538835|8
10009538841|5
10009539172|3
10009539176|6
10009539177|2
10009539178|3
10009539180|9
10009539193|0
10009539196|4
10009539198|1
10009539204|7
10009539216|9
10009539218|9
10009539224|9
10009539225|0
10009539227|9
10009539232|8
10009539235|1
10009539237|1
10009539240|8
10009539244|1
10009539247|3
10009539249|6
10009539250|2
10009539266|6
10009539268|2
10009539292|9
10009539295|6
10009539331|9
10009539334|0
10009539337|1
10009539342|9
10009539400|8
10009539402|0
10009539408|7
10009539409|4
10009539410|0
10009539411|1
10009539460|3
10009539630|0
10009539631|8
10009539658|2
10009539660|6
10009539662|7
10009539664|6
10009539667|6
10009539673|6
10009539677|7
10009539690|1
10009539692|4
10009539694|8
10009539699|0
10009539700|3
10009539701|4
10009539702|3
10009539716|1
10009539729|2
10009539739|2
10009539744|4
10009539749|3
10009539751|0
10009539752|1
10009539768|2
10009539778|6
10009539787|0
10009539806|8
10009539818|1
10009539865|5
10009539890|7
10009539894|6
10009539897|9
10009539920|0
10009540040|0
10009540097|3
10009540099|9
10009540101|2
10009540102|6
10009540104|1
10009540106|6
10009540107|9
10009540108|4
10009540110|5
10009540111|4
10009540113|2
10009540114|4
10009540115|6
10009540117|1
10009540121|9
10009540130|0
10009540134|5
10009540136|2
10009540143|5
10009540153|6
10009540165|8
10009540255|1
10009540259|9
10009540358|8
10009540359|3
10009540360|4
10009540363|4
10009540451|8
10009540467|1
10009540468|1
10009540469|6
10009540608|8
10009540609|4
10009540610|8
10009540611|7
10009540613|1
10009540614|9
10009540618|2
10009540622|1
10009540626|6
10009540629|1
10009540630|9
10009540631|7
10009540632|6
10009540671|4
10009540672|8
10009540726|8
10009540727|7
10009540736|0
10009540760|1
10009540761|7
10009540762|5
10009540764|1
10009540766|7
10009540768|1
10009540771|7
10009540773|4
10009540776|1
10009540777|9
10009540781|0
10009540783|2
10009540786|6
10009540790|0
10009540791|9
10009540793|5
10009540795|8
10009540819|7
10009540831|0
10009540841|7
10009540843|8
10009540858|6
10009540866|2
10009540874|9
10009540878|7
10009540879|4
10009540887|5
10009540892|1
10009540894|3
10009540895|0
10009540928|7
10009540936|5
10009540940|8
10009540952|6
10009540992|9
10009540993|7
10009540995|3
10009541050|5
10009541051|1
10009541052|2
10009541068|1
10009541074|6
10009541078|7
10009541085|6
10009541086|7
10009541103|2
10009541125|8
10009541128|3
10009541132|6
10009541225|0
10009541261|1
10009541293|9
10009541381|7
10009541391|5
10009541392|4
10009541406|4
10009541537|9
10009541597|5
10009541694|1
10009541696|3
10009541698|9
10009541710|0
10009541749|1
10009541751|1
10009541753|4
10009541772|1
10009541849|5
10009541850|2
10009541854|6
10009541875|1
10009541882|4
10009541883|5
10009541940|1
10009541947|8
10009541959|4
10009541962|9
10009542309|1
10009542315|0
10009542321|2
10009542469|5
10009542471|1
10009544359|8
10009544381|6
10009544383|9
10009544389|8
10009544391|5
10009544394|0
10009544501|0
10009544503|0
10009544504|4
10009544506|4
10009544507|0
10009544508|2
10009544509|6
10009544510|2
10009544511|0
10009544513|6
10009544514|5
10009544545|1
10009544697|4
10009544698|4
10009544703|3
10009544730|4
10009544733|6
10009544737|1
10009544797|3
10009544799|2
10009544800|5
10009544801|4
10009544814|9
10009544819|1
10009544824|4
10009544828|6
10009544839|9
10009544851|9
10009544854|1
10009544860|6
10009544863|6
10009544964|9
10009544965|0
10009544966|7
10009544967|3
10009545044|7
10009545054|7
10009545062|2
10009545063|9
10009545064|2
10009545065|4
10009545250|8
10009545252|1
10009545254|9
10009545257|9
10009545259|6
10009545261|7
10009545264|1
10009545267|6
10009545275|3
10009545318|3
10009545319|1
10009545332|3
10009545351|8
10009545431|1
10009545437|6
10009545447|7
10009545456|9
10009545458|2
10009545463|0
10009545467|2
10009545470|3
10009545552|7
10009545810|8
10009545812|1
10009545826|0
10009545863|7
10009545892|2
10009545937|4
10009545939|9
10009545946|8
10009545958|5
10009545966|2
10009545971|4
10009545983|6
10009546070|2
10009546097|3
10009546100|5
10009546134|8
10009546136|2
10009546157|2
10009546178|7
10009546219|9
10009546268|4
10009546290|3
10009546296|2
10009546528|4
10009546532|7
10009546633|1
10009546644|2
10009546684|8
10009546724|0
10009546732|5
10009546844|7
10009546960|1
10009547038|9
10009547070|5
10009547121|2
10009547157|0
10009547174|8
10009547228|0
10009547234|3
10009547247|6
10009547252|8
10009547265|0
10009547269|5
10009547320|8
10009547375|8
10009547387|2
10009547432|0
10009547457|4
10009547704|6
10009547794|2
10009548052|0
10009548053|5
10009548054|4
10009548055|6
10009548065|1
10009548070|4
10009548073|4
10009548078|3
10009548081|3
10009548083|8
10009548099|7
10009548117|6
10009548120|1
10009548122|9
10009548123|7
10009548126|4
10009548127|1
10009548129|6
10009548154|2
10009548162|1
10009548188|0
10009548192|2
10009548201|0
10009548202|1
10009548214|8
10009548635|1
10009548636|7
10009548637|5
10009548639|9
10009548641|4
10009548642|9
10009548645|6
10009548648|7
10009548650|2
10009548652|7
10009548661|3
10009548662|8
10009548714|3
10009548717|6
10009548724|4
10009548761|9
10009548838|2
10009548851|8
10009548860|9
10009548862|3
10009548883|0
10009548887|7
10009548948|6
10009549068|2
10009549070|1
10009549071|0
10009549073|5
10009549074|4
10009549101|7
10009549316|9
10009549359|7
10009549404|3
10009549405|9
10009549406|5
10009549408|2
10009549409|0
10009549410|0
10009549411|8
10009549412|1
10009549413|5
10009549414|9
10009549419|2
10009549420|7
10009549430|8
10009549431|4
10009549432|7
10009549433|6
10009549458|0
10009549459|9
10009549460|7
10009549462|1
10009549463|4
10009549464|1
10009549465|8
10009549466|2
10009549469|8
10009549470|2
10009549471|9
10009549485|6
10009549489|6
10009549490|3
10009549491|0
10009549504|4
10009549506|4
10009549511|5
10009549512|8
10009549523|0
10009549661|2
10009549671|0
10009549711|1
10009549714|9
10009549718|9
10009549722|2
10009549723|1
10009549727|2
10009549732|8
10009549792|7
10009549796|5
10009549797|9
10009549800|7
10009549803|2
10009549819|9
10009549820|7
10009549821|7
10009549822|7
10009550106|7
10009550127|3
10009550135|2
10009550164|4
10009550219|3
10009550259|2
10009550272|9
10009550322|0
10009550324|7
10009550326|2
10009550509|7
10009550515|2
10009550535|4
10009550537|9
10009550547|0
10009550553|5
10009550557|7
10009550569|2
10009550573|4
10009550579|5
10009550587|9
10009550589|7
10009550612|9
10009550618|4
10009550632|7
10009550640|1
10009550653|5
10009550658|9
10009550662|8
10009550664|8
10009550667|2
10009550670|5
10009550676|4
10009550683|6
10009550684|2
10009550688|9
10009550696|4
10009550706|6
10009550720|7
10009550724|8
10009550740|7
10009550829|4
10009550850|6
10009550851|1
10009550852|1
10009550853|9
10009550856|7
10009550860|2
10009550862|9
10009550863|4
10009550941|4
10009550950|8
10009550951|4
10009550952|4
10009550955|5
10009550956|1
10009550959|4
10009550960|8
10009550961|2
10009550963|8
10009550964|3
10009551000|4
10009551002|4
10009551011|6
10009551012|0
10009551014|1
10009551015|9
10009551416|8
10009551417|9
10009551418|2
10009551457|3
10009551471|6
10009551473|0
10009551531|4
10009551549|4
10009551851|2
10009551856|4
10009551858|0
10009551888|1
10009551889|3
10009551892|8
10009551899|7
10009551901|2
10009551904|0
10009551917|6
10009552005|6
10009552006|3
10009552008|7
10009552027|5
10009552028|6
10009552058|7
10009552059|5
10009552061|8
10009552062|2
10009552063|6
10009552166|7
10009552170|2
10009552173|1
10009552179|3
10009552180|7
10009552184|6
10009552186|8
10009552187|9
10009552196|5
10009552202|1
10009552205|5
10009552210|8
10009552215|4
10009552221|7
10009552230|7
10009552235|0
10009552293|3
10009552299|2
10009552305|6
10009552312|0
10009552336|0
10009552338|6
10009552382|0
10009552429|7
10009552439|5
10009552484|5
10009552496|0
10009552503|3
10009552575|4
10009552648|3
10009552651|0
10009552652|8
10009552653|1
10009552655|3
10009552656|1
10009552657|5
10009552658|2
10009552659|8
10009552660|9
10009552662|5
10009552900|7
10009552902|7
10009552904|9
10009552905|3
10009552906|2
10009552907|4
10009552913|5
10009552914|9
10009552915|7
10009552939|4
10009552943|2
10009552983|0
10009552987|7
10009552990|3
10009552994|0
10009553008|6
10009553011|7
10009553014|5
10009553016|5
10009553019|4
10009553022|6
10009553026|9
10009553035|5
10009553036|2
10009553038|3
10009553040|0
10009553050|7
10009553154|8
10009553156|6
10009553161|2
10009553163|5
10009553164|2
10009553166|1
10009553167|2
10009553170|9
10009553187|7
10009553188|6
10009553189|6
10009553191|6
10009553202|7
10009553203|1
10009553205|0
10009553206|9
10009553207|8
10009553209|3
10009553210|3
10009553225|7
10009553284|5
10009553288|5
10009553293|8
10009553294|3
10009553295|9
10009553296|8
10009553298|1
10009553351|9
10009553364|1
10009553490|6
10009553504|5
10009553546|7
10009553558|1
10009553619|2
10009554208|6
10009554209|6
10009554210|3
10009554211|8
10009554214|2
10009554221|3
10009554222|8
10009554227|4
10009554230|2
10009554277|5
10009554278|0
10009554280|0
10009554282|9
10009554291|3
10009554296|8
10009554396|4
10009554447|7
10009554471|0
10009554554|7
10009554555|4
10009554556|3
10009554558|4
10009554559|9
10009554561|1
10009554562|0
10009554657|9
10009554805|8
10009557603|6
10009557604|7
10009557620|1
10009557623|2
10009557625|7
10009557630|6
10009557632|8
10009557634|5
10009557641|3
10009557644|1
10009557645|6
10009557649|3
10009557653|4
10009557655|0
10009557693|2
10009557697|5
10009557717|9
10009557817|7
10009557879|7
10009557903|6
10009557904|6
10009558227|8
10009558236|0
10009558319|0
10009558353|3
10009558500|5
10009558515|2
10009558551|5
10009558639|3
10009558878|5
10009558879|9
10009558880|4
10009558881|4
10009558882|5
10009558883|1
10009558884|9
10009558912|0
10009558927|2
10009558933|0
10009558937|9
10009558938|7
10009558943|4
10009558944|4
10009558947|8
10009558949|8
10009558950|6
10009558964|9
10009558979|1
10009558995|3
10009558999|3
10009559003|1
10009559004|0
10009559005|0
10009559008|7
10009559009|7
10009559013|9
10009559016|3
10009559054|6
10009559055|3
10009559067|9
10009559073|7
10009559075|3
10009559082|9
10009559094|3
10009559097|5
10009559100|4
10009559119|3
10009559121|8
10009559123|6
10009559129|3
10009559130|9
10009559132|1
10009559134|0
10009559144|3
10009559146|0
10009559170|1
10009559181|6
10009559187|7
10009559196|1
10009559202|9
10009559205|8
10009559224|7
10009559227|2
10009559229|3
10009559230|1
10009559231|2
10009559232|0
10009559233|9
10009559234|3
10009559235|0
10009559236|9
10009559237|4
10009559239|4
10009559241|9
10009559243|6
10009559244|1
10009559390|1
10009559393|7
10009559430|2
10009559647|8
10009559692|5
10009559731|9
10009559779|7
10009559785|8
10009559790|1
10009559794|8
10009559801|5
10009559827|5
10009559842|7
10009559893|0
10009559916|3
10009559952|2
10009559987|7
10009560012|5
10009560024|0
10009560028|2
10009560031|6
10009560040|4
10009560041|8
10009560042|9
10009560045|7
10009560064|7
10009560151|3
10009560184|1
10009560186|2
10009560187|6
10009560188|9
10009560191|0
10009560193|2
10009560194|8
10009560195|9
10009560239|8
10009560244|9
10009560251|8
10009560255|4
10009560256|1
10009560258|3
10009560259|3
10009560261|3
10009560266|5
10009560292|3
10009560293|6
10009560294|2
10009560295|7
10009560296|8
10009560300|1
10009560301|4
10009560302|7
10009560303|8
10009560304|4
10009560305|8
10009560306|7
10009560307|6
10009560309|2
10009560310|1
10009560311|4
10009560312|4
10009560313|8
10009560314|8
10009560317|4
10009560318|5
10009560319|9
10009560320|4
10009560324|1
10009560327|3
10009560329|4
10009560336|1
10009560337|6
10009560340|9
10009560342|6
10009560344|5
10009560347|2
10009560348|3
10009560349|2
10009560353|2
10009560357|9
10009560359|6
10009560366|1
10009560367|5
10009560368|1
10009560369|9
10009560370|7
10009560371|6
10009560372|8
10009560373|9
10009560376|3
10009560377|5
10009560378|0
10009560384|0
10009560386|5
10009560526|7
10009560530|7
10009560541|8
10009560554|9
10009560555|6
10009560556|9
10009560558|3
10009560560|0
10009560612|7
10009560639|6
10009560733|2
10009560740|1
10009560742|5
10009560743|1
10009560746|9
10009560788|6
10009560790|9
10009560791|3
10009560806|2
10009561126|9
10009561127|1
10009561128|4
10009561129|2
10009561130|0
10009561431|5
10009561436|1
10009561442|5
10009561479|2
10009561495|6
10009561500|1
10009561505|1
10009561526|0
10009561563|5
10009561574|7
10009561578|1
10009561594|6
10009561661|8
10009561662|9
10009561665|2
10009561666|4
10009561667|8
10009561669|0
10009561786|2
10009562009|8
10009562010|2
10009562011|3
10009562054|7
10009562123|4
10009562225|9
10009562228|2
10009562233|9
10009562237|9
10009562252|2
10009562256|6
10009562259|4
10009562262|7
10009562270|2
10009562271|3
10009562275|8
10009562287|7
10009562289|2
10009562290|1
10009562759|6
10009562763|9
10009562766|4
10009562769|7
10009562772|1
10009562862|0
10009562870|6
10009562894|0
10009562896|9
10009562928|1
10009562943|6
10009562948|9
10009562951|5
10009562953|1
10009562958|1
10009562961|3
10009562971|0
10009562979|2
10009562982|9
10009562983|9
10009562985|6
10009562986|4
10009563012|4
10009563016|2
10009563017|9
10009563018|1
10009563019|5
10009563021|2
10009563024|6
10009563108|1
10009563139|1
10009563370|5
10009563372|1
10009563373|9
10009563374|3
10009563376|5
10009563378|1
10009563380|8
10009563381|2
10009563383|2
10009563400|0
10009563402|5
10009563405|8
10009563433|6
10009563439|6
10009563447|2
10009563450|1
10009563453|1
10009563456|0
10009563459|6
10009563464|4
10009563467|6
10009563470|0
10009563471|4
10009563473|5
10009563475|6
10009563478|4
10009563479|1
10009563483|0
10009563509|5
10009563519|1
10009563522|3
10009563524|1
10009563526|2
10009563535|7
10009563543|3
10009563602|7
10009563603|6
10009563611|5
10009563640|0
10009563643|1
10009563647|0
10009563653|9
10009563659|8
10009563662|7
10009563666|7
10009563724|0
10009563729|2
10009563733|1
10009563768|2
10009563771|5
10009563782|5
10009563784|3
10009563789|9
10009563793|9
10009563795|8
10009563797|7
10009563798|4
10009563800|2
10009563802|8
10009563877|6
10009563878|6
10009563879|6
10009563880|0
10009563881|9
10009563882|9
10009563883|9
10009563884|5
10009563885|9
10009563886|3
10009563888|2
10009563889|4
10009563890|0
10009563892|1
10009563893|2
10009563894|5
10009563895|9
10009563896|9
10009563897|9
10009563898|3
10009563899|0
10009563900|4
10009563904|0
10009563905|6
10009563906|1
10009563908|0
10009563909|3
10009563910|5
10009563911|7
10009563913|0
10009563914|3
10009563915|7
10009563917|2
10009563918|7
10009563923|1
10009563924|4
10009563925|0
10009563926|4
10009563928|5
10009563929|3
10009563939|8
10009563940|8
10009563941|6
10009563973|4
10009564051|9
10009564053|6
10009564057|0
10009564061|4
10009564241|9
10009564243|6
10009564244|9
10009564251|7
10009564263|3
10009564283|3
10009564299|5
10009564310|5
10009564312|5
10009564313|9
10009564314|5
10009564325|9
10009564326|6
10009564354|5
10009564394|8
10009564397|8
10009564404|1
10009564406|6
10009564409|7
10009564412|9
10009564418|7
10009564419|6
10009564421|4
10009564423|8
10009564425|5
10009564432|2
10009564440|6
10009564452|1
10009564454|9
10009564457|1
10009564459|6
10009564460|5
10009564462|2
10009564468|2
10009564469|0
10009564473|9
10009564475|1
10009564477|3
10009564483|8
10009564487|6
10009564491|5
10009564506|4
10009564527|8
10009564528|6
10009564530|7
10009564531|7
10009564595|2
10009564612|6
10009564614|0
10009564615|4
10009564616|6
10009564617|6
10009564619|9
10009564620|8
10009564621|5
10009564622|0
10009564623|6
10009564635|1
10009564650|7
10009564651|6
10009564814|8
10009564880|9
10009564881|4
10009564882|0
10009564887|6
10009564890|4
10009564899|5
10009564908|4
10009564909|9
10009564925|0
10009564931|3
10009564943|9
10009564963|7
10009564965|9
10009564968|5
10009564971|7
10009564973|0
10009564980|4
10009564992|0
10009564994|9
10009565001|6
10009565002|0
10009565005|9
10009565006|0
10009565007|9
10009565008|1
10009565009|2
10009565011|4
10009565074|8
10009565076|3
10009565078|5
10009565080|8
10009565112|3
10009565113|9
10009565313|5
10009565381|5
10009565387|6
10009565388|9
10009565403|3
10009565409|1
10009565411|6
10009565418|7
10009565425|3
10009565428|0
10009565444|8
10009565448|3
10009565480|2
10009565482|0
10009565487|8
10009565489|2
10009565490|3
10009565492|8
10009565497|7
10009565536|7
10009565540|3
10009565572|5
10009565573|6
10009565667|3
10009565677|3
10009565680|7
10009565697|6
10009565699|9
10009565701|8
10009565713|7
10009565714|1
10009565715|4
10009565726|6
10009565728|9
10009565729|5
10009565731|9
10009565743|9
10009565755|1
10009565760|7
10009565796|5
10009565839|4
10009565857|6
10009565860|1
10009565876|4
10009565879|6
10009565884|1
10009565889|8
10009565906|0
10009565909|3
10009565910|5
10009565912|6
10009565913|1
10009565915|0
10009565918|0
10009565921|6
10009565928|7
10009565957|4
10009565962|2
10009565969|9
10009566031|8
10009566339|3
10009566342|3
10009566343|5
10009566344|8
10009566349|8
10009566357|7
10009566366|7
10009566370|9
10009566371|3
10009566374|4
10009566376|6
10009566386|8
10009566388|8
10009566390|6
10009566398|5
10009566400|4
10009566401|8
10009566402|5
10009566409|5
10009566410|0
10009566411|5
10009566413|9
10009566414|3
10009566415|9
10009566417|7
10009566420|8
10009566455|5
10009566462|4
10009566466|7
10009566470|0
10009566500|0
10009566503|8
10009566516|6
10009566545|4
10009566548|0
10009566550|9
10009566552|6
10009566553|3
10009566555|2
10009566558|5
10009566559|8
10009566562|8
10009566564|6
10009566565|3
10009566566|7
10009566570|8
10009566572|0
10009566577|4
10009566578|3
10009566584|2
10009566585|5
10009566586|5
10009566588|6
10009566590|0
10009566591|6
10009566594|3
10009566596|5
10009566597|5
10009566599|0
10009566602|4
10009566604|1
10009566611|3
10009566612|0
10009566628|8
10009566629|3
10009566948|5
10009566953|9
10009566976|1
10009566977|5
10009566992|3
10009566994|2
10009566996|0
10009566997|8
10009567000|9
10009567002|2
10009567004|7
10009567007|6
10009567015|7
10009567020|4
10009567032|3
10009567042|9
10009567044|2
10009567045|4
10009567049|7
10009567050|6
10009567051|4
10009567055|5
10009567056|8
10009567058|3
10009567061|6
10009567064|5
10009567071|8
10009567074|5
10009567075|3
10009567083|8
10009567087|6
10009567088|4
10009567095|6
10009567098|5
10009567101|1
10009567105|0
10009567106|3
10009567119|4
10009567120|7
10009567142|9
10009567144|4
10009567489|2
10009567496|6
10009567510|8
10009567546|1
10009567549|3
10009567553|6
10009567558|9
10009567563|0
10009567566|4
10009567567|9
10009567574|0
10009567575|1
10009567576|0
10009567577|3
10009567578|9
10009567580|2
10009567627|3
10009567703|7
10009567758|6
10009567761|1
10009567770|2
10009567774|5
10009567782|7
10009567783|6
10009567807|8
10009567813|7
10009567817|4
10009567837|3
10009567871|2
10009567878|2
10009567883|7
10009568014|7
10009568183|5
10009568366|2
10009568387|1
10009568390|2
10009568392|0
10009568416|3
10009568422|6
10009568424|4
10009568439|2
10009568441|4
10009568446|2
10009568522|4
10009568524|2
10009568526|5
10009568527|1
10009568528|6
10009568582|1
10009568588|5
10009568592|0
10009568597|3
10009568603|7
10009568632|3
10009568638|5
10009568639|1
10009568710|1
10009568719|8
10009568722|6
10009568726|8
10009568740|0
10009568772|9
10009568788|3
10009568796|8
10009568806|4
10009568822|5
10009568824|6
10009568827|2
10009568840|7
10009568862|6
10009568883|6
10009568899|2
10009568902|7
10009568910|5
10009568913|0
10009568927|1
10009568932|0
10009568936|4
10009569009|9
10009569023|0
10009569272|0
10009569273|7
10009569281|5
10009569282|8
10009569293|7
10009569299|5
10009569304|3
10009569316|1
10009569345|9
10009569424|0
10009569434|3
10009569460|2
10009569468|4
10009569469|7
10009569471|3
10009569484|4
10009569494|0
10009569504|3
10009569505|7
10009569511|3
10009569514|9
10009569516|9
10009569518|3
10009569521|8
10009569530|3
10009569538|0
10009569547|1
10009569554|4
10009569558|2
10009569562|8
10009569565|1
10009569572|5
10009569573|9
10009569577|8
10009569582|8
10009569584|1
10009569591|9
10009569595|7
10009569599|6
10009569601|7
10009569602|5
10009569603|6
10009569606|0
10009569607|2
10009569608|0
10009569613|5
10009569614|4
10009569617|8
10009569621|4
10009569622|5
10009569626|0
10009569628|8
10009569631|5
10009569635|5
10009569639|1
10009569647|7
10009569651|0
10009569723|0
10009569729|7
10009569730|2
10009569731|7
10009569732|4
10009569733|7
10009569796|9
10009569801|3
10009569802|4
10009569809|9
10009569810|4
10009569811|3
10009569990|4
10009569996|6
10009570016|6
10009570023|8
10009570029|4
10009570031|1
10009570036|5
10009570039|1
10009570042|3
10009570044|3
10009570055|5
10009570060|1
10009570061|4
10009570095|5
10009570129|3
10009570135|9
10009570151|9
10009570152|7
10009570153|2
10009570154|7
10009570156|3
10009570157|7
10009570158|3
10009570159|8
10009570161|0
10009570164|8
10009570167|3
10009570169|9
10009570170|1
10009570171|1
10009570177|0
10009570181|4
10009570185|1
10009570209|8
10009570220|9
10009570223|6
10009570246|2
10009570252|2
10009570255|2
10009570264|9
10009570269|2
10009570270|7
10009570274|7
10009570275|2
10009570276|3
10009570282|2
10009570291|5
10009570381|7
10009570385|3
10009570390|8
10009570392|9
10009570478|9
10009570481|4
10009570498|3
10009570504|9
10009570515|1
10009570568|3
10009570570|5
10009570572|5
10009570573|5
10009570578|1
10009570582|8
10009570583|2
10009570585|6
10009570586|5
10009570589|2
10009570590|7
10009570592|3
10009570595|3
10009570597|1
10009570621|4
10009570673|3
10009570674|5
10009570680|8
10009570688|2
10009570697|4
10009570705|7
10009570708|4
10009570712|0
10009570716|7
10009570723|9
10009570729|2
10009570734|2
10009570741|3
10009570773|1
10009570774|0
10009570775|2
10009570778|3
10009570813|0
10009570814|1
10009570815|9
10009570816|0
10009570818|0
10009570819|1
10009570861|3
10009570868|9
10009570874|9
10009570888|5
10009571013|3
10009571015|8
10009571018|3
10009571022|3
10009571025|2
10009571029|5
10009571033|6
10009571034|0
10009571036|9
10009571037|9
10009571040|8
10009571044|7
10009571048|8
10009571049|4
10009571050|9
10009571053|6
10009571054|7
10009571056|3
10009571060|1
10009571067|1
10009571082|0
10009571089|0
10009571097|9
10009571100|2
10009571101|3
10009571117|5
10009571119|9
10009571122|9
10009571126|3
10009571131|3
10009571133|3
10009571147|4
10009571187|2
10009571196|6
10009571199|0
10009571204|9
10009571208|3
10009571212|1
10009571254|7
10009571256|6
10009571260|3
10009571263|3
10009571264|8
10009571265|5
10009571270|3
10009571274|4
10009571280|9
10009571284|1
10009571288|7
10009571367|3
10009571371|0
10009571531|1
10009571556|0
10009571572|3
10009571576|5
10009571581|3
10009571589|2
10009571611|8
10009571622|1
10009571624|2
10009571627|8
10009571673|1
10009571674|9
10009571675|4
10009571739|1
10009571740|0
10009571743|8
10009571744|1
10009571745|6
10009571747|2
10009571750|9
10009571751|4
10009571754|5
10009571755|2
10009571756|6
10009571760|5
10009571764|2
10009571766|3
10009571767|8
10009571773|4
10009571810|6
10009571818|8
10009572204|8
10009572209|1
10009572240|3
10009572245|9
10009572263|8
10009572266|2
10009572306|2
10009572314|1
10009572315|4
10009572318|1
10009572320|8
10009572322|7
10009572336|8
10009572346|3
10009572350|2
10009572354|7
10009572356|3
10009572359|5
10009572374|2
10009572379|7
10009572381|9
10009572393|7
10009572398|3
10009572399|7
10009572406|8
10009572408|8
10009572410|6
10009572413|2
10009572425|6
10009572427|8
10009572430|5
10009572433|8
10009572438|5
10009572444|5
10009572450|4
10009572457|4
10009572459|3
10009572460|8
10009572462|5
10009572470|4
10009572474|5
10009572477|0
10009572479|3
10009572494|8
10009572496|3
10009572501|3
10009572502|9
10009572503|5
10009572505|0
10009572507|1
10009572510|5
10009572513|7
10009572517|0
10009572521|6
10009572523|1
10009572525|4
10009572526|1
10009572527|3
10009572528|5
10009572529|7
10009572530|1
10009572532|8
10009572533|3
10009572535|0
10009572536|4
10009572538|1
10009572540|0
10009572542|3
10009572544|1
10009572545|8
10009572588|2
10009572760|8
10009572776|5
10009572782|8
10009572844|3
10009572858|1
10009572860|3
10009572877|5
10009572883|1
10009572884|3
10009572896|8
10009572902|4
10009572906|8
10009572920|1
10009572938|5
10009572946|5
10009572956|5
10009572962|6
10009572965|3
10009572971|6
10009572988|0
10009573008|4
10009573013|8
10009573160|4
10009573263|7
10009573283|2
10009573316|4
10009573324|8
10009573349|4
10009573354|7
10009573358|8
10009573385|8
10009573394|4
10009573442|9
10009573470|2
10009573472|5
10009573478|7
10009573480|9
10009573481|3
10009573500|2
10009573504|3
10009573518|4
10009573735|2
10009573757|3
10009573769|6
10009573780|0
10009573785|9
10009573786|5
10009573788|3
10009573795|8
10009573801|6
10009573805|4
10009573806|2
10009573807|4
10009573823|9
10009573829|3
10009573844|3
10009573881|0
10009573883|5
10009573885|5
10009573899|1
10009573903|5
10009573907|2
10009573908|4
10009573910|9
10009573911|4
10009573912|4
10009573922|7
10009573930|6
10009573943|4
10009573958|1
10009574068|9
10009574169|7
10009574192|9
10009574193|5
10009574200|0
10009574222|7
10009574357|7
10009574360|7
10009574363|0
10009574364|6
10009574425|2
10009574684|8
10009574692|8
10009574697|7
10009574714|6
10009574823|5
10009574824|3
10009574825|1
10009574826|8
10009574827|3
10009574828|3
10009574829|9
10009575070|7
10009575090|7
10009575093|1
10009575096|7
10009575099|3
10009575100|7
10009575103|6
10009575109|1
10009575112|0
10009575116|4
10009575119|6
10009575122|2
10009575133|8
10009575138|8
10009575143|4
10009575147|3
10009575151|1
10009575155|6
10009575158|3
10009575162|4
10009575163|5
10009575169|6
10009575220|2
10009575222|8
10009575225|0
10009575262|5
10009575265|4
10009575295|0
10009575305|3
10009575325|4
10009575337|9
10009575341|0
10009575350|3
10009575381|4
10009575382|5
10009575386|8
10009575396|2
10009575404|2
10009575436|8
10009575438|6
10009575443|5
10009575460|7
10009575827|6
10009575840|3
10009575848|9
10009575858|6
10009575895|6
10009575898|2
10009575902|6
10009575916|3
10009575929|8
10009575933|5
10009575946|8
10009575949|5
10009575951|0
10009575954|8
10009575956|9
10009576004|4
10009576006|7
10009576025|4
10009576158|1
10009576313|9
10009576324|4
10009576595|3
10009576652|9
10009576653|3
10009576883|5
10009576884|1
10009576885|4
10009576886|3
10009576887|9
10009576888|2
10009576890|1
10009576891|7
10009576892|6
10009576893|7
10009576894|9
10009576896|6
10009576897|9
10009576898|6
10009576899|6
10009576900|6
10009576902|3
10009576904|1
10009576905|4
10009576906|7
10009576907|0
10009576908|8
10009576911|9
10009576913|1
10009576915|8
10009576945|8
10009577025|0
10009577030|4
10009577035|7
10009577100|1
10009577113|0
10009577115|0
10009577116|9
10009577121|9
10009577159|6
10009577161|5
10009577173|8
10009577174|4
10009577176|3
10009577212|4
10009577215|1
10009577287|0
10009577296|0
10009577297|0
10009577298|3
10009577301|0
10009577303|2
10009577325|9
10009577333|2
10009577334|1
10009577335|3
10009577336|2
10009577338|4
10009577339|6
10009577340|9
10009577341|9
10009577342|1
10009577343|2
10009577488|3
10009577491|6
10009577590|1
10009577594|6
10009577606|4
10009577651|6
10009577658|9
10009577810|0
10009577820|4
10009577821|8
10009577822|3
10009577823|6
10009577873|7
10009578157|2
10009578172|5
10009578187|0
10009578192|2
10009578210|1
10009578214|2
10009578221|2
10009578223|1
10009578226|5
10009578228|6
10009578229|5
10009578238|3
10009578254|3
10009578257|2
10009578261|9
10009578264|6
10009578267|7
10009578283|2
10009578287|7
10009578333|5
10009578341|0
10009578436|2
10009578498|6
10009578499|9
10009578754|9
10009578758|9
10009578770|2
10009578772|5
10009578785|8
10009578791|2
10009578800|9
10009578801|3
10009578803|6
10009578805|0
10009578828|4
10009578866|2
10009578874|4
10009578883|9
10009579064|1
10009579081|2
10009579219|2
10009579220|4
10009579221|4
10009579222|4
10009579223|4
10009579225|6
10009579226|6
10009579228|5
10009579229|1
10009579231|9
10009579235|0
10009579238|1
10009579240|7
10009579241|4
10009579245|4
10009579247|4
10009579251|6
10009579254|8
10009579263|1
10009579273|9
10009579277|9
10009579279|0
10009579281|7
10009579282|0
10009579285|2
10009579300|9
10009579303|1
10009579305|3
10009579310|4
10009579317|0
10009579322|0
10009579332|6
10009579337|7
10009579344|6
10009579351|6
10009579353|3
10009579357|9
10009579359|6
10009579360|6
10009579361|4
10009579364|5
10009579365|7
10009579367|1
10009579387|6
10009579395|0
10009579399|4
10009579401|8
10009579404|1
10009579408|1
10009579412|2
10009579414|2
10009579417|0
10009579421|9
10009579437|4
10009579474|7
10009579476|0
10009579503|3
10009579508|9
10009579515|4
10009579526|8
10009579529|8
10009579533|5
10009579536|1
10009579538|9
10009579543|7
10009579605|6
10009579606|3
10009579611|7
10009579612|7
10009579614|8
10009579615|5
10009579619|5
10009579620|5
10009579621|9
10009579623|7
10009579624|0
10009579625|0
10009579626|7
10009579627|7
10009579629|7
10009579631|9
10009579632|0
10009579633|6
10009579634|2
10009579637|5
10009579639|0
10009579640|9
10009579648|4
10009579651|1
10009579653|7
10009579654|6
10009579655|0
10009579658|2
10009579697|7
10009579698|2
10009579699|3
10009579700|5
10009579701|2
10009579707|3
10009579720|8
10009579721|9
10009579722|4
10009579806|3
10009579809|1
10009579812|2
10009579814|3
10009579818|2
10009579900|5
10009579901|3
10009579905|8
10009579921|7
10009580010|6
10009580046|7
10009580057|5
10009580060|8
10009580064|0
10009580067|3
10009580077|8
10009580080|8
10009580087|5
10009580092|7
10009580094|2
10009580101|8
10009580103|2
10009580106|8
10009580107|3
10009580110|1
10009580112|2
10009580114|6
10009580119|1
10009580125|3
10009580129|1
10009580134|8
10009580136|1
10009580137|4
10009580142|3
10009580145|8
10009580148|9
10009580150|4
10009580152|8
10009580153|2
10009580155|2
10009580156|9
10009580162|3
10009580164|2
10009580165|2
10009580166|4
10009580167|7
10009580168|7
10009580235|4
10009580236|1
10009580238|9
10009580239|3
10009580241|0
10009580243|0
10009580257|7
10009580263|9
10009580270|8
10009580277|0
10009580281|1
10009580283|6
10009580284|6
10009580285|0
10009580287|1
10009580288|0
10009580289|8
10009580290|1
10009580291|3
10009580292|9
10009580293|1
10009580301|8
10009580302|8
10009580305|1
10009580347|0
10009580352|9
10009580361|3
10009580534|4
10009580535|7
10009580536|8
10009580537|7
10009580538|3
10009580539|3
10009580553|7
10009580554|6
10009580555|6
10009580556|6
10009580557|3
10009580558|9
10009580562|7
10009580567|9
10009580571|7
10009580572|8
10009580613|9
10009580619|4
10009580697|9
10009580742|0
10009580766|9
10009580771|7
10009580773|4
10009580786|3
10009580798|3
10009580815|7
10009580842|9
10009580844|1
10009580845|3
10009580846|7
10009580848|5
10009580850|1
10009580898|2
10009580911|4
10009580925|9
10009580940|0
10009580991|2
10009580994|4
10009580995|0
10009580996|8
10009581001|0
10009581005|3
10009581010|2
10009581029|3
10009581042|5
10009581043|8
10009581044|4
10009581045|6
10009581047|1
10009581179|3
10009581183|2
10009581188|4
10009581218|2
10009581221|9
10009581227|0
10009581265|8
10009581269|7
10009581272|1
10009581281|1
10009581307|3
10009581319|7
10009581321|5
10009581355|6
10009581363|8
10009581381|8
10009581384|0
10009581392|0
10009581394|1
10009581396|6
10009581398|1
10009581406|2
10009581425|3
10009581434|5
10009581435|8
10009581441|4
10009581451|0
10009581461|9
10009581464|6
10009581489|3
10009581493|3
10009581494|0
10009581495|3
10009581508|2
10009581521|9
10009581801|0
10009581840|6
10009581858|2
10009581881|7
10009581939|0
10009581945|5
10009581951|0
10009581965|6
10009581971|6
10009581972|7
10009581983|0
10009581984|0
10009581985|7
10009581991|2
10009581994|1
10009582009|6
10009582025|9
10009582027|8
10009582305|8
10009582367|5
10009582491|0
10009582563|4
10009582583|2
10009582618|7
10009582620|5
10009582733|2
10009582735|2
10009582741|3
10009582744|7
10009582745|0
10009582746|0
10009582747|2
10009582748|7
10009582749|9
10009582751|9
10009582752|4
10009582753|7
10009582755|7
10009582757|2
10009582758|0
10009582759|0
10009582761|2
10009582775|8
10009582799|3
10009582800|4
10009582801|0
10009582803|0
10009582804|8
10009582805|5
10009583027|8
10009583037|5
10009583041|3
10009583045|1
10009583047|6
10009583055|2
10009583057|0
10009583085|3
10009583090|0
10009583163|0
10009583190|1
10009583196|4
10009583197|1
10009583203|0
10009583204|9
10009583210|1
10009583232|3
10009583239|2
10009583241|8
10009583248|8
10009583309|4
10009583310|0
10009583311|4
10009583312|0
10009583313|4
10009583314|3
10009583315|3
10009583316|3
10009583317|6
10009583318|1
10009583319|7
10009583320|1
10009583321|2
10009583322|9
10009583323|5
10009583324|7
10009583325|1
10009583326|4
10009583327|3
10009583328|5
10009583329|8
10009583330|3
10009583331|0
10009583332|2
10009583333|7
10009583334|8
10009583335|7
10009583336|7
10009583337|3
10009583338|2
10009583339|0
10009583340|4
10009583341|6
10009583342|2
10009583343|8
10009583344|6
10009583345|2
10009583346|2
10009583347|1
10009583348|6
10009583350|9
10009583352|0
10009583353|5
10009583354|9
10009583400|5
10009583418|1
10009583635|3
10009583637|4
10009583640|2
10009583666|8
10009583670|3
10009583671|3
10009583678|0
10009583684|1
10009583687|3
10009583690|1
10009583708|1
10009583711|4
10009583714|6
10009583716|3
10009583719|5
10009583761|6
10009583888|2
10009611439|3
10009611441|4
10009611443|5
10009611446|0
10009611459|1
10009611489|5
10009611490|1
10009611491|6
10009611492|9
10009611493|3
10009611494|4
10009611495|2
10009611496|0
10009611497|0
10009611498|6
10009611499|8
10009611500|6
10009611501|4
10009611502|0
10009611503|9
10009611504|3
10009611505|9
10009611506|5
10009611507|1
10009611508|3
10009611509|8
10009611510|0
10009611511|2
10009611512|0
10009611513|3
10009611514|3
10009611515|9
10009611516|9
10009611517|3
10009611518|9
10009611519|6
10009611520|4
10009611521|5
10009611523|3
10009611524|6
10009611525|3
10009611526|6
10009611527|3
10009611531|2
10009611532|9
10009611595|1
10009611648|9
10009611656|4
10009611714|6
10009611719|3
10009611728|5
10009611757|8
10009611764|9
10009611801|8
10009611809|2
10009611819|3
10009611843|0
10009611866|8
10009611957|0
10009611958|2
10009612006|3
10009612262|6
10009612369|2
10009612371|2
10009612374|3
10009612378|9
10009612391|2
10009612403|3
10009612434|7
10009612474|5
10009612475|6
10009612482|6
10009612483|0
10009612484|0
10009612485|7
10009612486|5
10009612487|0
10009612488|8
10009612489|1
10009612490|1
10009612491|3
10009612492|6
10009612493|9
10009612494|3
10009612495|7
10009612496|3
10009612497|1
10009612498|7
10009612499|7
10009612500|5
10009612501|9
10009612502|9
10009612503|4
10009612504|6
10009612505|3
10009612506|4
10009612508|8
10009612509|5
10009612510|2
10009612511|8
10009612513|0
10009612515|8
10009612516|7
10009612518|4
10009612519|3
10009612520|8
10009612524|4
10009612525|3
10009612526|0
10009612527|1
10009612528|2
10009612529|9
10009612530|1
10009612531|2
10009612532|1
10009612533|2
10009612534|0
10009612535|1
10009612536|7
10009612674|1
10009612688|0
10009612747|0
10009612755|6
10009612797|2
10009612860|9
10009613045|5
10009613048|6
10009613049|3
10009613050|1
10009613051|6
10009613147|6
10009613149|6
10009613152|1
10009613157|3
10009613162|6
10009613165|5
10009613168|5
10009613172|0
10009613194|6
10009613256|6
10009613267|9
10009613269|9
10009613270|4
10009613272|6
10009613279|9
10009613287|4
10009613475|6
10009613585|4
10009613586|6
10009613588|0
10009613589|8
10009613590|1
10009613593|6
10009613594|8
10009613598|1
10009613620|5
10009613621|4
10009613622|8
10009613623|3
10009613639|6
10009613640|7
10009613642|3
10009613643|7
10009613644|2
10009613645|5
10009613646|4
10009613648|4
10009613649|6
10009613651|4
10009613652|0
10009613653|3
10009613674|6
10009613675|1
10009613676|8
10009613677|3
10009613678|3
10009613679|6
10009613680|1
10009613681|7
10009613687|9
10009613688|9
10009613689|0
10009613690|9
10009613692|5
10009613695|0
10009613697|1
10009613725|5
10009613727|2
10009613740|3
10009613888|7
10009613907|8
10009613947|2
10009613958|3
10009613963|0
10009613984|8
10009614021|0
10009614038|0
10009614043|2
10009614049|0
10009614056|6
10009614065|6
10009614085|5
10009614088|6
10009614095|0
10009614099|4
10009614102|5
10009614115|5
10009614120|8
10009614126|6
10009614127|1
10009614130|6
10009614133|9
10009614232|2
10009614317|1
10009614319|2
10009614349|8
10009614354|1
10009614365|8
10009614383|7
10009614389|2
10009614391|3
10009614396|2
10009614398|7
10009614425|3
10009614460|0
10009614464|4
10009614528|2
10009614532|6
10009614541|8
10009614586|5
10009614675|8
10009614682|9
10009614688|4
10009614696|6
10009614948|6
10009614949|1
10009614951|3
10009614954|4
10009614958|7
10009614963|6
10009614975|4
10009614978|3
10009614981|7
10009614983|0
10009614987|7
10009614991|5
10009615013|2
10009615039|1
10009615042|8
10009615057|8
10009615062|7
10009615081|8
10009615082|7
10009615086|4
10009615120|0
10009615142|4
10009615143|6
10009615156|9
10009615208|0
10009615219|7
10009615225|1
10009615230|9
10009615235|5
10009615249|0
10009615259|0
10009615273|9
10009615280|9
10009615281|7
10009615284|3
10009615292|7
10009615299|0
10009615301|8
10009615304|0
10009615308|5
10009615318|4
10009615321|9
10009615323|2
10009615326|7
10009615327|1
10009615330|1
10009615333|3
10009615556|3
10009615558|6
10009615562|4
10009615565|7
10009615568|3
10009615572|7
10009615587|9
10009615615|7
10009615709|3
10009615712|1
10009615718|0
10009615765|3
10009615784|6
10009615786|5
10009615787|7
10009615868|2
10009616276|0
10009616286|2
10009616287|1
10009616339|3
10009616364|5
10009616398|6
10009616498|2
10009616504|4
10009616508|6
10009616510|2
10009616512|8
10009616513|1
10009616515|4
10009616530|3
10009616618|6
10009618113|8
10009618202|3
10009618446|6
10009618464|5
10009618468|7
10009618478|2
10009618485|3
10009618491|8
10009618494|7
10009618495|3
10009618498|5
10009618501|5
10009618504|0
10009618505|3
10009618509|7
10009618511|8
10009618513|5
10009618518|0
10009618519|7
10009618521|3
10009618525|8
10009618529|8
10009618531|1
10009618534|8
10009618538|4
10009618540|1
10009618544|2
10009618545|3
10009618551|7
10009618560|3
10009618563|8
10009618564|7
10009618568|7
10009618572|9
10009618574|4
10009618576|5
10009618578|3
10009618580|2
10009618582|5
10009618584|4
10009618586|8
10009618588|2
10009618590|3
10009618591|5
10009618593|0
10009618594|0
10009618595|6
10009618596|5
10009618713|1
10009618763|9
10009618873|2
10009618968|3
10009618987|8
10009618988|0
10009618994|3
10009619004|8
10009619007|5
10009619008|8
10009619010|3
10009619012|9
10009619013|2
10009619015|3
10009619049|0
10009619056|9
10009619057|8
10009619071|7
10009619075|3
10009619090|1
10009619095|0
10009619100|9
10009619123|2
10009619257|8
10009619307|7
10009619308|2
10009619342|0
10009619343|7
10009619344|4
10009619345|6
10009619346|6
10009619347|0
10009619348|1
10009619349|3
10009619350|2
10009619351|3
10009619352|2
10009619353|1
10009619354|9
10009619355|6
10009619356|5
10009619359|1
10009619360|6
10009619361|9
10009619363|0
10009619364|3
10009619365|7
10009619366|9
10009619367|3
10009619370|7
10009619371|6
10009619372|2
10009619381|3
10009619432|4
10009619455|0
10009619473|9
10009619493|9
10009619496|3
10009619504|8
10009619548|8
10009619552|2
10009619559|2
10009619561|4
10009619562|4
10009619564|3
10009619565|9
10009619567|5
10009619826|7
10009619832|5
10009619833|6
10009619846|3
10009619857|1
10009619913|8
10009619918|7
10009619923|4
10009619925|0
10009619930|8
10009620019|7
10009620133|5
10009620135|2
10009620150|9
10009620153|8
10009620154|0
10009620156|5
10009620158|3
10009620159|0
10009620161|8
10009620163|1
10009620170|0
10009620172|6
10009620182|8
10009620188|2
10009620192|6
10009620198|7
10009620204|4
10009620206|2
10009620208|0
10009620209|6
10009620212|2
10009620215|0
10009620218|5
10009620222|0
10009620225|4
10009620229|5
10009620233|5
10009620237|1
10009620240|8
10009620245|2
10009620249|3
10009620255|9
10009620259|7
10009620265|1
10009620269|1
10009620331|9
10009620473|3
10009620526|2
10009620576|6
10009620577|1
10009620578|6
10009620579|2
10009620686|1
10009620935|2
10009620937|5
10009620938|1
10009620939|0
10009620940|1
10009620941|3
10009620942|8
10009620943|3
10009620945|2
10009620946|1
10009620949|9
10009620960|8
10009620961|1
10009620962|0
10009620963|9
10009620964|3
10009620965|5
10009620967|1
10009620968|0
10009620970|8
10009620973|5
10009620975|1
10009620978|9
10009620979|0
10009620981|9
10009620984|6
10009620993|8
10009620996|3
10009620999|1
10009621000|4
10009621002|9
10009621007|5
10009621024|8
10009621036|8
10009621037|4
10009621040|7
10009621042|7
10009621044|7
10009621047|7
10009621049|0
10009621053|8
10009621064|1
10009621067|5
10009621072|8
10009621074|2
10009621078|5
10009621081|3
10009621109|7
10009621111|9
10009621112|0
10009621113|9
10009621114|3
10009621115|1
10009621149|4
10009621151|6
10009621155|4
10009621156|6
10009621161|0
10009621163|0
10009621167|7
10009621171|3
10009621179|8
10009621181|3
10009621185|7
10009621189|6
10009621191|9
10009621194|1
10009621195|6
10009621256|2
10009621313|3
10009621543|8
10009621547|1
10009621556|6
10009621562|7
10009621566|9
10009621581|5
10009621583|4
10009621593|5
10009621597|9
10009621604|8
10009621609|0
10009621611|5
10009621612|3
10009621620|6
10009621624|3
10009621630|0
10009621633|1
10009621634|6
10009621637|4
10009621639|1
10009621642|6
10009621644|4
10009621645|7
10009621648|8
10009621650|6
10009621655|7
10009621657|0
10009621658|6
10009621663|9
10009621666|4
10009621667|6
10009621668|8
10009621673|0
10009621676|0
10009621686|7
10009621689|3
10009621690|3
10009621691|2
10009621692|1
10009621694|0
10009621697|9
10009621702|9
10009621705|4
10009621711|7
10009621724|9
10009621728|2
10009621729|2
10009621735|9
10009621736|9
10009621739|6
10009621744|4
10009621748|3
10009621750|2
10009621752|9
10009621757|8
10009621758|8
10009621763|6
10009621765|3
10009621766|9
10009621770|1
10009621774|1
10009621775|6
10009621777|0
10009621780|4
10009621782|8
10009621783|7
10009621793|5
10009621799|1
10009621801|1
10009621804|9
10009621809|8
10009621815|6
10009621816|6
10009621822|7
10009621826|5
10009621827|0
10009621831|5
10009621832|7
10009621834|1
10009621843|7
10009621855|5
10009621865|5
10009621866|1
10009621870|1
10009621877|9
10009621934|4
10009621936|6
10009621950|6
10009622005|9
10009622049|4
10009622235|2
10009622247|3
10009622250|9
10009622252|3
10009622257|8
10009622260|6
10009622263|1
10009622268|9
10009622281|8
10009622297|1
10009622304|0
10009622339|6
10009622364|6
10009622369|4
10009622377|0
10009622390|9
10009622393|2
10009622437|8
10009622438|7
10009622439|0
10009622440|4
10009622451|8
10009622453|1
10009622455|8
10009622458|8
10009622459|7
10009622462|1
10009622473|4
10009622486|8
10009622517|4
10009622519|2
10009622520|7
10009622523|0
10009622524|3
10009622525|8
10009622526|3
10009622527|0
10009622544|2
10009622558|5
10009622936|4
10009623480|3
10009624260|3
10009624261|0
10009624262|5
10009624263|3
10009624264|9
10009624265|0
10009624266|5
10009624267|1
10009624268|1
10009624269|3
10009624270|9
10009624271|9
10009624272|2
10009624273|7
10009624274|3
10009624275|2
10009624276|0
10009624277|9
10009624278|5
10009624279|7
10009624280|6
10009624281|6
10009624282|1
10009624283|3
10009624284|7
10009624285|0
10009624286|9
10009624287|9
10009624288|9
10009624289|5
10009624290|2
10009624291|3
10009624292|1
10009624293|6
10009624294|2
10009624295|2
10009624296|9
10009624297|6
10009624318|8
10009624322|7
10009624325|4
10009624330|8
10009624331|3
10009624333|3
10009624335|8
10009624336|1
10009624338|3
10009624340|8
10009624342|0
10009624344|3
10009624347|6
10009624355|7
10009624358|7
10009624364|9
10009624375|3
10009624381|6
10009624382|0
10009624387|0
10009624389|0
10009624396|2
10009624405|4
10009624412|9
10009624432|3
10009624435|6
10009624457|9
10009624481|6
10009624502|9
10009624506|2
10009624521|0
10009624533|2
10009624553|5
10009624569|7
10009624668|4
10009624951|8
10009624952|3
10009624953|9
10009624954|2
10009624955|9
10009624957|6
10009624963|8
10009624964|3
10009624967|0
10009624970|1
10009624972|3
10009624974|4
10009624975|0
10009624976|3
10009624978|7
10009624987|2
10009624990|2
10009624992|9
10009624993|7
10009624995|6
10009624997|3
10009625010|9
10009625011|6
10009625013|8
10009625014|5
10009625016|6
10009625017|4
10009625024|0
10009625026|6
10009625027|6
10009625028|8
10009625030|9
10009625035|0
10009625038|1
10009625043|3
10009625060|4
10009625066|4
10009625068|7
10009625089|7
10009625107|2
10009625111|6
10009625132|5
10009625143|3
10009625162|0
10009625182|0
10009625192|7
10009625195|1
10009625197|2
10009625199|2
10009625202|5
10009625203|0
10009625205|0
10009625207|3
10009625211|1
10009625430|5
10009625433|8
10009625436|2
10009625454|8
10009625462|0
10009625466|7
10009625470|6
10009625476|0
10009625486|3
10009625492|3
10009625499|7
10009625504|5
10009625513|3
10009625528|3
10009625535|8
10009625536|4
10009625539|1
10009625540|9
10009625543|5
10009625545|3
10009625550|6
10009625551|7
10009625556|4
10009625561|0
10009625566|6
10009625572|6
10009625573|5
10009625574|0
10009625581|2
10009625596|7
10009625604|9
10009625608|4
10009625610|4
10009625614|8
10009625616|4
10009625621|6
10009625624|5
10009625628|3
10009625634|1
10009625646|1
10009625653|6
10009625655|8
10009625665|4
10009625671|9
10009625682|7
10009625687|2
10009625817|7
10009625819|8
10009625820|4
10009625821|6
10009625822|7
10009625823|6
10009625824|3
10009625825|5
10009625826|8
10009625827|7
10009625828|5
10009625829|2
10009625830|3
10009625831|0
10009625868|4
10009625873|1
10009625879|8
10009625881|8
10009625882|3
10009625884|2
10009625886|1
10009625888|7
10009625890|6
10009625893|8
10009625902|6
10009625926|7
10009625937|5
10009625939|7
10009625944|5
10009625946|8
10009625947|3
10009625950|7
10009625954|2
10009625959|0
10009625961|4
10009625963|1
10009625965|5
10009625967|0
10009625970|2
10009625972|8
10009625973|9
10009625976|8
10009625978|1
10009625982|2
10009625985|0
10009625987|5
10009625990|7
10009625992|3
10009625993|1
10009625994|0
10009625995|7
10009625998|6
10009625999|9
10009626002|6
10009626004|4
10009626007|8
10009626008|3
10009626014|9
10009626025|7
10009626029|1
10009626034|8
10009626050|1
10009626057|8
10009626058|7
10009626062|0
10009626064|1
10009626066|8
10009626074|5
10009626084|2
10009626088|6
10009626090|5
10009626099|0
10009626122|4
10009626126|5
10009626146|4
10009626171|5
10009626173|7
10009626175|9
10009626297|2
10009626299|6
10009626300|4
10009626301|2
10009626302|5
10009626303|9
10009626306|6
10009626308|1
10009626312|9
10009626315|6
10009626319|3
10009626322|8
10009626325|9
10009626328|9
10009626333|2
10009626363|6
10009626491|8
10009626545|8
10009626568|2
10009626569|5
10009626570|6
10009626698|5
10009626707|9
10009626795|6
10009626796|7
10009626797|8
10009626798|2
10009626800|7
10009626801|1
10009626802|3
10009626803|4
10009626804|2
10009626805|4
10009626806|7
10009626807|7
10009626808|5
10009626809|8
10009626810|5
10009626811|5
10009626812|1
10009626813|9
10009626814|9
10009626815|5
10009626816|5
10009626817|2
10009626818|7
10009626819|4
10009626835|9
10009626839|6
10009626840|0
10009626842|6
10009626858|0
10009626860|2
10009626861|0
10009626862|3
10009626864|6
10009626871|3
10009626872|1
10009626880|2
10009626885|8
10009626891|5
10009626903|1
10009626908|4
10009626909|8
10009626910|4
10009626911|4
10009626919|8
10009626920|5
10009626921|8
10009626922|7
10009626923|0
10009626925|8
10009626937|5
10009626942|0
10009626943|7
10009626948|1
10009626952|6
10009626993|9
10009627002|9
10009627010|2
10009627011|6
10009627013|9
10009627014|1
10009627022|9
10009627023|1
10009627028|0
10009627033|1
10009627037|0
10009627041|1
10009627046|1
10009627059|0
10009627061|4
10009627062|4
10009627077|3
10009627086|3
10009627096|2
10009627331|7
10009627336|4
10009627339|1
10009627341|6
10009627343|6
10009627346|1
10009627348|7
10009627349|2
10009627350|3
10009627351|7
10009627352|9
10009627365|8
10009627368|0
10009627371|9
10009627389|1
10009627445|0
10009627453|0
10009627473|7
10009627478|1
10009627483|4
10009627505|9
10009627512|5
10009627516|1
10009627529|9
10009627561|9
10009627591|1
10009627592|6
10009627613|1
10009627619|8
10009627663|1
10009627685|1
10009627689|6
10009627825|6
10009628050|1
10009628099|6
10009628106|8
10009628107|0
10009628165|4
10009628168|1
10009628170|4
10009628399|1
10009628403|1
10009628611|9
10009628942|8
10009628998|6
10009629002|1
10009629004|2
10009629025|4
10009629027|6
10009629032|2
10009629040|7
10009629057|2
10009629079|4
10009629089|8
10009629126|0
10009629134|2
10009629541|6
10009629544|1
10009629554|9
10009629571|2
10009629576|1
10009629578|8
10009629580|8
10009629581|1
10009629589|0
10009629590|7
10009629591|9
10009629592|6
10009629594|3
10009629595|5
10009629598|0
10009629600|1
10009629603|7
10009629605|2
10009629607|4
10009629615|4
10009629620|8
10009629634|0
10009629640|6
10009629642|7
10009629645|9
10009629646|7
10009629653|6
10009629658|1
10009629667|9
10009629674|9
10009629681|2
10009629689|1
10009629703|5
10009629709|4
10009629715|0
10009629725|6
10009629726|4
10009629733|3
10009629759|8
10009629768|8
10009629773|8
10009629780|8
10009630098|0
10009630106|1
10009630124|4
10009630130|8
10009630147|3
10009630155|5
10009630168|1
10009630172|0
10009630189|8
10009630195|3
10009630201|6
10009630211|3
10009630215|7
10009630224|8
10009630295|6
10009630299|7
10009630302|4
10009630307|6
10009630321|0
10009630322|6
10009630343|1
10009630344|7
10009630373|0
10009630374|7
10009630382|1
10009630385|7
10009630393|5
10009630536|6
10009630623|0
10009630628|9
10009630630|3
10009630635|6
10009630640|0
10009630643|2
10009630647|2
10009630652|3
10009630655|9
10009630664|8
10009630670|7
10009631203|1
10009631205|2
10009631440|4
10009631441|5
10009631443|2
10009631444|3
10009631445|5
10009631446|9
10009631447|0
10009631448|7
10009631449|5
10009631450|5
10009631451|9
10009631452|0
10009631453|0
10009631454|3
10009631455|1
10009631456|9
10009631457|0
10009631458|9
10009631459|4
10009631460|4
10009631461|7
10009631462|6
10009631464|6
10009631467|3
10009631477|0
10009631489|1
10009631538|2
10009631559|6
10009631560|0
10009631566|8
10009631585|8
10009631586|4
10009631655|4
10009631662|6
10009631665|5
10009631669|5
10009631674|8
10009631846|9
10009631876|4
10009631879|3
10009631883|2
10009631896|9
10009631906|2
10009631925|5
10009631951|8
10009631955|8
10009631956|4
10009631969|6
10009632002|1
10009632003|6
10009632011|3
10009632016|1
10009632029|9
10009632186|5
10009632193|7
10009632195|9
10009632196|3
10009632201|4
10009632203|9
10009632209|5
10009632211|9
10009632217|7
10009632218|7
10009632224|4
10009632225|0
10009632239|3
10009632242|4
10009632277|8
10009632284|9
10009632292|6
10009632322|4
10009632431|2
10009632435|7
10009632441|6
10009632445|8
10009632449|7
10009632450|1
10009632517|7
10009632659|6
10009632662|6
10009632664|6
10009632667|6
10009632668|1
10009632670|4
10009632671|3
10009632674|7
10009632675|3
10009632676|5
10009632677|2
10009632679|5
10009632681|1
10009632697|2
10009632700|1
10009632705|4
10009632780|0
10009632808|8
10009632916|3
10009632917|8
10009632918|8
10009633131|0
10009633136|5
10009633250|8
10009633259|1
10009633321|1
10009633328|6
10009633356|0
10009633364|5
10009633381|2
10009633384|0
10009633395|6
10009633400|0
10009633411|6
10009633417|3
10009633487|3
10009633651|0
10009633652|3
10009633653|0
10009633736|7
10009633740|4
10009633750|7
10009633753|0
10009633772|0
10009633778|5
10009633786|7
10009633857|5
10009633858|3
10009633859|5
10009633863|6
10009633874|4
10009633877|7
10009633882|7
10009633884|4
10009633897|8
10009634179|3
10009634187|0
10009634218|5
10009634225|4
10009634235|9
10009634243|3
10009634245|5
10009634247|1
10009634249|4
10009634250|1
10009634252|7
10009634261|6
10009634268|1
10009634301|6
10009634302|9
10009634304|7
10009634305|7
10009634306|7
10009634313|6
10009634519|5
10009634525|2
10009634530|1
10009655097|6
10009655119|7
10009655163|0
10009655166|3
10009655169|5
10009655172|5
10009655176|1
10009655184|7
10009655190|0
10009655255|1
10009655648|6
10009655659|0
10009655689|0
10009656061|1
10009656063|1
10009656068|0
10009656069|2
10009656075|6
10009656078|7
10009656088|1
10009656090|0
10009656094|8
10009656098|0
10009656102|7
10009656103|1
10009656105|1
10009656109|7
10009656123|8
10009656125|7
10009656130|4
10009656134|8
10009656155|5
10009656175|5
10009656180|9
10009656193|4
10009656194|2
10009656198|4
10009656200|5
10009656201|6
10009656202|6
10009656204|1
10009656206|3
10009656211|2
10009656214|5
10009656215|7
10009656220|7
10009656223|4
10009656231|2
10009656232|3
10009656235|9
10009656278|0
10009656284|8
10009656320|6
10009656348|1
10009656350|9
10009656601|3
10009656602|8
10009656603|5
10009656604|7
10009656605|3
10009656606|3
10009656607|9
10009656609|2
10009656610|5
10009656611|3
10009656612|0
10009656613|2
10009656615|1
10009656616|3
10009656617|1
10009656618|1
10009656620|8
10009656634|4
10009656636|4
10009656641|3
10009656675|9
10009656696|1
10009656731|3
10009656749|6
10009656764|6
10009656774|8
10009656779|2
10009656782|5
10009656793|0
10009656800|4
10009656835|9
10009656875|9
10009656876|8
10009656881|4
10009656883|9
10009656885|7
10009656889|9
10009656907|2
10009656942|9
10009656953|1
10009656961|5
10009657250|4
10009657299|7
10009657340|3
10009657352|5
10009657373|2
10009657395|9
10009657396|9
10009657397|2
10009657408|1
10009657486|2
10009657522|2
10009657607|3
10009657610|0
10009657611|8
10009657612|9
10009657618|8
10009657620|7
10009657624|3
10009657664|2
10009657670|5
10009657735|4
10009657983|8
10009658009|0
10009658012|9
10009658018|8
10009658020|4
10009658029|4
10009658036|9
10009658043|4
10009658046|2
10009658049|7
10009658052|0
10009658055|2
10009658097|5
10009658107|0
10009658112|2
10009658116|2
10009658118|9
10009658145|5
10009658184|9
10009658215|8
10009658258|3
10009658391|0
10009658446|7
10009658451|6
10009658524|0
10009658541|5
10009658550|5
10009658555|7
10009658569|3
10009658632|6
10009658639|0
10009658642|7
10009658643|5
10009658646|9
10009658649|2
10009658659|7
10009658660|4
10009658663|4
10009658665|6
10009658667|3
10009658681|2
10009658688|4
10009658724|9
10009658744|7
10009658765|5
10009658777|2
10009658788|2
10009658794|8
10009658840|0
10009658841|9
10009658851|1
10009658852|9
10009658859|1
10009658902|9
10009658948|4
10009658971|5
10009658987|3
10009659109|7
10009659112|9
10009659114|7
10009659117|1
10009659121|1
10009659135|6
10009659136|4
10009659138|2
10009659216|4
10009659220|4
10009659223|0
10009659249|8
10009659254|3
10009659258|2
10009659270|8
10009659275|6
10009659278|3
10009659283|0
10009659284|0
10009659291|8
10009659304|7
10009659309|5
10009659324|3
10009659333|7
10009659345|5
10009659356|1
10009659403|7
10009659405|6
10009659413|0
10009659424|8
10009659487|2
10009659738|8
10009659740|5
10009659742|2
10009659745|6
10009659747|8
10009659748|7
10009659749|9
10009659751|9
10009659756|2
10009659757|8
10009659759|2
10009659761|5
10009659768|6
10009659778|3
10009659780|3
10009659781|1
10009659786|4
10009659798|2
10009659803|4
10009659805|2
10009659808|1
10009659810|0
10009659812|4
10009659815|0
10009659817|2
10009659818|1
10009659821|5
10009659824|0
10009659826|0
10009659828|2
10009659832|2
10009659836|2
10009659849|8
10009659853|3
10009659856|5
10009659859|8
10009659861|1
10009659862|6
10009659866|7
10009659868|1
10009659874|6
10009659877|3
10009659879|6
10009659886|6
10009659892|7
10009659894|6
10009659895|1
10009659927|5
10009659947|4
10009659950|7
10009659963|4
10009659998|7
10009660002|8
10009660008|7
10009660018|7
10009660026|2
10009660029|2
10009660031|8
10009660065|8
10009660069|2
10009660075|3
10009660080|9
10009660490|7
10009660542|5
10009660546|3
10009660552|2
10009660632|0
10009660640|0
10009660654|8
10009660674|7
10009660680|4
10009660698|3
10009660717|4
10009660729|5
10009660736|9
10009660752|0
10009660836|8
10009660846|5
10009660850|3
10009660854|6
10009660858|6
10009660860|3
10009660863|0
10009660890|4
10009660891|2
10009660892|9
10009661199|2
10009661203|4
10009661205|8
10009661223|1
10009661274|0
10009661278|2
10009661288|0
10009661291|6
10009661294|4
10009661312|4
10009661374|7
10009661539|2
10009661540|6
10009661541|6
10009661542|5
10009661543|9
10009661544|0
10009661698|7
10009661717|6
10009663206|9
10009663207|4
10009663214|6
10009663216|7
10009663217|7
10009663221|7
10009663233|0
10009663237|9
10009663317|6
10009663321|8
10009663431|6
10009663434|3
10009663441|1
10009663446|2
10009663494|1
10009663499|2
10009663591|8
10009663599|5
10009663601|4
10009663622|6
10009663624|8
10009663627|9
10009663629|8
10009663668|5
10009663669|0
10009663671|8
10009663676|7
10009663747|2
10009663883|4
10009663904|5
10009663906|1
10009663908|1
10009663943|7
10009663948|5
10009664073|8
10009664248|8
10009664257|1
10009664305|6
10009664306|5
10009664307|9
10009664313|9
10009664314|8
10009664401|4
10009664424|1
10009664429|7
10009664439|4
10009664440|9
10009664450|5
10009664453|1
10009664456|9
10009664458|5
10009664460|8
10009664463|4
10009664490|4
10009664552|6
10009664556|1
10009664570|9
10009664573|1
10009664592|9
10009664632|8
10009664639|4
10009664648|1
10009664655|9
10009664664|9
10009664675|5
10009664691|2
10009664720|9
10009664847|4
10009664848|5
10009664857|1
10009664877|2
10009664879|8
10009664893|9
10009664908|6
10009664918|1
10009664937|4
10009664939|1
10009664956|1
10009664963|0
10009664969|9
10009665000|3
10009665011|7
10009665012|2
10009665016|1
10009665018|3
10009665019|9
10009665022|3
10009665028|8
10009665029|5
10009665040|7
10009665042|6
10009665043|8
10009665058|7
10009665069|3
10009665091|5
10009665121|7
10009665123|3
10009665267|0
10009665269|8
10009665280|5
10009665282|2
10009665283|3
10009665284|5
10009665286|1
10009665293|6
10009665294|7
10009665296|8
10009665297|4
10009665298|8
10009665299|7
10009665319|7
10009665323|2
10009665356|4
10009665374|6
10009665375|3
10009665379|2
10009665381|0
10009665382|8
10009665388|2
10009665393|1
10009665398|3
10009665403|5
10009665408|4
10009665412|9
10009665420|1
10009665421|0
10009665422|2
10009665423|3
10009665426|8
10009665427|6
10009665431|0
10009665436|9
10009665505|1
10009665506|7
10009665514|6
10009665520|8
10009665521|3
10009665524|7
10009665526|4
10009665527|4
10009665545|6
10009665551|3
10009665552|9
10009665560|4
10009665563|0
10009665567|8
10009665609|5
10009665610|0
10009665626|7
10009665630|5
10009665634|7
10009665635|2
10009665637|0
10009665639|7
10009665641|0
10009665671|0
10009665673|2
10009665681|9
10009665685|8
10009665686|8
10009665689|3
10009665692|3
10009665693|6
10009665697|7
10009665703|7
10009665706|4
10009665709|9
10009665716|4
10009665717|7
10009665718|4
10009665719|9
10009665769|6
10009665818|4
10009665910|7
10009665911|7
10009665912|2
10009665914|5
10009665915|0
10009665916|1
10009665918|8
10009665919|2
10009665922|2
10009665923|6
10009665924|4
10009665927|0
10009665930|2
10009665931|2
10009665941|5
10009665942|7
10009665949|2
10009665950|5
10009665951|7
10009665956|6
10009665957|2
10009665959|1
10009665961|5
10009665963|2
10009665973|9
10009666014|3
10009666029|1
10009666031|3
10009666033|2
10009666046|3
10009666090|6
10009666222|4
10009666223|2
10009666225|5
10009666229|6
10009666231|2
10009666234|1
10009666321|5
10009666325|3
10009666485|4
10009666489|3
10009666492|3
10009666493|7
10009666495|8
10009666497|7
10009666508|3
10009666509|9
10009666588|2
10009666607|4
10009666616|2
10009666622|3
10009666625|8
10009666659|0
10009666661|4
10009666664|9
10009666699|3
10009666737|1
10009666802|2
10009666850|9
10009667007|2
10009667079|7
10009667123|9
10009667138|5
10009667154|0
10009667173|9
10009667192|0
10009667223|9
10009667224|4
10009667231|1
10009667234|1
10009667240|9
10009667274|3
10009667279|9
10009667292|9
10009667297|7
10009667302|4
10009667306|3
10009667308|8
10009667316|4
10009667335|9
10009667341|3
10009667451|0
10009667453|3
10009667459|1
10009667460|7
10009667464|3
10009667466|9
10009667469|1
10009667611|6
10009667624|2
10009667625|5
10009667627|8
10009667630|6
10009667633|9
10009667713|9
10009667730|7
10009667761|6
10009667833|0
10009667842|2
10009667866|4
10009667873|3
10009667912|2
10009667915|8
10009667927|5
10009667951|4
10009668008|9
10009668052|4
10009668138|0
10009668244|6
10009668271|2
10009668279|8
10009668282|3
10009668287|1
10009668304|4
10009668307|5
10009668311|9
10009668313|7
10009668315|0
10009668317|9
10009668323|0
10009668328|9
10009668350|5
10009668409|0
10009668466|1
10009668468|9
10009668471|4
10009668475|3
10009668477|2
10009668484|2
10009668538|3
10009669444|2
10009669446|5
10009669448|3
10009669551|9
10009669552|9
10009669558|6
10009669581|3
10009669599|9
10009669620|4
10009669632|0
10009669640|7
10009669647|0
10009669648|2
10009669661|1
10009669680|4
10009669701|6
10009669719|6
10009669728|4
10009669736|7
10009669738|3
10009669757|3
10009669768|0
10009669892|5
10009669895|7
10009669896|5
10009669897|3
10009669899|6
10009669904|3
10009669989|8
10009669995|2
10009670135|2
10009670136|3
10009670144|9
10009670153|3
10009670407|6
10009670433|8
10009670440|0
10009670446|4
10009670448|4
10009670452|1
10009670456|1
10009670460|8
10009670474|8
10009670479|1
10009670512|6
10009670513|0
10009670567|5
10009670640|9
10009670690|2
10009670719|7
10009670803|9
10009670805|2
10009670820|5
10009670826|3
10009670840|2
10009670841|0
10009670842|4
10009670856|7
10009670957|1
10009670960|3
10009670973|4
10009670983|5
10009670984|7
10009671171|2
10009671186|6
10009671206|7
10009671219|8
10009671223|2
10009671257|7
10009671323|2
10009671328|5
10009671343|0
10009671368|3
10009671380|4
10009671382|6
10009671485|4
10009671491|3
10009671496|6
10009671505|7
10009671537|4
10009671555|0
10009671556|0
10009671558|5
10009671563|7
10009671564|6
10009671566|4
10009671567|9
10009671653|8
10009671654|3
10009671655|2
10009671656|8
10009671657|1
10009671659|7
10009671736|6
10009671776|4
10009671794|1
10009671802|8
10009671804|9
10009671812|6
10009671855|6
10009671860|9
10009671882|6
10009671972|2
10009671986|6
10009671999|2
10009672241|0
10009672247|0
10009672252|0
10009672254|2
10009672255|8
10009672273|0
10009672279|3
10009672284|6
10009672310|6
10009672317|0
10009672323|9
10009672324|1
10009672327|3
10009672331|2
10009672333|0
10009672335|0
10009672338|1
10009672342|3
10009672351|3
10009672393|7
10009672409|4
10009672444|1
10009672480|4
10009672486|8
10009672493|4
10009672599|1
10009672600|7
10009672604|3
10009672607|1
10009672632|2
10009672932|6
10009672936|1
10009672940|2
10009672948|8
10009672955|1
10009672964|8
10009672996|3
10009673024|2
10009673112|2
10009673120|8
10009673140|9
10009673148|1
10009673161|1
10009673167|9
10009673176|4
10009673186|3
10009673189|0
10009673190|0
10009673201|1
10009673209|0
10009673225|5
10009673231|1
10009673255|9
10009673285|8
10009673291|7
10009673302|7
10009673313|6
10009673321|7
10009673348|6
10009673535|8
10009673603|7
10009673605|7
10009673637|3
10009673908|3
10009673941|9
10009674083|7
10009674092|4
10009674269|3
10009674297|3
10009674330|2
10009674386|3
10009674389|5
10009674395|1
10009674603|1
10009674720|5
10009674727|8
10009674753|3
10009674755|0
10009674768|9
10009674780|6
10009674800|4
10009674818|1
10009674819|7
10009674851|9
10009674891|1
10009674922|5
10009674924|4
10009674947|3
10009674949|1
10009674950|7
10009674953|8
10009674958|6
10009674960|1
10009674962|0
10009674963|4
10009675071|6
10009675074|0
10009675078|0
10009675079|3
10009675085|4
10009675128|6
10009675135|9
10009675160|6
10009675190|9
10009675217|6
10009675220|7
10009675254|1
10009675255|7
10009675258|2
10009675260|3
10009675263|1
10009675264|5
10009675265|8
10009675266|5
10009675270|3
10009675271|3
10009675273|7
10009675279|7
10009675281|1
10009675283|5
10009675287|3
10009675290|6
10009675293|2
10009675295|2
10009675301|8
10009675307|7
10009675310|3
10009675315|6
10009675316|7
10009675317|3
10009675318|1
10009675321|0
10009675322|6
10009675323|7
10009675324|1
10009675325|9
10009675326|0
10009675344|1
10009675345|1
10009675346|0
10009675511|3
10009675513|8
10009675514|5
10009675517|1
10009675518|2
10009675519|0
10009675520|0
10009675521|0
10009675522|2
10009675523|6
10009675884|8
10009675885|1
10009675886|4
10009675887|0
10009675888|8
10009675889|6
10009675890|2
10009675893|8
10009675898|8
10009675899|7
10009675900|0
10009675903|6
10009675907|4
10009675909|3
10009675916|3
10009675920|9
10009676116|3
10009676127|1
10009676128|8
10009676129|7
10009676130|9
10009676143|3
10009676144|0
10009676145|4
10009678000|7
10009678004|0
10009678030|7
10009678033|4
10009678035|2
10009678193|5
10009678194|3
10009678195|7
10009678198|8
10009678201|3
10009678203|1
10009678205|1
10009678207|0
10009678210|5
10009678212|0
10009678214|6
10009678219|5
10009678221|6
10009678223|5
10009678225|2
10009678227|7
10009678246|4
10009678247|5
10009678248|5
10009678249|7
10009678250|4
10009678251|9
10009678252|6
10009678258|4
10009678260|1
10009678262|0
10009678263|9
10009678266|8
10009678267|8
10009678273|5
10009678274|8
10009678324|7
10009678331|3
10009678337|7
10009678341|3
10009678344|8
10009678348|5
10009678349|6
10009678388|4
10009678389|5
10009678390|2
10009678391|8
10009678393|2
10009678395|9
10009678396|9
10009678484|5
10009678487|6
10009678489|8
10009678491|8
10009678492|5
10009678493|9
10009678495|3
10009678512|5
10009678590|5
10009678591|5
10009678592|4
10009678593|0
10009678594|2
10009678606|5
10009678642|0
10009678742|1
10009678860|2
10009678865|7
10009678867|0
10009678870|3
10009678873|3
10009678876|1
10009678879|4
10009678880|0
10009678883|8
10009678886|6
10009678896|3
10009678940|5
10009678941|4
10009678943|3
10009678953|7
10009678956|8
10009678962|1
10009678976|3
10009678978|3
10009678981|9
10009678987|7
10009678993|1
10009678994|2
10009678996|5
10009678999|5
10009679004|5
10009679006|2
10009679009|0
10009679010|4
10009679012|6
10009679019|8
10009679020|0
10009679022|9
10009679023|1
10009679024|8
10009679025|5
10009679026|5
10009679028|2
10009679035|6
10009679037|0
10009679040|5
10009679066|7
10009679068|7
10009679071|7
10009679075|4
10009679081|4
10009679084|4
10009679092|2
10009679096|2
10009679115|2
10009679118|2
10009679119|9
10009679123|3
10009679126|3
10009679128|4
10009679129|5
10009679132|4
10009679137|2
10009679144|0
10009679147|1
10009679163|5
10009679166|0
10009679170|3
10009679173|0
10009679175|6
10009679178|6
10009679183|5
10009679386|2
10009679479|7
10009679480|9
10009679481|2
10009679482|0
10009679483|3
10009679484|1
10009679485|5
10009679486|2
10009679487|2
10009679488|1
10009679489|5
10009679490|4
10009679491|7
10009679492|8
10009679493|4
10009679494|2
10009679495|3
10009679496|9
10009679497|1
10009679498|0
10009679499|2
10009679500|8
10009679501|7
10009679502|5
10009679503|3
10009679506|0
10009679601|9
10009679627|3
10009679640|8
10009679648|0
10009679650|6
10009679653|6
10009679657|8
10009679660|1
10009679663|1
10009679667|4
10009679674|7
10009679679|8
10009679814|6
10009679862|1
10009679914|8
10009680061|4
10009680062|0
10009680063|1
10009680065|0
10009680271|6
10009680311|2
10009680351|0
10009680379|8
10009680478|6
10009680489|1
10009680496|2
10009680550|9
10009680577|5
10009680586|6
10009680591|8
10009680593|9
10009680640|9
10009680650|1
10009680652|7
10009680653|4
10009680659|3
10009680660|2
10009680669|2
10009680673|0
10009680678|2
10009680683|8
10009680685|1
10009680687|9
10009680689|1
10009680692|6
10009680696|6
10009680699|8
10009680700|6
10009680703|9
10009680705|7
10009680708|4
10009680709|9
10009680716|4
10009680722|1
10009680724|9
10009680728|9
10009680729|8
10009680730|8
10009680731|6
10009680735|8
10009680737|8
10009680739|4
10009680741|0
10009680745|4
10009680747|7
10009680749|0
10009680810|8
10009680819|2
10009680823|6
10009680881|1
10009680899|1
10009680907|7
10009680970|1
10009680971|2
10009680979|3
10009680981|6
10009680982|3
10009680983|8
10009680984|4
10009680985|8
10009680986|4
10009680987|5
10009680988|3
10009680989|8
10009680990|2
10009680993|4
10009680996|5
10009680997|2
10009681182|2
10009681207|4
10009681241|4
10009681265|1
10009681274|2
10009681288|9
10009681303|8
10009681322|1
10009681349|4
10009681363|8
10009681370|6
10009681374|8
10009681375|6
10009681382|0
10009681403|8
10009681405|0
10009681422|1
10009681423|8
10009681425|0
10009681427|4
10009681428|9
10009681433|8
10009681440|8
10009681442|1
10009681458|6
10009681527|2
10009681546|2
10009681548|8
10009681979|8
10009682018|3
10009682028|8
10009682075|8
10009682077|0
10009682236|4
10009682253|1
10009682254|3
10009682257|0
10009682280|1
10009682395|4
10009682402|7
10009682407|4
10009682414|3
10009682560|1
10009682571|7
10009682608|6
10009682620|3
10009682669|4
10009682671|9
10009682719|2
10009682860|3
10009682875|2
10009682906|1
10009682907|0
10009682908|4
10009682909|2
10009682910|0
10009682949|1
10009682950|4
10009682951|1
10009682952|4
10009682955|2
10009683002|2
10009683003|4
10009683004|4
10009683005|8
10009683007|0
10009683008|3
10009683009|8
10009683010|9
10009683011|9
10009683012|2
10009683013|8
10009683015|5
10009683019|0
10009683022|4
10009683025|2
10009683026|6
10009683154|1
10009683159|2
10009683165|0
10009683168|0
10009683175|2
10009683177|4
10009683192|1
10009683213|5
10009683226|5
10009683231|0
10009683234|3
10009683238|5
10009683245|1
10009683250|5
10009683251|9
10009683258|9
10009683262|6
10009683272|5
10009683278|3
10009683289|4
10009683321|4
10009683324|9
10009683332|7
10009683334|5
10009683347|6
10009683349|4
10009683356|1
10009683367|0
10009683369|8
10009683374|7
10009683387|8
10009683397|7
10009683407|0
10009683452|3
10009683479|4
10009683483|6
10009683490|4
10009683505|5
10009683583|8
10009683962|7
10009684155|6
10009684277|2
10009684361|3
10009684362|5
10009684363|5
10009684364|0
10009684458|5
10009684660|3
10009684662|1
10009684778|4
10009684960|2
10009684977|2
10009685011|0
10009685029|6
10009685051|8
10009685064|7
10009685070|5
10009685114|6
10009685140|3
10009685352|8
10009685513|2
10009685545|8
10009685731|3
10009685876|8
10009685919|6
10009685993|3
10009685998|6
10009686005|8
10009686006|1
10009686007|4
10009686034|3
10009686067|8
10009686072|4
10009686159|8
10009686209|0
10009686211|6
10009686212|4
10009686213|8
10009686215|7
10009686216|4
10009686401|4
10009686463|3
10009686465|9
10009686466|3
10009686528|2
10009686530|6
10009686543|1
10009686616|7
10009686674|9
10009686719|0
10009686729|3
10009686736|6
10009686768|6
10009686824|8
10009686827|3
10009686832|2
10009686836|3
10009686840|6
10009686844|6
10009686850|5
10009686854|3
10009686878|5
10009686879|8
10009686883|6
10009686884|1
10009686885|4
10009686917|9
10009686918|9
10009686919|5
10009686920|1
10009686921|9
10009687047|4
10009687096|9
10009687112|3
10009687120|5
10009687142|6
10009687249|1
10009687326|7
10009687329|0
10009687331|6
10009687334|2
10009687338|2
10009687406|3
10009687501|2
10009687523|9
10009687611|0
10009687730|6
10009687731|9
10009687733|9
10009687734|2
10009687741|1
10009687756|5
10009687777|1
10009687787|6
10009687808|1
10009687830|7
10009687930|1
10009688229|7
10009688254|3
10009688396|8
10009688403|7
10009688414|5
10009688445|6
10009688451|3
10009688455|5
10009688470|0
10009688509|8
10009688523|1
10009688525|2
10009688526|0
10009688527|9
10009688528|5
10009688530|0
10009688534|6
10009688573|4
10009688605|7
10009688611|4
10009688615|6
10009688618|4
10009688726|8
10009688739|7
10009688757|1
10009688775|4
10009688810|2
10009688859|3
10009688926|0
10009688949|8
10009688983|5
10009689032|2
10009689034|8
10009689207|0
10009689210|6
10009689246|6
10009689907|3
10009689944|5
10009689962|9
10009689970|0
10009689972|4
10009689974|0
10009689975|5
10009689976|2
10009689978|0
10009689982|5
10009689984|7
10009689988|4
10009689989|8
10009690182|3
10009690417|0
10009690419|7
10009690490|7
10009690491|1
10009690494|8
10009690505|5
10009690768|1
10009690854|5
10009690855|0
10009691079|0
10009691110|6
10009691115|9
10009691118|6
10009691120|6
10009691239|1
10009691244|5
10009691245|4
10009691246|9
10009691247|6
10009691248|0
10009691260|6
10009691339|4
10009691651|9
10009691687|1
10009691691|8
10009691696|1
10009691704|9
10009691719|1
10009691904|7
10009692013|4
10009692028|1
10009692046|9
10009692055|3
10009692100|3
10009692103|2
10009692135|1
10009692206|5
10009692207|9
10009692245|7
10009692283|9
10009692286|4
10009692322|8
10009692324|0
10009692325|3
10009692326|6
10009692596|1
10009693021|7
10009693154|6
10009693155|2
10009693156|9
10009693157|8
10009693158|9
10009693161|9
10009693162|2
10009693164|2
10009693167|1
10009693383|3
10009693400|1
10009693403|9
10009693406|2
10009693410|0
10009693563|7
10009693899|9
10009693900|7
10009693901|1
10009693902|0
10009693904|0
10009695978|6
10009695981|5
10009695982|7
10009695983|3
10009695984|5
10009695985|3
10009695987|4
10009695988|8
10009695989|6
10009695990|7
10009695991|0
10009695996|4
10009696002|3
10009696006|4
10009696028|8
10009696034|4
10009696089|4
10009696091|0
10009696150|6
10009696157|7
10009696159|0
10009696160|1
10009696161|6
10009696162|9
10009696163|7
10009696178|5
10009696201|5
10009696204|9
10009696208|2
10009696209|4
10009696211|7
10009696217|9
10009696222|0
10009696234|6
10009696240|4
10009696324|2
10009696334|4
10009696601|6
10009696686|8
10009696687|4
10009696688|5
10009696690|1
10009696691|8
10009696692|8
10009696693|9
10009696874|7
10009696878|7
10009696879|4
10009696885|8
10009696887|6
10009696889|1
10009696892|6
10009696894|6
10009696903|5
10009696905|5
10009696931|6
10009696932|9
10009696934|7
10009696939|4
10009696940|7
10009696941|4
10009696942|7
10009696943|8
10009696946|0
10009696947|6
10009696961|7
10009697006|6
10009697007|5
10009697008|0
10009697009|3
10009697010|3
10009697011|1
10009697030|1
10009697054|6
10009697079|2
10009697226|2
10009697227|5
10009697228|2
10009697229|3
10009697232|2
10009697235|1
10009697242|8
10009697248|8
10009697254|7
10009697263|2
10009697268|0
10009697276|0
10009697278|3
10009697297|8
10009697453|6
10009697454|6
10009697455|8
10009697456|8
10009697457|3
10009697458|1
10009697459|4
10009697460|8
10009697461|0
10009697462|4
10009697463|2
10009697464|2
10009697537|5
10009697614|9
10009697648|5
10009697662|8
10009697664|5
10009697665|5
10009697670|4
10009697674|0
10009697676|8
10009697679|7
10009697680|1
10009697690|1
10009697695|1
10009697698|1
10009697726|0
10009697731|1
10009697737|4
10009697744|7
10009697747|2
10009697752|3
10009697757|3
10009697760|4
10009697765|1
10009697767|9
10009697773|5
10009697780|8
10009697865|9
10009697870|5
10009697874|8
10009697895|5
10009698081|5
10009698084|8
10009698086|2
10009698092|9
10009698097|8
10009698099|5
10009698122|1
10009698129|0
10009698134|7
10009698136|3
10009698146|6
10009698168|5
10009698169|7
10009698173|1
10009698174|7
10009698205|4
10009698206|4
10009698207|9
10009698208|4
10009698212|5
10009698213|0
10009698214|7
10009698215|7
10009699316|9
10009699317|2
10009699318|4
10009699319|5
10009699329|3
10009699400|7
10009699403|7
10009699412|8
10009699419|9
10009699420|7
10009699421|4
10009699436|2
10009699440|5
10009699443|3
10009699444|4
10009699446|9
10009699451|9
10009699454|2
10009699461|7
10009699464|5
10009699465|8
10009699491|5
10009699495|6
10009699508|1
10009699511|3
10009699547|6
10009699612|8
10009699678|9
10009699681|1
10009699686|0
10009699689|3
10009699715|2
10009699719|9
10009699734|3
10009699738|4
10009699747|9
10009699749|6
10009699756|1
10009699804|8
10009699808|4
10009699814|1
10009699968|9
10009699969|3
10009699970|6
10009699980|7
10009699981|2
10009699982|2
10009699983|5
10009700204|9
10009700205|9
10009700206|5
10009700207|1
10009700208|8
10009700209|0
10009700210|7
10009700328|5
10009700643|4
10009700646|5
10009701610|8
10009701613|5
10009701639|8
10009701642|9
10009701644|8
10009701646|7
10009701649|6
10009701651|3
10009701654|6
10009701665|9
10009701671|9
10009701672|5
10009701673|6
10009702012|7
10009702013|1
10009702015|1
10009702190|0
10009702234|8
10009702296|7
10009702298|7
10009702300|6
10009702304|4
10009702306|7
10009702316|2
10009702317|5
10009702321|9
10009702322|6
10009702416|7
10009702444|2
10009702475|1
10009702552|5
10009702610|3
10009702859|4
10009702860|3
10009702861|0
10009702862|8
10009702871|0
10009702886|9
10009702887|9
10009702893|4
10009702920|9
10009702928|6
10009702932|9
10009702943|6
10009702952|3
10009702993|6
10009702995|7
10009702997|6
10009703000|2
10009703006|8
10009703016|1
10009703017|8
10009703019|8
10009703020|8
10009703021|8
10009703022|2
10009703023|0
10009703033|1
10009703037|6
10009703040|8
10009703060|5
10009703082|5
10009703092|0
10009703095|5
10009703105|2
10009703108|2
10009703113|5
10009703154|2
10009703171|4
10009703185|8
10009703188|2
10009703192|5
10009703235|3
10009703238|7
10009703260|7
10009703266|9
10009703335|6
10009703406|7
10009703529|4
10009703646|0
10009703650|9
10009703681|7
10009703684|3
10009703735|1
10009703762|8
10009703768|3
10009703770|4
10009703771|6
10009703774|8
10009703775|3
10009703779|4
10009703785|2
10009703794|4
10009703828|8
10009704003|1
10009704049|5
10009704219|5
10009704253|2
10009704275|8
10009704276|3
10009704282|0
10009704283|2
10009704308|2
10009704411|8
10009704426|4
10009704433|0
10009704442|2
10009704446|4
10009704481|5
10009704590|5
10009704592|2
10009704620|2
10009704629|8
10009704636|5
10009704664|7
10009704897|4
10009704898|7
10009704948|8
10009704950|4
10009705069|7
10009705071|1
10009705141|7
10009705287|7
10009705288|6
10009705330|8
10009705336|3
10009705344|1
10009705417|4
10009705418|7
10009705426|7
10009706144|1
10009706149|2
10009706172|5
10009706175|1
10009706182|4
10009706184|3
10009706185|9
10009706234|3
10009706265|8
10009706380|9
10009706446|9
10009706532|5
10009706534|5
10009706554|9
10009706755|2
10009706756|3
10009706757|7
10009706758|2
10009706760|6
10009706761|3
10009706762|2
10009706763|6
10009706764|6
10009706765|5
10009706766|4
10009706767|7
10009706768|1
10009706769|0
10009706770|3
10009706771|0
10009706772|9
10009706773|9
10009706774|6
10009706775|4
10009706776|3
10009706778|4
10009706779|9
10009706780|1
10009706781|6
10009706782|9
10009706783|2
10009706784|6
10009706785|7
10009706786|3
10009706787|8
10009706788|7
10009706789|9
10009706858|5
10009706862|3
10009707268|1
10009707461|3
10009707462|9
10009707463|6
10009707464|4
10009707465|2
10009707466|8
10009707467|3
10009707468|8
10009707469|9
10009707470|7
10009707471|3
10009707472|7
10009707473|5
10009707474|7
10009707475|4
10009707476|6
10009707477|5
10009707478|0
10009707479|7
10009707480|6
10009707481|3
10009707482|6
10009707483|4
10009707484|5
10009707486|5
10009707512|1
10009707517|0
10009707519|2
10009707530|6
10009707531|2
10009707532|0
10009707533|7
10009707534|3
10009707535|8
10009707536|1
10009707537|2
10009707539|6
10009707541|6
10009707542|1
10009707544|0
10009707546|5
10009707548|9
10009707551|1
10009707553|7
10009707554|6
10009707562|9
10009707563|7
10009707564|9
10009707565|4
10009707566|3
10009707568|8
10009707569|7
10009707570|9
10009707571|7
10009707668|9
10009707672|3
10009707677|7
10009707682|6
10009707692|2
10009707693|9
10009708001|0
10009708019|6
10009708029|1
10009708125|5
10009708127|0
10009708134|6
10009708295|2
10009708389|8
10009708471|8
10009708476|6
10009708477|5
10009708508|9
10009708693|0
10009708696|5
10009708703|2
10009708709|8
10009708944|1
10009708961|0
10009709090|7
10009709091|5
10009709092|6
10009709158|7
10009709187|2
10009709395|4
10009709916|0
10009709943|1
10009709945|7
10009710018|2
10009710039|1
10009710041|5
10009710045|7
10009710046|8
10009710231|6
10009710237|3
10009710526|1
10009710606|2
10009710618|4
10009710819|2
10009710850|9
10009710852|6
10009710854|8
10009710855|9
10009711200|6
10009711326|4
10009711368|1
10009711369|5
10009711371|2
10009711374|3
10009711375|4
10009711383|4
10009711391|1
10009711650|1
10009711651|1
10009711652|2
10009711653|5
10009711654|5
10009711655|8
10009711656|7
10009711657|8
10009711658|8
10009711659|5
10009711669|5
10009711682|2
10009711684|1
10009711717|7
10009711719|2
10009711729|2
10009711734|6
10009711737|1
10009711741|2
10009711742|2
10009711757|9
10009711761|0
10009711765|8
10009711768|8
10009711773|2
10009711782|8
10009711903|7
10009711904|1
10009711905|8
10009711907|8
10009711909|4
10009711910|0
10009711912|2
10009711913|7
10009711984|3
10009712040|1
10009712204|5
10009712209|2
10009712210|7
10009712211|8
10009712212|7
10009712213|6
10009712331|0
10009712332|3
10009712333|5
10009712334|2
10009712335|7
10009712336|5
10009712338|9
10009712339|0
10009712340|9
10009712386|6
10009712388|7
10009712393|6
10009712394|8
10009712397|6
10009712406|8
10009712409|7
10009712421|0
10009712424|9
10009712425|0
10009712445|2
10009712447|1
10009712450|8
10009712452|2
10009712457|2
10009712460|5
10009712464|7
10009712477|7
10009712482|7
10009712485|5
10009712507|3
10009712517|0
10009712531|1
10009712551|0
10009712617|6
10009712625|6
10009712626|2
10009712628|0
10009712634|3
10009712651|0
10009712654|3
10009712668|4
10009712701|0
10009712857|7
10009712858|2
10009712859|0
10009712935|3
10009712936|2
10009712937|2
10009713036|0
10009713078|7
10009713082|2
10009713084|6
10009713097|1
10009713103|7
10009713110|9
10009713113|4
10009713124|1
10009713189|4
10009713194|4
10009713202|6
10009713203|2
10009713208|9
10009713217|8
10009713242|3
10009713243|1
10009713290|2
10009713291|1
10009713299|6
10009713327|7
10009713334|4
10009713338|8
10009713342|5
10009713349|1
10009713359|7
10009713363|0
10009713367|9
10009713369|5
10009713373|9
10009713377|1
10009713383|2
10009713392|7
10009713482|3
10009713484|6
10009713488|4
10009713490|6
10009713714|8
10009713715|2
10009713721|9
10009713729|4
10009713735|0
10009713741|1
10009713743|9
10009713745|0
10009713759|2
10009713760|3
10009713766|3
10009713767|2
10009713770|6
10009713773|3
10009713777|2
10009713824|3
10009713855|2
10009713863|8
10009713868|1
10009713890|0
10009713909|6
10009713911|6
10009713912|7
10009713922|3
10009713953|2
10009713963|2
10009713985|4
10009714011|3
10009714126|5
10009714279|7
10009714281|5
10009714282|3
10009714284|5
10009714285|8
10009714299|6
10009714334|5
10009714337|4
10009714356|0
10009714359|2
10009714363|5
10009714370|2
10009714375|1
10009714377|7
10009714393|6
10009714395|7
10009714413|7
10009714425|4
10009714434|4
10009714447|8
10009714474|9
10009714529|8
10009714812|1
10009714998|4
10009715000|7
10009715001|7
10009715002|1
10009715005|6
10009715006|7
10009715007|8
10009715009|1
10009715010|4
10009715011|5
10009715023|1
10009715034|3
10009715061|7
10009715075|7
10009715081|5
10009715092|5
10009715115|3
10009715122|0
10009715124|5
10009715249|5
10009715252|8
10009715275|4
10009715278|6
10009715327|2
10009715328|8
10009715330|6
10009715467|0
10009715488|7
10009715491|6
10009715499|6
10009715501|7
10009715506|8
10009715507|4
10009715724|0
10009715726|3
10009715728|1
10009715731|2
10009715740|3
10009715743|2
10009715748|2
10009715751|8
10009715798|1
10009715813|9
10009715816|2
10009715818|3
10009715823|8
10009715824|1
10009715854|2
10009715982|4
10009715988|6
10009716231|1
10009716232|5
10009716233|4
10009716255|0
10009716301|3
10009716765|4
10009716768|5
10009716772|1
10009716831|1
10009716836|2
10009717080|9
10009717085|5
10009717106|8
10009717112|3
10009717131|1
10009717228|5
10009717234|9
10009717256|4
10009717372|2
10009717374|9
10009717377|9
10009717379|0
10009717381|7
10009717404|8
10009717647|9
10009717695|1
10009717700|8
10009717701|5
10009717705|4
10009717709|9
10009717714|3
10009717718|3
10009717725|8
10009717737|4
10009717786|3
10009717799|9
10009717804|5
10009717872|9
10009717882|0
10009717884|0
10009717888|4
10009718113|4
10009718229|7
10009718282|3
10009718376|4
10009718403|6
10009718406|8
10009718414|0
10009718587|3
10009718636|4
10009718639|4
10009718640|5
10009718641|5
10009718642|1
10009718643|6
10009718825|1
10009718829|7
10009718831|9
10009718837|0
10009718842|4
10009718878|6
10009718897|3
10009718921|3
10009718923|3
10009718933|7
10009718936|6
10009718938|8
10009718943|7
10009718945|3
10009718949|8
10009719012|7
10009719045|2
10009719151|5
10009719220|7
10009719221|5
10009719269|5
10009719478|3
10009719551|2
10009719556|9
10009719561|1
10009719569|5
10009719572|7
10009719582|1
10009719585|2
10009719601|9
10009719605|4
10009719619|7
10009719627|5
10009719631|2
10009719633|9
10009719691|8
10009719695|0
10009719701|6
10009719722|2
10009719735|5
10009719883|0
10009719884|5
10009719885|2
10009719892|1
10009719894|5
10009719895|1
10009719896|2
10009719897|1
10009719898|1
10009719907|9
10009719908|1
10009719911|3
10009719912|8
10009719914|4
10009719932|2
10009719958|3
10009719959|0
10009719960|8
10009720133|4
10009720501|9
10009720506|5
10009720511|5
10009720697|1
10009720699|2
10009720722|4
10009720731|0
10009720738|7
10009720743|8
10009720744|1
10009720745|0
10009720746|2
10009720751|5
10009720754|9
10009720757|0
10009720760|7
10009720761|2
10009720762|2
10009720764|6
10009720765|6
10009720766|9
10009720769|6
10009720770|4
10009720771|0
10009720772|3
10009720773|6
10009720774|2
10009720775|8
10009720776|0
10009720777|6
10009720778|5
10009720780|9
10009720782|7
10009720783|7
10009720813|2
10009720837|6
10009720838|3
10009720840|2
10009721033|9
10009721088|7
10009721090|4
10009721097|1
10009721100|5
10009721102|8
10009721104|8
10009721121|6
10009721125|2
10009721126|2
10009721127|5
10009721128|6
10009721232|6
10009721307|1
10009721310|3
10009721312|2
10009721314|8
10009721316|4
10009721318|6
10009721319|3
10009721321|0
10009721323|2
10009721325|9
10009721327|1
10009721328|2
10009721330|5
10009721334|7
10009721336|0
10009721339|0
10009721342|5
10009721343|2
10009721346|0
10009721355|4
10009721360|1
10009721362|6
10009721364|3
10009721367|3
10009721370|8
10009721377|4
10009721382|5
10009721384|0
10009721385|7
10009721387|2
10009721389|2
10009721391|3
10009721392|1
10009721393|7
10009721396|4
10009721429|9
10009721440|9
10009721444|1
10009721569|6
10009721758|7
10009721838|6
10009721840|3
10009721842|3
10009721847|6
10009721855|1
10009721864|4
10009721885|0
10009721912|8
10009721984|2
10009722007|0
10009722010|6
10009722027|2
10009722028|6
10009722099|1
10009722102|5
10009722103|5
10009722156|7
10009722231|4
10009722232|6
10009722233|9
10009722234|7
10009722389|1
10009722405|3
10009722409|3
10009722432|7
10009722435|6
10009722546|1
10009722624|7
10009722625|2
10009722626|2
10009722627|4
10009722631|2
10009722635|1
10009722636|2
10009722639|1
10009722643|1
10009722646|2
10009722647|1
10009722649|8
10009722651|7
10009722659|1
10009722660|9
10009722661|9
10009722662|5
10009722669|9
10009722670|5
10009722672|6
10009722677|4
10009722683|2
10009722686|6
10009722687|7
10009722689|4
10009722692|8
10009722693|9
10009722695|9
10009722696|0
10009722698|7
10009722700|4
10009722702|8
10009722704|6
10009722705|6
10009722706|5
10009722707|4
10009722708|5
10009722855|1
10009722856|2
10009722944|9
10009722947|6
10009722952|6
10009722954|0
10009722963|4
10009722964|1
10009722965|1
10009722966|5
10009722968|8
10009722969|2
10009722972|4
10009722974|4
10009722977|1
10009722981|5
10009722984|5
10009722986|4
10009722990|4
10009722993|4
10009723000|1
10009723004|0
10009723008|5
10009723012|1
10009723015|9
10009723017|9
10009723020|6
10009723022|5
10009723023|8
10009723025|6
10009723027|5
10009723028|3
10009723029|4
10009723031|2
10009723032|3
10009723033|6
10009723034|8
10009723138|9
10009723145|9
10009723148|9
10009723212|3
10009723219|4
10009723280|0
10009723312|6
10009723408|2
10009723410|2
10009723523|8
10009723609|6
10009723861|5
10009723879|1
10009724097|5
10009724100|0
10009724104|5
10009724110|9
10009724114|0
10009724118|6
10009724144|5
10009724146|4
10009724148|6
10009724159|5
10009724208|3
10009724209|0
10009724210|1
10009724212|8
10009724306|6
10009724308|5
10009724313|2
10009724317|9
10009724328|2
10009724330|1
10009724335|8
10009724337|0
10009724338|0
10009724339|6
10009724340|2
10009724341|5
10009724342|1
10009724343|4
10009724344|0
10009724345|7
10009724347|8
10009724348|8
10009724350|1
10009724352|2
10009724356|3
10009724357|2
10009724359|6
10009724360|1
10009724362|8
10009724414|2
10009724425|8
10009724427|8
10009724429|3
10009724430|5
10009724431|2
10009724432|3
10009724433|9
10009724434|8
10009724435|8
10009724437|3
10009724518|4
10009724522|7
10009724524|8
10009724526|8
10009724529|6
10009724608|9
10009724642|0
10009724677|1
10009724687|0
10009724690|2
10009724695|1
10009724791|9
10009724801|1
10009724815|0
10009724816|2
10009724817|8
10009724819|3
10009724826|3
10009724827|1
10009724873|6
10009724922|0
10009725013|2
10009725019|7
10009725094|5
10009725201|2
10009725305|7
10009725306|1
10009725335|8
10009725352|3
10009725458|1
10009725480|1
10009725483|1
10009725528|4
10009725619|9
10009725622|3
10009725709|1
10009725748|8
10009725756|0
10009725826|3
10009725895|3
10009725978|1
10009726191|3
10009726193|5
10009726215|3
10009726242|3
10009726244|3
10009726247|7
10009726251|5
10009726258|8
10009726268|8
10009726273|7
10009726279|1
10009726284|3
10009726291|4
10009726297|0
10009726302|4
10009726329|1
10009726380|6
10009726394|9
10009726647|6
10009726802|8
10009726804|6
10009726808|6
10009726810|2
10009727051|4
10009727055|0
10009727063|4
10009727078|5
10009727080|8
10009727092|2
10009727097|8
10009727130|7
10009727132|9
10009727137|5
10009727147|4
10009727154|8
10009727161|0
10009727164|2
10009727169|5
10009727181|6
10009727195|8
10009727197|1
10009727217|5
10009727219|1
10009727225|6
10009727230|4
10009727232|6
10009727282|4
10009727284|7
10009727539|0
10009727566|8
10009727568|5
10009727575|3
10009727578|0
10009727579|2
10009727582|9
10009727586|4
10009727615|4
10009727627|7
10009727628|2
10009727631|9
10009727641|9
10009727648|6
10009727653|5
10009727654|6
10009727655|3
10009727661|9
10009727665|9
10009727667|3
10009727678|7
10009727724|0
10009727745|0
10009727763|2
10009727771|9
10009727859|6
10009727868|4
10009727910|9
10009728034|9
10009728182|2
10009728421|9
10009728473|9
10009728481|2
10009728484|6
10009728494|9
10009728502|0
10009728510|4
10009728519|4
10009728555|6
10009728649|0
10009728918|7
10009728973|4
10009728982|2
10009728983|4
10009728989|0
10009729020|8
10009729022|8
10009729068|4
10009729101|1
10009729107|1
10009729339|1
10009729343|9
10009729344|7
10009729346|3
10009729351|4
10009729352|9
10009729372|5
10009729417|8
10009729419|1
10009729471|4
10009729487|7
10009729491|0
10009729495|0
10009729501|2
10009729527|4
10009729529|9
10009729534|9
10009729535|4
10009729562|5
10009729602|2
10009729621|0
10009729699|3
10009729702|8
10009729705|5
10009729708|4
10009729709|2
10009729724|6
10009729743|4
10009729769|0
10009729919|7
10009729926|9
10009729946|3
10009729952|3
10009729961|1
10009730044|3
10009730052|6
10009730363|9
10009730390|2
10009730392|8
10009730395|5
10009730397|6
10009730441|6
10009730561|2
10009730716|1
10009730721|4
10009730755|5
10009730795|4
10009730828|3
10009730833|1
10009730838|5
10009730843|9
10009730911|2
10009731253|4
10009731258|6
10009731267|3
10009731289|7
10009731433|3
10009731440|0
10009731454|2
10009731459|4
10009731461|0
10009731471|3
10009731480|0
10009731481|1
10009731516|4
10009731522|6
10009731682|8
10009731953|6
10009732098|6
10009732103|5
10009732278|7
10009732380|1
10009732673|7
10009732814|0
10009732861|6
10009732864|5
10009732875|2
10009732972|9
10009732983|9
10009733077|6
10009733082|7
10009733103|3
10009733110|6
10009733132|2
10009733135|8
10009733137|3
10009733149|1
10009733275|5
10009733280|4
10009733281|9
10009733284|4
10009733288|2
10009733295|5
10009733298|2
10009733375|7
10009733387|9
10009733408|0
10009733409|3
10009733411|2
10009733418|1
10009733437|3
10009733440|5
10009733448|2
10009733457|9
10009733467|6
10009733469|1
10009733470|5
10009733471|8
10009733475|3
10009733497|4
10009733505|7
10009733572|9
10009733671|6
10009733674|3
10009733678|5
10009733679|1
10009733681|3
10009733682|8
10009733684|7
10009733785|4
10009733787|6
10009733788|8
10009733992|9
10009733998|8
10009734003|9
10009734004|3
10009734005|7
10009734006|4
10009734007|6
10009734010|4
10009734012|7
10009734014|4
10009734015|7
10009734021|3
10009734041|8
10009734060|7
10009734066|6
10009734069|2
10009734073|0
10009734097|2
10009734100|0
10009734124|5
10009734129|1
10009734176|3
10009734191|9
10009734196|1
10009734207|0
10009734210|2
10009734223|4
10009734254|9
10009734255|1
10009734294|9
10009734295|7
10009734297|4
10009734314|5
10009734378|7
10009734385|2
10009734404|5
10009734409|0
10009734496|9
10009734498|7
10009734554|6
10009734606|7
10009734613|1
10009734645|9
10009734676|9
10009734677|4
10009734679|3
10009734812|4
10009734815|7
10009734821|9
10009734822|7
10009734824|0
10009734825|8
10009734827|6
10009734837|9
10009734925|1
10009734928|2
10009734964|0
10009734966|4
10009734971|5
10009735003|0
10009735127|9
10009735128|8
10009735129|4
10009735130|4
10009735131|9
10009735132|0
10009735133|5
10009735185|3
10009735189|3
10009735195|7
10009735197|5
10009735199|0
10009735200|8
10009735201|2
10009735206|5
10009735208|3
10009735212|9
10009735213|0
10009735215|1
10009735216|7
10009735217|1
10009735218|1
10009735226|7
10009735228|9
10009735229|1
10009735234|1
10009735238|9
10009735250|1
10009735312|3
10009735313|6
10009735315|2
10009735327|4
10009735329|1
10009735330|0
10009735331|9
10009735332|2
10009735343|0
10009735360|7
10009735503|0
10009735826|1
10009735835|8
10009735941|9
10009736146|9
10009736151|9
10009736152|6
10009736156|5
10009736203|4
10009736499|2
10009736641|4
10009736660|3
10009736706|2
10009736710|0
10009736718|5
10009736726|9
10009736737|3
10009736738|3
10009736741|5
10009736773|5
10009736775|7
10009736779|7
10009736780|2
10009736785|1
10009736791|6
10009736807|5
10009736811|3
10009736906|1
10009737011|6
10009737214|2
10009737336|9
10009737337|1
10009737426|0
10009737469|3
10009737504|1
10009737505|9
10009737507|4
10009737581|9
10009737586|0
10009737589|7
10009737703|7
10009737721|0
10009737725|9
10009737731|2
10009737738|9
10009737745|3
10009737754|4
10009737907|1
10009737909|9
10009738148|9
10009738155|7
10009738163|7
10009738167|3
10009738187|7
10009738191|8
10009738199|9
10009738212|8
10009738224|8
10009738343|1
10009738369|7
10009738378|3
10009738390|5
10009738392|1
10009738762|7
10009738776|0
10009738781|3
10009738784|7
10009738818|0
10009738820|6
10009738822|0
10009738835|3
10009738871|0
10009738900|6
10009738902|8
10009738970|7
10009738999|5
10009739000|6
10009739001|1
10009739107|0
10009739330|6
10009739407|8
10009739524|1
10009739560|3
10009739594|9
10009739598|7
10009739619|7
10009739816|6
10009739819|7
10009739821|9
10009739823|8
10009739824|2
10009739825|3
10009739826|1
10009739969|7
10009739975|3
10009739979|8
10009739984|9
10009739990|2
10009739994|6
10009740022|4
10009740039|8
10009740069|5
10009740084|2
10009740252|6
10009740272|7
10009740279|8
10009740288|9
10009740328|5
10009740342|9
10009740405|8
10009740406|3
10009740419|0
10009740691|8
10009740694|0
10009740718|5
10009740743|2
10009740746|0
10009740749|2
10009740782|1
10009740783|8
10009740789|6
10009740792|6
10009740804|8
10009740809|8
10009740845|3
10009740882|0
10009740889|9
10009740892|8
10009740893|6
10009740897|8
10009740898|2
10009740899|0
10009741058|4
10009741059|8
10009741061|8
10009741062|9
10009741223|2
10009741228|3
10009741234|5
10009741237|8
10009741317|6
10009741318|1
10009741321|3
10009741348|1
10009741356|8
10009741361|0
10009741381|2
10009741388|0
10009741392|0
10009741394|4
10009741435|0
10009741467|8
10009741474|6
10009741482|3
10009741488|8
10009741584|8
10009741585|9
10009741594|9
10009741604|4
10009741618|3
10009741692|6
10009741693|3
10009742003|2
10009742090|9
10009742118|7
10009742153|9
10009742326|4
10009742330|5
10009742338|7
10009742340|3
10009742341|1
10009742391|9
10009742406|2
10009742463|8
10009742503|1
10009742634|1
10009742919|6
10009742920|8
10009743067|3
10009743199|1
10009743201|3
10009743570|5
10009743623|2
10009743701|1
10009743714|3
10009743801|7
10009743859|0
10009743930|1
10009744055|5
10009744062|1
10009744076|4
10009744097|4
10009744131|8
10009744135|5
10009744139|9
10009744446|0
10009744567|3
10009744568|1
10009744579|6
10009744580|0
10009744581|6
10009744583|9
10009744604|5
10009744635|3
10009744637|9
10009744642|6
10009744645|3
10009744715|7
10009744759|8
10009744772|4
10009744773|9
10009744774|6
10009744862|8
10009744864|8
10009744912|3
10009744914|3
10009745001|6
10009745056|7
10009745085|9
10009745088|4
10009745099|4
10009745115|5
10009745121|1
10009745129|3
10009745140|6
10009745153|5
10009745155|5
10009745166|0
10009745167|6
10009745176|0
10009745181|4
10009745186|3
10009745205|1
10009745253|5
10009745255|7
10009745263|4
10009745310|5
10009745312|5
10009745318|0
10009745327|8
10009745331|2
10009745346|2
10009745453|7
10009745488|0
10009745496|6
10009745499|4
10009745625|3
10009745659|1
10009745663|0
10009745665|8
10009745670|0
10009745707|2
10009745889|9
10009745897|0
10009745899|5
10009745910|3
10009745911|3
10009746010|8
10009746012|4
10009746019|7
10009746045|6
10009746055|7
10009746056|2
10009746102|0
10009746108|3
10009746110|3
10009746112|6
10009746113|7
10009746114|4
10009746115|2
10009746162|2
10009746163|0
10009746170|7
10009746179|9
10009746181|6
10009746182|9
10009746185|1
10009746193|6
10009746201|0
10009746299|7
10009746301|3
10009746304|2
10009746312|2
10009746317|7
10009746491|7
10009746496|2
10009746498|1
10009746533|5
10009746546|3
10009746566|1
10009746593|0
10009746619|6
10009746620|4
10009746621|6
10009746622|6
10009746782|9
10009746787|0
10009746789|9
10009746790|8
10009746793|7
10009746796|9
10009746923|9
10009746965|3
10009746971|4
10009746977|3
10009746978|6
10009746979|4
10009746983|1
10009746988|3
10009746989|4
10009746993|3
10009746995|1
10009746996|2
10009747189|2
10009747193|1
10009747210|9
10009747215|1
10009747262|7
10009747265|2
10009747269|2
10009747296|6
10009747303|0
10009747311|1
10009747315|2
10009747416|9
10009747431|4
10009747502|0
10009747660|1
10009747670|5
10009747673|7
10009747747|8
10009747842|4
10009747998|3
10009748272|4
10009748274|6
10009748276|8
10009748281|2
10009748283|2
10009748284|7
10009748285|7
10009748286|1
10009748287|4
10009748288|6
10009748289|5
10009748295|0
10009748373|9
10009748376|6
10009748377|3
10009748379|6
10009748382|4
10009748384|0
10009748385|2
10009748387|8
10009748388|6
10009748391|1
10009748616|3
10009748641|5
10009748690|4
10009748716|0
10009748721|8
10009748866|1
10009748867|6
10009748868|8
10009748872|3
10009748878|1
10009748885|2
10009748895|6
10009748924|8
10009749480|6
10009749537|9
10009749539|6
10009749559|0
10009749584|1
10009749586|0
10009749589|7
10009749591|6
10009749592|7
10009749594|7
10009749598|3
10009749602|5
10009749603|8
10009749604|9
10009749605|8
10009749606|7
10009749607|4
10009749615|8
10009749616|3
10009749618|8
10009749619|9
10009749620|1
10009749876|5
10009749970|7
10009750057|5
10009750070|9
10009750091|6
10009750105|4
10009750178|3
10009750180|2
10009750229|0
10009750232|8
10009750233|2
10009750234|6
10009750235|0
10009750236|1
10009750237|3
10009750238|5
10009750239|3
10009750240|0
10009750242|6
10009750243|5
10009750244|7
10009750245|1
10009750247|1
10009750248|0
10009750251|5
10009750253|6
10009750349|4
10009750368|3
10009750371|1
10009750385|0
10009750419|3
10009750424|7
10009750561|3
10009750843|7
10009750845|2
10009750846|5
10009750847|2
10009750849|8
10009750850|3
10009750851|4
10009750852|6
10009750854|9
10009750855|4
10009750858|7
10009750859|3
10009750860|7
10009750862|6
10009750863|2
10009750864|4
10009750866|4
10009750867|8
10009750868|0
10009750948|4
10009750949|4
10009750958|3
10009750959|2
10009751253|4
10009751265|1
10009751324|7
10009751341|4
10009751342|6
10009751387|9
10009751589|8
10009751609|2
10009751632|4
10009751920|8
10009751922|9
10009751923|3
10009751927|4
10009751945|0
10009752025|6
10009752694|0
10009753010|8
10009753014|4
10009753015|5
10009753017|7
10009753033|4
10009753035|7
10009753048|9
10009753070|5
10009753195|6
10009753196|5
10009753198|9
10009753202|2
10009753234|9
10009753236|6
10009753241|1
10009753249|9
10009753370|1
10009753723|6
10009753725|4
10009753736|4
10009753906|6
10009753915|0
10009753921|4
10009753931|4
10009753997|4
10009754026|5
10009754032|7
10009754037|1
10009754199|0
10009754309|0
10009754314|8
10009754506|3
10009754508|6
10009754512|4
10009754606|9
10009754673|4
10009754685|6
10009754699|0
10009754747|2
10009754791|6
10009754836|7
10009754882|1
10009754913|3
10009754919|1
10009754989|9
10009754991|4
10009754994|0
10009755004|5
10009755008|6
10009755010|4
10009755013|1
10009755035|8
10009755036|5
10009755152|6
10009755212|8
10009755213|3
10009755327|5
10009755329|0
10009755575|5
10009755585|5
10009755590|8
10009755595|8
10009755603|1
10009755624|1
10009755915|8
10009755988|3
10009756055|4
10009756103|4
10009756108|7
10009756306|7
10009756308|1
10009756312|5
10009756315|5
10009756320|9
10009756416|8
10009756417|7
10009756521|1
10009756548|0
10009756555|4
10009756725|7
10009756880|9
10009757053|0
10009757208|5
10009757290|7
10009757305|5
10009757352|9
10009757897|9
10009758297|2
10009758311|5
10009758312|1
10009758314|4
10009758876|6
10009758945|7
10009758946|6
10009758957|8
10009758959|4
10009758960|0
10009758961|0
10009758962|5
10009758963|3
10009758964|1
10009759155|3
10009759160|9
10009759592|6
10009759593|9
10009759595|8
10009759778|2
10009760049|1
10009760075|7
10009760076|2
10009760093|0
10009760181|1
10009760426|2
10009761855|7
10009761859|0
10009761910|3
10009761919|3
10009761921|9
10009761923|2
10009762250|0
10009762260|5
10009762432|4
10009762699|8
10009762715|3
10009762719|0
10009762720|0
10009762724|7
10009762727|7
10009762729|1
10009762731|4
10009762732|1
10009762734|6
10009762736|4
10009762739|9
10009763018|8
10009763122|0
10009763154|5
10009763178|4
10009763183|9
10009763214|4
10009763270|7
10009763274|0
10009763283|6
10009763325|6
10009763350|7
10009763434|9
10009763435|5
10009763436|0
10009763491|0
10009763492|9
10009763587|8
10009763610|6
10009763618|8
10009763644|1
10009763771|1
10009763773|1
10009763775|9
10009763810|1
10009763947|1
10009763984|7
10009763988|8
10009763996|7
10009764013|2
10009764025|3
10009764050|8
10009764547|0
10009764576|2
10009764820|5
10009764841|9
10009764852|8
10009765013|3
10009765045|2
10009765093|9
10009765094|8
10009765095|7
10009765098|1
10009765206|5
10009765248|8
10009765307|7
10009765335|6
10009765336|0
10009765338|7
10009765340|8
10009765341|6
10009765342|2
10009765431|1
10009765433|7
10009765563|1
10009765617|1
10009765734|3
10009765735|7
10009765742|1
10009765770|1
10009765772|9
10009765773|8
10009765854|5
10009765946|1
10009765956|5
10009765957|7
10009766159|4
10009766339|3
10009766351|2
10009766417|5
10009766442|5
10009766453|5
10009766945|6
10009767001|2
10009767004|4
10009767007|8
10009767008|8
10009767095|1
10009767096|4
10009767098|1
10009767099|7
10009767100|6
10009767101|1
10009767102|4
10009767103|8
10009767104|3
10009767107|2
10009767108|8
10009767109|6
10009767110|1
10009767111|1
10009767112|7
10009767113|9
10009767295|0
10009767320|8
10009767537|9
10009767546|7
10009768035|6
10009768095|1
10009768096|6
10009768099|7
10009768210|4
10009768211|0
10009768212|5
10009768243|3
10009768244|3
10009768245|5
10009768246|4
10009768248|6
10009768249|6
10009768250|6
10009768251|4
10009768276|0
10009768282|2
10009768283|5
10009768289|8
10009768359|6
10009768360|9
10009768363|3
10009768465|1
10009768647|9
10009768652|3
10009768839|3
10009768867|1
10009768868|3
10009769015|2
10009769402|8
10009769407|4
10009769408|8
10009769833|9
10009770143|4
10009770146|5
10009770871|6
10009771033|3
10009771083|7
10009771092|5
10009771143|9
10009771218|1
10009771242|9
10009771254|8
10009771256|4
10009771259|0
10009771286|3
10009771293|5
10009771296|5
10009771298|3
10009771301|8
10009771339|5
10009771340|9
10009771745|4
10009771870|5
10009771952|1
10009771953|1
10009771954|9
10009772238|0
10009772390|8
10009772394|4
10009772452|6
10009772457|0
10009772592|8
10009772844|2
10009772846|4
10009772852|2
10009773061|0
10009773414|9
10009773418|1
10009773843|3
10009773849|7
10009773859|7
10009773867|5
10009773876|2
10009773898|5
10009773937|8
10009775171|2
10009775192|3
10009775193|1
10009775477|5
10009775790|9
10009775796|1
10009775840|9
10009775864|4
10009775910|4
10009776245|0
10009776247|9
10009776250|8
10009776255|7
10009776308|8
10009776316|8
10009776320|2
10009776353|8
10009776376|9
10009776397|3
10009776490|3
10009776712|8
10009776713|4
10009776743|0
10009776744|8
10009777010|7
10009777026|1
10009777094|4
10009777102|2
10009777118|0
10009777152|8
10009777187|5
10009777217|1
10009777222|0
10009777282|0
10009777287|7
10009777336|8
10009777362|4
10009777579|5
10009777583|8
10009777631|9
10009777742|4
10009777784|8
10009777789|6
10009777819|5
10009777828|3
10009777832|5
10009778020|7
10009778021|1
10009778022|3
10009778281|9
10009778284|2
10009778287|3
10009778324|2
10009778330|4
10009778332|6
10009778338|5
10009778339|5
10009778344|0
10009778440|2
10009778463|0
10009778505|6
10009779012|6
10009779013|1
10009779039|3
10009779161|7
10009779163|6
10009779168|0
10009779185|9
10009779200|6
10009779234|3
10009779252|4
10009779261|2
10009779267|5
10009779277|7
10009779294|2
10009779409|2
10009779412|0
10009779868|9
10009779883|0
10009779917|8
10009780146|9
10009780253|6
10009780261|0
10009780277|5
10009780285|5
10009780304|3
10009781904|0
10009781938|1
10009781942|4
10009781944|8
10009781972|6
10009782064|2
10009782074|7
10009782148|9
10009782153|9
10009782196|4
10009782306|6
10009782444|4
10009782449|5
10009782516|2
10009782517|7
10009782633|2
10009782757|8
10009782878|6
10009783112|7
10009783131|7
10009783300|5
10009783307|7
10009783478|4
10009783500|8
10009783510|8
10009783514|1
10009783523|5
10009783608|2
10009783672|5
10009783773|5
10009783781|6
10009783783|0
10009783790|5
10009783800|5
10009783801|1
10009783811|4
10009783875|9
10009783879|3
10009784651|2
10009784661|0
10009784671|3
10009784734|4
10009784939|2
10009784943|6
10009785319|4
10009785441|2
10009785443|2
10009785449|7
10009785453|8
10009785458|6
10009785464|0
10009785479|6
10009785490|2
10009785508|9
10009785667|0
10009785767|6
10009785768|4
10009785885|0
10009786090|9
10009786099|1
10009786105|2
10009786109|2
10009786116|7
10009786122|7
10009786127|9
10009786133|7
10009786149|9
10009786182|3
10009786469|1
10009786691|9
10009786692|9
10009786693|2
10009786694|0
10009786695|5
10009786697|8
10009786698|1
10009786945|4
10009787227|5
10009787232|1
10009787343|5
10009787515|9
10009787961|8
10009787964|7
10009787975|0
10009787976|7
10009787985|6
10009787991|5
10009788103|1
10009788456|8
10009788463|8
10009788513|2
10009788515|9
10009788554|1
10009788959|9
10009789022|8
10009789023|0
10009789028|8
10009789029|0
10009789144|6
10009789427|2
10009789467|2
10009789468|6
10009789470|0
10009789474|6
10009789476|6
10009789481|5
10009789535|5
10009789719|7
10009789720|2
10009790033|8
10009790236|2
10009791020|1
10009791159|8
10009791653|5
10009791655|3
10009791656|3
10009791657|7
10009791664|9
10009791672|8
10009791676|8
10009791677|1
10009791684|5
10009791688|3
10009791691|3
10009791694|4
10009791698|7
10009791704|0
10009792047|6
10009792101|6
10009792102|3
10009792104|0
10009792188|9
10009792236|9
10009792518|6
10009792560|8
10009792634|8
10009792987|7
10009793027|7
10010125917|1
10010126208|9
10010126343|3
10010126426|6
10010126439|4
10010126441|3
10010126442|1
10010126443|7
10010126868|3
10010126872|7
10010127210|7
10010127227|5
10010127244|8
10010127250|9
10010127252|7
10010128230|5
10010128236|5
10010128241|2
10010128247|9
10010128401|7
10010128413|9
10010128823|3
10010187164|4
10010187593|3
10010187639|9
10010188268|2
10010188270|9
10010188466|1
10010188571|9
10010188574|5
10010188623|2
10010188746|7
10010188747|1
10010188790|0
10010188791|7
10010188793|5
10010188794|6
10010188795|4
10010188797|1
10010188798|9
10010188799|8
10010189037|9
10010189068|9
10010189069|6
10010189070|1
10010189072|2
10010189073|4
10010189079|9
10010189868|8
10010189979|4
10010190012|5
10010190487|6
10010190655|8
10010190760|7
10010190864|9
10010190943|9
10010190946|7
10010190960|7
10010190985|2
10010190987|4
10010190997|1
10010190998|4
10010191000|6
10010191002|2
10010191003|5
10010191004|8
10010191007|7
10010191009|6
10010191017|3
10010191018|0
10010191019|7
10010191023|5
10010191024|6
10010191078|3
10010191090|9
10010191092|9
10010191093|1
10010191187|0
10010191210|3
10010191211|2
10010191224|0
10010191249|3
10010191295|2
10010191301|7
10010191313|1
10010191374|3
10010191383|0
10010191384|8
10010191387|8
10010191391|2
10010191394|1
10010191397|1
10010191401|8
10010191419|4
10010191427|7
10010191429|4
10010191431|3
10010191730|4
10010191904|8
10010191948|9
10010191962|2
10010191965|5
10010191970|2
10010192126|1
10010192351|3
10010192355|0
10010192359|1
10010192362|3
10010192364|5
10010192381|8
10010192382|7
10010192394|8
10010192410|1
10010192444|6
10010192754|5
10010192947|1
10010193085|9
10010193165|3
10010193200|2
10010193203|1
10010193767|6
10010193831|1
10010193839|9
10010193842|9
10010193844|4
10010193862|9
10010193994|3
10010193995|1
10010193998|4
10010194034|6
10010194035|0
10010194455|2
10010194458|5
10010194549|9
10010194755|1
10010194757|0
10010194763|0
10010195392|2
10010195432|2
10010195676|2
10010195680|2
10010195954|2
10010196021|2
10010196059|5
10010196237|1
10010196238|7
10010196458|4
10010196621|8
10010196659|5
10010196663|2
10010196669|9
10010196678|7
10010196689|8
10010196853|5
10010196939|6
10010196987|2
10010196995|7
10010197217|0
10010197232|0
10010197252|3
10010197412|9
10010197413|1
10010197621|8
10010197743|0
10010197770|1
10010197997|8
10010198002|3
10010198005|7
10010198010|8
10010198019|2
10010198097|1
10010198109|5
10010198147|9
10010198182|4
10010198237|6
10010198274|7
10010198667|3
10010198984|7
10010198985|0
10010198989|6
10010198991|9
10010198997|9
10010199006|0
10010199016|7
10000375321|7
10001327472|5
10001362988|1
10001366017|3
10001366022|3
10001376344|4
10001376830|4
10001388401|8
10001390154|6
10001390891|0
10001393273|4
10001394288|3
10001394554|1
10001394595|2
10001397506|8
10001397521|8
10001398593|5
10001398597|9
10001398598|8
10001400179|3
10001400284|8
10001403690|6
10001403992|7
10001403993|6
10001406737|9
10001409767|8
10001410091|3
10001410102|2
10001410103|1
10001410157|1
10001410827|4
10001412859|3
10001412868|7
10001413007|7
10001416262|8
10001418121|1
10001422678|1
10001422682|1
10001425212|3
10001427700|7
10001427705|6
10001427795|6
10001434813|6
10001439767|1
10001442378|7
10001444248|4
10001444253|1
10001444260|9
10001445594|8
10001445600|6
10001448426|5
10001450280|6
10001450317|6
10001450336|8
10001450604|8
10001450611|8
10001452240|8
10001452306|9
10001454685|1
10001454688|0
10001454691|8
10001454703|8
10001455092|5
10001456011|9
10001459145|5
10001459835|0
10001463718|5
10001463720|4
10001464078|7
10001464081|7
10001464093|2
10001465929|9
10001469741|3
10001469747|0
10001469748|6
10001469776|3
10001469778|5
10001469780|2
10001469783|3
10001469802|6
10001470841|2
10001470852|4
10001471200|0
10001474388|4
10001479303|0
10001483959|7
10001486686|5
10001487510|4
10001487513|6
10001487519|2
10001487746|1
10001488193|1
10001493274|9
10001493289|1
10001493401|7
10001499021|6
10001499023|2
10001499028|8
10001501699|7
10001501705|2
10001501706|1
10001502357|8
10001502661|4
10001502862|2
10001505092|6
10001507825|8
10001508714|1
10001510250|3
10001510270|2
10001510271|4
10001510429|1
10001513047|6
10001513090|1
10001513429|5
10001515193|2
10001518692|9
10001521727|8
10001522517|3
10001523147|0
10001523221|4
10001525803|2
10001527075|7
10001527435|9
10001528591|3
10001528609|2
10001528653|0
10001528664|0
10001528674|9
10001528880|4
10001528891|3
10001528897|4
10001528899|3
10001528914|7
10001528921|9
10001528922|1
10001528983|7
10001528991|9
10001531576|1
10001531929|5
10001533164|9
10001533166|2
10001533261|8
10001533268|1
10001533272|3
10001533280|2
10001533286|4
10001533294|6
10001534026|0
10001534031|2
10001535946|8
10001536956|6
10001537158|8
10001537160|9
10001537164|8
10001537203|6
10001537205|6
10001537208|1
10001537210|5
10001537249|1
10001537253|2
10001537543|2
10001538228|1
10001539572|7
10001541664|2
10001543160|5
10001544203|1
10001545129|8
10001545473|5
10001545477|8
10001545479|1
10001545481|6
10001546791|4
10001547623|3
10001549118|4
10001550772|1
10001550959|0
10001551043|0
10001551049|3
10001551199|4
10001551203|1
10001551209|2
10001551797|9
10001553016|0
10001553982|6
10001553991|1
10001558167|6
10001561758|9
10001561762|7
10001561765|9
10001561768|6
10001561778|2
10001561788|8
10001561792|0
10001565214|5
10001565226|9
10001565232|8
10001565287|0
10001565291|8
10001565300|6
10001565307|0
10001565309|8
10001567745|6
10001568227|4
10001568494|0
10001568508|2
10001568526|9
10001568535|7
10001568540|0
10001568563|8
10001570131|8
10001570133|2
10001570135|9
10001570138|6
10001570172|4
10001571305|0
10001571313|3
10001571319|0
10001573097|6
10001573223|6
10001577848|5
10001581509|4
10001581696|3
10001582622|0
10001582625|0
10001582628|2
10001582630|2
10001582639|5
10001582643|4
10001583761|5
10001583762|7
10001584279|6
10001585764|6
10001585766|0
10001586332|7
10001586336|8
10001586584|3
10001586589|7
10001586620|4
10001586628|6
10001587035|2
10001588944|6
10001588951|7
10001588952|8
10001589305|4
10001590679|8
10001592748|0
10001593758|0
10001594258|5
10001594525|1
10001594750|1
10001595672|2
10001597535|5
10001597841|1
10001598140|2
10001598166|0
10001598187|2
10001599095|1
10001599248|6
10001599289|4
10001599293|3
10001599298|9
10001599303|0
10001600071|4
10001601091|9
10001601100|9
10001601106|2
10001601113|3
10001601122|5
10001604815|2
10001605670|5
10001605681|0
10001605690|6
10001605707|1
10001605716|6
10001605985|7
10001606435|1
10001607432|5
10001608495|6
10001610942|1
10001611149|8
10001612045|2
10001612047|7
10001612058|2
10001612067|5
10001612071|8
10001612077|5
10001612086|9
10001612089|7
10001612098|3
10001612798|1
10001612891|5
10001612898|9
10001612906|9
10001613366|3
10001614240|7
10001614517|2
10001617260|6
10001617262|8
10001617287|1
10001617292|1
10001617298|5
10001617303|0
10001619178|3
10001619347|0
10001620845|9
10001622423|4
10001623216|1
10001623229|7
10001623234|4
10001623242|9
10001623251|1
10001623267|4
10001624903|9
10001624905|5
10001624907|2
10001626415|5
10001627030|1
10001627746|8
10001627754|7
10001628676|8
10001630186|0
10001630187|0
10001630190|9
10001630194|2
10001630197|3
10001630203|0
10001630352|3
10001630496|9
10001630501|1
10001630504|6
10001630509|8
10001630525|9
10001630531|5
10001630537|5
10001630542|7
10001630553|9
10001630567|8
10001630726|8
10001632215|8
10001632216|2
10001632218|6
10001632458|9
10001632875|8
10001632890|8
10001632958|7
10001633048|9
10001633188|3
10001634132|6
10001637905|5
10001639083|9
10001639086|1
10001639089|7
10001639099|3
10001639108|3
10001640372|3
10001640500|9
10001640941|4
10001644806|8
10001645352|9
10001646679|5
10001646743|2
10001646754|9
10001646767|5
10001646778|4
10001646793|7
10001646806|7
10001646834|5
10001648522|2
10001650470|6
10001650472|1
10001650680|9
10001652129|3
10001652853|0
10001653865|6
10001654046|1
10001655953|5
10001655957|3
10001655962|5
10001655965|6
10001655966|7
10001655971|9
10001655974|1
10001655979|9
10001655985|6
10001655993|5
10001656777|5
10001656781|0
10001656830|0
10001659045|1
10001659648|6
10001659655|3
10001659658|2
10001659707|7
10001659719|1
10001660994|8
10001661001|6
10001661005|5
10001661008|3
10001662083|0
10001663057|8
10001663834|1
10001665087|0
10001665358|4
10001666884|4
10001666889|4
10001668164|3
10001669831|5
10001670465|6
10001670471|6
10001672544|5
10001672552|5
10001674671|9
10001675129|9
10001677878|2
10001678656|4
10001678662|9
10001678667|4
10001678687|4
10001678691|0
10001678692|9
10001678695|8
10001678699|5
10001679471|5
10001680977|0
10001681014|4
10001683143|9
10001686028|8
10001687678|4
10001690363|2
10001690368|8
10001690372|3
10001691425|2
10001692005|2
10001692015|7
10001692023|4
10001692027|1
10001692032|2
10001692035|7
10001692036|9
10001692038|3
10001692046|0
10001692051|6
10001692253|1
10001692255|5
10001692302|6
10001692306|5
10001692307|3
10001692418|3
10001692421|0
10001692424|0
10001692427|1
10001692432|3
10001692436|1
10001692443|0
10001692464|6
10001692468|0
10001692469|1
10001692479|7
10001692494|2
10001692498|7
10001692501|3
10001692504|4
10001692505|0
10001692507|1
10001692509|4
10001692511|6
10001692512|9
10001692513|9
10001692514|3
10001692889|6
10001692950|9
10001692957|0
10001692972|4
10001692978|5
10001692985|0
10001695936|5
10001695996|0
10001696222|3
10001698285|6
10001699416|2
10001699430|3
10001699813|5
10001700021|1
10001700129|0
10001700605|1
10001700618|5
10001701512|2
10001701524|4
10001701534|3
10001701541|3
10001701553|8
10001701556|8
10001702829|3
10001702851|8
10001705431|3
10001706106|3
10001707135|3
10001707138|6
10001707141|9
10001707146|0
10001707148|2
10001707161|0
10001707163|7
10001707166|8
10001707169|4
10001707173|4
10001707338|3
10001708464|5
10001710848|4
10001710851|8
10001711219|9
10001713139|6
10001713831|5
10001713832|8
10001713833|8
10001713834|3
10001713836|7
10001713837|6
10001713838|4
10001713840|5
10001713855|0
10001713856|3
10001714497|3
10001714750|1
10001714879|7
10001717226|5
10001718044|2
10001718048|8
10001718053|7
10001718054|5
10001718057|1
10001718060|6
10001718063|7
10001718064|9
10001718068|6
10001718078|5
10001718080|0
10001718083|1
10001718084|1
10001718087|9
10001718090|6
10001718098|4
10001718112|1
10001718122|3
10001718127|3
10001718130|8
10001719206|2
10001721367|5
10001722305|5
10001723115|8
10001725781|8
10001725783|2
10001725785|1
10001726440|6
10001726443|5
10001726445|9
10001726461|9
10001726464|1
10001727247|6
10001728705|4
10001729242|8
10001730093|8
10001730292|1
10001730335|3
10001730498|9
10001730501|8
10001730503|5
10001730505|5
10001730509|1
10001730512|5
10001730515|3
10001730534|7
10001731264|7
10001731564|5
10001731648|0
10001731657|2
10001731661|8
10001731663|0
10001731668|6
10001731669|3
10001731670|9
10001731762|4
10001731789|5
10001732158|2
10001732955|6
10001732961|0
10001732992|3
10001732997|2
10001733005|7
10001733013|6
10001733021|8
10001733024|1
10001733026|2
10001733027|5
10001733029|8
10001733079|6
10001733088|9
10001733095|5
10001734002|1
10001734007|5
10001734648|3
10001734803|1
10001736987|5
10001737103|1
10001737135|0
10001739255|4
10001739258|2
10001739262|7
10001739264|2
10001739267|3
10001739271|5
10001739383|7
10001740364|3
10001740781|4
10001741061|7
10001741070|7
10001743269|2
10001743287|9
10001744844|1
10001745422|8
10001745431|4
10001746243|6
10001746710|3
10001746817|2
10001746821|8
10001747186|3
10001751914|6
10001751935|4
10001752138|0
10001753429|5
10001754346|9
10001754449|2
10001754744|2
10001756551|0
10001757836|3
10001759358|7
10001759790|3
10001760831|2
10001762180|8
10001763116|4
10001764059|8
10001765127|4
10001765249|0
10001766091|4
10001766095|4
10001766101|4
10001766109|0
10001766698|0
10001769947|5
10001770270|9
10001770496|8
10001770510|3
10001770518|5
10001770525|9
10001771663|7
10001773621|7
10001773624|1
10001773633|9
10001773635|1
10001773638|1
10001773641|9
10001773645|0
10001773646|4
10001773650|7
10001773652|9
10001773655|3
10001773656|2
10001773660|2
10001773663|7
10001773668|5
10001773672|7
10001773675|6
10001773685|3
10001773692|0
10001773695|3
10001773733|4
10001773736|7
10001773744|0
10001773755|7
10001773768|5
10001773774|9
10001773777|2
10001773781|0
10001773784|9
10001773785|5
10001773787|9
10001773790|3
10001773798|6
10001773801|6
10001773804|9
10001773809|1
10001773812|5
10001773816|8
10001773819|6
10001773826|9
10001773829|6
10001773833|1
10001773834|2
10001773838|6
10001773840|4
10001773841|0
10001773844|8
10001773846|4
10001773850|6
10001773851|7
10001773853|5
10001773855|4
10001773856|3
10001774184|7
10001774426|5
10001774775|9
10001774908|8
10001775717|3
10001775722|0
10001776379|3
10001776927|7
10001777831|1
10001777838|2
10001778872|6
10001780202|3
10001781984|1
10001781985|2
10001782277|9
10001782391|7
10001782392|5
10001784488|0
10001784492|5
10001784497|4
10001784501|9
10001784507|1
10001784513|8
10001784517|9
10001784521|2
10001784522|6
10001784524|7
10001784525|1
10001784544|7
10001784552|2
10001784601|9
10001784606|9
10001784610|7
10001784944|8
10001785502|7
10001787482|4
10001788559|4
10001789224|6
10001789241|5
10001790267|1
10001791360|6
10001791364|7
10001792415|6
10001792962|8
10001792968|2
10001792971|0
10001793171|9
10001796110|0
10001796115|3
10001796130|5
10001796138|4
10001796148|4
10001796269|6
10001796270|7
10001798374|5
10001798940|6
10001801347|4
10001801584|2
10001801743|3
10001803422|1
10001806821|9
10001806852|4
10001806879|4
10001806889|7
10001806975|1
10001806986|6
10001806995|9
10001808338|0
10001810237|7
10001813110|8
10001813942|5
10001813963|2
10001814624|3
10001815717|6
10001820154|5
10001825875|3
10001826357|3
10001828792|1
10001828797|2
10001829035|4
10001829989|1
10001830060|2
10001830076|8
10001830079|7
10001830083|0
10001830114|3
10001830128|7
10001830133|1
10001830137|1
10001830139|3
10001830140|9
10001830141|5
10001830143|4
10001830145|6
10001832271|4
10001832753|7
10001833321|5
10001835910|8
10001836375|2
10001838223|5
10001838228|4
10001847085|4
10001847095|6
10001848352|8
10001848469|9
10001852683|2
10001854304|1
10001854495|2
10001856229|3
10001856273|3
10001856386|7
10001857372|5
10001857414|8
10001857417|6
10001858297|9
10001858335|4
10001858343|2
10001858370|8
10001858400|0
10001858431|4
10001858794|5
10001864649|3
10001869610|8
10001869620|7
10001869636|6
10001869653|1
10001869674|7
10001869838|3
10001869881|4
10001869954|2
10001870205|4
10001870624|9
10001870699|3
10001870724|2
10001870751|8
10001870766|1
10001870885|0
10001871037|9
10001871057|5
10001871109|4
10001871121|8
10001871136|7
10001871156|0
10001871231|2
10001871292|5
10001871308|5
10001871327|5
10001871339|3
10001871355|9
10001871376|6
10001871423|6
10001871483|6
10001872494|7
10001880406|4
10001880475|6
10001882271|4
10001882302|3
10001884978|2
10001885000|8
10001888758|0
10001892494|5
10001896743|3
10001896789|7
10001896867|7
10001897249|0
10001897250|1
10001897252|6
10001897255|5
10001897260|7
10001900164|4
10001900181|4
10001900236|7
10001900613|6
10001900644|4
10001900663|6
10001900708|4
10001900792|8
10001900983|2
10001901409|8
10001901461|2
10001901479|3
10001901531|7
10001901948|7
10001903193|1
10001907204|2
10001907219|2
10001911665|7
10001912452|0
10001913183|1
10001916012|5
10001916057|3
10001916229|1
10001917832|4
10001919013|3
10001921562|5
10001922097|9
10001925276|3
10001926139|5
10001926164|7
10001928185|5
10001929320|3
10001930296|8
10001930558|3
10001930593|3
10001931160|5
10001941672|5
10001943016|6
10001943057|6
10001943063|5
10001943216|3
10001943242|2
10001943268|0
10001946828|9
10001953315|9
10001953394|7
10001953411|0
10001953436|6
10001955203|7
10001959131|9
10001959865|2
10001966242|0
10001966580|5
10001974955|9
10001979833|1
10001989034|5
10001989047|6
10001989149|3
10001989173|2
10001989255|6
10001989301|1
10001989321|4
10001989391|4
10001989411|6
10001989772|1
10001989786|4
10001989809|8
10001989829|3
10001989861|8
10001989884|4
10001990225|9
10001990450|1
10001991328|2
10001996435|4
10001996448|2
10001996472|7
10001996967|7
10001996988|3
10001999187|1
10002000261|1
10002002805|2
10002015586|0
10002023501|6
10002024411|2
10002024809|8
10002025355|5
10002025462|1
10002028600|1
10002037311|0
10002040129|1
10002040867|6
10002040882|6
10002040921|1
10002040932|4
10002044106|9
10002045707|2
10002046129|0
10002046370|1
10002046409|7
10002046442|7
10002046492|1
10002046580|1
10002047314|8
10002050317|6
10002051797|4
10002051826|7
10002052730|7
10002061003|1
10002074766|2
10002075165|6
10002077623|6
10002077650|0
10002077660|0
10002078400|8
10002079122|8
10002079727|2
10002079728|6
10002079732|5
10002080023|6
10002080026|9
10002080027|9
10002080028|3
10002098507|7
10002098516|9
10002099696|3
10002105621|7
10002113882|8
10002114759|6
10002115459|2
10002116876|4
10002117775|9
10002117885|3
10002117897|5
10002117914|1
10002117932|7
10002125281|2
10002126985|4
10002127042|7
10002130359|3
10002132575|4
10002132935|1
10002132965|3
10002132996|6
10002133492|7
10002133841|5
10002133846|6
10002133901|8
10002133913|1
10002133939|0
10002135757|3
10002137109|5
10002147904|4
10002147971|3
10002149400|0
10002153190|2
10002153202|4
10002153301|2
10002158723|7
10002164173|4
10002168024|7
10002168134|3
10002168530|3
10002168545|5
10002172580|5
10002173117|4
10002176812|8
10002176844|1
10002176872|5
10002176902|2
10002178810|7
10002179790|4
10002181176|2
10002181229|5
10002181653|8
10002181666|0
10002181700|7
10002181770|4
10002182118|4
10002182168|3
10002182221|8
10002182626|3
10002182899|6
10002182921|5
10002182937|4
10002182957|4
10002182992|5
10002183036|4
10002183056|4
10002184153|7
10002184345|3
10002185004|8
10002185021|2
10002185046|3
10002185323|2
10002185821|7
10002185841|7
10002185864|9
10002185892|8
10002186413|4
10002186569|5
10002188362|5
10002191469|4
10002191644|7
10002191672|8
10002191690|3
10002193215|0
10002193591|7
10002195533|8
10002195543|6
10002195552|8
10002195571|1
10002195578|5
10002195590|9
10002195621|1
10002204806|5
10002221252|0
10002221321|2
10002229138|8
10002230151|0
10002237680|7
10002240063|4
10002240085|2
10002240098|2
10002240108|7
10002240124|2
10002240160|3
10002240169|9
10002240178|9
10002240253|6
10002240283|7
10002240522|2
10002240535|8
10002240546|6
10002242377|5
10002244280|1
10002250309|0
10002254146|0
10002254170|8
10002254341|5
10002257157|8
10002257164|8
10002262311|3
10002262978|6
10002263024|0
10002263038|2
10002263201|7
10002263456|8
10002263519|1
10002263588|6
10002263660|0
10002263801|4
10002343877|2
10002346362|2
10002365355|7
10002365376|6
10002365416|1
10002365886|5
10002365901|9
10002366058|8
10002368208|8
10002374876|2
10002374880|5
10002380169|3
10002395990|0
10002396005|3
10002407058|3
10002409919|4
10002415262|8
10002418376|4
10002418416|7
10002418431|8
10002418695|4
10002421476|2
10002421478|4
10002422424|7
10002422451|0
10002423733|7
10002426472|3
10002433597|8
10002434213|5
10002434230|4
10002434922|8
10002442636|4
10002445349|6
10002446241|8
10002451616|3
10002451655|2
10002452801|5
10002452884|4
10002452971|6
10002453078|5
10002453119|9
10002453160|6
10002453243|9
10002453947|4
10002453971|1
10002453988|6
10002454077|7
10002454105|8
10002454124|7
10002454150|9
10002454176|5
10002454197|6
10002454213|3
10002454476|0
10002454509|2
10002454518|8
10002454526|9
10002454538|9
10002454545|7
10002454552|8
10002454558|0
10002454569|3
10002454580|4
10002454639|6
10002457857|4
10002457899|5
10002457914|0
10002457930|5
10002463081|6
10002469698|7
10002470557|4
10002474548|4
10002481732|1
10002482188|9
10002482575|0
10002485310|0
10002485348|6
10002486994|3
10002496040|0
10002496341|9
10002496429|7
10002496445|6
10002498118|7
10002499856|2
10002503952|1
10002506816|2
10002509985|4
10002512754|5
10002512785|1
10002512806|2
10002512830|0
10002512858|2
10002512874|7
10002512908|0
10002512973|7
10002512988|4
10002513009|2
10002513124|5
10002513161|8
10002513183|5
10002513199|7
10002513233|8
10002513249|7
10002514640|6
10002514706|5
10002518785|6
10002521565|3
10002521577|5
10002521612|5
10002525138|3
10002529196|5
10002530293|1
10002531453|4
10002532528|9
10002539994|2
10002545467|5
10002548458|2
10002555364|9
10002565055|5
10002567309|9
10002569934|5
10002569972|8
10002569999|1
10002570010|8
10002570026|9
10002570076|1
10002577755|5
10002579360|9
10002584432|2
10002586945|1
10002588825|4
10002597595|1
10002613459|8
10002619586|0
10002652269|7
10002653229|1
10002655263|9
10002656150|3
10002678328|3
10002678342|0
10002678600|4
10002678619|7
10002678642|6
10002678748|5
10002678781|5
10002679024|6
10002679042|3
10002679239|7
10002679267|9
10002679278|8
10002679310|9
10002679500|3
10002679573|9
10002685754|4
10002685901|1
10002685932|0
10002685954|4
10002686281|9
10002686333|9
10002686952|0
10002691964|1
10002708614|9
10002717539|4
10002719748|8
10002735388|2
10002736697|7
10002742564|9
10002743638|1
10002743652|7
10002743882|2
10002747674|3
10002777201|5
10002781427|7
10002781487|0
10002789893|9
10002801042|4
10002807773|8
10002809706|1
10002815928|5
10002817397|9
10002823511|2
10002842357|6
10002844620|4
10002873599|3
10002877991|6
10002889688|7
10002924297|8
10002930893|2
10002948872|7
10002951116|4
10002960399|3
10002998133|2
10003000766|2
10003002345|0
10003002363|4
10003002366|8
10003005045|4
10003011948|9
10003016761|9
10003020705|0
10003020819|4
10003023681|3
10003023721|3
10003023981|7
10003024909|6
10003027882|3
10003031147|0
10003042387|5
10003048182|7
10003052552|2
10003053878|9
10003056514|9
10003058709|0
10003073893|1
10003075153|1
10003075189|2
10003076029|7
10003081577|1
10003082415|1
10003083282|5
10003085151|5
10003086083|7
10003088763|2
10003089777|7
10003089790|5
10003089962|0
10003090636|0
10003090692|7
10003090849|6
10003090866|9
10003090873|1
10003097557|1
10003097567|8
10003102016|4
10003102206|5
10003102219|4
10003102222|5
10003102233|8
10003102261|0
10003102273|9
10003102281|6
10003102333|9
10003102511|1
10003102524|2
10003102536|7
10003102553|9
10003102562|0
10003102598|2
10003102625|7
10003103151|1
10003103178|1
10003103189|8
10003103210|6
10003108840|6
10003112115|9
10003113864|3
10003117778|8
10003117839|7
10003129579|6
10003129588|9
10003129624|6
10003133904|3
10003134772|3
10003136412|5
10003136419|2
10003139073|6
10003142205|9
10003144001|2
10003148104|1
10003161868|6
10003161877|6
10003163966|1
10003163981|4
10003165015|3
10003165100|4
10003165135|0
10003165146|7
10003165161|3
10003165174|2
10003165215|8
10003165240|7
10003165266|3
10003168348|8
10003171291|0
10003174920|2
10003174923|3
10003177844|3
10003177863|3
10003207316|5
10003207323|7
10003209000|5
10003211761|6
10003218640|0
10003218649|5
10003220890|6
10003220895|2
10003220900|9
10003220907|4
10003220912|1
10003220920|2
10003220925|3
10003220931|5
10003220938|7
10003220946|0
10003220957|9
10003222300|4
10003222914|8
10003226213|0
10003226219|2
10003226225|3
10003226227|5
10003226241|5
10003226249|1
10003231892|5
10003235302|7
10003235540|3
10003250266|1
10003259133|8
10003259937|7
10003266735|0
10003269243|6
10003269855|1
10003270089|9
10003271472|5
10003273410|2
10003273543|2
10003274101|1
10003274103|6
10003275261|1
10003275897|3
10003275991|9
10003276002|7
10003276014|6
10003276021|7
10003276386|7
10003281375|2
10003281946|7
10003283096|5
10003284493|8
10003284513|2
10003284654|9
10003284683|3
10003285457|1
10003285538|5
10003285541|5
10003285876|9
10003286303|4
10003287461|5
10003288343|3
10003289580|1
10003289596|9
10003289885|0
10003289916|6
10003289921|9
10003289937|0
10003289991|6
10003290000|8
10003290317|7
10003291088|8
10003291925|9
10003292635|2
10003292641|6
10003292860|5
10003294778|0
10003295588|2
10003297156|0
10003297301|1
10003297484|9
10003297541|8
10003298455|1
10003298527|1
10003298546|1
10003299325|7
10003300956|0
10003301026|3
10003301196|8
10003301367|7
10003305229|4
10003305885|4
10003306697|5
10003306841|7
10003309270|4
10003310830|2
10003311951|6
10003312015|3
10003313355|8
10003314186|2
10003314706|6
10003314707|2
10003315105|9
10003315329|2
10003315408|1
10003315421|3
10003315425|9
10003316684|8
10003316868|9
10003317950|4
10003318118|3
10003319921|3
10003320188|0
10003320770|7
10003321453|7
10003324288|4
10003326698|4
10003327765|2
10003328872|0
10003329072|7
10003329493|1
10003330345|1
10003330506|4
10003330519|5
10003330567|4
10003331151|7
10003331722|1
10003332973|3
10003332977|1
10003332979|9
10003332982|7
10003332983|6
10003332985|0
10003332987|0
10003332990|4
10003332998|2
10003333001|1
10003333002|9
10003333005|5
10003333007|0
10003333009|4
10003333031|7
10003333038|0
10003333510|3
10003335812|8
10003335861|5
10003335865|0
10003336322|5
10003336443|7
10003336448|0
10003337198|4
10003338016|5
10003342192|0
10003342199|0
10003342207|2
10003342217|3
10003342222|2
10003342233|7
10003342302|3
10003342321|2
10003342324|1
10003342327|1
10003342330|0
10003342333|0
10003342645|7
10003342649|5
10003342723|2
10003342739|3
10003345481|7
10003346225|1
10003347753|7
10003348158|3
10003349849|2
10003353134|2
10003354325|3
10003354573|9
10003355564|1
10003355858|9
10003355964|6
10003358034|6
10003358050|8
10003358160|4
10003358414|6
10003358419|0
10003358850|7
10003359522|4
10003360400|0
10003360404|1
10003360936|6
10003361004|4
10003362259|2
10003362261|7
10003365781|9
10003366503|4
10003366985|2
10003368217|2
10003368219|1
10003368221|2
10003368223|4
10003369854|5
10003370660|4
10003373400|7
10003373407|6
10003374928|2
10003375991|7
10003376609|1
10003378708|9
10003378864|6
10003379247|3
10003379254|5
10003379611|0
10003379613|4
10003379616|0
10003379819|3
10003379821|6
10003380588|0
10003383224|2
10003383571|3
10003383573|5
10003383578|6
10003385067|0
10003386941|4
10003387177|3
10003387239|0
10003388175|1
10003389077|3
10003389197|2
10003389661|1
10003390934|1
10003392597|3
10003393257|4
10003394351|2
10003394836|2
10003395290|2
10003396157|5
10003396250|9
10003396708|7
10003396738|4
10003397722|5
10003399536|5
10003400164|5
10003400414|3
10003401340|7
10003402312|7
10003403259|5
10003404136|9
10003404353|9
10003404356|4
10003405399|7
10003405972|4
10003406002|2
10003406006|8
10003407300|8
10003407383|2
10003407387|9
10003407521|6
10003408530|7
10003408870|3
10003409306|5
10003409971|4
10003411293|9
10003411675|5
10003411847|8
10003413137|4
10003414147|8
10003414338|4
10003415652|3
10003415882|2
10003415891|3
10003415927|6
10003415933|7
10003416934|6
10003417760|8
10003418013|0
10003418708|5
10003418715|3
10003420603|1
10003420604|3
10003422560|1
10003422680|5
10003423356|8
10003423372|4
10003424464|2
10003425061|7
10003426431|4
10003427692|2
10003428372|5
10003428398|4
10003429626|1
10003430346|7
10003431991|5
10003432828|3
10003432918|6
10003433613|4
10003433982|5
10003434857|6
10003435178|0
10003435299|2
10003435417|3
10003435800|9
10003435839|1
10003442506|9
10003443370|5
10003447296|6
10003447970|0
10003448312|0
10003449084|9
10003449122|3
10003449491|9
10003451151|1
10003451177|9
10003451999|9
10003453231|1
10003453528|3
10003454081|0
10003454153|0
10003454166|1
10003454178|8
10003454506|4
10003454898|0
10003454901|5
10003455062|1
10003456428|1
10003459663|8
10003460333|8
10003460450|2
10003461144|9
10003461383|4
10003462516|8
10003462580|7
10003464238|5
10003464396|7
10003465805|7
10003466177|1
10003466180|9
10003466183|4
10003466188|3
10003466419|3
10003466966|5
10003468435|6
10003470219|9
10003471628|5
10003472423|1
10003472436|2
10003472442|1
10003472811|2
10003472872|3
10003472958|6
10003473594|4
10003473996|8
10003474006|3
10003474027|6
10003475544|0
10003475830|8
10003476342|5
10003477122|6
10003477132|0
10003477133|9
10003477184|1
10003479420|1
10003479422|1
10003481904|2
10003483514|8
10003483524|6
10003483526|7
10003483561|3
10003483571|9
10003483583|7
10003483585|6
10003483592|7
10003483600|6
10003483609|7
10003483668|3
10003483694|5
10003484939|6
10003484944|1
10003485183|8
10003486270|8
10003486278|5
10003486688|0
10003487487|6
10003488074|2
10003488217|5
10003489507|1
10003491837|2
10003492020|6
10003492055|4
10003492101|7
10003492296|1
10003492304|3
10003495612|4
10003497052|2
10003497693|8
10003497902|0
10003497966|0
10003498121|8
10003500156|4
10003502474|7
10003503882|4
10003505284|9
10003506562|0
10003510932|2
10003511764|0
10003514536|5
10003515371|6
10003516714|8
10003517267|7
10003519359|5
10003519639|0
10003519883|0
10003520989|6
10003525511|8
10003526002|3
10003528054|9
10003529161|8
10003531642|6
10003531968|4
