57264|9
57264|10
57264|11
57264|12
57264|13
57264|14
57264|15
57264|16
57264|17
57264|18
57264|19
57264|20
57264|21
57264|22
57264|23
57264|24
57264|25
57264|26
57264|27
57264|28
57264|29
57264|30
57264|31
57264|32
57264|33
57264|34
57264|35
57264|36
57264|37
57264|38
57264|39
57264|40
57264|41
57264|42
57264|43
57264|44
57264|45
57264|46
57264|47
57264|48
57264|49
57264|50
57264|51
57264|52
57264|53
57264|54
57264|55
57264|56
57264|57
57264|58
57264|59
57264|60
57264|61
57264|62
57264|63
57264|64
57264|65
57264|66
57264|67
57264|68
57264|69
57264|70
57264|71
57264|72
57264|73
57264|74
57264|75
57264|76
57264|77
57264|78
57264|79
57264|80
58225|1
58225|2
58225|3
58225|4
58225|5
58225|6
58225|7
58225|8
58225|9
58225|10
58225|11
58225|12
58225|13
58225|14
58225|15
58225|41
75004|1
75004|2
75004|3
75004|4
75004|5
75004|6
75004|7
75004|8
75004|9
75004|10
75004|11
75004|12
74884|1
74884|2
74884|3
74884|4
74884|5
74884|6
74884|7
74884|8
74884|9
74884|10
74884|11
63416|18
63416|19
63416|20
63416|21
63416|22
63416|23
63416|24
63416|25
68175|0
68175|1
68175|2
68175|3
68175|4
68175|5
68175|6
68175|7
68175|8
68175|9
68175|10
68175|11
68175|12
68175|13
68175|14
68175|15
68175|16
68175|17
68175|18
68175|19
68175|20
68175|21
67560|19
67560|20
67560|21
67560|22
67560|23
67560|24
67560|25
67560|26
67560|27
67560|28
67560|29
67560|30
67560|31
67560|32
67560|33
67560|34
67560|35
67560|36
67560|37
67560|38
67560|39
68670|1
68670|2
68670|3
68670|4
68670|5
68670|6
68670|7
68670|8
68670|9
68670|10
68670|11
68670|12
68670|13
68670|14
68670|15
68670|16
70039|34
74884|12
74884|13
74884|14
74884|15
75394|1
75394|2
75394|3
75394|4
75394|5
75394|6
75394|7
75394|8
75394|9
75394|10
75394|11
70039|35
70039|36
70039|37
70039|38
70039|39
58225|16
58225|17
58225|18
58225|19
58225|20
58225|21
58225|22
58225|23
58225|24
58225|25
58225|26
58225|27
58225|28
58225|29
58225|30
58225|31
58225|32
58225|33
58225|34
58225|35
58225|36
58225|37
58225|38
58225|39
58225|40
58225|42
58225|43
58225|44
58225|45
58225|46
58225|47
58225|48
58225|49
58225|50
58225|51
58225|52
58225|53
58225|54
58225|55
58225|56
58225|57
58225|58
58225|59
58225|60
58225|61
58225|62
58225|63
58225|64
58225|65
58225|66
58225|67
58225|68
68175|55
58225|69
58225|70
58225|71
58225|72
58225|73
58225|74
58225|75
58225|76
58225|77
58225|78
58225|79
58225|80
58225|81
58225|82
58225|83
58225|84
58225|85
58225|86
58225|87
58225|88
58225|89
58225|90
58225|91
58225|92
58225|93
58225|94
58225|95
68175|56
58225|96
58225|97
58225|98
58225|99
58225|100
58225|101
58225|102
58225|103
58225|104
58225|105
58225|106
58225|107
58225|108
58225|109
58225|110
58225|111
58225|112
58225|113
58225|114
58225|115
58225|116
58225|117
58225|118
58225|119
58225|120
58225|121
58225|122
58225|123
58225|124
58225|125
58225|126
58225|127
58225|128
58225|129
58225|130
68175|22
68175|23
68175|125
58225|131
58225|132
58225|133
58225|134
58225|135
58225|136
58225|137
58225|138
58225|139
58225|140
58225|141
58225|142
58225|143
58225|144
58225|145
58225|146
58225|147
58225|148
58225|149
58225|150
58225|151
58225|152
58225|153
58225|154
58225|155
58225|156
58225|157
58225|158
58225|159
58225|160
58225|161
68175|54
58225|162
58225|163
58225|164
58225|165
58225|166
58225|167
58131|1
58131|3
58131|4
58131|5
58131|6
58131|7
58131|8
58131|9
58131|10
58131|11
58131|12
58131|13
58131|14
58131|15
58131|16
58131|17
58131|18
58131|19
58131|20
58131|21
58131|22
58131|23
58131|24
70039|40
68175|24
68175|25
68175|26
68175|27
68175|28
68175|29
68175|30
68175|31
68175|32
68175|33
68175|34
68175|35
68175|36
68175|37
68175|38
68175|39
68175|40
68175|41
68175|42
68175|43
68175|44
68175|45
68175|46
68175|47
68175|48
68175|49
68175|50
68175|51
68175|52
68175|53
68175|57
68175|58
68175|59
68175|60
68175|61
68175|62
68175|63
68175|64
68175|65
68175|66
68175|67
68175|68
68175|69
68175|70
68175|71
68175|72
68175|73
68175|74
68175|75
68175|76
68175|77
68175|78
68175|79
68175|80
68175|81
68175|82
68175|83
68175|84
68175|85
68175|86
68175|87
68175|88
68175|89
68175|90
68175|91
68175|92
68175|93
68175|94
68175|95
68175|96
68175|97
68175|98
68175|99
68175|100
68175|101
68175|102
68175|103
68175|104
68175|105
68175|106
68175|107
68175|108
68175|109
68175|110
68175|111
68175|112
68175|113
68175|114
68175|115
68175|116
68175|117
68175|118
68175|119
68175|120
68175|121
68175|122
68175|123
68175|124
68175|126
68175|127
68175|128
68175|129
68175|130
68175|131
68175|132
68175|133
68175|134
68175|135
68175|136
68175|137
68175|138
68175|139
68175|140
68175|141
68175|142
68175|143
68175|144
68175|145
68175|146
68175|147
68175|148
68175|149
68175|150
68175|151
68175|152
68175|153
68175|154
68175|155
68175|156
68175|157
68175|158
68175|159
68175|160
68175|161
68175|162
68175|163
68175|164
68175|165
68175|166
68175|167
68175|168
68175|169
68175|170
68175|171
68175|172
68175|173
68175|174
68325|1
68325|2
75394|12
75394|13
75394|14
75394|15
75394|16
80651|1
80651|2
80651|3
80651|4
80651|5
80651|6
80651|7
80651|8
80651|9
80651|10
80651|11
80651|12
80651|13
80651|14
80651|15
80651|16
80651|17
80651|18
80651|19
80651|20
80651|21
80651|22
80651|23
58131|25
58131|26
58131|27
58131|28
58131|29
58131|30
58131|31
58131|32
58131|33
58131|34
58131|35
58131|36
58131|37
58131|38
58131|39
58131|40
58131|41
58131|42
58131|43
58131|44
58131|45
58131|46
58131|47
58131|48
58131|49
58131|50
60226|1
60226|2
72046|15
80598|3
70039|1
70039|2
70039|3
70039|4
70039|5
70039|6
70039|7
70039|8
70039|9
70039|10
70039|11
70039|12
70039|13
70039|14
70039|15
70039|16
70039|17
70039|18
70039|19
70039|20
70039|21
70039|22
70039|23
70039|24
70039|25
70039|26
70039|27
70039|28
70039|29
70039|30
70039|31
70039|32
70039|33
70039|41
70039|42
70039|43
70039|44
70039|45
70039|46
70039|47
70039|48
70039|49
70039|50
70039|51
70039|52
70039|53
70039|54
70039|55
70039|56
70039|57
70039|58
70039|59
70039|60
70039|61
70039|62
70039|63
70039|64
70039|65
70039|66
70039|67
70039|68
70039|69
70039|70
80598|1
70039|71
70039|72
70039|73
70039|74
70039|75
70039|76
70039|77
70039|78
70039|79
70039|80
70039|81
70039|82
70039|83
70039|84
70039|85
70039|86
70039|87
70039|88
72046|1
72046|2
72046|3
72046|5
72046|6
72046|7
72046|8
72046|9
72046|10
72046|11
72046|12
72046|13
72046|14
68325|3
68325|4
68325|5
68420|1
68420|2
68420|3
68420|4
68420|5
68420|6
68420|7
68420|8
68420|9
68420|10
68420|11
68420|12
68420|13
68420|14
79679|1
79679|2
79679|3
79679|4
79679|5
79679|6
79679|7
79679|8
79679|9
60226|3
60226|4
60226|5
60226|6
60226|7
60226|8
60226|9
60226|10
60226|11
60226|12
60226|13
60873|1
65791|1
65791|2
65791|3
65791|4
65791|5
65791|6
79982|29
72046|16
72046|17
72046|18
72046|19
72046|20
74806|1
74806|2
74806|3
74806|4
74806|5
74806|6
74806|7
74806|8
74806|9
74806|10
74806|11
74806|12
74806|13
74806|14
74806|15
74806|16
74806|17
74806|18
74806|50
80598|4
80598|5
80598|6
80598|7
80598|8
80598|9
80598|10
80598|11
80598|12
80598|13
80598|14
80598|15
80598|16
80598|17
80598|18
80598|19
80598|20
80598|21
80598|22
80598|23
80598|24
90087|1
90087|2
90087|3
90087|4
90087|5
90087|6
90087|7
90087|8
90087|9
78720|4
65791|7
65791|8
65791|9
65791|10
65791|11
65791|12
65791|13
67193|1
67193|2
67193|3
67193|4
67193|5
67193|6
67193|7
67193|8
67193|9
67193|10
70072|1
70072|3
70072|4
70072|5
70072|6
72713|1
72713|2
72713|3
72713|4
74806|19
74806|20
74806|21
74806|22
74806|23
74806|24
74806|25
74806|26
74806|27
74806|28
74806|29
74806|30
74806|31
74806|32
74806|33
74806|34
74806|35
74806|36
74806|37
74806|38
74806|39
74806|40
74806|41
74806|42
74806|43
74806|44
74806|45
74806|46
74806|47
74806|48
74806|49
74806|78
74806|142
74806|51
74806|52
74806|53
74806|54
74806|55
74806|56
74806|57
74806|58
74806|59
74806|60
74806|61
74806|62
74806|63
74806|64
74806|65
74806|66
74806|67
74806|68
74806|69
74806|70
74806|71
74806|72
74806|73
74806|74
74806|75
74806|76
74806|77
74806|140
74806|79
74806|80
74806|81
74806|82
74806|83
74806|84
74806|85
74806|86
74806|87
74806|88
74806|89
74806|90
74806|91
74806|92
74806|93
74806|94
74806|95
74806|96
74806|97
74806|98
74806|99
74806|100
74806|101
74806|102
74806|103
74806|104
74806|105
74806|106
74806|141
79679|10
74806|107
74806|108
74806|109
74806|110
74806|111
74806|112
74806|113
74806|114
74806|115
74806|116
74806|117
74806|118
74806|119
74806|120
74806|121
74806|122
74806|123
74806|124
74806|125
74806|126
74806|127
74806|128
74806|129
74806|130
74806|131
74806|132
74806|133
74806|134
74806|135
74806|136
74806|137
74806|138
74806|139
74806|143
74806|144
74806|145
74806|146
74806|147
74806|148
74806|149
74806|150
74806|151
74806|152
74806|153
77863|1
77863|2
77863|3
77863|4
77863|5
77863|6
77863|7
77863|8
77863|9
77863|10
77863|11
77863|12
77863|13
77863|14
78720|1
79982|30
79679|11
79679|12
79679|13
79679|14
79679|15
79679|16
79679|17
79679|18
79679|19
79679|20
79679|21
79679|22
79679|23
79679|24
79679|25
79679|26
79679|27
79679|28
79679|29
79679|30
79679|31
79679|32
79679|33
79679|34
79679|35
79679|61
91776|3
79679|36
79679|37
79679|38
79679|39
79679|40
79679|41
79679|42
79679|43
79679|44
79679|45
79679|46
79679|47
79679|48
79679|49
79679|50
79679|51
79679|52
79679|53
79679|54
79679|55
79679|56
79679|57
79679|58
79679|59
79679|60
79679|86
79679|62
79679|63
79679|64
79679|65
79679|66
79679|67
79679|68
79679|69
79679|70
79679|71
79679|72
79679|73
79679|74
79679|75
79679|76
79679|77
79679|78
79679|79
79679|80
79679|81
79679|82
79679|83
79679|84
79679|85
79679|87
72713|5
79679|88
79679|89
79679|90
79679|91
79679|92
79679|93
79679|94
79679|95
79679|96
79679|97
79679|98
79679|99
79679|100
79679|101
79679|102
79679|103
79679|104
79679|105
79679|106
79679|107
79679|108
79679|109
79679|110
79679|111
79679|112
79679|113
79679|114
79679|115
79679|116
79679|117
79679|118
79982|26
79679|119
79679|120
79679|121
79679|122
79679|123
79679|124
79679|125
79679|126
79679|127
79679|128
79679|129
79679|130
79679|131
79679|132
79679|133
79679|134
79679|135
79679|136
79679|137
79679|138
79679|139
79679|140
79679|141
80316|1
90087|10
90087|11
90087|12
90087|13
90087|14
90087|15
90087|16
90087|17
90087|18
90087|19
90087|20
90087|21
90087|22
91263|1
91263|2
91263|3
91263|4
91263|5
91263|6
91263|7
91263|8
91263|9
91263|10
91263|11
91263|12
91263|13
91263|14
91776|1
91776|2
80316|2
80316|3
80316|4
80316|5
80316|6
80316|7
80316|8
80316|9
80316|10
80316|11
80316|12
80316|13
80316|14
80316|15
80316|16
80316|17
80316|18
80316|19
80316|20
80316|21
86628|1
86628|2
86628|3
86628|4
86628|5
78720|3
79982|27
86628|6
87639|1
87639|3
87639|4
87639|5
87639|6
87639|7
87639|8
87639|9
87639|10
87639|11
87639|12
87639|13
87639|14
87685|1
87685|2
87685|3
87685|4
87685|5
87685|6
87685|7
87685|8
87685|9
87685|10
87685|11
87685|12
78720|5
78720|6
78720|7
78720|8
78720|9
78720|10
78720|11
78720|12
78720|13
78720|14
78720|15
78720|16
78720|17
78720|18
78720|19
78720|20
78720|21
78720|22
78720|23
78720|24
78720|25
78720|26
78720|27
78720|28
78720|29
78720|30
78720|31
78720|32
78720|33
78720|34
78720|35
78720|36
78720|37
78720|38
78720|39
78720|40
78720|41
78720|42
79982|1
79982|2
79982|3
79982|4
79982|5
79982|6
79982|7
79982|8
79982|9
79982|10
79982|11
79982|12
79982|13
79982|14
79982|15
79982|16
79982|17
79982|18
79982|19
79982|20
79982|21
79982|22
79982|23
79982|24
79982|25
91776|4
91776|5
91776|6
91776|7
91776|8
91776|9
91776|10
91776|11
91776|12
91776|13
91776|14
91776|15
91776|16
91776|17
91776|18
91776|19
91776|20
92125|1
92125|2
92125|3
92125|4
92125|5
92125|6
92125|7
92125|8
92125|9
92125|10
92125|11
92125|12
87685|13
88280|35
72713|7
72713|8
72713|9
72713|10
72713|11
72713|12
72713|13
72713|14
72713|15
72713|16
72713|17
72713|18
72713|19
72713|20
72713|21
72713|22
72713|23
72713|24
72713|25
72713|26
72776|1
72776|2
72776|3
72776|4
72776|5
72776|6
72776|7
72776|8
73923|17
91574|11
79982|31
79982|32
79982|33
79982|34
79982|35
79982|36
79982|37
79982|38
79982|39
79982|40
79982|41
79982|42
79982|43
79982|44
79982|45
79982|46
79982|47
79982|48
79982|49
79982|50
79982|51
79982|52
82064|1
82064|2
82064|4
82064|5
82064|6
82064|7
82064|8
82064|9
82064|10
91574|12
92125|13
92125|14
92125|15
92125|16
92125|17
92125|18
92125|19
92125|20
92125|21
92125|22
92125|23
93820|1
93820|2
93820|3
93820|4
93820|5
93820|6
93820|7
93820|8
93820|9
93820|10
93820|11
93820|12
93820|13
93820|14
93820|15
93820|16
72776|9
72776|10
72776|11
72776|12
72776|13
72776|14
72776|15
72776|16
72776|17
72776|18
72776|19
72776|20
73923|1
73923|2
73923|3
73923|4
73923|5
73923|6
73923|7
73923|8
73923|9
73923|10
73923|11
73923|12
73923|13
73923|14
73923|15
73923|16
87685|14
87685|15
87685|16
87685|17
87685|18
87685|19
87685|20
87685|21
87685|22
87685|23
87685|24
87685|25
87995|1
87995|2
87995|3
87995|4
87995|5
87995|6
87995|7
87995|8
87995|9
87995|10
87995|11
87995|12
87995|13
87995|14
87995|15
94943|1
94943|2
89401|26
82064|11
82064|12
82064|13
82064|14
82064|15
82064|16
82064|17
82064|18
82064|19
82064|20
82064|21
86452|1
86452|3
86452|4
86452|5
86452|6
86452|7
86452|8
86452|9
86452|10
86452|11
86452|12
86452|13
86452|14
86452|15
88280|34
73923|18
73923|19
73923|20
73923|21
73923|22
73923|23
73923|24
77101|1
77101|2
77101|3
77101|4
77101|5
77101|6
77101|7
77101|8
77101|9
77101|10
77101|11
77101|12
77978|1
77978|2
87995|16
87995|17
87995|18
87995|19
88280|1
88280|2
88280|3
88280|4
88280|5
88280|6
88280|7
88280|8
88280|9
88280|10
88280|11
88280|12
88280|13
88280|14
88280|15
88280|16
88280|17
88280|18
88280|19
88280|20
88280|21
88280|22
88280|23
88280|24
88280|25
88280|26
88280|27
88280|28
88280|29
88280|30
88280|31
88280|32
88280|33
86452|16
86452|17
86452|18
88509|1
88509|2
88509|3
88509|4
88509|5
88509|6
88509|7
88509|8
88509|9
88509|10
88509|11
88509|12
88509|13
88509|14
88509|15
88509|16
88509|17
88509|18
88509|19
88509|20
88509|21
88509|22
88509|23
88509|24
88509|25
88509|26
88509|27
88509|28
88509|29
88509|30
88509|31
88509|32
88509|33
88509|34
88509|35
88509|36
88509|37
88509|38
88509|39
88509|40
88509|41
88509|42
88509|43
94943|3
94943|4
98262|1
98262|2
98262|3
98262|4
98262|5
98262|6
98262|7
98262|8
98262|9
98262|10
98262|11
98262|12
98262|13
98262|14
98262|15
98262|16
98262|17
98262|18
98262|19
98262|20
98262|21
98262|22
98262|23
98262|24
98262|25
98262|26
98262|27
98262|28
105175|1
105175|2
105175|3
105175|4
105175|5
105175|6
105175|7
82965|50
82965|51
88280|36
88280|37
88280|38
88280|39
88280|40
88280|41
89401|1
89401|2
89401|3
89401|4
89401|5
89401|6
89401|7
89401|8
89401|9
89401|10
89401|11
89401|12
89401|13
89401|14
89401|15
89401|16
89401|17
89401|18
89401|19
89401|20
89401|21
89401|22
89401|23
89401|24
89401|25
88509|44
88509|45
88509|46
88509|47
88509|48
88509|49
88509|50
88509|51
88509|52
88509|53
88509|54
90620|1
90620|2
90620|3
90620|4
90620|5
90620|6
90620|7
90620|8
90620|9
90620|10
90620|11
90620|12
90620|13
90620|14
90620|15
90620|16
90620|17
90620|18
90620|19
90620|20
90620|21
90620|22
90620|23
90620|24
79499|42
90620|25
90620|26
90620|27
90730|1
90730|2
90730|3
90730|4
90730|5
90730|6
90730|7
90730|8
90730|9
90730|10
90730|11
90730|12
90730|13
90730|14
90730|15
90730|16
90730|17
90730|18
90730|19
90730|20
90730|21
82965|52
77978|3
77978|5
77978|6
77978|7
77978|8
77978|9
77978|10
77978|11
77978|12
77978|13
77978|14
77978|15
77978|16
77978|17
77978|18
77978|19
77978|20
77978|21
77978|22
77978|23
77978|24
77978|25
77978|26
77978|27
77978|28
77978|29
77978|30
77978|31
77978|32
77978|33
77978|34
77978|35
77978|36
77978|37
77978|38
77978|39
77978|40
77978|41
77978|42
77978|43
77978|44
77978|45
77978|46
77978|47
77978|48
77978|49
77978|50
77978|51
79499|1
79499|2
79499|3
79499|72
89401|27
89401|28
89812|1
89812|2
89812|3
89812|4
89812|5
89812|6
89812|7
89812|8
89812|9
89812|10
89812|11
89812|12
89812|13
89812|14
89812|15
89812|16
89812|17
89812|18
89812|19
89812|20
89812|21
90986|21
105175|8
105175|9
105175|10
105175|11
105175|12
105175|13
105175|14
105175|15
105175|16
105175|17
105175|18
105175|19
105175|20
105175|21
105175|22
105175|23
105175|24
105175|25
105175|26
108495|1
108495|2
108495|3
108495|4
108495|5
108495|6
108495|7
108495|8
108495|9
108495|10
108495|11
108495|12
110195|1
110195|2
110195|3
110195|4
877|11
877|12
877|13
877|14
877|15
877|16
877|17
877|18
877|19
877|20
877|21
877|22
877|23
877|24
1542|1
1542|3
1542|4
1542|5
1542|6
1542|7
1542|8
1542|9
1542|10
1542|11
1542|12
1542|13
80092|52
80092|53
79499|4
79499|5
79499|6
79499|7
79499|8
79499|9
79499|10
79499|11
79499|12
79499|13
79499|14
79499|15
79499|16
79499|17
79499|18
79499|19
79499|20
79499|21
79499|22
79499|23
79499|24
79499|25
79499|26
79499|27
79499|28
79499|29
79499|30
79499|31
79499|32
79499|33
79499|34
79499|35
79499|36
79499|37
79499|38
79499|39
79499|40
79499|41
79499|43
79499|44
79499|45
79499|46
79499|47
79499|48
79499|49
79499|50
79499|51
79499|52
79499|53
79499|54
79499|55
79499|56
79499|57
79499|58
79499|59
79499|60
79499|61
79499|62
79499|63
79499|64
79499|65
79499|66
79499|67
79499|68
79499|69
79499|70
79499|71
79499|73
79499|74
79499|75
79499|76
79499|77
79499|78
79499|79
79499|80
79499|81
79499|82
79499|83
79499|84
79499|85
79499|86
79499|87
79499|88
79499|89
80092|1
80092|2
80092|3
80092|4
80092|5
80092|6
80092|7
80092|8
80092|9
80092|10
80092|11
80092|12
80092|13
80092|14
80092|54
82965|103
82965|104
90730|22
90730|23
90730|24
90730|25
90730|26
90730|27
90730|28
90730|29
90730|30
90730|31
90730|32
90730|33
90730|34
90730|35
90730|36
91572|1
91572|2
91572|3
91572|4
110195|5
82965|136
89812|22
90700|1
90700|2
90700|3
90700|4
90700|5
90700|6
90700|7
90700|8
90700|9
90700|10
90700|11
90700|12
90700|13
90700|14
90700|15
90700|16
90700|17
90700|18
90700|19
90700|20
90700|21
90700|22
90700|23
90700|24
90700|25
90700|26
90700|27
90700|28
90700|29
90700|30
90700|31
90700|32
90700|33
90700|34
90700|35
90700|36
92017|1
92017|3
119228|18
1542|14
1542|15
1542|16
1542|17
1542|18
1524|1
1524|2
1524|3
1524|4
1524|5
1524|6
1524|7
1524|8
1524|9
1524|10
1524|11
1524|12
1524|13
1524|14
1524|15
1524|16
1524|17
1524|18
2625|1
2625|2
2625|3
2625|4
3814|1
3814|2
3814|30
80092|15
80092|16
80092|17
80092|18
80092|19
80092|20
80092|21
80092|22
80092|23
80092|24
80092|25
80092|26
80092|27
80092|28
80092|29
80092|30
80092|31
80092|32
80092|33
80092|34
80092|35
80092|36
80092|37
80092|38
80092|39
80092|40
80092|41
80092|42
80092|43
80092|44
80092|45
80092|46
80092|47
80092|48
80092|49
80092|50
80092|51
82965|137
80092|55
80092|56
80092|57
80092|58
80092|59
80092|60
80092|61
80092|62
80092|63
80092|64
80092|65
80092|66
80092|67
80092|68
80092|69
80092|70
80092|71
80092|72
80092|73
80092|74
80092|75
80092|76
80092|77
80092|78
80092|79
80092|80
80092|81
80092|82
80092|83
80092|84
80092|85
80092|86
80092|87
80092|88
80092|89
80092|90
82965|1
82965|138
91572|5
91572|6
91572|7
91572|8
91572|9
91572|10
91572|11
91572|12
91572|13
91572|14
91572|15
91572|16
91572|17
91572|18
91574|1
91574|2
91574|3
91574|4
91574|5
91574|6
91574|7
91574|8
91574|9
91574|10
110195|6
110195|7
110195|8
110195|9
110195|10
110195|11
110195|12
110195|13
110195|14
113604|1
113604|2
113604|3
113604|4
113604|5
113604|6
113604|7
113604|8
113604|9
113604|10
113604|11
113604|12
113604|13
113604|14
113604|15
113604|16
113995|1
113995|3
113995|4
113995|5
33981|10
82965|2
82965|3
82965|4
82965|5
82965|6
82965|7
82965|9
82965|10
82965|11
82965|12
82965|13
82965|14
82965|15
82965|16
82965|17
82965|18
82965|19
82965|20
82965|139
82965|140
82965|21
82965|22
82965|23
82965|24
82965|25
82965|26
82965|27
82965|28
82965|29
82965|30
82965|31
82965|32
82965|33
82965|34
82965|35
82965|36
82965|37
82965|38
82965|39
82965|40
82965|41
82965|42
82965|43
82965|44
82965|45
82965|46
82965|47
82965|48
82965|49
82965|53
82965|54
82965|55
82965|56
82965|57
82965|58
82965|59
82965|60
82965|61
82965|62
82965|63
82965|64
82965|65
82965|66
82965|67
82965|68
82965|69
82965|70
82965|71
82965|72
82965|73
82965|74
82965|75
82965|76
82965|77
82965|78
91904|1
33981|11
82965|79
82965|80
82965|81
82965|82
82965|83
82965|84
82965|85
82965|86
82965|87
82965|88
82965|89
82965|90
82965|91
82965|92
82965|93
82965|94
82965|95
82965|96
82965|97
82965|98
82965|99
82965|100
82965|101
82965|102
82965|105
82965|106
82965|107
82965|108
82965|109
82965|110
82965|111
82965|112
82965|113
82965|114
82965|115
82965|116
82965|117
82965|118
82965|119
82965|120
82965|121
82965|122
82965|123
82965|124
82965|125
82965|126
82965|127
82965|128
82965|129
82965|130
82965|131
82965|132
82965|133
82965|134
82965|135
82965|141
82965|142
82965|143
82965|144
82965|145
82965|146
82965|147
82965|148
82965|149
82965|150
82965|151
84338|1
84338|2
84338|3
84338|4
84338|5
84338|6
86284|1
86284|3
86284|4
86284|5
86284|6
86284|7
3814|133
91904|2
91904|3
91904|4
91904|5
91904|6
97774|1
97774|2
97774|3
97774|4
97774|5
97774|6
97774|7
97774|8
97774|9
97774|10
97774|11
97774|12
97774|13
97774|14
97774|15
97774|16
97774|17
97774|18
97774|19
97774|20
97774|21
97774|22
97774|23
97774|24
97774|25
92017|4
92017|5
92017|6
92017|7
92017|8
92017|9
92017|10
92017|11
92017|12
92017|13
92017|14
92017|15
92017|16
92017|17
92017|18
92017|19
92017|20
94555|1
94555|2
94555|3
94555|4
94555|5
5858|5
5858|6
5858|7
5858|36
86284|8
86284|9
86284|10
86284|11
86284|12
86284|13
86284|14
86284|15
86284|16
86284|17
86284|18
86284|19
86284|20
86284|21
86284|22
88168|1
95126|1
95126|2
95126|3
95126|5
95126|6
95126|7
95126|8
95126|9
95126|10
95126|11
95126|12
95126|13
95126|14
95126|15
95126|16
95126|17
95126|18
95126|19
95126|20
96705|1
96705|2
96705|3
96705|4
96705|5
96705|6
119228|19
33981|53
3814|3
3814|4
3814|5
3814|6
3814|7
3814|8
3814|9
3814|10
3814|11
3814|12
3814|13
3814|14
3814|15
3814|16
3814|17
3814|18
3814|19
3814|20
3814|21
3814|22
3814|23
3814|24
3814|25
3814|26
3814|27
3814|28
3814|29
5858|37
3814|31
3814|32
3814|33
3814|34
3814|35
3814|36
3814|37
3814|38
3814|39
3814|40
3814|41
3814|42
3814|43
3814|44
3814|45
3814|46
3814|47
3814|48
3814|49
3814|50
3814|51
3814|52
3814|53
3814|54
3814|55
3814|56
3814|57
3814|58
3814|59
3814|60
3814|61
3814|62
3814|63
3814|64
3814|65
3814|66
3814|67
3814|68
3814|69
3814|70
3814|71
3814|72
3814|73
3814|74
3814|75
3814|76
3814|77
3814|78
3814|79
3814|80
3814|81
5858|8
3814|82
3814|83
3814|84
3814|85
3814|86
3814|87
3814|88
3814|89
3814|90
3814|91
3814|92
3814|93
3814|94
3814|95
3814|96
3814|97
3814|98
3814|99
3814|100
3814|101
3814|102
3814|103
3814|104
3814|105
3814|106
3814|107
3814|108
3814|109
3814|110
3814|111
3814|112
3814|113
3814|114
3814|115
3814|116
3814|117
3814|118
3814|119
3814|120
3814|121
3814|122
3814|123
3814|124
3814|125
3814|126
3814|127
3814|128
3814|129
3814|130
3814|131
3814|132
3814|134
3814|135
3814|136
3814|137
3814|138
3814|139
3814|140
3814|141
3814|142
3814|143
3814|144
3814|145
3814|146
3814|147
3814|148
3814|149
3814|150
3814|151
3814|152
3814|153
3814|154
3814|155
3814|156
3814|157
3814|158
3814|159
3814|160
3814|161
3814|162
3814|163
3814|164
3814|165
3814|166
3814|167
3814|168
5858|9
3814|169
3814|170
3814|171
3814|172
3814|173
3814|174
3814|175
3814|176
3814|177
3814|178
3814|179
3814|180
3814|181
3814|182
3814|183
3814|184
3814|185
3814|186
3814|187
3814|188
3814|189
5858|1
5858|2
5858|3
5858|4
33981|54
94555|6
94555|7
94555|8
94555|9
95427|1
95427|2
95427|3
95427|4
95427|5
95427|6
95427|7
95427|8
95427|9
95427|10
95427|11
95427|12
95427|13
95427|14
95427|15
95427|16
95427|17
95427|18
95427|19
96281|1
96281|3
5858|10
5858|11
5858|12
5858|13
5858|14
5858|15
5858|16
5858|17
5858|18
5858|19
5858|20
5858|21
5858|22
5858|23
5858|24
5858|25
5858|26
5858|27
5858|28
5858|29
5858|30
5858|31
5858|32
5858|33
5858|34
5858|35
5858|38
5858|39
5858|40
5858|41
5858|42
5858|43
5858|44
5858|45
5858|46
5858|47
5858|48
5858|49
5858|50
5858|51
5858|52
5858|53
5858|54
5858|55
5858|56
5858|57
5858|58
5858|59
5858|60
5858|61
5858|62
5858|63
5858|64
5858|65
5858|66
5858|67
100107|1
5858|68
5858|69
5858|70
5858|71
5858|72
5858|73
5858|74
5858|75
5858|76
5858|77
5858|78
5858|79
5858|80
5858|81
5858|82
5858|83
5858|84
5858|85
5858|86
5858|87
5858|88
5858|89
7873|1
7873|2
7873|3
7873|4
7873|5
7873|6
7873|7
116565|1
116565|2
116565|3
116565|4
116565|5
116565|6
116565|7
116565|8
116565|9
116565|10
116565|11
116565|12
116565|13
116565|14
116565|15
116565|16
116565|17
116565|18
116565|19
116565|20
116565|22
116565|23
116565|24
116565|25
116565|26
116565|27
116565|28
117116|1
117116|3
117116|4
117116|5
119228|16
100107|3
100107|4
100107|5
100107|6
100107|7
100107|8
100107|9
100107|10
100107|11
100107|12
100107|13
100107|14
100107|15
100107|16
100107|17
100107|18
100107|19
100107|20
102421|1
102421|2
102421|3
102421|4
102421|5
103985|5
7873|8
7873|9
7873|10
7873|11
7873|12
7873|13
7873|14
7873|15
7873|16
7873|17
7873|18
7873|19
7873|20
7873|21
7873|22
7873|23
7873|24
7873|25
7873|26
7873|27
7873|28
7873|29
7873|30
7873|31
7873|32
7873|33
7873|34
20586|1
20586|3
20586|4
20586|5
20586|6
20586|7
20586|8
119228|17
117116|6
117116|7
117116|8
117116|9
117116|10
117116|11
117116|12
117116|13
117116|14
117116|15
117116|16
117116|17
117116|18
117116|19
117116|20
117116|21
117116|22
117116|23
117116|24
117116|25
119228|1
119228|2
119228|3
119228|4
119228|5
119228|6
119228|7
119228|8
119228|9
119228|10
119228|11
119228|12
119228|13
119228|14
119228|15
96281|4
96281|5
96281|6
96281|7
99182|1
99182|3
99182|4
99182|5
99182|6
99182|7
99182|8
99182|9
99182|10
99182|11
99182|12
99182|13
99182|14
99182|15
99182|16
100387|1
100387|2
100387|3
100387|4
100387|5
100387|6
100387|7
100387|8
100387|9
102421|6
102421|7
102421|8
102421|9
102421|10
102421|11
102421|12
102421|13
102421|14
102421|15
102421|16
102421|17
102421|18
102421|19
103985|1
103985|2
103985|3
103985|4
20586|9
20586|10
20586|11
20586|12
32417|1
32417|3
32417|4
32417|5
32417|6
32417|7
32417|8
32417|9
32417|10
32417|11
32417|12
32417|13
32417|14
32417|15
32417|16
32417|17
32417|18
32417|19
32417|20
32417|21
32417|22
49325|2
96705|7
96705|8
96705|9
96705|10
96705|11
96705|12
96705|13
96705|14
96705|15
96705|16
98152|1
98152|2
98152|3
98152|4
98152|5
98152|6
98152|7
98152|8
98152|9
98152|10
98152|11
98152|12
98152|13
98152|14
98152|15
98152|16
98152|17
98152|18
98152|19
98152|20
100387|10
119150|72
119228|20
119228|21
119228|22
119228|23
119228|24
119228|25
119228|26
119228|27
119228|28
119228|29
119228|30
119228|31
119228|32
119228|33
119228|34
119228|35
119228|36
119228|37
119228|38
119228|39
119228|40
119228|41
119228|42
123383|1
123383|2
123383|3
123383|4
123383|5
123383|6
123383|7
123383|8
123383|9
123383|10
123383|11
103985|6
103985|7
103985|8
103985|9
103985|10
103985|11
103985|12
104026|1
104026|2
104026|3
104026|4
104026|5
104026|6
104026|7
104026|8
104026|9
104192|1
104192|2
104192|3
104192|4
104192|5
127911|21
127911|22
127911|23
127911|24
127911|25
98152|21
98152|22
98152|23
98152|24
98152|25
98152|26
98152|27
98152|28
98152|29
98152|30
105487|1
105487|3
105487|4
105487|5
105487|6
105487|7
105487|8
105487|9
106625|1
106625|2
106625|3
106625|4
106625|5
106625|6
106625|7
106625|8
106625|9
106625|10
106625|11
106625|12
106625|13
106625|14
106625|15
106625|16
106625|17
106625|18
106625|19
100387|11
100387|12
100387|13
100387|14
100387|15
100387|16
100387|17
100387|18
100387|19
100387|20
100387|21
100387|22
100387|23
100387|24
100387|25
100387|26
100387|27
102608|1
102608|2
102608|3
102608|4
105562|1
105562|3
105562|4
105562|5
105562|6
105562|7
105562|8
105562|9
105562|10
105562|11
105562|12
105562|13
105562|14
123383|12
123383|13
123383|14
123383|15
123383|16
123383|17
123383|18
123383|19
123383|20
123383|21
127911|1
127911|3
127911|5
127911|6
127911|7
127911|8
127911|9
127911|10
127911|11
127911|12
127911|13
127911|14
127911|15
127911|16
127911|17
127911|18
127911|19
127911|20
32488|1
32488|2
32488|3
32488|4
32488|5
32488|6
32488|7
32488|8
32488|9
32488|10
32488|11
32488|12
32488|13
32488|14
32488|15
32488|16
32488|17
32488|18
32488|19
32488|20
32488|21
33981|0
33981|1
33981|2
33981|3
33981|4
33981|5
33981|6
33981|7
33981|8
33981|9
104192|6
104192|7
104192|8
104192|9
104192|10
104192|11
104192|12
104192|13
115903|1
115903|2
115903|3
115903|4
115903|5
115903|6
115903|7
115903|8
115903|9
115903|10
120869|1
120869|2
127911|26
127911|27
127911|28
127911|29
127911|30
127911|31
127911|32
127911|33
127911|34
127911|35
127911|36
127911|37
127911|38
129538|1
129538|2
129538|3
129538|4
129538|5
129538|6
129538|7
129538|8
129538|9
129538|10
129538|11
107760|12
33981|12
33981|13
33981|14
33981|15
33981|16
33981|17
33981|18
33981|19
33981|20
33981|21
33981|22
33981|23
33981|24
33981|25
33981|26
33981|27
33981|28
33981|55
49325|1
33981|29
33981|30
33981|31
33981|32
33981|33
33981|34
33981|35
33981|36
33981|37
33981|38
33981|39
33981|40
33981|41
33981|42
33981|43
33981|44
33981|45
33981|46
33981|47
33981|48
33981|49
33981|50
33981|51
33981|52
106625|20
106625|21
106625|22
106625|23
106625|24
108193|1
108193|2
108193|3
108193|4
108193|5
108193|6
108193|7
108193|8
108193|9
108193|10
108193|11
108193|12
108193|13
108193|14
108193|15
108193|16
108193|17
108193|18
108193|19
108193|20
108193|21
108193|22
108193|23
113840|1
113840|2
113840|3
113840|4
113840|5
113840|6
119150|73
90986|22
105562|15
105562|16
105562|17
105562|18
105562|19
105562|20
105562|21
105562|22
105562|23
106817|1
106817|3
106817|4
106817|5
106817|6
106817|7
106817|8
106817|9
106817|10
106817|11
106817|12
106817|13
106817|14
107760|1
107760|2
107760|3
107760|4
107760|5
107760|6
107760|7
107760|8
107760|9
107760|10
107760|11
107760|13
129538|12
129538|13
129538|14
129538|15
129538|16
129538|17
129538|18
129538|19
129538|20
129538|21
129538|22
129538|23
129538|24
129538|25
129538|26
129538|27
129538|28
129538|29
129833|1
129833|2
129833|4
129833|5
129833|6
129833|7
129833|8
129833|9
129833|10
129833|11
129833|12
129833|13
129833|14
49325|3
49325|4
49325|5
49325|6
49325|7
49325|8
49325|9
49325|10
49325|11
49325|12
49325|13
49325|14
49325|15
49325|16
49325|17
49325|18
49325|19
49325|20
54736|1
54736|2
54736|3
54736|4
54736|5
54736|6
54736|7
54736|8
54736|9
54736|10
54736|11
54736|12
54736|13
120869|3
120869|4
120869|5
120869|6
120869|7
120869|8
120869|9
120869|10
120869|11
120869|12
120869|13
120869|14
120869|15
120869|16
120869|17
121683|1
121683|2
121683|3
121683|4
121683|5
121683|6
121683|7
121683|8
121683|9
121683|10
121683|11
121683|12
121683|13
121683|14
121683|15
121683|16
121683|17
121683|18
129833|15
129833|16
129833|17
129833|18
129833|19
129833|20
129833|21
129833|22
130603|1
130603|3
130603|4
130603|5
130603|6
130603|7
130603|8
130603|9
130603|10
130603|11
130603|12
130603|13
130603|14
130603|15
130603|16
130603|17
107760|14
107760|15
107760|16
52148|61
54736|14
54736|15
54736|16
54736|17
54736|18
54736|19
55710|1
55710|2
55710|3
55710|4
55710|5
55710|6
55710|7
55710|8
55710|9
55710|10
55710|11
62523|1
62523|2
62523|3
62523|4
62523|5
62523|6
62523|7
62523|8
62523|9
62523|10
62523|11
62523|12
62523|13
108608|13
66769|48
121683|19
121683|20
121683|21
121683|22
121683|23
136715|1
136715|3
136715|4
136715|5
136715|6
136715|7
136715|8
136715|9
136715|10
136715|11
136715|12
136715|13
136715|14
136715|15
136715|16
136715|17
136715|18
136715|19
136715|20
14|1
14|2
14|3
14|4
14|5
14|6
14|7
14|8
14|9
14|10
14|11
14|12
14|13
14|14
14|15
14|16
136957|47
130603|18
130603|19
130603|20
130603|21
130603|22
130603|23
130603|24
130603|25
130603|26
130603|27
130603|28
130603|29
131760|1
131760|2
131760|3
131760|4
131760|5
131760|6
131760|7
131760|8
131760|9
131760|10
131760|11
131760|12
131760|13
131760|14
131760|15
131760|16
131760|17
131760|18
66769|49
107760|17
107760|18
107760|19
107760|20
107760|21
107760|22
107760|23
107760|24
107760|25
107760|26
107760|27
107760|28
107760|29
107760|30
107760|31
107760|32
107760|33
107760|34
107760|35
107760|36
107760|37
107760|38
107760|39
107760|40
108608|1
108608|2
108608|3
108608|4
108608|5
108608|6
108608|7
108608|8
108608|9
108608|10
108608|11
108608|12
68376|131
113840|7
113840|8
113840|9
113840|10
113840|11
113840|12
113840|13
113840|14
113840|15
113840|16
113840|17
113840|18
113840|19
113840|20
113840|21
113840|22
113840|23
113840|24
118590|1
118590|2
118590|3
118590|4
118590|5
118590|6
118590|7
118590|8
118590|9
118590|10
118590|11
118590|12
119150|70
131760|19
131760|20
131760|21
131760|22
137860|1
137860|3
137860|4
137860|5
137860|6
137860|7
137860|8
137860|9
137860|10
137860|11
139881|1
139881|3
139881|4
139881|5
139881|6
139881|7
139881|8
139881|9
139881|10
139881|11
139881|12
139881|13
62523|14
62523|15
62523|16
62523|17
62523|18
62523|19
62523|20
62523|21
62523|22
62523|23
62523|24
62523|25
62523|26
62523|27
62523|28
62523|29
62523|30
62523|31
62523|32
62523|33
62523|34
62523|35
62523|36
62523|37
62523|38
62523|39
62523|40
62523|41
62523|42
64315|1
64315|2
64315|3
64315|4
64315|5
64315|6
64315|7
64315|8
119150|71
136957|48
108608|14
108608|15
108608|16
108608|17
108608|18
114128|1
114128|2
114128|3
114128|4
114128|5
114128|6
114128|7
114128|8
114128|9
114128|10
114128|11
114128|12
114128|13
114128|14
114128|15
114128|16
114128|17
114128|18
114128|19
116177|1
116177|2
116177|3
116177|4
116177|5
116177|6
116177|7
116177|8
118590|13
118590|14
118590|15
118590|16
118590|17
118590|18
118590|19
118590|20
119150|1
119150|3
119150|4
119150|5
119150|6
119150|7
119150|8
119150|9
119150|10
119150|11
119150|12
119150|13
119150|14
119150|15
119150|16
119150|17
119150|18
119150|19
119150|20
119150|21
119150|22
119150|23
119150|24
119150|25
119150|26
119150|27
119150|28
119150|29
119150|30
119150|31
119150|32
64315|9
64315|10
64315|11
64315|12
64315|13
64315|14
64315|15
64315|16
64315|17
64315|18
64315|19
64315|20
64315|21
64315|22
64315|23
64315|24
64315|25
64315|26
64315|27
64315|28
64315|29
64315|30
64315|31
64315|32
64315|33
64315|34
64315|35
64315|36
64315|37
64315|38
64315|39
64315|40
64315|41
64315|42
64315|43
64315|44
64315|45
64315|46
64315|47
64315|48
64315|49
64315|50
64315|51
64315|52
64315|53
64315|54
64315|55
64315|56
64315|57
66769|1
66769|2
66769|3
66769|4
66769|5
66769|6
66769|7
66769|8
66769|9
66769|10
119150|33
119150|34
119150|35
119150|36
119150|37
119150|38
119150|39
119150|40
119150|41
119150|42
119150|43
119150|44
119150|45
119150|46
119150|47
119150|48
119150|49
119150|50
119150|51
119150|52
119150|53
119150|54
119150|55
119150|56
119150|57
119150|58
119150|59
119150|60
119150|61
119150|62
119150|63
119150|64
119150|65
119150|66
119150|67
119150|68
119150|69
68376|132
119150|74
119150|75
119150|76
119150|77
119150|78
119150|79
119150|80
119150|81
119150|82
123303|1
123303|3
123303|4
123303|5
123303|6
123303|7
123303|8
123303|9
123303|10
123303|11
123303|12
123303|13
123303|14
123303|15
123303|16
123303|17
123303|18
123303|19
123303|20
123303|21
123303|22
123303|23
123303|24
123303|25
123303|26
123303|27
123303|28
66769|11
66769|12
66769|13
66769|14
66769|15
66769|16
66769|17
66769|18
66769|19
66769|20
66769|21
66769|22
66769|23
66769|24
66769|25
66769|26
66769|27
66769|28
66769|29
66769|30
68376|133
66769|31
66769|32
66769|33
66769|34
66769|35
66769|36
66769|37
66769|38
66769|39
66769|40
66769|41
66769|42
66769|43
66769|44
66769|45
66769|46
66769|47
66769|50
68147|1
68147|2
68147|3
68147|4
68147|5
68147|6
68147|7
68147|8
68147|9
68147|10
68147|11
68147|12
68147|13
68147|14
68147|15
68147|16
68147|17
68147|18
68147|19
68147|20
68376|1
68376|2
68376|137
116177|9
116177|10
116177|11
116177|12
116177|13
116177|14
116177|15
116177|16
116177|17
116177|18
116177|19
116177|20
116177|21
116177|22
116177|23
116177|24
116177|25
116177|26
116177|27
116816|1
116816|2
116816|3
118375|1
118375|3
118375|4
118375|5
118375|6
118375|7
118375|8
123303|29
123303|30
123303|31
123303|32
123521|1
123521|2
123521|3
123521|4
123521|5
123521|6
123521|7
123521|8
123521|9
123521|10
123521|11
124716|1
124716|2
124716|3
124716|4
124716|5
124716|6
124716|7
124716|8
124716|9
125092|1
125092|2
125092|3
125092|4
125092|5
118375|9
118375|10
118375|11
118375|12
118375|13
118375|14
118375|15
118375|16
118375|17
118375|18
118375|19
118375|20
118803|1
118803|3
118803|4
118803|5
118803|6
118803|7
118803|8
118803|9
118803|10
118803|11
118803|12
118803|13
118803|14
118803|15
118803|16
75640|8
68376|3
68376|4
68376|5
68376|6
68376|7
68376|8
68376|9
68376|10
68376|11
68376|12
68376|13
68376|14
68376|15
68376|16
68376|17
68376|18
68376|19
68376|20
68376|21
68376|22
68376|23
68376|24
68376|25
68376|26
68376|27
68376|28
68376|29
68376|30
68376|31
68376|32
68376|33
68376|34
68376|35
68376|36
68376|37
68376|38
68376|39
68376|40
68376|41
68376|42
68376|43
68376|44
68376|45
68376|46
68376|47
68376|138
79515|56
68376|48
68376|49
68376|50
68376|51
68376|52
68376|53
68376|54
68376|55
68376|56
68376|57
68376|58
68376|59
68376|60
68376|61
68376|62
68376|63
68376|64
68376|65
68376|66
68376|67
68376|68
68376|69
68376|70
68376|71
68376|72
68376|73
68376|74
68376|75
68376|76
68376|77
68376|78
68376|79
68376|80
68376|81
68376|82
68376|83
68376|84
68376|85
68376|86
68376|87
68376|88
68376|89
68376|90
68376|134
68376|91
68376|92
68376|93
68376|94
68376|95
68376|96
68376|97
68376|98
68376|99
68376|100
68376|101
68376|102
68376|103
68376|104
68376|105
68376|106
68376|107
68376|108
68376|135
68376|136
68376|109
68376|110
68376|111
68376|112
68376|113
68376|114
68376|115
68376|116
68376|117
68376|118
68376|119
68376|120
68376|121
68376|122
68376|123
68376|124
68376|125
68376|126
68376|127
68376|128
68376|129
68376|130
68376|139
68376|140
68376|141
68376|142
68376|143
68376|144
68376|145
68376|146
68376|147
68376|148
68376|149
68376|150
68376|151
68376|152
68376|153
68376|154
68376|155
68376|156
68376|157
125092|6
68376|158
68376|159
68376|160
68376|161
68376|162
68376|163
68376|164
68376|165
68376|166
68376|167
68376|168
68376|169
68376|170
68376|171
69279|1
69279|2
69279|3
69279|4
69279|5
69279|6
69279|7
69279|8
69279|9
69279|10
69279|11
69279|12
69279|13
69279|14
69279|15
69279|16
69279|17
69279|18
69279|19
69279|20
69279|21
69279|22
69279|23
69279|24
69279|25
69279|26
69279|27
69279|28
69279|29
69279|30
69279|31
69551|1
69551|2
69551|3
69551|4
69551|5
69551|6
69551|7
69551|8
69551|9
69551|10
69551|11
69551|12
69551|13
79515|57
79515|58
118803|17
118803|18
118803|19
118803|20
120138|1
120138|2
120138|3
120138|4
120138|5
120138|6
120138|7
120138|8
120138|9
120138|10
123785|1
123785|3
123785|4
123785|5
123785|6
123785|7
123785|8
123785|9
123785|10
126315|1
126315|2
126315|3
126315|4
126315|5
126315|6
75640|6
125092|7
125092|8
125092|9
125092|10
125092|11
125092|12
125092|13
125092|14
125092|15
125092|16
125092|17
125092|18
125092|19
125150|1
125150|2
125150|3
125150|4
125150|5
125150|6
125150|7
125150|8
125150|9
125150|10
125150|11
125150|12
125150|13
125150|14
125150|15
125150|16
125150|17
125150|18
131655|8
69551|14
69551|15
69551|16
69551|17
69551|18
69551|19
69551|20
69551|21
69551|22
69551|23
72088|1
72088|2
72088|3
72088|4
72088|5
72088|6
72088|7
72088|8
72088|9
72088|10
72088|11
72088|12
72088|13
72088|14
72088|15
72088|16
75298|0
75298|1
75298|2
75298|3
75298|4
75298|5
127511|18
126714|1
126714|2
126714|3
126714|4
126714|5
126714|6
126714|7
126714|8
126714|9
126714|10
126714|11
126714|12
126714|13
126714|14
126714|15
126714|16
126714|17
126714|18
126714|19
126714|20
126714|21
128202|1
128202|3
128202|4
128202|5
128202|7
128202|8
128202|9
128202|10
75640|7
126315|7
126315|8
126315|9
126315|10
126315|11
126315|12
126315|13
126315|14
126315|15
126315|16
126315|17
126315|18
126315|19
126315|20
128610|1
128610|3
128610|4
128610|5
128610|6
128610|7
128610|8
128610|9
128610|10
128610|11
128610|12
128610|13
128610|14
52148|62
128202|11
128202|12
128202|13
128202|14
128202|15
128202|16
128202|17
128202|18
128202|19
128202|20
128202|21
128202|22
128551|1
128551|2
128551|3
128551|4
128551|5
128551|6
128551|7
128551|8
128551|9
131655|1
131655|2
131655|3
131655|4
131655|5
131655|6
131655|7
52148|63
75298|6
75298|7
75298|8
75298|9
75298|10
75298|11
75298|12
75298|13
75298|14
75298|15
75298|16
75298|17
75298|18
75298|19
75298|20
75298|21
75298|22
75640|1
75640|2
75640|3
75640|4
75640|5
128610|15
128610|16
128610|17
128610|18
130797|0
130797|1
130797|3
130797|4
130797|5
130797|6
130797|7
130797|8
130797|9
130797|10
130797|11
130797|12
138760|1
138760|2
138760|3
138760|4
138760|5
138760|6
138760|7
138760|8
61516|20
75640|9
75640|10
75640|11
75640|12
75640|13
75640|14
75640|15
75640|16
75640|17
75640|18
75640|19
75640|20
75640|21
75640|22
75640|23
75640|24
75640|25
75640|26
75640|27
75640|28
75640|29
75640|30
75640|31
79515|0
79515|2
79515|3
79515|4
79515|5
79515|6
79515|7
79515|8
79515|9
79515|10
79515|11
79515|12
79515|13
79515|14
79515|15
79515|16
79515|17
79515|18
79515|19
79515|20
79515|21
79515|22
79515|23
79515|24
79515|25
79515|26
79515|27
79515|28
79515|29
79515|30
79515|31
127511|19
79515|32
79515|33
79515|34
79515|35
79515|36
79515|37
79515|38
79515|39
79515|40
79515|41
79515|42
79515|43
79515|44
79515|45
79515|46
79515|47
79515|48
79515|49
79515|50
79515|51
79515|52
79515|53
79515|54
79515|55
64070|27
79515|59
79515|60
79515|61
79515|62
79515|63
79515|64
79515|65
79515|66
79515|67
79515|68
79515|69
79515|70
79515|71
79515|72
79515|73
79515|74
79515|75
79515|76
79515|77
79515|78
80500|1
80500|2
80500|3
80500|4
80500|5
80500|6
80500|7
80500|8
80500|9
80500|10
131655|9
131655|10
131655|11
131655|12
131655|13
131655|14
131655|15
131655|16
131655|17
131655|18
131655|19
131655|20
131655|21
131655|22
131655|23
131655|24
131655|25
131655|26
131655|27
131655|28
131655|29
131655|30
132882|1
132882|3
132882|4
132882|5
132882|6
132882|7
132882|8
132882|9
132882|10
132882|11
132882|12
132882|13
132882|14
139881|14
139881|15
139881|16
139881|17
139881|18
139881|19
139881|20
127511|1
127511|3
127511|4
127511|5
127511|6
127511|7
127511|8
127511|9
127511|10
127511|11
127511|12
127511|13
127511|14
127511|15
127511|16
127511|17
127511|20
127511|21
127511|22
127511|23
127511|24
70835|1
70835|2
70835|3
70835|4
70835|5
70835|6
70835|7
70835|8
70835|9
70835|10
70835|11
70835|12
70835|13
70835|14
70835|15
70835|16
70835|17
70835|18
2256|20
132882|15
132882|16
132882|17
132882|18
132882|19
132882|20
134775|1
134775|3
134775|4
134775|5
134775|6
134775|7
134775|8
134775|9
134775|10
134775|11
134775|12
134775|13
134775|14
134775|15
134775|16
134775|17
134775|18
134775|19
134775|20
134775|21
134775|22
134775|23
134775|24
136957|1
136957|2
136957|3
136957|5
136957|6
78953|28
70835|19
70835|20
70835|21
70835|22
70835|23
70835|24
70835|25
70835|26
70835|27
70835|28
70835|29
70835|30
70835|31
70835|32
70835|33
70835|34
70835|35
70835|36
70835|37
70835|38
70835|39
70835|40
70835|41
70835|42
70835|43
70835|44
70835|45
70835|46
70835|47
70835|48
70835|49
70835|50
70835|51
70835|52
70835|53
70835|54
70835|55
70835|56
70835|57
70835|58
70835|59
70835|60
70835|61
70835|62
70835|63
70835|64
70835|65
70835|66
2256|21
136957|7
70835|67
70835|68
70835|69
70835|70
70835|71
70835|72
70835|73
2256|1
2256|2
2256|3
2256|4
2256|5
2256|6
2256|7
2256|8
2256|9
2256|10
2256|11
2256|12
2256|13
2256|14
2256|15
2256|16
2256|17
2256|18
2256|19
14|17
14|18
14|19
14|20
14|21
14|22
14|23
14|24
14|25
14|26
14|27
14|28
14|29
14|30
14|31
7880|1
7880|3
7880|4
7880|5
7880|6
7880|7
7880|8
7880|9
7880|10
7880|11
7880|12
7880|13
7880|14
82497|30
136957|8
136957|9
136957|10
136957|11
136957|12
136957|13
136957|14
136957|15
136957|16
136957|17
136957|18
136957|19
136957|20
136957|21
136957|22
136957|23
136957|24
136957|25
136957|26
136957|27
136957|28
136957|29
136957|30
136957|31
136957|32
136957|33
136957|34
136957|35
136957|36
136957|37
136957|38
136957|39
136957|40
136957|41
136957|42
136957|43
136957|44
136957|45
136957|46
82497|31
80500|11
80500|12
80500|13
80500|14
80500|15
80500|16
80500|17
80500|18
80500|19
80500|20
80500|21
80500|22
80500|23
80500|24
80500|25
80500|26
80500|27
80500|28
80500|29
80500|30
80500|31
80500|32
80500|33
80500|34
80500|35
80500|36
80500|37
80500|38
80500|39
80500|40
80500|41
80500|42
80500|43
80500|44
80500|45
80500|46
80500|47
80500|48
80500|49
80500|50
80500|51
80500|52
80500|53
80500|54
80500|55
80500|56
80500|57
80500|58
80500|59
80500|60
80500|61
80500|62
80500|63
81614|1
20427|35
81614|2
81614|3
81614|4
81614|5
81614|6
81614|7
81614|8
81614|9
81614|10
81614|11
81614|12
81614|13
81614|14
81614|15
82497|1
82497|2
82497|3
82497|4
82497|5
82497|6
82497|7
82497|8
82497|9
3520|1
3520|2
3520|3
3520|4
3520|5
3520|6
3520|7
3520|8
3520|9
3520|10
3520|11
3520|12
3520|13
4524|1
4524|2
4524|3
4524|4
4524|5
4524|6
4524|7
82497|86
20427|36
7880|15
7880|16
7880|17
7880|18
9693|1
9693|2
9693|3
9693|4
9693|5
20343|1
20343|3
20343|4
20343|5
20343|6
20343|7
20343|8
20343|9
20343|10
20343|11
20343|12
20343|13
20343|14
20343|15
20343|16
20343|17
20343|18
20343|19
20343|20
20343|21
32761|1
32761|2
32761|3
32761|4
32761|5
4524|8
4524|9
4524|10
4524|11
4524|12
8227|1
8227|2
8227|3
8227|4
8227|5
8227|6
8227|7
8227|8
8227|9
8227|10
8227|11
8227|12
8227|13
8227|14
8227|15
82497|10
82497|11
82497|12
82497|13
82497|14
82497|15
82497|16
82497|17
82497|18
82497|19
82497|20
82497|21
82497|22
82497|23
82497|24
82497|25
82497|26
82497|27
82497|28
82497|29
82497|32
82497|33
82497|34
82497|35
82497|36
82497|37
82497|38
82497|39
82497|40
82497|41
82497|42
82497|43
82497|44
82497|45
82497|46
82497|47
82497|48
82497|49
82497|50
82497|51
82497|52
82497|53
82497|54
82497|55
82497|56
82497|57
82497|58
15886|5
82497|59
82497|60
82497|61
82497|62
82497|63
82497|64
82497|65
82497|66
82497|67
82497|68
82497|69
82497|70
82497|71
82497|72
82497|73
82497|74
82497|75
82497|76
82497|77
82497|78
82497|79
82497|80
82497|81
82497|82
82497|83
82497|84
82497|85
20427|37
20427|38
82497|87
82497|88
82497|89
82497|90
82497|91
82497|92
82497|93
82497|94
82497|95
82497|96
82497|97
82497|98
82497|99
82497|100
82497|101
82497|102
82497|103
82497|104
82497|105
82497|106
82497|107
82497|108
82497|109
82497|110
82497|111
82497|112
82497|113
82497|140
82497|141
20427|39
82497|114
82497|115
82497|116
82497|117
82497|118
82497|119
82497|120
82497|121
82497|122
82497|123
82497|124
82497|125
82497|126
82497|127
82497|128
82497|129
82497|130
82497|131
82497|132
82497|133
82497|134
82497|135
82497|136
82497|137
82497|138
82497|139
82497|142
82497|143
82497|144
82497|145
82497|146
82497|147
82497|148
82497|149
82497|150
82497|151
82497|152
82497|153
82497|154
82497|155
82497|156
82497|157
82497|158
82497|159
82497|160
82497|161
82497|162
82497|163
82497|164
82497|165
82497|166
82497|167
82497|168
82497|169
82497|170
82497|171
82497|172
8227|16
139399|1
82497|173
82497|174
82497|175
82497|176
82497|177
82497|178
82497|179
82497|180
82497|181
82497|182
82497|183
82497|184
82497|185
82497|186
82497|187
82497|188
8227|17
63570|168
82497|189
82497|190
82497|191
82497|192
82497|193
82497|194
82497|195
82497|196
82497|197
82497|198
82497|199
82497|200
82497|201
82754|1
82754|3
82754|4
82754|5
82754|6
82754|7
82754|8
83828|1
83828|31
83828|32
8227|18
8227|19
8227|20
8227|21
8227|22
8227|23
8227|24
8227|25
8227|26
8227|27
8227|28
8227|29
8227|30
8227|31
8227|32
8227|33
8227|34
8227|35
8227|36
8227|37
8227|38
8227|39
8227|40
8227|41
8227|42
9086|14
32761|6
8227|43
8227|44
8227|45
8227|46
8227|47
8227|48
8227|49
8227|50
8227|51
8227|52
8227|53
8227|54
8227|55
9086|1
9086|2
9086|3
9086|4
9086|5
9086|6
9086|7
9086|8
9086|9
9086|10
9086|11
9086|12
9086|13
83828|2
83828|3
83828|4
83828|5
83828|6
83828|7
83828|8
83828|9
83828|10
83828|11
83828|12
83828|13
83828|14
83828|15
83828|16
83828|17
83828|18
83828|19
83828|20
83828|21
83828|22
83828|23
83828|24
83828|25
83828|26
83828|27
83828|28
83828|29
83828|30
9488|1
32761|7
32761|8
32761|9
32761|10
32761|11
32761|12
32761|13
32761|14
32761|15
32761|16
32761|17
32761|18
32761|19
32761|20
32761|21
32761|22
52023|1
52023|2
52023|3
52023|4
52023|5
52023|6
52023|7
52023|8
52023|32
53621|24
9488|2
9488|3
9488|4
9488|5
9488|6
9488|7
9488|8
9488|9
9488|10
9488|11
9488|12
9488|13
9488|14
9488|15
9488|16
9488|17
9488|18
9488|19
9488|20
9488|21
9488|22
9488|23
9488|24
9488|25
9488|26
9488|27
9488|28
9488|29
9488|30
9488|31
9488|32
9488|33
9488|34
9488|35
9488|36
9488|37
15886|1
15886|2
15886|3
15886|4
87734|1
87734|2
87734|3
87734|4
87734|5
87734|6
87734|7
87734|8
87734|9
87734|10
87734|11
87734|12
87734|13
87734|14
87734|15
87734|16
87734|17
87734|18
87734|19
88314|1
88314|2
88314|3
88314|4
88314|5
88314|6
15886|6
15886|7
15886|8
15886|9
15886|10
15886|11
15886|12
15886|13
15886|14
15886|15
15886|16
15886|17
15886|18
15886|19
20427|1
20427|2
20427|3
20427|4
20427|5
20427|6
20427|7
20427|8
20427|9
20427|10
20427|11
20427|12
20427|13
20427|14
20427|15
20427|16
20427|17
20427|18
20427|19
20427|20
20427|21
20427|22
20427|23
20427|24
20427|25
20427|26
20427|27
20427|28
20427|29
20427|30
20427|31
20427|32
52023|9
52023|10
52023|11
52023|12
52023|13
52023|14
52023|15
52023|16
52023|17
52023|18
52023|19
52023|20
52023|21
52023|22
52023|23
52023|24
52023|25
52023|26
52023|27
52023|28
52023|29
52023|30
52023|31
30460|10
52023|33
52023|34
52023|35
52023|36
52023|37
52023|38
52023|39
52023|40
52023|41
52023|42
52023|43
52023|44
52023|45
52023|46
52023|47
52023|48
52023|49
52023|50
52023|51
52023|52
52023|53
52023|54
52023|55
52023|56
52023|57
52023|58
52023|59
52023|60
52023|61
52023|62
52023|63
52023|64
52023|65
52023|66
52023|67
52023|68
52023|69
52023|70
52023|71
52023|72
52023|73
52023|74
52023|75
52023|76
52023|77
52023|78
52023|79
52023|80
52023|81
52023|82
52023|83
52023|84
52023|85
52023|86
52023|87
52023|88
52023|89
52023|90
52023|91
52023|92
52023|93
52023|94
52023|95
52023|96
63570|169
52023|97
52023|98
52023|99
52023|100
52023|101
52023|102
52023|103
52023|104
52023|105
52023|106
52023|107
52023|108
52023|109
52023|110
52023|111
52023|112
52023|113
52023|114
52023|115
52023|116
52023|117
52023|118
52023|119
52023|120
52023|121
52023|122
52023|123
52023|124
52023|125
52023|126
52023|127
52023|229
52023|128
52023|129
52023|130
52023|131
52023|132
52023|133
52023|134
52023|135
52023|136
52023|137
52023|138
52023|139
52023|140
52023|141
52023|142
52023|143
52023|144
52023|145
52023|146
52023|147
52023|148
52023|149
52023|150
52023|151
52023|152
52023|153
52023|154
52023|155
52023|156
52023|157
52023|158
52023|159
52023|160
52023|161
52023|162
52023|163
52023|164
52023|165
52023|166
52023|167
52023|168
52023|169
52023|230
52023|231
94616|21
52023|170
52023|171
52023|172
52023|173
52023|174
52023|175
52023|176
52023|177
52023|178
52023|179
52023|180
52023|181
52023|182
52023|183
52023|184
52023|185
52023|186
52023|187
52023|188
52023|189
52023|190
52023|191
52023|192
20427|33
20427|34
52023|193
52023|194
52023|195
52023|196
52023|197
52023|198
52023|199
52023|200
52023|201
52023|202
52023|203
52023|204
52023|205
52023|206
52023|207
52023|208
52023|209
52023|210
52023|211
52023|212
52023|213
52023|214
52023|215
52023|216
52023|217
52023|218
52023|219
52023|220
52023|221
52023|222
52023|223
52023|224
52023|225
52023|226
52023|227
52023|228
64400|8
52023|232
52023|233
52023|234
52023|235
52023|236
52023|237
52023|238
52023|239
52023|240
52023|241
52023|242
52023|243
52023|244
52023|245
53621|1
53621|2
53621|3
53621|4
53621|5
53621|6
53621|7
53621|8
53621|9
53621|10
53621|11
53621|12
53621|13
53621|14
53621|15
53621|16
53621|17
53621|18
53621|19
53621|20
53621|21
53621|22
88314|7
88314|8
88314|9
88314|10
88314|11
88314|12
88314|13
88314|14
88314|15
91650|1
91650|2
91650|3
91650|4
91650|5
91650|6
91650|7
91650|8
91650|9
91650|10
91650|11
91650|12
91650|13
92089|1
92089|2
92089|3
92089|4
92089|5
92089|6
92089|7
92089|8
125220|31
20427|40
20427|41
20427|42
20427|43
20427|44
20427|45
20427|46
20427|47
20427|48
20427|49
20427|50
20427|51
20427|52
20427|53
20427|54
20427|55
20427|56
20427|57
20427|58
20427|59
20427|60
20427|61
20427|62
20427|63
20427|64
20427|65
20427|66
20427|67
20427|68
20427|69
20427|70
20427|71
20427|72
20427|73
20427|74
20427|75
20427|76
20427|77
20427|78
20427|79
30460|11
20427|80
20427|81
20427|82
20427|83
20427|84
20427|85
20427|86
20427|87
20427|88
20427|89
20427|90
20427|91
20427|92
20427|93
20427|94
20427|95
20427|96
20427|97
20427|98
20427|99
20427|100
20427|101
20427|102
20427|103
20427|104
20427|105
20427|106
20427|107
20427|108
20427|109
20427|110
20427|111
20427|112
20427|113
53621|23
20427|114
20427|115
20427|116
20427|117
20427|118
20427|119
20427|120
20427|121
20427|122
20427|123
20427|124
20427|125
20427|126
20427|127
20427|128
20427|129
20427|130
20427|131
20427|132
20427|133
20427|134
20427|135
20427|136
20427|137
20427|138
20427|139
20427|140
20427|141
20427|142
20427|143
20427|144
20427|145
20427|146
20427|147
20427|148
20427|149
20427|150
20427|151
20427|152
20427|153
20427|154
20427|155
20427|156
20427|157
20427|158
20427|159
20427|160
20427|161
20427|162
20427|163
30460|1
30460|2
30460|3
30460|4
30460|5
30460|6
30460|7
30460|8
30460|9
53621|25
53621|26
53621|27
53621|28
53621|29
53621|30
53621|31
54247|1
54247|2
54247|3
54247|4
54247|5
54247|6
54247|7
54247|8
54247|9
54247|10
54247|11
54247|12
54247|13
54247|14
54247|15
54247|16
54247|17
54247|18
54247|19
54247|20
54247|21
54743|1
54743|2
92199|11
131211|20
92089|9
92089|10
92089|11
92089|12
92089|13
92089|14
92089|15
92089|16
92089|17
92089|18
92089|19
92089|20
92089|21
92089|22
92089|23
92089|24
92199|1
92199|2
92199|3
92199|4
92199|5
92199|6
92199|7
92199|8
92199|9
92199|10
30460|12
30460|13
30460|14
30460|15
30460|16
30460|17
30460|18
30460|19
30460|20
30460|21
31777|1
31777|2
31777|3
31777|4
31777|5
31777|6
31777|7
31777|8
31777|9
31777|10
31777|11
31777|12
31777|13
31777|14
51668|1
51668|2
51668|3
51668|4
51668|5
51668|6
51668|7
51668|8
51668|9
54743|3
54743|4
54743|5
54743|6
54743|7
54743|8
54743|9
54743|10
56966|1
56966|2
56966|3
56966|4
56966|5
56966|6
56966|7
56966|8
56966|9
56966|10
56966|11
56966|12
56966|13
56966|14
56966|15
56966|16
56966|17
56966|18
56966|19
56966|20
56966|21
56966|22
56966|23
56966|24
56966|25
56966|26
56966|27
56966|28
56966|29
56966|30
56966|31
56966|32
56966|33
56966|88
92199|12
92199|13
92199|14
92199|15
97259|1
97259|2
97259|3
97259|4
97259|5
97259|6
97259|7
97259|8
97259|9
97259|10
97259|11
97259|12
97259|13
97259|14
97259|15
97259|16
97259|17
97259|18
97259|19
97259|20
97873|1
97873|2
97873|3
97873|4
97873|5
97873|6
97873|7
97873|8
97873|9
97873|10
97873|14
131211|21
56966|34
56966|35
56966|36
56966|37
56966|38
56966|39
56966|40
56966|41
56966|42
56966|43
56966|44
56966|45
56966|46
56966|47
56966|48
56966|49
56966|50
56966|51
56966|52
56966|53
56966|54
56966|55
56966|56
56966|57
56966|58
56966|59
56966|60
56966|61
56966|62
56966|63
56966|64
56966|65
56966|66
56966|67
56966|68
56966|69
56966|70
56966|71
56966|72
56966|73
56966|74
56966|75
56966|76
56966|77
56966|78
56966|79
56966|80
56966|81
56966|82
56966|83
56966|84
56966|85
56966|86
56966|87
56966|89
56966|92
56966|93
56966|94
56966|95
56966|96
56966|97
56966|98
56966|99
56966|100
56966|101
56966|102
56966|103
56966|104
56966|105
56966|106
56966|107
56966|108
56966|109
56966|110
56966|111
56966|112
56966|113
56966|114
56966|115
56966|116
56966|117
56966|118
56966|119
56966|120
56966|121
56966|122
56966|123
56966|124
56966|125
56966|126
56966|127
56966|128
56966|129
56966|130
56966|131
56966|132
56966|133
56966|134
56966|135
56966|136
56966|139
56966|140
56966|141
56966|142
56966|143
56966|144
56966|145
56966|146
56966|147
56966|148
56966|149
56966|150
56966|151
56966|152
56966|153
56966|154
56966|155
56966|156
56966|157
56966|158
56966|159
56966|160
56966|161
56966|162
56966|163
56966|164
56966|165
56966|166
56966|167
56966|168
56966|169
56966|170
56966|171
56966|172
56966|173
56966|174
56966|175
56966|176
56966|177
56966|178
56966|179
56966|180
56966|181
56966|182
56966|183
56966|184
56966|185
56966|186
56966|187
56966|188
56966|189
59488|1
59488|41
59488|42
51668|10
51668|11
51668|12
51668|13
51668|14
51668|15
51668|16
51668|17
51668|18
51668|19
51668|20
51668|21
51668|22
51668|23
51668|24
51668|25
51668|26
51668|27
51668|28
51668|29
51668|30
51668|31
51668|32
51668|33
51668|34
51668|35
51668|36
51668|37
51668|38
51668|39
97873|15
51668|40
51668|41
51668|42
51668|43
51668|44
51668|45
51668|46
51668|47
51668|48
51668|49
51668|50
51668|51
51668|52
51668|53
51668|54
51668|55
51668|56
51668|57
51668|58
51668|59
51668|60
51668|61
51668|62
51668|63
51668|64
51668|65
51668|66
51668|67
51668|68
51668|69
97873|11
97873|12
97873|13
51668|70
51668|71
51668|72
51668|73
51668|74
51668|75
51668|76
51668|77
51668|78
51668|79
52096|1
52096|2
52096|3
52096|4
52096|5
52096|6
52096|7
52096|8
52096|9
52096|10
52096|11
52096|12
52096|13
52096|14
52096|15
52096|16
52096|17
52096|18
52096|19
61516|19
97873|16
97873|17
97873|18
97873|19
97873|20
97873|21
97873|22
97873|23
97873|24
97873|25
97873|26
99121|1
99121|2
99121|3
99121|4
99121|5
99121|6
99121|7
99121|8
99121|9
99121|10
99121|11
99121|12
99121|13
99121|14
99121|15
99121|16
99121|17
99121|18
102308|1
102308|2
102308|3
64744|58
59488|3
59488|4
59488|5
59488|6
59488|7
59488|8
59488|9
59488|10
59488|11
59488|12
59488|13
59488|14
59488|15
59488|16
59488|17
59488|18
59488|19
59488|20
59488|21
53151|73
59488|22
59488|23
59488|24
59488|25
59488|26
59488|27
59488|28
59488|29
59488|30
59488|31
59488|32
59488|33
59488|34
59488|35
59488|36
59488|37
59488|38
59488|39
59488|40
59488|43
59488|44
59488|45
59488|46
59488|47
59488|48
59488|49
59488|50
59488|51
59488|52
59488|53
59488|54
59488|55
59488|56
59488|57
59488|58
61516|1
61516|3
61516|4
61516|5
61516|6
61516|7
61516|8
61516|9
61516|10
61516|11
61516|12
61516|13
61516|14
61516|15
61516|16
61516|17
61516|18
63066|24
52096|20
52096|21
52096|22
52096|23
52096|24
52611|1
52611|2
52611|3
52611|4
52611|5
52611|6
52611|7
52611|8
52611|9
52611|10
52611|11
52611|12
52611|13
52611|14
52611|15
52611|16
52611|17
52611|18
52611|19
52611|20
52611|21
52611|22
52611|23
52611|24
52611|25
52611|26
52611|27
52611|28
63066|119
138760|9
138760|10
138760|11
138760|12
138760|13
138760|14
138760|15
138760|16
138760|17
138760|18
138760|19
612|1
612|2
612|3
612|4
612|5
612|6
612|7
612|8
612|9
612|10
612|11
63066|120
61516|21
61516|22
61516|23
61516|24
61516|25
61516|26
61516|27
61516|28
61516|29
61516|30
61516|31
61516|32
61516|33
61516|34
61516|35
61516|36
61516|37
61516|38
61516|39
61516|40
61516|41
61516|42
61516|43
61516|44
61516|45
61516|46
61516|47
61516|48
61516|49
61516|50
61516|51
61516|52
61516|53
61516|54
61516|55
61516|56
61516|57
61516|58
61516|59
61516|60
61516|61
61516|62
61516|63
61516|64
61516|65
61516|66
61516|67
61516|68
61516|69
61516|70
64070|1
64070|2
64070|3
64070|4
64070|5
64070|6
64070|7
64070|8
64070|9
64070|10
64070|11
64070|12
64070|13
64070|14
64070|15
64070|16
64070|17
64070|18
64070|19
64070|20
64070|21
64070|22
64070|23
64070|24
64070|25
64070|26
52611|29
52611|30
52611|31
52611|32
52611|33
52611|34
52611|35
54417|1
54417|2
54417|3
54417|4
54417|5
54417|6
54417|7
54417|8
54417|9
54417|10
54417|11
54417|12
54417|13
54417|14
54417|15
54417|16
54417|17
54417|18
54417|19
54417|20
54417|21
54417|22
54417|23
64070|28
64744|1
64744|2
64744|3
64744|4
64744|5
64744|6
64744|7
64744|8
64744|9
64744|10
64744|11
64744|12
64744|13
64744|14
64744|15
64744|16
64744|17
64744|18
64744|19
64744|20
64744|21
64744|22
64744|23
64744|24
64744|25
64744|26
64744|27
64744|28
64744|29
78634|61
612|12
612|13
612|14
612|15
612|16
612|17
612|18
612|19
612|20
612|21
612|22
7152|1
7152|2
7152|3
7152|4
7152|5
7152|6
7152|7
7152|8
7152|9
7152|10
7152|11
56240|1
102308|4
102308|5
102308|6
102308|7
102308|8
102308|9
102308|10
102308|11
102308|12
102308|13
102308|14
102308|15
102308|16
102308|17
102308|18
102308|19
102308|20
102308|21
104178|1
104178|2
104178|3
104178|4
104178|5
104178|6
104178|7
104178|8
104178|9
104178|10
104178|11
104836|1
64767|35
64744|30
64744|31
64744|32
64744|33
64744|34
64744|35
64744|36
64744|37
64744|38
64744|39
64744|40
64744|41
64744|42
64744|43
64744|44
64744|45
64744|46
64744|47
64744|48
64744|49
64744|50
64744|51
64744|52
64744|53
64744|54
64744|55
64744|56
64744|57
64744|59
64744|61
64744|62
64744|63
64744|64
64744|65
64767|1
64767|2
64767|3
64767|4
64767|5
64767|6
64767|7
64767|8
64767|9
64767|10
64767|11
64767|12
64767|13
64767|14
64767|15
64767|16
64767|17
64767|18
64767|19
64767|20
64767|21
64767|22
64767|23
64767|24
64767|25
64767|26
64767|27
64767|28
64767|29
64767|30
64767|31
64767|32
64767|33
64767|34
7152|12
7152|13
7152|14
7152|15
7152|16
7152|17
7152|18
7961|1
8015|1
8015|2
8015|3
8015|4
8015|5
8015|6
8015|7
8015|8
8015|9
8015|10
8015|11
8015|12
8015|13
8015|14
8015|15
8015|16
105052|2
56240|2
56240|3
56240|4
56240|5
56240|6
56240|7
56240|8
56240|9
56240|10
56240|11
56240|12
56240|13
56240|14
60508|1
60508|2
60508|4
60508|5
60508|6
60508|7
60508|8
60508|9
60508|10
60508|11
60508|12
67653|15
67653|16
104836|2
104836|3
104836|4
104836|5
104836|6
104836|7
104836|8
104836|9
104836|10
104836|11
104836|12
104836|13
104836|14
104836|15
104836|16
104836|17
104836|18
104836|19
104836|20
104836|21
104836|22
104836|23
104836|24
104836|25
104836|26
104836|27
104836|28
104836|29
104836|30
104836|31
104836|32
104836|33
104836|34
104836|35
104836|36
104836|37
104836|38
104836|39
104836|40
104836|41
104836|42
104836|43
104836|44
104836|45
104836|46
105052|1
105052|3
64767|36
64767|37
64767|38
64767|39
64767|40
64767|41
64767|42
64767|43
64767|44
64767|45
64767|46
64767|47
64767|48
64767|49
64767|50
64767|51
64767|52
64767|53
64767|54
64767|55
64767|56
64767|57
64767|58
64767|59
64767|60
64767|61
64767|62
67653|1
67653|2
67653|3
67653|4
67653|5
67653|6
67653|7
67653|8
67653|9
67653|10
67653|11
67653|12
67653|13
67653|14
67653|17
67653|18
67653|19
139399|2
139399|4
139399|5
139399|6
139399|7
139399|8
139399|9
139399|10
139399|11
139399|12
139399|13
139399|15
139399|16
139399|17
139399|18
139399|19
139399|20
139399|21
139399|22
139399|23
139399|24
139399|25
139399|26
139853|1
139853|2
139853|4
60508|13
60508|14
60508|15
60508|16
60508|17
60508|18
60508|19
60508|20
60508|21
60508|22
60508|23
60508|24
60508|25
60508|26
60508|27
60508|28
60508|29
60508|30
60508|31
60508|32
60508|33
66014|1
66014|2
66014|3
78634|62
78634|63
67653|20
67653|21
67653|22
67653|23
67653|24
67653|25
67653|26
67653|27
68176|1
68176|2
68176|3
68176|4
68176|5
68176|6
68176|7
68176|8
68176|9
68176|10
68176|11
68176|12
68176|13
68176|14
68176|15
68176|16
68176|17
68176|18
68176|19
8015|17
8015|18
8015|19
8015|20
8015|21
8015|22
8015|23
8015|24
8015|25
8015|26
8015|27
8015|28
8015|29
10550|1
10550|2
10550|3
10550|4
10550|5
105052|4
105052|5
105052|6
105052|7
105052|8
105052|9
105052|10
105052|11
105052|12
105052|13
105052|14
105052|15
105052|16
105052|17
105052|18
105052|19
105052|20
105052|21
105052|22
105052|23
110298|1
110298|3
110298|4
110298|5
110298|6
110298|7
110298|8
110298|9
110298|10
110298|11
110298|12
110298|13
139853|6
139853|7
139853|8
139853|9
139853|10
139853|11
140599|1
140599|3
140599|4
140599|5
140599|6
140599|7
140599|8
140599|9
140599|10
140599|11
140599|12
140599|13
140599|14
140599|15
140599|16
140599|17
140599|18
140599|19
140599|20
140599|21
140599|22
94281|4
68176|20
68176|21
68176|22
68176|23
68176|24
68176|25
68176|26
68176|27
68176|28
68176|29
68176|30
68176|31
68176|32
68176|33
68176|34
68176|35
68176|36
68176|37
68176|38
68176|39
68176|40
68176|41
68176|42
68176|43
68176|44
68176|45
68176|46
68176|47
68176|48
68176|49
68176|76
68176|77
78634|64
68176|50
68176|51
68176|52
68176|53
68176|54
68176|55
68176|56
68176|57
68176|58
68176|59
68176|60
68176|61
68176|62
68176|63
68176|64
68176|65
68176|66
68176|67
68176|68
68176|69
68176|70
68176|71
68176|72
68176|73
68176|74
68176|78
68176|79
68176|80
68176|81
68176|82
68176|83
68176|84
68176|85
68176|86
68176|87
68176|88
68176|89
68176|90
68176|91
68176|92
68176|93
68176|94
68176|95
68176|96
68176|97
68176|98
68176|99
68176|100
68176|101
68176|102
68176|103
68176|104
68176|105
68176|106
68176|107
68176|108
68176|109
68176|110
68176|111
10550|6
94281|5
68176|112
68176|113
68176|114
68176|115
68176|116
68176|117
68176|118
68176|119
68176|120
68176|121
68176|122
68176|123
68176|124
73918|1
73918|2
73918|3
73918|4
73918|5
73918|6
73918|7
73918|8
73918|9
73918|10
73918|11
74602|19
10550|7
10550|8
10550|9
10550|10
10550|11
10550|12
10550|13
10550|14
10550|15
10550|16
34496|1
34496|2
34496|3
34496|4
34496|5
34496|6
34496|7
34496|8
34496|9
34496|10
34496|11
34496|12
34496|13
34496|14
34496|15
34496|16
34496|17
34496|18
34496|19
34496|20
78634|57
78634|58
66014|5
66014|6
66014|7
66014|8
66014|9
66014|10
66014|11
66014|12
66014|13
66014|14
66014|15
66014|16
66014|17
66014|18
66014|19
66014|20
66014|21
66014|22
66014|23
66014|24
66014|25
66014|26
66014|27
66014|28
66014|29
66014|30
66612|1
66612|2
78634|59
78634|60
110298|14
110298|15
110298|16
110298|17
110298|18
110298|19
110298|20
110298|21
110298|22
111865|1
111865|2
111865|3
111865|4
111865|5
111865|6
111865|7
111865|8
111865|9
111865|10
111865|11
111865|12
111865|13
111865|14
111865|15
111865|16
112211|1
112211|2
112211|3
112211|4
112211|5
140599|23
140720|1
140720|2
140720|3
140720|4
140720|5
140720|6
140720|7
140720|8
140720|9
140720|10
140720|11
140720|12
140720|13
140720|14
140720|15
140720|16
140720|17
140720|18
140720|19
140720|20
3604|1
3604|2
3604|3
34496|21
57654|1
57654|2
57654|3
57654|4
57654|5
57654|6
57654|7
57654|8
57654|9
57654|10
57654|11
57654|12
57654|13
57654|14
57654|15
57654|16
57654|17
57654|18
57654|19
57654|20
57654|21
57654|22
57654|23
63570|1
63570|2
63570|26
73918|12
73918|13
73918|14
73918|15
74602|1
74602|2
74602|3
74602|4
74602|5
74602|6
74602|7
74602|8
74602|9
74602|10
74602|11
74602|12
74602|13
74602|14
74602|15
74602|16
74602|17
74602|18
66612|3
66612|4
66612|5
66612|6
66612|7
66612|8
66612|9
66612|10
66612|11
66612|12
66612|13
66612|14
66612|15
66612|16
66612|17
66612|18
66612|19
66612|20
67460|0
67460|1
67460|3
67460|5
67460|6
67460|7
67460|8
67460|9
67460|10
67460|11
74602|20
74602|21
74602|22
74602|23
78634|1
78634|2
78634|3
78634|4
78634|5
78634|6
78634|7
78634|8
78634|9
78634|10
78634|11
78634|12
78634|13
78634|14
78634|15
78634|16
78634|17
78634|18
78634|19
78634|20
78634|21
78634|22
78634|23
78634|24
78634|25
78634|26
78634|27
78634|28
78634|29
78634|30
78634|31
78634|32
78634|33
78634|34
78634|35
78634|36
78634|37
78634|38
78634|39
78634|40
78634|41
78634|42
78634|43
78634|44
78634|45
78634|46
78634|47
78634|48
78634|49
78634|50
78634|51
78634|52
78634|53
78634|54
78634|55
78634|56
67460|12
67460|13
67460|14
67460|15
67460|16
67460|17
67460|18
67460|19
67460|20
67460|21
67460|22
67460|23
67460|24
67460|25
67460|26
67460|27
67460|28
67460|29
67460|30
67460|31
67460|32
67460|33
67460|34
67460|35
67460|36
67460|37
67460|38
67460|39
67460|40
67460|41
67460|42
68903|1
68903|3
68903|4
68903|6
68903|7
68903|8
68903|9
68903|10
68903|11
81429|14
78634|65
78634|66
78634|67
78634|68
78634|69
78634|70
78634|71
78634|72
78634|73
78634|74
78634|75
78634|76
78634|77
78634|78
78634|79
78634|80
78634|81
78634|82
78634|83
78634|84
78634|85
78634|86
78634|87
78634|88
78634|89
78634|90
78634|91
78634|92
78634|93
78634|94
78634|95
78634|96
78634|97
78634|98
78634|99
78634|100
78634|101
78634|102
78634|103
78634|104
78634|105
81429|1
81429|2
81429|3
81429|4
81429|5
81429|6
81429|7
81429|8
81429|9
81429|10
81429|11
81429|15
53151|74
3604|4
3604|5
3604|6
3604|7
3604|8
3604|9
3604|10
3604|11
3604|12
3604|13
3604|14
3604|15
3604|16
3604|17
3604|18
3604|19
3604|20
3604|21
3604|22
3604|23
3604|24
3604|25
3604|26
3604|27
3604|28
3604|29
3604|30
3604|31
3604|32
3604|33
3604|34
3604|35
3604|36
3604|37
3604|38
3604|39
3604|40
3604|41
3604|42
3604|43
6377|1
6377|2
6377|3
6377|4
6377|5
6377|6
6377|7
6377|8
6377|9
6377|10
6377|11
81429|12
81429|13
63570|3
63570|4
63570|5
63570|6
63570|7
63570|8
63570|9
63570|10
63570|11
63570|12
63570|13
63570|14
63570|15
63570|16
63570|17
63570|18
63570|19
63570|20
63570|21
63570|22
63570|23
63570|24
63570|25
63570|27
63570|28
63570|29
63570|30
63570|31
63570|32
63570|33
63570|34
63570|35
63570|36
63570|37
63570|38
63570|39
63570|40
63570|41
63570|42
63570|43
63570|44
63570|45
63570|46
63570|47
63570|48
63570|49
63570|50
63570|51
63570|52
63570|53
63570|54
63570|55
63570|56
63570|57
63570|58
63570|134
112211|6
112211|7
63570|59
63570|60
63570|61
63570|62
63570|63
63570|64
63570|65
63570|66
63570|67
63570|68
63570|69
63570|70
63570|71
63570|72
63570|73
63570|74
63570|75
63570|76
63570|77
63570|78
63570|79
63570|80
63570|81
63570|82
63570|83
63570|84
63570|85
63570|166
63570|86
63570|87
63570|88
63570|89
63570|90
63570|91
63570|92
63570|93
63570|94
63570|95
63570|96
63570|97
63570|98
63570|99
63570|100
63570|101
63570|102
63570|103
63570|104
63570|105
63570|106
63570|107
63570|108
63570|109
63570|163
63570|110
63570|111
63570|112
63570|113
63570|114
63570|115
63570|116
63570|117
63570|118
63570|119
63570|120
63570|121
63570|122
63570|123
63570|124
63570|125
63570|126
63570|127
63570|128
63570|129
63570|130
63570|131
63570|132
63570|133
63570|135
63570|136
63570|137
63570|138
63570|139
63570|140
63570|141
63570|142
63570|143
63570|144
63570|145
63570|146
63570|147
63570|148
63570|149
63570|150
63570|151
63570|152
63570|153
63570|154
63570|155
63570|156
63570|157
63570|158
63570|159
63570|160
63570|161
63570|162
63570|164
63570|165
63570|170
63570|171
63570|172
63570|173
63570|174
63570|175
63570|176
63570|177
63570|178
63570|179
63570|180
63570|181
63570|182
63570|183
63570|184
63570|185
63570|186
64865|1
64865|2
64865|3
64865|4
64865|5
64865|6
64865|7
112211|8
112211|9
112211|10
112211|11
112211|12
112211|13
112211|14
112211|15
112211|16
112211|17
112211|18
112211|19
112211|20
112211|21
112211|22
112211|23
112211|24
112419|1
112419|2
112419|3
112419|4
112419|5
112419|6
112419|7
112419|8
112419|9
112419|10
112419|11
68903|12
68903|13
68903|14
68903|15
68903|16
68903|17
68903|18
68903|19
68903|20
68903|21
68903|22
68903|23
68903|24
68903|25
68903|26
68903|27
68903|28
68903|29
68903|30
68903|31
68903|32
68903|33
68903|34
68903|35
68903|36
68903|37
68903|38
68903|39
69383|1
69383|2
69383|3
69383|4
69383|5
69383|6
69383|7
69383|8
69383|9
69383|10
81931|21
6377|12
6377|13
6377|14
6377|15
6377|16
6377|17
6377|18
6377|19
6377|20
6377|21
7173|1
7173|2
7173|3
7173|4
7173|5
7173|6
7173|7
7173|8
7173|9
7173|10
7173|11
70532|91
81429|16
81429|17
81429|18
81429|19
81429|20
81429|21
81429|22
81429|23
81429|24
81429|25
81429|26
81429|27
81429|28
81429|29
81429|30
81429|31
81429|32
81931|1
81931|2
81931|3
81931|4
81931|5
81931|6
81931|7
81931|8
81931|9
81931|10
81931|11
81931|12
81931|13
81931|14
81931|15
81931|16
81931|17
81931|18
81931|19
81931|20
83409|35
64865|8
64865|9
64865|10
64865|11
64865|12
64865|13
64865|14
64865|15
64865|16
64865|17
64865|18
64865|19
68313|1
68313|2
68313|3
68313|4
68313|5
68313|6
68313|7
68313|8
68313|9
68313|10
68313|11
68313|12
68313|13
68313|14
68313|15
68313|16
68313|17
68313|18
68313|19
68313|20
68313|21
68313|22
68313|23
69383|11
69383|12
69383|13
69383|14
69383|15
69383|16
69383|17
69383|18
69383|19
69383|20
69383|21
71544|0
71544|2
71544|3
71544|4
71544|5
71544|6
71544|7
71544|8
71544|9
71544|10
71544|11
71544|12
71544|13
71544|14
74456|1
74456|2
74456|3
112419|12
112419|13
112419|14
113802|0
113802|1
113802|2
113802|3
113802|4
113802|5
113802|6
113802|7
113802|8
113802|9
113802|10
113802|11
113802|12
113802|13
113802|14
113802|15
113802|16
113802|17
113802|18
113802|19
113802|20
113802|21
113802|22
120689|1
120689|2
120689|3
120689|4
120689|5
120689|6
120689|7
80219|27
68313|24
70532|1
70532|2
70532|3
70532|4
70532|5
70532|6
70532|7
70532|8
70532|9
70532|10
70532|11
70532|12
70532|13
70532|14
70532|15
70532|16
70532|17
70532|18
70532|19
70532|20
70532|21
70532|22
70532|23
70532|24
70532|25
70532|26
70532|27
70532|28
70532|29
70532|30
81931|22
81931|23
81931|24
81931|25
81931|26
81931|27
81931|28
81931|29
81931|30
81931|31
81931|32
81931|33
81931|34
81931|35
81931|36
81931|37
81931|38
81931|39
81931|40
81931|41
81931|42
81931|43
81931|44
83409|59
81931|45
81931|46
81931|47
81931|48
81931|49
81931|50
81931|51
81931|52
81931|53
81931|54
81931|55
81931|56
81931|57
81931|58
81931|59
81931|60
81931|61
81931|62
81931|63
81931|64
81931|65
81931|66
81931|67
81931|68
81931|69
81931|70
81931|71
81931|72
81931|73
81931|74
81931|75
81931|76
81931|77
81931|78
81931|79
81931|80
81931|81
81931|82
81931|83
81931|84
81931|85
81931|86
83409|88
83409|89
81931|87
81931|88
81931|89
81931|90
81931|91
81931|92
81931|93
81931|94
81931|95
81931|96
81931|97
81931|98
81931|99
81931|100
81931|101
81931|102
81931|103
81931|104
81931|105
81931|106
81931|107
83409|1
83409|2
83409|3
83409|4
83409|5
83409|6
83409|7
83409|8
83409|90
83409|91
78291|4
7173|12
7173|13
7173|14
7173|15
7173|16
7173|17
7173|18
7173|19
7173|20
7173|21
7173|22
7173|23
7173|24
7173|25
7173|26
7173|27
7173|28
7173|29
7173|30
7173|31
7173|32
7173|33
7173|34
7173|35
7173|36
7173|37
7173|38
7173|39
7173|40
7173|41
7173|42
7173|43
7173|44
7173|45
7173|46
7173|47
7921|45
70532|31
70532|32
70532|33
70532|34
70532|35
70532|36
70532|37
70532|38
70532|39
70532|40
70532|41
70532|42
70532|43
70532|44
70532|45
70532|46
70532|47
70532|48
70532|49
70532|50
70532|51
70532|52
70532|53
70532|54
70532|55
70532|56
70532|57
70532|58
70532|59
83409|92
70532|60
70532|61
70532|62
70532|63
70532|64
70532|65
70532|66
70532|67
70532|68
70532|69
70532|70
70532|71
70532|72
70532|73
70532|74
70532|75
70532|76
70532|77
70532|78
70532|79
70532|80
70532|81
70532|82
70532|83
70532|84
70532|85
70532|86
70532|87
70532|88
70532|89
70532|90
83409|93
70532|92
70532|93
70532|94
70532|95
70532|96
70532|97
70532|98
70532|99
70532|100
70532|101
70532|102
70532|103
70532|104
70532|105
70532|106
70532|107
70532|108
70532|109
70532|110
70532|111
70532|112
70532|113
70532|114
70532|115
70532|116
70532|117
70532|118
70532|119
70532|120
70532|121
70532|122
70532|123
83409|94
74456|102
70532|124
70532|125
70532|126
70532|127
70532|128
70532|129
70532|130
70532|131
70532|132
70532|133
70532|134
70532|135
70532|136
70532|137
70532|138
70532|139
70532|140
70532|141
70532|142
70532|143
70532|144
70532|145
70532|146
70532|147
70532|148
70532|149
70532|150
70532|151
70532|152
70532|153
70532|154
93086|27
70532|155
70532|156
70532|157
70532|158
70532|159
70532|160
70532|161
70532|162
70532|163
70532|164
70532|165
70532|166
70532|167
70532|168
70532|169
70532|170
70532|171
70532|172
70532|173
70532|174
70532|175
70532|176
70532|177
70532|178
70532|179
70532|180
70532|181
70532|182
70532|183
70532|184
70532|185
70532|186
70532|187
70532|188
83409|95
69209|13
70532|189
70532|190
70532|191
70532|192
70532|193
70532|194
70532|195
70532|196
70532|197
71007|1
71007|2
71007|3
71007|4
71007|5
71007|6
71007|7
71007|8
71007|9
71007|10
71007|11
71007|12
71007|13
71007|14
71007|15
83409|9
83409|10
83409|11
83409|12
83409|13
83409|14
83409|15
83409|16
83409|17
83409|18
83409|19
83409|20
83409|21
83409|22
83409|23
83409|24
83409|25
83409|26
83409|27
83409|28
83409|29
83409|30
83409|31
83409|32
83409|33
83409|34
83409|36
83409|37
83409|38
83409|39
83409|40
83409|41
83409|42
83409|43
83409|44
83409|45
83409|46
83409|47
83409|48
83409|49
83409|50
83409|51
83409|52
83409|53
83409|54
83409|55
83409|56
83409|57
83409|58
83409|60
83409|61
83409|62
83409|63
83409|64
83409|65
83409|66
83409|67
83409|68
83409|69
83409|70
83409|71
83409|72
83409|73
83409|74
83409|75
83409|76
83409|77
83409|78
83409|79
83409|80
83409|81
83409|82
83409|83
83409|84
83409|85
83409|86
83409|87
83409|96
83409|97
83409|98
83409|99
83409|100
83409|101
83409|102
83409|103
83409|104
83409|105
83409|106
83409|107
83409|108
83409|109
83409|110
83409|111
83409|112
83409|113
74456|4
83409|114
83409|115
83409|116
83409|117
83409|118
83409|119
83409|120
83409|121
83409|122
83409|123
83409|124
83409|125
83409|126
83409|127
83409|128
83409|129
83409|130
83409|131
83409|132
83409|133
83409|134
83409|135
83409|136
83409|137
83409|138
83409|139
83409|140
83409|141
83409|142
83409|143
83409|144
83409|145
74456|5
74456|6
83409|146
83409|147
83409|148
83409|149
83409|150
83409|151
83409|152
83409|153
83409|154
83409|155
83409|156
83409|157
83409|158
83409|159
83409|160
83409|161
83409|162
83409|163
83409|164
83409|165
83409|166
83409|167
83409|168
83409|169
83409|170
83409|171
83409|172
83409|173
83409|174
74456|7
69209|14
83409|175
83409|176
83409|177
83409|178
83409|179
83409|180
83409|181
83409|182
83409|183
83409|184
83409|185
83409|186
83409|187
83409|188
83409|189
83409|190
83409|191
83409|192
84606|1
84606|3
84606|4
84606|5
84606|6
84606|7
84606|8
84606|9
84606|10
84606|11
84606|12
84606|13
80219|28
74456|8
74456|9
74456|10
74456|11
74456|12
74456|13
74456|14
74456|15
74456|16
74456|17
74456|18
74456|19
74456|20
74456|21
74456|22
74456|52
7921|23
7921|46
74456|23
74456|24
74456|25
74456|26
74456|27
74456|28
74456|29
74456|30
74456|31
74456|32
74456|33
74456|34
74456|35
74456|36
74456|37
74456|38
74456|39
74456|40
74456|41
74456|42
74456|43
74456|44
74456|45
74456|46
74456|47
74456|48
74456|49
74456|50
74456|51
74456|53
74456|54
74456|55
74456|56
74456|57
74456|58
74456|59
74456|60
74456|61
74456|62
74456|63
74456|64
74456|65
74456|66
74456|67
74456|68
74456|69
74456|70
74456|71
74456|72
71007|16
74456|73
74456|74
74456|75
74456|76
74456|77
74456|78
74456|79
74456|80
74456|81
74456|82
74456|83
74456|84
74456|85
74456|86
74456|87
74456|88
74456|89
74456|90
74456|91
74456|92
74456|93
74456|94
74456|95
74456|96
74456|97
74456|98
74456|99
74456|100
74456|101
7921|24
74456|103
74456|104
74456|105
74456|106
74456|107
74456|108
74456|109
74456|110
74456|111
74456|112
74456|113
74456|114
74456|115
74456|116
74456|117
75770|1
75770|2
75770|3
75770|4
75770|5
75770|6
75770|7
75770|8
71007|72
80219|29
7921|1
7921|2
7921|3
7921|4
7921|5
7921|6
7921|7
7921|8
7921|9
7921|10
7921|11
7921|12
7921|13
7921|14
7921|15
7921|16
7921|17
7921|18
7921|19
7921|20
7921|21
7921|22
7921|25
7921|26
7921|27
7921|28
7921|29
7921|30
7921|31
7921|32
7921|33
7921|34
7921|35
7921|36
7921|37
7921|38
7921|39
7921|40
7921|41
7921|42
7921|43
7921|44
80219|30
79978|33
7921|47
7921|48
7921|49
7921|50
7921|51
7921|52
7921|53
7921|54
7921|55
9741|1
9741|2
9741|3
9741|4
9741|5
30271|1
30271|2
30271|3
30271|4
30271|5
30271|6
30271|7
30271|8
30271|9
30271|10
30271|11
120689|8
120689|9
120689|10
120689|11
120689|12
120689|13
120689|14
124077|1
124077|2
124077|3
124077|4
124077|5
124077|6
124077|7
124077|8
124077|9
124077|10
124077|11
124077|12
124077|13
124077|14
124077|15
124077|16
124077|17
124077|18
124077|19
124077|20
124077|21
124077|22
124077|23
124077|24
124077|25
124077|26
79978|34
84606|14
84606|15
84606|16
84606|17
84606|18
84606|19
84606|20
84606|21
84606|22
84606|23
84606|24
84606|25
84606|26
84606|27
84606|28
84606|29
84606|30
84606|31
84606|32
84606|33
84606|34
84606|35
84606|36
84606|37
84606|38
84606|39
84606|40
84606|41
84606|42
84606|43
84606|44
84606|45
84606|46
84606|47
84606|48
84606|49
84606|50
84606|51
84606|52
84606|53
89912|1
79978|35
75770|9
75770|10
75770|11
75770|12
75770|13
75770|14
75770|15
75770|16
75770|17
75770|18
75770|19
75770|20
75770|21
75770|22
75770|23
75770|24
80219|1
80219|2
80219|3
80219|4
80219|5
80219|6
80219|7
80219|8
80219|9
80219|10
80219|11
80219|12
80219|13
80219|14
80219|15
80219|16
80219|17
80219|18
80219|19
80219|20
80219|21
80219|22
80219|23
80219|24
80219|25
80219|26
79978|36
71007|17
71007|18
71007|19
71007|20
71007|21
71007|22
71007|23
71007|24
71007|25
71007|26
71007|27
71007|28
71007|29
71007|30
71007|31
71007|32
71007|33
71007|34
71007|35
71007|36
71007|37
71007|38
71007|39
71007|40
71007|41
71007|42
71007|43
71007|73
71007|74
71007|75
71007|76
71007|44
71007|45
71007|46
71007|47
71007|48
71007|49
71007|50
71007|51
71007|52
71007|53
71007|54
71007|55
71007|56
71007|57
71007|58
71007|59
71007|60
71007|61
71007|62
71007|63
71007|64
71007|65
71007|66
71007|67
71007|68
71007|69
71007|70
71007|71
71007|78
71007|79
71007|80
71007|81
71007|82
71007|83
71007|84
71007|85
71007|86
71007|87
72745|1
72745|3
72745|4
72745|5
72745|6
72745|7
72745|8
72745|9
72745|10
72745|11
72745|12
72745|13
72745|14
77787|1
77787|2
77787|3
77787|4
69297|34
124077|27
124077|28
124077|29
124077|30
124077|31
124077|32
124077|33
124077|34
124077|35
124077|36
124077|37
124077|38
124077|39
124077|40
124077|41
131099|1
131099|2
131099|3
131099|4
131099|5
131099|6
131099|7
131099|8
131099|9
131099|10
131099|11
131099|12
131099|13
131099|14
91638|24
91918|1
89912|2
89912|3
89912|4
89912|5
89912|6
89912|7
89912|8
89912|9
89912|10
89912|11
89912|12
91638|1
91638|2
91638|3
91638|4
91638|5
91638|6
91638|7
91638|8
91638|9
91638|10
91638|11
91638|12
91638|13
91638|14
91638|15
91638|16
91638|17
91638|18
91638|19
91638|20
91638|21
91638|22
91638|23
80219|31
80219|32
80219|33
80219|34
80219|35
80219|36
80219|37
80219|38
80219|39
80219|40
80219|41
80219|42
80219|43
83585|1
83585|2
83585|3
83585|4
83585|5
83585|6
83585|7
83585|8
83585|9
83585|10
83585|11
83585|12
83585|13
83585|14
83585|15
79978|24
131099|15
131099|16
131099|17
131099|18
132001|1
132001|2
132001|3
132001|4
132001|5
132001|6
132001|7
132932|1
132932|2
132932|3
132932|4
132932|5
132932|6
132932|7
132932|8
132932|9
132932|10
132932|11
132932|12
132932|13
132932|14
79978|25
79978|26
83585|16
83585|17
83585|18
83585|19
83585|20
83585|21
83585|22
83585|23
83585|24
83585|25
87416|1
87416|2
87416|3
87416|4
87416|5
87416|6
87416|7
87416|8
87416|9
87416|10
77787|5
77787|6
77787|7
77787|8
77787|9
77787|10
77787|11
77787|12
77787|13
77787|14
77787|15
77787|16
77787|17
77787|18
77787|19
77787|20
77787|21
77787|22
77787|23
77787|24
77648|1
77648|2
77648|3
77648|5
77648|6
77648|7
77648|8
77648|9
77648|10
77648|11
77648|12
77648|13
77648|14
77648|15
77648|16
77648|17
79978|27
79978|28
32253|1
32253|2
32253|3
32253|4
32253|5
32253|6
32253|7
32253|8
32253|9
32253|10
32253|11
32253|12
32253|13
32253|14
32253|15
32253|16
32621|1
32621|3
32621|4
32621|5
32621|6
32621|7
32621|8
32621|9
32621|10
32621|11
79978|29
79978|30
79978|31
79978|32
87416|11
87416|12
87416|13
87416|14
88464|1
88464|2
88464|3
88464|4
88464|5
88464|6
88464|7
88464|8
88464|9
88464|10
88464|11
88464|12
88464|13
88464|14
88464|15
88464|16
88464|17
88464|18
88464|19
88464|20
88464|21
91780|1
91780|2
91780|3
91780|4
91780|5
91780|6
62307|4
77648|18
77648|19
77648|20
77648|21
77648|22
77648|23
77648|24
78278|0
78278|2
78278|3
78278|4
78278|5
78278|6
78278|7
78278|8
78278|9
79978|1
79978|2
79978|3
79978|4
79978|5
79978|6
79978|7
79978|8
79978|9
79978|10
79978|11
79978|12
79978|13
79978|14
79978|15
79978|16
79978|17
79978|18
79978|19
79978|20
79978|21
79978|22
79978|23
91918|3
91918|4
91918|5
91918|6
91918|7
91918|8
91918|9
91918|10
91918|11
91918|12
91918|13
91918|14
91918|15
91918|16
91918|17
91918|18
91918|19
91918|20
91918|21
91918|22
91918|23
92820|1
92820|3
92820|4
92820|5
92820|6
92820|7
92820|8
92820|9
92820|10
92820|11
92820|12
61115|18
132932|15
132932|16
132932|17
132932|18
132932|19
132932|20
132932|21
134893|1
134893|2
134893|3
134893|4
134893|5
134893|6
134893|7
134893|8
134893|9
134893|10
134893|11
134893|12
134893|13
134893|14
134893|15
134893|16
134893|17
134893|18
134893|19
134893|20
135093|1
135093|3
121468|49
32621|12
32621|13
32621|14
32621|15
32621|16
32621|17
32621|18
32621|19
32621|20
32621|21
32621|22
50894|1
50894|2
50894|3
50894|4
50894|5
50894|6
50894|7
50894|8
50894|9
50894|10
52890|1
52890|3
100058|41
92820|13
92820|14
92820|15
92820|16
92820|17
92820|18
92820|19
92820|20
92820|21
92820|22
92820|23
92820|24
93258|1
93258|2
93258|3
93258|4
93258|5
93258|6
93258|7
93258|8
93258|9
93258|10
93258|11
93258|12
93258|13
93258|14
93258|15
93258|16
93258|17
93258|18
93258|19
93258|20
93258|21
93258|22
79978|37
79978|38
79978|39
79978|40
79978|41
79978|42
79978|43
79978|44
79978|45
79978|46
79978|47
79978|48
79978|49
79978|50
79978|51
79978|52
79978|53
79978|54
79978|55
79978|56
79978|57
79978|58
79978|59
79978|60
79978|61
79978|62
79978|63
79978|64
89379|1
89379|2
89379|3
89379|4
89379|5
89379|6
89379|7
89379|8
89379|9
89379|10
89379|11
89379|12
89379|13
89379|14
89379|15
135846|1
93258|23
93258|24
93258|25
93258|26
93258|27
93258|28
93258|29
93258|30
96967|1
96967|2
96967|3
96967|4
96967|5
96967|6
96967|7
96967|8
99742|1
99742|2
99742|3
99742|4
99742|5
99742|6
99742|7
99742|8
99742|9
135093|4
135093|5
135093|6
135093|7
135093|8
135093|9
135093|10
135093|11
135093|12
135093|13
135093|14
135093|15
135093|16
135093|17
135093|18
135093|19
135093|20
135093|21
135093|22
135093|23
135093|24
135093|25
135093|26
135093|27
135093|28
135093|29
135093|30
135093|31
135093|32
135093|33
91780|7
91780|8
91780|9
91780|10
91780|11
91780|12
91780|13
91780|14
91780|15
91780|16
91780|17
91780|18
91780|19
91780|20
91780|21
91780|22
93464|1
93464|2
93464|3
93464|4
93464|5
93464|6
93464|7
93464|8
93464|9
99742|10
99742|11
52890|4
52890|5
52890|6
52890|7
52890|8
52890|9
52890|10
52890|11
52890|12
52890|13
52890|14
52890|15
52890|16
52890|17
52890|18
52890|19
62222|1
62222|2
62222|3
62222|4
62222|5
62222|6
62222|7
62222|8
100058|7
89379|16
92665|1
92665|2
92665|3
92665|4
92665|5
92665|6
92665|7
92665|8
92665|9
92665|10
92665|11
92665|12
92665|13
92665|14
96732|1
96732|2
96732|3
96732|4
96732|5
96732|6
96732|7
96732|8
96732|9
96732|10
96732|11
96732|12
96728|6
135846|2
135846|3
135846|4
135846|5
135846|6
135846|7
135846|8
135846|9
135846|10
135846|11
135846|12
135846|13
135846|14
135846|15
135846|16
135846|17
135846|18
135846|19
135846|20
135846|21
135846|22
135846|23
135846|24
135846|25
137114|1
137114|2
137114|3
137114|4
137114|5
137114|6
137114|7
137114|8
137114|9
137114|10
137114|11
137114|12
137114|13
93464|10
93464|11
93464|12
93464|13
93464|14
93464|15
93464|16
94531|1
94531|2
94531|3
94531|4
94531|5
94531|6
94531|7
94531|8
94531|9
94531|10
96728|1
96728|2
96728|3
96728|4
96728|5
109235|3
62222|9
62222|10
62222|11
62222|12
62222|13
62222|14
62222|15
62222|16
62222|17
62222|18
62297|1
62297|2
62297|3
62297|4
62297|5
62297|6
62297|7
62297|8
62297|9
62297|10
62297|11
62297|12
62307|1
62307|2
62307|3
121468|50
99742|12
99742|13
99742|14
99742|15
99742|16
99742|17
99742|18
103115|1
103115|2
103115|3
103115|4
103115|5
103115|6
103115|7
103115|8
103115|9
103115|10
103115|11
103115|12
103115|13
105347|1
105347|3
105347|4
105347|5
105347|6
105347|7
105347|8
105347|9
105347|10
105347|11
105347|12
105347|13
97709|20
121468|51
96732|13
96732|14
96732|15
97985|1
97985|2
97985|3
97985|4
97985|5
97985|6
97985|7
97985|8
97985|9
97985|10
97985|11
97985|12
97985|13
97985|14
97985|15
97985|16
97985|18
98588|1
98588|2
98588|3
98588|4
98588|5
98588|6
98588|7
98588|8
98588|9
98588|10
98588|11
98588|12
121468|52
96728|7
96728|8
96728|9
96728|10
96728|11
96728|12
96728|13
96728|14
96728|15
96728|16
96728|17
96728|18
96728|19
96728|20
96728|21
96728|22
96728|23
96728|24
97709|1
97709|2
97709|3
97709|4
97709|5
97709|6
97709|7
97709|8
97709|9
97709|10
97709|11
97709|12
97709|13
97709|14
97709|15
97709|16
97709|17
97709|18
97709|19
62307|5
62307|6
62307|7
62307|8
62307|9
62307|10
62307|11
62307|12
62307|13
62307|14
62307|15
62307|16
62307|17
62307|18
62307|19
62537|1
62537|2
62537|3
62537|4
62537|5
62537|6
62537|7
62537|8
62537|9
62537|10
105347|14
105347|15
105347|16
105347|17
105347|18
105347|19
105347|20
105347|21
106876|1
106876|3
106876|4
106876|5
106876|6
106876|7
106876|8
106876|9
106876|10
106876|11
106876|12
106876|13
106876|14
106876|15
106876|16
106876|17
106876|18
106876|19
109235|1
97709|21
97709|22
97709|23
97709|24
97709|25
97709|26
97709|27
97975|1
97975|2
97975|3
97975|4
97975|5
97975|6
97975|7
97975|8
97975|9
97975|10
97975|11
97975|12
97975|13
97975|14
97975|15
97975|16
97975|17
97975|18
97975|19
97975|20
97975|21
97975|22
97975|23
97975|24
97975|25
100058|0
100058|2
100058|3
100058|4
100058|5
100058|6
98588|13
98588|14
98588|15
98588|16
98588|17
98588|18
98588|19
98588|20
98588|21
98588|22
98588|23
98588|24
98588|25
98588|26
98588|27
98588|28
98588|29
98588|30
98588|31
98588|32
98588|33
98588|34
98588|35
98588|36
98588|37
99656|1
99656|2
99656|3
99656|4
99656|5
99656|6
99656|7
99656|8
99656|9
99656|10
99656|11
62537|11
62537|12
62609|1
62609|2
62609|3
62609|4
62609|5
62609|6
62609|7
62609|8
62609|9
62609|10
62609|11
62609|12
62609|13
62609|14
62609|15
62609|16
62609|17
62609|18
62609|19
62609|20
62609|21
62609|22
62609|23
62609|24
62609|25
62609|26
62609|27
62609|28
62609|29
62609|30
62609|31
62609|32
62814|1
62814|2
62814|3
62814|4
62814|5
102828|36
99656|12
99656|13
99656|14
99656|15
99656|16
99656|17
99656|18
99656|19
99656|20
99656|21
102597|1
102597|2
102597|3
102597|4
102597|5
102597|6
102597|7
102597|8
102597|9
102597|10
102597|11
102597|12
102597|13
102597|14
102597|15
102597|16
102597|17
102597|18
102597|19
102597|20
102597|21
102597|22
102597|23
100058|8
100058|9
100058|10
100058|11
100058|12
100058|13
100058|14
100058|15
100058|16
100058|17
100058|18
100058|19
100058|20
100058|21
100058|22
100058|23
100058|24
100058|25
100058|26
100058|27
100058|28
100058|29
100058|30
100058|31
100058|32
100058|33
100058|34
100058|35
100058|36
100058|37
100058|38
100058|39
100058|40
100058|42
100058|43
100058|44
102828|1
102828|3
102828|4
102828|5
102828|6
102828|7
102828|8
102828|9
102828|10
102828|11
102828|12
102828|13
102828|14
102828|15
102828|16
102828|17
102828|18
102828|19
102828|20
102828|21
102828|22
102828|23
102828|24
102828|25
102828|26
102828|27
102828|28
102828|29
102828|30
102828|31
102828|32
102828|33
102828|34
102828|35
109235|4
109235|5
109235|6
109235|7
109235|8
109235|9
109235|10
109235|11
109235|12
109235|13
109235|14
109235|15
109235|16
109235|17
109235|18
109235|19
109235|20
109235|21
109235|22
109235|23
109235|24
109235|25
109235|26
109235|27
109272|1
109272|2
109272|3
109272|4
109272|5
109272|6
109272|7
109272|8
109272|9
109272|10
109272|11
109272|15
75090|12
62814|6
62814|7
62814|8
62814|9
62814|10
62814|11
62814|12
62814|13
62814|14
62814|15
62814|16
64400|1
64400|2
64400|3
64400|4
64400|5
64400|6
64400|7
102597|24
102597|25
102597|26
106330|1
106330|3
106330|4
106330|5
106330|6
106330|7
106330|8
106330|9
106330|10
106330|11
106330|12
106330|13
106330|14
106330|15
106330|16
109166|1
109166|2
109166|3
109166|4
109166|5
109166|6
109166|7
109166|8
109166|9
109166|10
109166|11
109166|12
115732|1
115732|2
115732|3
115732|4
102828|37
102828|38
102828|39
102828|40
102828|41
102828|42
102828|43
102828|44
102828|45
102828|46
102828|47
102828|48
102828|49
102828|50
102828|51
102828|52
102828|53
102828|54
104168|1
104168|2
104168|3
104168|4
104168|5
104168|6
104168|7
104168|8
104168|9
104168|10
104168|11
104168|12
104168|13
104168|14
106579|1
106579|2
67622|20
64400|9
64400|10
64400|11
64400|12
64400|13
64400|14
64400|15
64400|16
64400|17
64400|18
64400|19
64400|20
64400|21
64400|22
64400|23
64400|24
64400|25
64400|26
109272|12
64400|27
64400|28
64400|29
64400|30
64400|31
64400|32
64400|33
64400|34
64400|35
64400|36
64400|37
64400|38
64400|39
64400|40
64400|41
64400|42
64400|43
64400|44
64400|45
64400|46
64400|47
64400|48
64400|49
109272|13
109272|14
140508|1
64400|50
64400|51
64400|52
64400|53
64400|54
64400|55
64400|56
64400|57
64400|58
64400|59
64400|60
64400|61
64400|62
64400|63
64400|64
64400|65
64400|66
64400|67
64400|68
64400|69
64400|70
65568|0
65568|1
65568|3
65568|4
65568|5
65568|6
65568|7
65568|9
65568|10
65568|11
109272|16
109272|17
109272|18
109272|19
109272|20
109272|21
109272|22
111642|1
111642|2
111642|3
111642|4
111642|5
111642|6
111642|7
111642|8
111642|9
111642|10
111642|11
111642|12
111642|13
111642|14
111642|15
111642|16
111642|17
111642|18
111642|19
111642|20
111642|21
118282|1
67622|21
67622|22
67622|23
72714|1
140508|4
140508|6
140508|7
140508|8
140508|9
140508|10
140508|11
140508|12
140508|13
140508|14
140508|15
140508|16
140508|17
140508|18
140508|19
140508|20
96268|1
96268|2
96268|3
96268|4
96268|5
96268|6
118702|19
6857|17
65568|12
65568|13
65568|14
65568|15
65568|16
65568|17
65568|18
65568|19
65568|20
65568|21
65568|22
65568|23
65568|24
65568|25
65568|26
65568|27
65568|28
65568|29
67622|1
67622|3
67622|4
67622|5
67622|6
67622|7
67622|9
67622|10
67622|11
67622|12
67622|13
67622|14
67622|15
67622|16
67622|17
67622|18
67622|19
6857|18
106579|3
106579|4
106579|5
106579|6
106579|7
106579|8
106579|9
106579|10
106579|11
106579|12
106579|13
106579|14
106579|15
106579|16
106579|17
106579|18
106579|19
106579|20
106579|21
106579|22
106579|23
106579|24
106579|25
106579|26
106579|27
106579|28
106579|29
106579|30
106579|31
106579|32
111918|1
111918|3
111918|4
111918|5
111918|6
111918|7
111918|8
118698|12
118282|2
118282|4
118282|5
118282|6
118282|7
118282|8
118282|9
118282|10
118282|11
118282|12
118282|13
118282|14
118282|15
118282|16
118282|17
118282|18
118282|19
118702|1
118702|2
118702|3
118702|4
118702|5
118702|6
118702|7
118702|8
118702|9
118702|10
118702|11
118702|12
118702|13
118702|14
118702|15
118702|16
118702|17
118702|18
6857|19
96268|7
96268|8
96268|9
96268|10
96268|11
96268|12
96268|13
96268|14
96268|15
96268|16
96268|17
96268|18
96268|19
4637|1
4637|2
4637|3
4637|4
4637|5
4637|6
4637|7
4637|8
4637|9
4637|10
4637|11
4637|12
4637|13
118702|20
118702|21
118702|22
118702|23
118702|24
121358|1
121358|2
121358|3
126417|1
126417|3
126417|4
126417|5
126417|6
126417|7
126417|8
126417|9
126417|10
126417|11
126417|12
126417|13
126417|14
126417|15
126417|16
126417|17
126417|18
127870|1
127870|2
127870|3
131211|22
115732|5
115732|6
115732|7
115732|8
115732|9
115732|10
115732|11
115732|12
115732|13
115732|14
115732|15
115732|16
115732|17
115732|18
115732|19
115732|20
115732|21
115732|22
115732|23
115732|24
115732|25
115732|26
118698|1
118698|3
118698|4
118698|5
118698|6
118698|7
118698|8
118698|9
118698|10
118698|11
6539|32
111918|9
111918|10
111918|11
121707|1
121707|2
121707|3
121707|4
121707|5
121707|6
121707|7
121707|8
121707|9
121707|10
121707|11
121707|12
121707|13
121707|14
121707|15
121707|16
121707|17
121707|18
121707|19
121707|20
121707|21
121707|22
121707|23
121707|24
121707|25
121707|26
121707|27
121707|28
121707|29
121707|30
121707|31
121707|32
121707|33
121707|34
121707|35
121707|36
121707|37
121707|38
121707|39
121707|40
121707|41
121707|42
121707|43
121707|44
121707|45
121707|46
121707|47
121707|48
121707|49
131211|23
75090|13
4637|14
4637|15
4637|16
4637|17
6539|1
6539|3
6539|4
6539|5
6539|6
6539|7
6539|8
6539|9
6539|10
6539|11
6539|12
6539|13
6539|14
6539|15
6539|16
6539|17
6539|18
6539|19
6539|20
6539|21
6539|22
6539|23
6539|24
6539|25
6539|26
6539|27
6539|28
6539|29
6539|30
6539|31
72714|2
72714|4
72714|5
72714|6
72714|7
72714|8
72714|9
72714|10
72714|11
72714|12
72652|1
72652|2
72652|3
72652|4
72652|5
72652|6
72652|7
72652|8
72652|9
72652|10
72652|11
75090|14
118698|13
118698|14
118782|1
118782|2
118782|3
118782|4
118782|5
118782|6
118782|7
118782|8
118782|9
118782|10
118782|11
118782|12
118782|13
118782|14
118782|15
118782|16
118782|17
118782|18
118782|19
118782|20
118782|21
118782|22
118782|23
118782|24
118782|25
118782|26
118782|27
118782|28
129938|1
6857|104
121707|50
121707|51
121707|52
121707|53
121707|54
121707|55
121707|56
121707|57
121707|58
121707|59
121707|60
121707|61
121707|62
121707|63
121707|64
121707|65
121707|66
121707|67
121707|68
121707|69
121707|70
121707|71
121707|72
121707|73
121707|74
121707|75
121707|76
121707|77
121707|78
121707|79
121707|80
121707|81
121707|82
121707|83
121707|84
121707|85
124419|1
124419|2
124419|3
124419|4
124419|5
124419|6
124419|7
124419|8
124419|9
127870|4
6539|33
6539|34
6798|1
6798|2
6798|3
6798|4
6798|5
6798|6
6798|7
6798|8
6798|9
6798|10
6798|11
6798|12
6798|13
6798|14
6798|15
6798|16
6798|17
6798|18
6798|19
6798|20
6798|21
6798|22
6798|23
6798|24
6857|1
6857|2
6857|3
6857|4
6857|5
6857|6
6857|7
6857|8
6857|9
6857|10
6857|11
6857|12
6857|13
6857|14
6857|15
72652|12
72652|13
72652|14
72652|15
72652|16
72652|17
72652|18
72652|19
72652|20
72652|21
72652|22
72652|23
72652|24
74404|1
74404|2
74404|4
74404|5
74404|6
74404|7
74404|8
74404|9
74404|10
74404|11
74301|1
74301|2
74301|3
74301|4
74301|5
6857|16
124419|10
124419|11
124419|12
124419|13
124419|14
124419|15
124419|16
124419|17
124419|18
124419|19
124419|20
124419|21
124419|22
124419|23
124419|24
124419|25
124419|26
124419|27
124803|1
124803|2
124803|3
124803|4
124803|5
124803|6
124803|7
124803|8
124803|9
124803|10
124803|11
124803|12
124803|13
124803|14
124803|15
124803|16
127870|6
127870|7
127870|8
128805|1
128805|2
128805|3
128805|4
128805|5
128805|6
128805|7
128805|8
128805|9
128805|10
128805|11
128805|12
128805|13
128805|14
128805|15
128805|16
128805|17
128805|18
128805|19
128805|20
128805|21
128805|22
128805|23
128805|24
128805|25
129497|1
129497|2
129497|4
129497|5
9092|13
129938|3
129938|4
129938|5
129938|6
129938|7
129938|8
129938|9
129938|10
129938|11
129938|12
129938|13
129938|14
129938|15
129938|16
129938|17
131211|1
131211|2
131211|3
131211|4
131211|5
131211|6
131211|7
131211|8
131211|9
131211|10
131211|11
131211|12
131211|13
131211|14
131211|15
131211|16
131211|17
131211|18
131211|19
124803|17
124803|18
124803|19
124803|20
124803|21
124803|22
124803|23
124803|24
124803|25
124803|26
125220|1
125220|2
125220|3
125220|4
125220|5
125220|6
125220|7
125220|8
125220|9
125220|10
125220|11
125220|12
125220|13
125220|14
125220|15
125220|16
125220|17
125220|18
125220|19
125220|20
125220|21
125220|22
125220|23
125220|24
125220|25
125220|26
125220|27
125220|28
125220|29
74301|6
74301|7
74301|8
74301|9
74301|10
74301|11
74301|12
74301|13
74301|14
74301|15
74301|16
74301|17
74301|18
74301|19
74301|20
74301|21
74301|22
74301|23
74301|24
74301|25
74301|26
74301|27
74301|28
74301|29
74301|30
6857|20
6857|21
6857|22
6857|23
6857|24
6857|25
6857|26
6857|27
6857|28
6857|29
6857|30
6857|31
6857|32
6857|33
6857|34
6857|35
6857|36
6857|37
6857|38
6857|39
6857|40
6857|41
6857|42
6857|43
6857|44
6857|45
6857|46
6857|47
6857|48
6857|49
6857|50
6857|51
6857|52
6857|53
6857|54
6857|55
6857|56
6857|57
6857|58
6857|59
6857|60
6857|61
6857|62
6857|63
6857|64
6857|65
6857|66
6857|67
6857|68
6857|69
6857|70
6857|71
6857|72
6857|73
6857|74
6857|75
6857|76
6857|77
6857|78
6857|79
6857|80
6857|105
131211|24
131211|25
6857|81
6857|82
6857|83
6857|84
6857|85
6857|86
6857|87
6857|88
6857|89
6857|90
6857|91
6857|92
6857|93
6857|94
6857|95
6857|96
6857|97
6857|98
6857|99
6857|100
6857|101
6857|102
6857|103
129603|22
6857|106
6857|107
6857|108
6857|109
6857|110
6857|111
6857|112
6857|113
6857|114
6857|115
6857|116
6857|117
6857|118
6857|119
6857|120
6857|121
6857|122
6857|123
6857|124
6857|125
6857|126
6857|127
6857|128
6857|129
6857|130
6857|131
6857|132
6857|133
6857|134
6857|135
6857|136
6857|137
6857|138
6857|139
6857|140
6857|141
6857|168
83648|17
6857|142
6857|143
6857|144
6857|145
6857|146
6857|147
6857|148
6857|149
6857|150
6857|151
6857|152
6857|153
6857|154
6857|155
6857|156
6857|157
6857|158
6857|159
6857|160
6857|161
6857|162
6857|163
6857|164
6857|165
6857|166
6857|167
125220|30
6857|169
6857|170
6857|171
6857|172
6857|173
6857|174
6857|175
6857|176
6857|177
6857|178
6857|179
6857|180
6857|181
6857|182
6857|183
6857|184
6857|185
6857|186
6857|187
6857|188
6857|189
6857|190
6857|191
9092|1
9092|2
9092|3
9092|4
9092|5
9092|6
9092|7
9092|8
9092|9
9092|10
9092|11
9092|12
53151|70
125220|32
125220|33
125220|34
125220|35
125220|36
125220|37
125220|38
125220|39
125220|40
125220|41
125220|42
125497|1
125497|3
125497|4
125497|5
125497|6
125497|7
125497|8
125497|9
125497|10
129603|1
129603|2
129603|3
129603|4
129603|5
129603|6
129603|7
129603|8
129603|9
129603|10
129603|11
129603|12
129603|13
129603|14
129603|15
129603|16
129603|17
129603|18
129603|19
129603|20
129603|21
75229|1
75229|2
75229|3
75229|4
75229|5
75229|6
75229|7
75229|8
75229|9
75229|10
75229|11
75229|12
75229|13
75229|14
75229|15
75229|16
75229|17
75229|18
75229|19
75229|20
75229|21
75229|22
75293|1
75293|2
75293|3
75293|4
75293|5
75293|6
75293|7
75293|8
75293|9
131211|26
131211|27
131211|28
131211|29
131211|30
131211|31
131211|32
131211|33
131211|34
131211|35
131211|36
131211|37
131211|38
132386|1
132386|3
132386|4
132386|5
132386|6
132386|7
132386|8
132386|9
132386|10
132386|11
132386|12
132386|13
132386|14
1630|17
129497|6
129497|7
129497|8
129497|9
129497|10
129497|11
129497|12
129497|13
129497|14
129497|15
129497|16
129497|17
129497|18
129497|19
129497|20
132754|1
132754|3
132754|4
132754|5
132754|6
132754|7
132754|8
75459|77
9092|14
9092|15
9092|16
9092|17
9092|18
9092|19
9092|20
19985|1
19985|2
19985|3
19985|4
19985|5
19985|6
19985|7
19985|8
19985|9
19985|10
19985|11
19985|12
19985|13
19985|14
19985|15
19985|16
19985|17
19985|18
19985|19
19985|20
19985|21
19985|22
19985|23
19985|24
19985|25
19985|26
19985|27
19985|28
19985|29
19985|30
19985|31
19985|32
19985|33
19985|34
19985|35
19985|36
19985|37
19985|38
19985|39
19985|40
19985|41
19985|42
19985|43
75293|10
75293|11
75293|12
75293|13
75293|14
75293|15
75293|16
75293|17
75293|18
75459|1
75459|2
75459|3
75459|4
75459|5
75459|6
75459|7
75459|8
75459|9
75459|10
75459|11
75459|12
75459|13
75459|14
75459|15
75459|16
75459|17
132386|15
132386|16
132386|17
132386|18
132386|19
132386|20
132386|21
132386|22
132386|23
132386|24
132754|1
132754|3
132754|4
132754|5
132754|6
132754|7
132754|8
132754|9
75459|78
132754|9
132754|10
132754|11
132754|12
133294|1
133294|2
133294|3
133294|4
133294|5
133294|6
133294|7
133294|8
133294|9
133294|10
133294|11
133294|12
133294|13
133294|14
133294|15
133294|16
133294|17
133294|18
133294|19
133294|20
137393|1
137393|2
132754|10
132754|11
132754|12
135592|1
135592|2
135592|3
135592|4
135592|5
135592|6
135592|7
135592|8
135592|9
135592|10
135592|11
135592|12
135592|13
135592|14
135592|15
135592|16
135592|17
135592|18
135592|19
135592|20
135592|21
139396|1
139396|2
139396|3
1630|18
19985|44
19985|45
19985|46
19985|47
19985|48
19985|49
19985|50
19985|51
19985|52
19985|53
19985|54
19985|55
19985|56
19985|57
19985|58
19985|59
19985|60
19985|61
19985|62
19985|63
19985|64
19985|65
19985|66
53151|1
53151|2
53151|3
53151|4
53151|5
53151|6
53151|7
53151|8
53151|9
53151|10
53151|11
53151|12
53151|13
53151|14
53151|15
129603|23
129603|24
129603|25
129603|26
129603|27
129603|28
129603|29
129603|30
135864|1
135864|2
135864|3
135864|4
135864|5
135864|6
135864|7
135864|8
135864|9
135864|10
135864|11
135864|12
135864|13
135864|14
135864|15
135864|16
135864|17
135864|18
135942|1
135942|2
135942|3
135942|4
135942|5
135942|6
135942|7
53151|16
53151|17
53151|18
53151|19
53151|20
53151|21
53151|22
53151|23
53151|24
53151|25
53151|26
53151|27
53151|28
53151|29
53151|30
53151|31
53151|32
53151|33
53151|34
53151|35
53151|36
53151|37
53151|38
53151|39
53151|40
53151|41
137393|3
53151|42
53151|43
53151|44
53151|45
53151|46
53151|47
53151|48
53151|49
53151|50
53151|51
53151|52
53151|53
53151|54
53151|55
53151|56
53151|57
53151|58
53151|59
53151|60
53151|61
53151|62
53151|63
53151|64
53151|65
53151|66
53151|67
53151|68
53151|69
75459|18
75459|19
75459|20
75459|21
75459|22
75459|23
75459|24
75459|25
75459|26
75459|27
75459|28
75459|29
75459|30
75459|31
75459|32
75459|33
75459|34
75459|35
75459|36
75459|37
75459|38
75459|39
75459|40
75459|41
75459|42
75459|43
75459|44
75459|45
53151|71
53151|72
75459|46
75459|47
75459|48
75459|49
75459|50
75459|51
75459|52
75459|53
75459|54
75459|55
75459|56
75459|57
75459|58
75459|59
75459|60
75459|61
75459|62
75459|63
75459|64
75459|65
75459|66
75459|67
75459|68
75459|69
75459|70
75459|71
75459|72
75459|73
75459|74
75459|75
75459|76
75459|79
75459|80
75459|81
75459|82
75459|83
75459|84
75459|85
75459|86
75459|87
75459|88
75459|89
78216|1
78216|2
78216|3
78216|4
78216|5
78216|6
78216|7
78216|8
78216|9
78216|10
78216|11
78216|12
78216|13
78216|14
78216|15
78216|16
78291|1
78291|2
78291|3
55738|1
55738|2
55738|3
55738|4
55738|5
55738|6
55738|7
55738|8
55738|9
55738|10
55738|11
55738|12
55738|13
55738|14
55738|15
55738|16
55738|17
55738|18
58351|1
58351|3
58351|4
58351|5
58351|6
58351|7
135942|8
75090|15
137393|4
137393|5
137393|6
137393|7
137393|8
137393|9
137393|10
137393|11
137393|12
137393|13
137393|14
137393|15
137393|16
137393|17
137393|18
137393|19
137393|20
137393|21
137393|22
137393|23
137393|24
137393|25
137393|26
137393|27
137711|1
137711|2
137711|4
137711|5
137711|6
137711|7
137711|8
137711|9
137711|10
137711|11
137711|12
137711|13
137711|14
137711|15
137711|16
137711|17
137711|18
58351|8
58351|9
58351|10
58351|11
58351|12
58351|13
58351|14
58351|15
58351|16
61974|1
61974|3
61974|4
61974|5
61974|6
61974|7
80362|13
135942|9
135942|10
135942|11
135942|12
135942|13
135942|14
135942|15
138962|1
138962|2
138962|4
138962|5
138962|6
138962|7
138962|8
138962|9
138962|10
138962|11
138962|12
138962|13
138962|14
138962|15
138962|16
6812|1
6812|2
6812|3
7575|1
95665|12
95665|13
137711|19
137711|20
137711|21
137711|22
137711|23
137711|24
137711|25
137711|26
137711|27
137711|28
137711|29
137810|1
137810|2
137810|3
137810|4
137810|5
137810|6
137810|7
137810|8
137810|9
137810|10
137810|11
137810|12
137810|13
137810|14
137810|15
137810|16
137810|17
137810|18
137810|19
137810|20
137810|21
75090|16
78291|5
78291|6
78291|7
78291|8
78291|9
78291|10
78291|11
78291|12
78291|13
78291|14
78291|15
78291|16
78291|17
80362|1
80362|2
80362|3
80362|4
80362|5
80362|6
80362|7
80362|8
80362|9
80362|10
80362|11
80362|12
80362|14
80362|15
61974|8
61974|9
61974|10
61974|11
62767|0
62767|1
62767|2
62767|3
62767|4
62767|5
62767|6
62767|7
62767|8
62767|9
62767|10
62767|11
62767|12
62767|13
62767|14
62767|15
62767|16
62767|17
93086|28
93086|29
80362|16
80362|17
80362|18
80362|19
80362|20
80362|21
80362|22
80362|23
80362|24
80362|25
80362|26
80362|27
80362|28
80362|29
80362|30
80362|31
80362|32
80362|33
80362|34
80362|35
80362|36
80362|37
80362|38
80362|39
80362|40
80362|41
62767|46
80362|42
80362|43
80362|44
80362|45
80362|46
80362|47
80362|48
80362|49
80362|50
80362|51
80362|52
80362|53
80362|54
80362|55
80362|56
80362|57
80362|58
80362|59
80362|60
80362|61
80362|62
93086|30
80362|63
82479|1
82479|3
82479|4
82479|5
82479|6
82479|7
82479|8
82479|9
82479|10
82479|11
82479|12
82479|13
82479|14
82479|15
82479|16
82479|17
82479|18
82479|19
82479|20
82479|21
82479|22
82479|23
82479|24
82479|25
82479|26
82479|27
82479|28
62767|45
82479|29
82479|30
82479|31
82479|32
82479|33
82479|34
83648|1
83648|2
83648|3
83648|4
83648|5
83648|6
83648|7
83648|8
83648|9
83648|10
83648|11
83648|12
83648|13
83648|14
83648|15
83648|16
62767|18
62767|19
62767|20
62767|21
62767|22
62767|23
62767|24
62767|25
62767|26
62767|27
62767|28
62767|29
62767|30
62767|31
62767|32
62767|33
62767|34
62767|35
62767|36
62767|37
62767|38
62767|39
62767|40
62767|41
62767|42
62767|43
62767|44
93086|31
62767|47
62767|48
62767|49
62767|50
62767|51
62767|52
62767|53
62767|54
62767|55
62767|56
62767|57
62767|58
62767|59
62767|60
62767|61
62767|62
62767|63
62767|64
62767|65
62767|66
62767|67
62767|68
62767|69
62767|94
93086|32
93086|33
62767|70
62767|71
62767|72
62767|73
62767|74
62767|75
62767|76
62767|77
62767|78
62767|79
62767|80
62767|81
62767|82
62767|83
62767|84
62767|85
62767|86
62767|87
62767|88
62767|89
62767|90
62767|91
62767|92
62767|93
62767|95
62767|96
62767|97
62767|98
62767|99
62767|100
62767|101
62767|102
62767|103
62767|104
62767|105
62767|106
62767|107
62767|108
62767|109
62767|110
62767|111
62767|112
62767|113
62767|114
62767|115
62767|116
62767|117
62767|118
62767|119
62767|120
62767|121
62767|122
62767|123
62767|124
62767|125
62767|126
62767|127
62767|128
62767|129
62767|130
62767|131
62767|132
62767|133
62767|134
62767|135
62767|136
62767|137
63934|1
63934|3
63934|4
63934|5
63934|6
63934|7
63934|8
63934|9
63934|10
63934|11
65208|1
65208|2
65208|3
65208|4
65208|5
65208|6
65208|7
65208|8
65208|9
65208|10
65208|11
65208|12
65208|13
65208|14
1630|19
83648|18
83648|19
83648|20
83648|21
83648|22
83648|23
83648|24
83648|25
83648|26
83648|27
83648|28
83648|29
83648|30
83648|31
83648|32
83648|33
83648|34
83648|35
83711|1
83711|3
83711|4
83711|5
83711|6
83711|7
83711|8
83711|9
65208|15
92262|16
83711|10
83711|11
83711|12
83711|13
83711|14
83711|15
83711|16
83711|17
83711|18
83711|19
83711|20
83711|21
83711|22
83711|23
83711|24
83711|25
83711|26
83711|27
83711|28
83711|29
89200|1
89200|2
89200|3
89200|4
89200|5
89200|6
89200|7
89200|8
89200|9
89200|10
89200|11
89200|12
89200|13
89200|14
89200|15
89200|16
89200|17
65208|16
65208|17
65208|18
65208|19
65208|20
65208|21
71939|1
71939|2
71939|4
71939|5
71939|6
71939|7
71939|8
71939|9
71939|10
71939|11
71939|12
71939|13
71939|14
71939|15
71939|16
71939|17
71939|18
71939|19
71939|20
71939|21
92262|17
92262|18
71939|22
71939|23
71939|24
75305|1
75305|2
75305|3
75305|4
75305|5
75305|6
75305|7
75305|8
75305|9
75305|10
75305|11
75305|12
75305|13
75305|14
75305|15
75305|16
75305|17
77188|1
77188|2
77188|3
77188|4
77188|5
77188|6
77188|7
77188|8
79114|13
93086|23
91609|1
91609|2
91609|3
91609|4
91609|5
91609|6
91609|7
91609|8
91609|9
91609|10
92474|1
92474|2
92474|3
92474|4
92474|5
92474|6
92474|7
92474|8
92474|9
92474|10
92474|11
92474|12
92474|13
93086|34
139396|4
139396|5
139396|7
139396|8
139396|9
139396|10
139396|11
139396|12
139396|13
139396|14
139396|15
139396|16
139396|17
139396|18
139396|19
139396|20
139396|21
139396|22
139396|23
139396|24
139396|25
139396|26
139396|27
139396|28
139612|1
139612|2
139612|3
139612|4
490|16
490|17
92474|14
92474|15
92474|16
92474|17
92474|18
92474|19
95759|1
95759|2
95759|3
95759|4
95759|5
95759|6
95759|7
95759|8
95759|9
95759|10
95759|11
95759|12
95759|13
95759|14
95759|15
95759|16
95759|17
98230|1
490|18
490|19
94704|30
94704|31
139612|5
139612|6
139612|7
139612|8
139612|9
139612|10
139612|11
139612|12
139612|13
139612|14
139612|15
139612|16
139612|17
17|1
17|2
17|3
17|4
490|20
7721|29
100486|1
77188|9
77188|10
77188|11
77188|12
77188|13
77188|14
77188|15
79114|1
79114|2
79114|3
79114|4
79114|5
79114|6
79114|7
79114|8
79114|9
79114|10
79114|11
79114|12
1630|14
17|5
17|6
17|7
17|8
17|9
17|10
17|11
17|12
17|13
17|14
17|15
17|16
17|17
17|18
17|19
17|20
490|1
490|2
490|3
490|4
490|5
490|6
490|7
490|8
490|9
490|10
490|11
490|12
490|13
490|14
490|15
100486|3
79114|14
79114|15
79114|16
79114|17
79114|18
83800|1
83800|2
83800|3
83800|4
83800|5
83800|6
83800|7
83800|8
83800|9
83800|10
83800|11
85283|1
85283|2
85283|3
85283|4
85283|5
85283|6
85283|7
85283|8
85283|9
85283|10
85283|11
1630|15
1630|16
8743|79
98230|2
105692|1
105692|2
105692|3
105692|4
105692|5
105692|6
105692|7
105692|8
105692|9
105692|10
105692|11
105764|1
105764|2
105764|3
105764|4
105764|5
105764|6
105764|7
105764|8
105764|9
105764|10
105764|11
105764|12
105764|13
105764|14
105764|15
105764|16
105764|17
105764|18
105764|19
108895|1
108895|2
490|21
490|22
490|23
490|24
490|25
490|26
490|27
490|28
490|29
490|30
490|31
490|32
490|33
490|34
490|35
490|36
490|37
490|38
490|39
490|40
490|41
490|42
490|43
490|44
490|45
1630|1
1630|2
1630|3
1630|4
1630|5
1630|6
1630|7
1630|8
1630|9
1630|10
1630|11
1630|12
1630|13
8743|80
8743|81
85283|12
85283|13
85283|14
85283|15
85283|16
85283|17
90515|1
90515|3
90515|4
90515|5
90515|6
90515|7
90515|8
90515|9
90515|10
90515|11
90515|12
92262|1
92262|2
92262|3
92262|4
92262|5
92262|6
92262|7
92262|8
92262|9
92262|10
92262|11
92262|12
92262|13
92262|14
92262|15
1630|20
1630|21
1630|22
1630|23
1630|24
1630|25
2153|1
2153|2
2153|3
2153|4
2153|5
2153|6
2153|7
2153|8
2153|9
2153|10
2153|11
2153|12
2153|13
2153|14
2153|15
2153|16
2153|17
2153|18
2153|19
2153|20
2153|21
2153|22
2153|23
2153|24
2153|25
2153|26
2153|27
2153|28
2153|29
2153|30
2153|31
2153|32
2153|33
2153|34
2153|35
2153|36
2153|37
2153|38
2153|39
2153|40
2153|41
2153|42
2153|43
95665|11
2153|44
2153|45
2153|46
2153|47
2153|48
2153|49
2153|50
2153|51
2153|52
2153|53
2153|54
2153|55
2153|56
2153|57
2153|58
2153|59
2153|60
2153|61
2153|62
2153|63
3739|1
3739|2
3739|3
3739|4
3739|5
3739|6
3739|7
3739|8
3739|9
93086|25
93086|26
92262|19
92262|20
92262|21
92262|22
92262|23
92262|24
92262|25
92262|26
92262|27
92262|28
92262|29
93086|1
93086|3
93086|4
93086|5
93086|6
93086|7
93086|8
93086|9
93086|10
93086|11
93086|12
93086|13
93086|14
93086|15
93086|16
93086|17
93086|18
93086|19
93086|20
93086|21
93086|22
108895|3
108895|4
108895|5
108895|6
108895|7
108895|8
108895|9
108895|10
108895|11
108895|12
108895|13
108895|14
108895|15
108895|16
108895|17
108895|18
108895|19
108895|20
108895|21
108895|22
108895|23
108895|24
108895|25
110357|1
110357|2
110357|3
110357|4
110357|5
110357|6
110357|7
110357|8
112611|1
112611|3
112611|4
112611|5
112611|6
112611|7
112611|8
112611|9
8743|166
3739|10
3739|11
3739|12
3739|13
3739|14
3739|15
3739|16
3739|17
3739|18
3739|19
3739|20
3739|21
3739|22
3739|23
3739|24
93086|24
3739|25
3739|26
3739|27
3739|28
3739|29
3739|30
5969|1
5969|2
5969|3
5969|4
5969|5
5969|6
5969|7
5969|8
5969|9
5969|10
5969|11
5969|12
5969|13
5969|14
5969|15
5969|16
5969|17
5969|18
5969|19
5969|20
5969|21
5969|22
5969|23
5969|24
5969|25
5969|26
5969|27
5969|28
137810|24
93086|35
94704|1
94704|2
94704|3
94704|4
94704|5
94704|6
94704|7
94704|8
94704|9
94704|10
94704|11
94704|12
94704|13
94704|14
94704|15
94704|16
94704|17
94704|18
94704|19
94704|20
94704|21
94704|22
94704|23
94704|24
94704|25
94704|26
94704|27
94704|28
94704|29
5969|29
5969|30
5969|31
5969|32
5969|33
5969|34
5969|35
5969|36
5969|37
5969|38
5969|39
5969|40
5969|41
5969|42
5969|43
5969|44
5969|45
5969|46
5969|47
5969|48
5969|49
5969|50
5969|51
5969|52
5969|53
5969|54
5969|55
5969|56
5969|57
5969|58
5969|59
5969|60
5969|61
5969|62
5969|63
5969|64
5969|65
102286|18
75090|17
5969|66
5969|67
5969|68
5969|69
5969|70
5969|71
5969|72
5969|73
5969|74
5969|75
5969|76
5969|77
5969|78
5969|79
5969|80
5969|81
5969|82
5969|83
5969|84
5969|85
5969|86
5969|87
5969|88
5969|89
5969|90
32441|1
32441|2
32441|3
32441|4
52650|26
112611|10
112611|11
112611|12
112611|13
112611|14
112611|15
112611|16
112611|17
112611|18
112611|19
112611|20
113244|1
113244|2
113244|3
113244|4
113952|1
113952|2
113952|3
113952|4
113952|5
113952|6
113952|7
113952|8
113952|9
113952|10
113952|11
113952|12
113952|13
113952|14
113952|15
113952|16
113952|17
117725|1
117725|2
117725|3
117725|4
32441|5
32441|6
32441|7
32441|8
32441|9
32603|1
32603|2
32603|3
32603|4
32603|5
32603|6
32603|7
32603|8
32603|9
32603|10
32603|11
32603|12
32603|13
32603|14
32603|15
32603|16
32603|17
32603|18
32603|19
32603|20
32603|21
32603|22
32603|23
32603|24
32603|25
32603|26
32603|27
32603|28
32603|29
32603|30
102286|19
7575|2
7575|3
7575|4
7575|5
7575|6
7575|7
7575|8
7721|1
7721|2
7721|3
7721|4
7721|5
7721|6
7721|7
7721|8
7721|9
7721|10
7721|11
7721|12
94985|1
94985|2
94985|3
94985|4
94985|5
94985|6
94985|7
94985|8
94985|9
94985|10
94985|11
94985|12
94985|13
94985|14
94985|15
95665|1
95665|2
95665|3
95665|4
95665|5
95665|6
95665|7
95665|8
95665|9
95665|10
32603|31
32603|32
32603|33
32603|34
32603|35
32603|36
32603|37
32603|38
32603|39
32603|40
32603|41
32603|42
32603|43
32603|44
32603|45
32603|46
32603|47
32603|48
32603|49
32603|50
32603|51
32603|52
32603|53
32603|54
32603|55
32603|56
32603|57
32603|58
32603|59
32603|60
32603|61
32603|62
32603|63
32603|64
32603|65
33081|1
52650|1
52650|3
52650|4
52650|5
52650|6
52650|7
52650|8
65758|2
7721|13
7721|14
7721|15
7721|16
7721|17
7721|18
7721|19
7721|20
7721|21
7721|22
7721|23
7721|24
7721|25
7721|26
7721|27
7721|28
7721|30
7721|31
7721|32
7721|33
7721|34
7721|35
7721|36
7721|37
7721|38
7721|39
8743|1
8743|2
8743|3
8743|4
8743|5
8743|6
8743|7
8743|8
8743|9
8743|10
8743|11
8743|12
8743|13
8743|14
8743|15
8743|16
8743|17
8743|18
8743|19
8743|20
52650|9
52650|10
52650|11
52650|12
52650|13
52650|14
52650|15
52650|16
52650|17
52650|18
52650|19
52650|20
52650|21
52650|22
52650|23
52650|24
52650|25
65758|3
52650|27
52650|28
52650|29
52650|30
52650|31
64197|1
64197|2
64197|3
64197|4
64197|5
64197|6
64197|7
64197|8
64197|9
64197|10
64197|11
64197|12
64197|13
64197|14
64197|15
64197|16
64197|17
64197|18
65758|1
117725|5
117725|6
117725|7
117725|8
117725|9
117725|10
117725|11
121454|1
121454|2
121454|3
121454|4
121454|5
121454|6
121454|7
121454|8
121454|9
121454|10
121454|11
121454|12
121454|13
121454|14
121454|15
121454|16
121454|17
121454|18
121454|19
121454|20
121454|21
121454|22
121454|23
121454|24
121454|25
121454|26
123714|1
104278|17
100486|4
100486|5
100486|6
100486|7
100486|8
100486|9
100486|10
100486|11
100486|12
100486|13
100486|14
100486|15
100486|16
100486|17
100486|18
100486|19
100486|20
100486|21
100486|22
102286|1
102286|3
102286|4
102286|5
102286|6
102286|7
102286|8
102286|9
102286|10
102286|11
102286|12
102286|13
102286|14
102286|15
102286|16
102286|17
8743|21
8743|22
8743|23
8743|24
8743|25
8743|26
8743|27
8743|28
8743|29
8743|30
8743|31
8743|32
8743|33
8743|34
8743|35
8743|36
8743|37
8743|38
8743|39
8743|40
8743|41
8743|42
8743|43
8743|44
8743|45
65758|4
1960|4
8743|46
8743|47
8743|48
8743|49
8743|50
8743|51
8743|52
8743|53
8743|54
8743|55
8743|56
8743|57
8743|58
8743|59
8743|60
8743|61
8743|62
8743|63
8743|64
8743|65
8743|66
8743|67
8743|68
8743|69
8743|70
8743|71
8743|72
8743|73
8743|74
8743|75
8743|76
8743|77
8743|78
8743|82
8743|83
8743|84
8743|85
8743|86
8743|87
8743|88
8743|89
8743|90
8743|91
8743|92
8743|93
8743|94
8743|95
8743|96
8743|97
8743|98
8743|99
8743|100
8743|101
8743|102
8743|103
8743|104
8743|105
8743|106
8743|107
8743|108
8743|109
8743|110
8743|111
8743|112
8743|113
137810|22
8743|114
8743|115
8743|116
8743|117
8743|118
8743|119
8743|120
8743|121
8743|122
8743|123
8743|124
8743|125
8743|126
8743|127
8743|128
8743|129
8743|130
8743|131
8743|132
8743|133
8743|134
8743|135
8743|136
8743|137
8743|138
8743|139
8743|140
8743|141
8743|142
8743|143
8743|144
137810|23
8743|145
8743|146
8743|147
8743|148
8743|149
8743|150
8743|151
8743|152
8743|153
8743|154
8743|155
8743|156
8743|157
8743|158
8743|159
8743|160
8743|161
8743|162
8743|163
8743|164
8743|165
19984|6
8743|167
8743|168
8743|169
8743|170
8743|171
8743|172
8743|173
8743|174
9973|1
9973|2
9973|3
9973|4
9973|5
9973|6
9973|7
9973|8
9973|9
9973|10
9973|11
9973|12
19984|1
19984|2
19984|3
19984|4
19984|5
137810|25
137810|26
137810|27
137810|28
137810|29
137810|30
137810|31
137810|32
137810|33
137810|34
137810|35
137810|36
137810|37
137810|38
137810|39
137810|40
137810|41
137810|42
138661|1
138661|2
138661|3
138661|4
138661|5
138661|6
138661|7
138661|8
138661|9
138661|10
138661|11
138661|12
1960|1
1960|2
1960|3
102286|20
102286|21
102286|22
102286|23
102286|24
102286|25
102286|26
102286|27
102286|28
102286|29
102286|30
102286|31
102286|32
102286|33
102286|34
102286|35
102286|36
102286|37
104278|1
104278|2
104278|3
104278|4
104278|5
104278|6
104278|7
104278|8
104278|9
104278|10
104278|11
104278|12
104278|13
104278|14
104278|15
104278|16
19984|7
19984|8
33001|3
65758|5
65758|6
65758|7
65758|8
65758|9
65758|10
65758|11
65758|12
65758|13
65758|14
65758|15
65758|16
65758|17
65758|18
65758|19
65758|20
65758|21
65758|22
67308|1
67308|2
67308|3
67308|4
67308|5
67308|6
67308|7
67308|8
67308|9
3344|7
123714|2
123714|3
123714|4
123714|5
123714|6
123714|7
123714|8
123714|9
123714|10
123714|11
123714|12
123714|13
123714|14
123714|15
123714|16
123714|17
123714|18
123714|19
123714|20
123714|21
123714|22
123714|23
128254|1
128254|2
128254|4
128254|5
128254|6
128254|7
128254|8
128254|9
128254|10
128254|11
128254|12
128254|13
128254|14
105497|17
104278|18
104278|19
104278|20
104278|21
104278|22
104278|23
104278|24
104278|25
104278|26
104278|27
104278|28
104278|29
105497|1
105497|2
105497|3
105497|4
105497|5
105497|6
105497|7
105497|8
105497|9
105497|10
105497|11
105497|12
105497|13
105497|14
105497|15
105497|16
1960|5
1960|6
1960|7
1960|8
1960|9
1960|10
1960|11
1960|12
1960|13
1960|14
1960|15
1960|16
1960|17
1960|18
1960|19
1960|20
1960|21
1960|22
1960|23
1960|24
1960|25
2428|1
2428|2
2428|3
2428|4
2428|5
2428|6
2428|7
2428|8
33001|4
19984|9
19984|10
19984|11
19984|12
19984|13
19984|14
19984|15
19984|16
19984|17
19984|18
19984|19
19984|20
19984|21
19984|22
19984|23
19984|24
19984|25
19984|26
19984|27
19984|28
19984|29
19984|30
19984|31
19984|32
19984|33
19984|34
19984|35
19984|36
19984|37
19984|38
129796|20
19984|39
19984|40
19984|41
19984|42
19984|43
19984|44
19984|45
19984|46
19984|47
19984|48
19984|49
19984|50
19984|51
19984|52
19984|53
19984|54
19984|55
19984|56
20537|1
20537|2
20537|3
20537|4
20537|5
20537|6
20537|7
20537|8
20537|9
67308|10
129796|21
128254|15
128254|16
128254|17
128254|18
128254|19
128254|20
128254|21
128254|22
128254|23
129796|1
129796|2
129796|3
129796|4
129796|5
129796|6
129796|7
129796|8
129796|9
129796|10
129796|11
129796|12
129796|13
129796|14
129796|15
129796|16
129796|17
129796|18
129796|19
75090|18
105497|18
105497|19
105497|20
105930|1
105930|2
105930|3
105930|4
105930|5
105930|6
105930|7
105930|8
105930|9
105930|10
105930|11
105930|12
105930|13
105930|14
105930|15
105930|16
105930|17
105930|18
105930|19
106370|1
106370|2
106370|3
106370|4
106370|5
106370|6
106370|7
106370|8
75090|19
20537|10
20537|11
20537|12
20537|13
20537|14
20537|15
20537|16
20537|17
20537|18
20537|19
20537|20
32669|1
32669|2
32669|3
32669|4
32669|5
32669|6
32669|7
32669|8
32669|9
32669|10
32669|11
32669|12
32669|13
32669|14
32669|15
32669|16
32669|17
32669|18
59069|1
59069|3
109548|24
67308|11
67308|12
67308|13
67308|14
67308|15
67308|16
67308|17
81499|1
81499|2
81499|3
81499|4
81499|5
81499|6
81499|7
81499|8
81499|9
81499|10
81499|11
81499|12
88547|1
106370|9
52029|10
2428|9
2428|10
2428|11
2428|12
2428|13
2428|14
2428|15
2428|16
2428|17
2428|18
2428|19
2428|20
2428|21
2428|22
2428|23
2428|24
2428|25
2428|26
2428|27
2428|28
2428|29
2428|30
3344|1
3344|2
3344|3
3344|4
3344|5
3344|6
129796|22
129796|23
129796|24
129796|25
129796|26
132711|1
132711|2
132711|3
132711|4
132711|5
132711|6
132711|7
132711|9
132711|10
132711|11
132711|12
132711|13
132711|14
132711|15
132711|16
132711|17
132711|18
132711|19
132711|20
132711|21
132711|22
59481|29
3344|8
3344|9
3344|10
3344|11
3344|12
3344|13
3344|14
3844|1
3844|2
3844|3
3844|4
3844|5
3844|6
3844|7
3844|8
3844|9
3844|10
59069|4
59069|5
75090|20
132711|23
132711|24
132711|25
132711|26
132711|27
132711|28
132711|29
132711|30
133269|1
133269|3
133269|4
133269|5
133269|6
133269|7
133269|8
133269|9
133269|10
133269|11
137139|1
137139|2
137139|4
137139|5
137139|6
137139|7
137139|8
137139|9
137139|10
137139|11
137139|12
137139|13
3844|11
3844|12
3844|13
3844|14
3844|15
3844|16
3844|17
8411|1
8411|2
8411|3
8411|4
8411|5
8411|6
8411|7
8411|8
8411|9
8411|10
8411|11
8411|12
8411|13
8411|14
8411|15
8411|16
8411|17
8411|18
8411|19
61767|1
61767|2
59069|6
59069|7
59069|8
59069|9
59069|10
59069|11
59069|12
59069|13
59069|14
59069|15
59069|16
59069|17
59069|18
59069|19
59069|20
59069|21
59069|22
59069|23
59069|24
59069|25
59069|26
59069|27
59069|28
59069|29
59069|30
59069|31
59069|32
59069|33
59069|34
59069|35
59069|36
59069|37
59069|38
59069|39
59069|40
59069|41
59069|42
59069|43
59069|44
59069|45
59069|46
59069|47
59069|48
59069|49
59069|50
59069|51
59069|52
59069|53
59069|54
59069|55
59069|56
59069|57
59069|58
59069|59
59481|1
59481|2
59481|3
59481|4
59481|5
59481|6
59481|7
59481|8
59481|9
59481|10
59481|11
59481|12
59481|13
59481|14
137139|14
88547|2
88547|3
88547|4
88547|5
88547|6
88547|7
88547|8
88547|9
88547|10
88547|11
88547|12
88547|13
88547|14
88728|1
88728|2
88728|3
88728|4
88728|5
88728|6
88728|7
137139|15
137139|16
106370|10
106370|11
106370|12
106370|13
106370|14
106370|15
106370|16
106370|17
106370|18
106370|19
106370|20
106370|21
106370|22
106370|23
106370|24
106370|25
108282|1
108282|3
108282|4
108282|5
108282|6
108282|7
108282|8
108282|9
108282|10
108282|11
108282|12
108282|13
108282|14
108282|15
8411|20
8411|21
8411|22
9537|1
9537|2
9537|3
9537|4
9537|5
9537|6
9537|7
9537|8
9537|9
9537|10
9537|11
9537|12
9537|13
9537|14
9537|15
9537|16
9537|17
10458|1
10458|2
10458|3
10458|4
10458|5
59481|15
59481|16
59481|17
59481|18
59481|19
59481|20
59481|21
59481|22
59481|23
59481|24
59481|25
59481|26
59481|27
59481|28
88728|8
88728|9
88728|10
88728|11
88902|1
97654|1
97654|2
97654|3
97654|4
97654|5
97654|6
97654|7
97654|8
97654|9
97654|10
97654|11
103022|1
103022|2
103022|3
103022|4
103022|5
103022|6
108282|16
108282|17
108282|18
108282|19
109193|1
109193|2
109193|3
109193|4
109193|5
109193|6
109193|7
109193|8
109193|9
109193|10
109193|11
109193|12
109193|13
109193|14
109193|15
109193|16
109193|17
109193|18
109193|19
109193|20
109193|21
109193|22
111178|1
111178|2
119938|16
61767|3
61767|4
61767|5
61767|6
61767|7
61767|8
61767|9
61767|10
61767|11
61767|12
61767|13
61767|14
61767|15
61767|16
61767|17
61767|18
61767|19
61767|20
61767|21
61767|22
61767|23
61767|24
61767|25
61767|26
61767|27
65174|1
65174|3
65174|4
65174|5
65174|6
65174|7
65174|8
65174|9
65174|10
65174|11
137139|17
137139|18
137139|19
137139|20
137139|21
137139|22
137139|23
137139|24
137139|25
137139|26
137139|27
137139|28
137139|29
137139|30
137139|31
137139|32
137139|33
137139|34
137139|35
137139|36
137139|37
137139|38
137139|39
137139|40
137139|41
137139|42
137139|43
137139|44
137139|45
137711|1
137711|2
137711|4
137711|5
137711|6
137711|7
137711|8
137711|9
137711|10
137711|11
137711|12
137711|13
137711|14
137711|15
137711|16
137711|17
137711|18
137711|19
137711|20
137711|21
137711|22
137711|23
137711|24
137711|25
137711|26
137711|27
137711|28
137711|29
515|1
515|2
515|3
515|4
515|5
515|6
515|7
515|8
515|9
65174|13
65174|14
65174|15
65174|16
65174|17
65174|18
65174|19
65174|20
65174|21
65174|22
65174|23
65174|24
65174|25
65174|26
65174|27
69209|1
69209|2
69209|3
69209|4
69209|5
69209|6
69209|7
69209|8
69209|9
69209|10
69209|11
69209|12
10458|6
10458|7
10458|8
10458|9
10458|10
10458|11
10458|12
10458|13
10458|14
10529|1
10529|2
10529|3
10529|4
10529|5
10529|6
10529|7
10529|8
10529|9
10529|10
10529|11
10529|12
10529|13
10529|14
10529|15
10529|16
10529|17
10529|18
10529|19
10529|20
10529|21
10529|22
103022|7
111178|3
112533|1
112533|2
112533|3
112533|4
112533|5
112533|6
112533|7
112533|8
112533|9
112533|10
112533|11
112533|12
112533|13
112533|14
112533|15
112533|16
112533|17
112533|18
112533|19
112533|20
112565|1
112565|3
112565|4
112565|5
112565|6
112565|7
81421|20
69209|15
69209|16
69209|17
69209|18
69209|19
69209|20
69209|21
69209|22
69209|23
69209|24
69209|25
69209|26
69209|27
69209|28
69209|29
69209|30
69209|31
69209|32
69209|33
69209|34
69209|35
69209|36
69209|37
69209|38
69209|39
69209|40
69209|41
69209|42
69209|43
69297|30
69209|44
69209|45
69209|46
69209|47
69209|48
69209|49
69209|50
69209|51
69209|52
69209|53
69209|54
69209|55
69209|56
69209|57
69209|58
69209|59
69209|60
69209|61
69209|62
69209|63
69209|64
69209|65
69209|66
69209|67
69209|68
69209|69
69209|70
69209|71
69209|72
69209|73
69209|74
69209|75
69209|76
69209|77
69209|78
69209|79
69209|80
69297|31
69297|32
69209|81
69209|82
69209|83
69209|84
69209|85
69209|86
69209|87
69209|88
69209|89
69209|90
69209|91
69209|92
69209|93
69209|94
69209|95
69209|96
69209|97
69209|98
69209|99
69209|100
69297|1
69297|2
69297|3
69297|4
69297|5
69297|6
69297|7
69297|8
69297|9
69297|10
69297|11
69297|12
69297|13
69297|14
69297|15
69297|16
69297|17
69297|18
69297|19
69297|20
69297|21
69297|22
69297|23
69297|24
69297|25
69297|26
69297|27
69297|28
69297|29
10529|23
10529|24
10529|25
10529|26
10529|27
10529|28
10529|29
30671|1
30671|2
30671|3
30671|4
30671|5
30671|6
30671|7
30671|8
30671|9
30671|10
30671|11
30671|12
30671|13
30671|14
30671|15
30671|16
30671|17
30671|18
30671|19
30671|20
30671|21
33001|1
33001|2
103022|8
103022|9
103022|10
103022|11
103022|12
103022|13
103022|14
103022|15
103022|16
103022|17
107107|1
107107|2
107107|3
107107|4
107107|5
107107|6
107107|7
107107|8
107107|9
107107|10
107107|11
107107|12
107107|13
107107|14
107107|15
107107|16
107107|17
107107|18
107107|19
107107|20
108024|1
61115|17
69297|35
69297|36
69297|37
69297|38
69297|39
69297|40
69297|41
69297|42
69297|43
69297|44
69297|45
69297|46
69297|47
69297|48
69297|49
69297|50
69297|51
69297|52
69297|53
69297|54
69297|55
69297|56
69297|57
69297|58
69297|59
69297|60
69297|61
69297|62
69297|63
69297|64
69297|65
69297|66
69297|67
69297|68
69297|69
69297|70
69297|71
69297|72
69297|73
69297|74
69297|75
69297|76
69297|77
69297|78
69297|79
69297|80
69297|81
69297|82
69297|83
69297|84
69297|85
69297|86
69297|87
69297|88
69297|89
69297|90
69297|91
69297|92
69297|93
69297|94
69297|95
75436|1
75436|2
112565|8
112565|9
112565|10
112565|11
112565|12
112565|13
112565|14
112565|15
112565|16
112565|17
112565|18
112565|19
112565|20
112565|21
112565|22
112565|23
112565|24
112565|25
112565|26
112565|27
112565|28
112565|29
112565|30
112565|31
112565|32
112565|33
112565|34
112565|35
112565|36
112565|37
113417|1
113417|2
113417|3
113417|4
113417|5
113417|6
113417|7
113417|8
113417|9
113417|10
113417|11
52029|94
52029|95
33001|6
33001|7
33001|8
33001|9
33001|10
33001|11
33001|12
33001|13
33001|14
50716|1
50716|2
50716|3
50716|4
50716|5
50716|6
50716|7
50716|8
50716|9
50716|10
50716|11
50716|12
50716|13
50716|14
50716|15
50716|16
50716|17
52029|1
52029|2
52029|3
52029|4
52029|5
52029|6
52029|7
52029|8
52029|9
75436|3
75436|4
75436|5
75436|6
75436|7
75436|8
75436|9
75436|10
75436|11
75436|12
75436|13
75436|14
75436|15
75436|16
76272|1
76272|2
76272|3
76272|4
76272|5
76272|6
76272|7
76272|8
76272|9
76272|10
76272|11
76272|12
76272|13
76272|14
76272|15
76272|16
77521|1
108024|3
108024|4
108024|5
108024|6
108024|7
108024|8
108024|9
108024|10
108024|11
108024|12
108024|13
108024|14
108024|15
108024|16
108024|17
108024|18
108024|19
108024|20
108024|21
108024|22
108024|23
108024|24
108024|25
108024|26
108024|27
108024|28
108024|29
108024|30
108024|31
108024|32
108024|33
108024|34
108024|35
108024|36
109548|1
109548|3
109548|4
109548|5
109548|6
109548|7
109548|8
109548|9
109548|10
109548|11
109548|12
109548|13
109548|14
109548|15
109548|16
109548|17
109548|18
109548|19
109548|20
109548|21
109548|22
109548|23
113417|12
113417|13
113417|14
113417|15
113417|16
113417|17
113417|18
113417|19
113417|20
113681|1
113681|2
113681|3
113681|4
113681|5
113681|6
113681|7
113681|8
113681|9
113681|10
113681|11
113681|12
113681|13
113681|14
113681|15
113681|16
113681|17
113681|18
113681|19
113681|20
113681|21
113681|22
113681|23
113681|24
113681|25
52029|11
52029|12
52029|13
52029|14
52029|15
52029|16
52029|17
52029|18
52029|19
52029|20
52029|21
52029|22
52029|23
52029|24
52029|25
52029|26
52029|27
52029|28
52029|29
52029|30
52029|31
52029|32
52029|33
52029|34
52029|35
52029|36
52029|37
52029|38
52029|39
52029|40
52029|41
52029|42
52029|43
52029|44
52029|45
52029|46
52029|47
52029|48
52029|49
52029|50
52029|96
52029|97
52029|51
52029|52
52029|53
52029|54
52029|55
52029|56
52029|57
52029|58
52029|59
52029|60
52029|61
52029|62
52029|63
52029|64
52029|65
52029|66
52029|67
52029|68
52029|69
52029|70
52029|71
52029|72
52029|73
52029|74
52029|75
52029|76
52029|77
52029|78
52029|79
52029|80
52029|81
52029|82
52029|83
52029|84
52029|85
52029|86
52029|87
52029|88
52029|89
52029|90
52029|91
52029|92
52029|93
52029|99
52029|100
52029|101
52029|102
52029|103
52029|104
52029|105
52029|106
52029|107
52029|108
52029|109
52029|110
52029|111
52029|112
52029|113
52029|114
52029|115
52029|116
52029|117
52029|118
52029|119
52029|120
52029|121
52029|122
52029|123
52029|124
52029|125
52029|126
52029|127
52029|128
52029|129
52029|130
52029|132
52029|133
52029|134
52029|135
52029|136
52029|137
52029|138
52029|139
52029|140
52029|141
52029|142
52029|143
52029|144
52029|145
52029|146
52029|147
52029|148
52029|149
52029|150
52029|151
52029|152
52029|153
52029|154
52029|155
52029|156
52029|157
52029|158
52029|159
52029|160
52029|161
52029|162
52029|163
52029|164
52029|165
52029|166
52029|167
52029|168
52029|169
52029|170
52029|171
52029|172
52029|173
52029|174
52029|175
52029|176
52029|177
52029|178
52029|179
52029|180
52029|181
52029|182
52029|183
52029|184
52029|185
52029|186
52029|187
52029|188
52029|189
52029|190
52029|191
52029|192
52029|193
52029|194
52029|195
52029|196
52029|197
52029|198
52029|199
52029|200
52029|201
52029|202
52029|203
52029|204
52029|205
52029|206
52029|207
52029|208
52029|209
52029|210
52029|211
52029|212
52029|213
52029|214
52449|1
52449|3
52449|4
52449|5
52449|6
52449|7
52449|8
52449|9
52449|10
52449|11
52449|12
52449|13
52449|14
52449|15
52449|16
52449|17
113681|26
113681|27
113681|28
113681|29
113681|30
113681|31
113681|32
113681|33
113681|34
113681|35
113681|36
113681|37
113681|38
113681|39
116513|1
116513|2
116513|3
116513|4
116513|5
116513|6
116513|7
116513|8
116513|9
116513|10
116513|11
116513|12
116513|13
116513|14
116513|15
116513|16
116513|17
116513|18
116513|19
116513|20
116513|21
116513|22
116513|23
117809|0
117809|1
110867|1
110867|2
110867|3
110867|4
110867|5
110867|6
110867|7
110867|8
110867|9
110867|10
110867|11
110867|12
110867|13
110867|14
110867|15
110867|16
110867|17
112331|1
112331|2
112331|3
112331|4
112331|5
112331|6
112331|7
112331|8
112331|9
112331|10
112331|11
112331|12
112331|13
112331|14
112331|15
77521|2
77521|3
77521|4
77521|5
77521|6
77521|7
77521|8
77521|9
77521|10
77521|11
77521|12
77521|13
77521|14
77521|15
77521|16
77521|17
77521|18
77521|19
77521|20
77858|1
77858|2
77858|3
77858|4
77858|5
77858|6
77858|7
77858|8
77858|9
119503|9
52449|18
52449|19
52449|20
59540|1
59540|2
59540|3
59540|4
59540|5
59540|6
59540|7
59540|8
59540|9
59540|10
59540|11
59540|12
59540|13
59540|14
59540|15
59540|16
59540|17
59540|18
59540|19
59540|20
59540|21
61019|1
61019|2
61019|3
61019|4
61019|5
77858|10
77858|11
77858|12
77858|13
77858|14
77858|15
77858|16
80646|1
80646|2
80646|3
80646|4
80646|5
80646|6
80646|7
80646|8
80646|9
80646|10
80646|11
80646|12
80646|13
80646|14
80646|15
80646|16
80646|17
80646|18
119503|10
112331|16
112331|17
112331|18
112331|19
112331|20
112331|21
112331|22
112331|23
112331|24
112331|25
112331|26
112331|27
112331|28
112331|29
112331|30
112331|31
112331|32
112331|33
112331|34
112331|35
112331|36
112331|37
112331|38
112331|39
112331|40
112331|41
112331|42
112331|43
112331|44
112331|45
112331|46
112331|47
112331|48
112331|49
112331|50
112331|51
112331|52
113229|1
113229|2
117809|3
117809|4
117809|5
117809|6
117809|7
117809|8
117809|9
117809|10
117809|11
117809|12
117809|13
117809|14
117809|15
117809|16
117809|17
117809|18
117809|19
117809|20
117809|21
117809|22
117809|23
117809|24
117809|25
117809|26
117809|27
117809|28
117809|29
119503|1
119503|2
119503|3
119503|4
119503|5
119503|6
119503|7
119503|8
80646|19
80646|20
80646|21
80646|22
80646|23
80646|24
80646|25
80646|26
80646|27
80646|28
80646|29
81421|1
81421|2
81421|3
81421|4
81421|5
81421|6
81421|7
81421|8
81421|9
81421|10
81421|11
81421|12
81421|13
81421|14
81421|15
81421|16
81421|17
81421|18
81421|19
113229|3
113229|4
113229|5
113269|1
113269|2
113269|3
113269|4
113269|5
113269|6
113269|7
113269|8
113269|9
113269|10
113269|11
113269|12
113269|13
113269|14
113269|15
113269|16
116360|1
116360|2
116360|3
116360|4
116360|5
116360|6
116360|7
61019|6
61019|7
61019|8
61019|9
61019|10
61019|11
61019|12
61019|13
61019|14
61019|15
61019|16
61019|17
61019|18
61019|19
61019|20
61019|21
61019|22
61019|23
61019|24
61019|25
61115|1
61115|2
61115|3
61115|4
61115|5
61115|6
61115|7
61115|8
61115|9
61115|10
61115|11
61115|12
61115|13
61115|14
61115|15
61115|16
81421|21
81421|22
81421|23
81421|24
81421|25
81570|1
81570|2
81570|3
81570|4
81570|5
81570|6
81570|7
81570|8
81570|9
81570|10
81570|11
81570|12
81570|13
81570|14
81570|15
81570|16
81570|17
81570|18
119503|11
119503|12
119503|13
119503|14
119503|15
119503|16
119503|17
119503|18
119503|19
119503|20
119503|21
119503|22
120171|1
120171|2
120171|3
120194|1
120194|3
120194|4
120194|5
120194|6
120194|7
120194|8
120194|9
120194|10
120194|11
120194|12
120194|13
120194|14
61115|19
61115|20
61115|21
61115|22
61115|23
61115|24
61115|25
61115|26
61115|27
61115|28
61115|29
61115|30
61115|31
61115|32
61115|33
61115|34
61115|35
61115|36
61115|37
61115|38
61115|39
61115|40
61115|41
61115|42
61115|43
61115|44
61115|45
61115|46
61115|47
61115|48
61115|49
61115|50
61115|51
61115|52
66531|1
66531|2
66531|3
66531|4
66531|5
66531|6
66531|7
66531|8
116360|8
116360|9
116360|10
116360|11
116360|12
116360|13
116360|14
116360|15
116360|16
118092|1
118092|2
118092|3
118092|4
118092|5
118092|6
118092|7
118092|8
118092|9
118092|10
118092|11
118092|12
118092|13
118092|14
118092|15
118092|16
118092|17
118092|18
118092|19
118092|20
118092|21
66531|9
66531|10
66531|11
66531|12
66531|13
66531|14
66531|15
66531|16
66531|17
66531|18
66531|19
66531|20
66531|21
66531|22
66531|23
66531|24
66531|25
69488|1
69488|2
69488|3
69488|4
69488|5
69488|6
69488|7
69488|8
69488|9
69488|10
69488|11
69488|12
69488|13
69488|14
69488|15
69488|16
69488|17
69488|18
69488|19
69488|20
69488|21
69488|22
69488|23
72521|1
72521|2
72521|3
72521|4
75090|9
81735|1
81735|2
81735|3
81735|4
81735|5
81735|6
81735|7
81735|8
81735|9
81735|10
81735|11
81735|12
81735|13
81735|14
87871|1
87871|2
87871|3
87871|4
87871|5
121468|53
120194|15
120194|16
120194|17
120194|18
120194|19
120194|20
120194|21
120194|22
121468|1
121468|2
121468|3
121468|4
121468|5
121468|6
121468|7
121468|8
121468|9
121468|10
121468|11
121468|12
121468|13
121468|14
121468|15
121468|16
121468|17
121468|18
121468|19
121468|20
121468|21
121468|22
121468|23
121468|24
121468|25
121468|26
121468|27
121468|28
121468|29
121468|30
121468|31
121468|32
121468|33
121468|34
121468|35
121468|36
121468|37
121468|38
121468|39
121468|40
121468|41
121468|42
121468|43
121468|44
121468|45
121468|46
121468|47
121468|48
118092|22
118092|23
118092|24
118092|25
118092|26
118092|27
118092|28
118092|29
118092|30
118092|31
118092|32
118092|33
118092|34
118092|35
118092|36
118092|37
118092|38
118092|39
118092|40
118092|41
118092|42
118092|43
121527|1
121527|3
121527|4
121527|5
121527|6
121527|7
121527|8
121527|9
121527|10
121527|11
121527|12
121527|13
121527|14
87871|6
87871|7
87871|8
87871|9
92042|1
92042|2
92042|3
92042|4
92042|5
92042|6
92042|7
92042|8
92042|9
92042|10
92042|11
92042|12
92042|13
92042|14
92042|15
92042|16
92042|17
92042|18
92042|19
75090|10
75090|11
121468|54
121468|55
121468|56
121468|57
121468|58
121468|59
121468|60
121468|61
121468|62
121468|63
121468|64
121468|65
121468|66
121468|67
121468|68
124683|1
124683|2
124683|3
124683|4
124683|5
124683|6
124683|7
124683|8
124683|9
124683|10
124683|11
124683|12
124683|13
124683|14
124683|15
124683|16
124683|17
135768|1
135768|3
135768|4
135768|5
135768|6
135768|7
135768|8
135768|9
135768|10
135768|11
135768|12
103955|1
121527|15
121527|16
121527|17
121527|18
121527|19
121527|20
121527|21
121527|22
121527|23
121527|24
121527|25
121527|26
121527|27
121527|28
121527|29
121527|30
121527|31
121527|32
121527|33
121527|34
121527|35
121527|36
121527|37
121527|38
121527|39
121527|40
121527|41
121527|42
121527|43
121527|44
121527|45
121527|46
121527|47
121527|48
121527|49
121527|50
121527|51
121527|52
121527|53
121527|54
121527|55
121527|56
121527|58
121527|59
121527|60
121527|61
121527|62
121527|63
122731|1
122731|2
122731|3
122731|4
122731|5
122731|6
122731|7
122731|8
122731|9
122731|10
122731|11
122731|12
122731|13
122731|14
122731|15
122731|16
122731|17
122731|18
122731|19
122731|20
122731|21
122731|22
122731|23
122731|24
122731|25
122731|26
122731|27
127786|1
127786|3
127786|4
127786|5
103955|3
72521|5
72521|6
72521|7
72521|8
72521|9
72521|10
72521|11
72521|12
72521|13
72521|14
72521|15
72521|16
72521|17
72521|18
72521|19
72521|20
72521|21
72521|22
72521|23
72521|24
72521|25
72521|26
72521|27
72521|28
72521|29
75090|1
75090|2
75090|3
75090|4
75090|5
75090|6
75090|7
75090|8
93767|1
93767|2
93767|3
93767|4
93767|5
93767|6
93767|7
93767|8
93767|9
93767|10
93767|11
93767|12
93767|13
93767|14
93767|15
93767|16
93767|17
93767|18
93767|19
93767|20
96081|1
96081|2
96081|3
9511|5
75090|21
75090|22
75090|23
75090|24
75090|25
75090|26
75090|27
75090|28
75090|29
75090|30
75090|31
75090|32
75090|33
75090|34
75090|35
75090|36
75090|37
75090|38
75090|39
75090|40
75090|41
75090|42
75090|43
75090|44
75090|45
75090|46
75090|47
75090|48
75090|49
75090|50
75090|51
75090|52
75090|53
75090|54
75090|55
75090|56
75090|57
75090|58
75090|59
75090|60
75090|61
75090|62
75090|63
75090|64
75090|65
75090|66
75090|67
75090|68
75090|69
75090|70
75090|71
75090|72
75090|73
75090|74
75090|75
75090|76
77607|1
77607|2
77607|3
77607|4
77607|5
77607|6
77607|7
77607|8
515|10
127786|6
127786|7
127786|8
127786|9
127786|10
127786|11
127786|12
127786|13
127786|14
127786|15
127786|16
127786|17
127786|18
127786|19
127786|20
127786|21
133038|1
133038|3
133038|4
133038|5
133038|6
133038|7
133038|8
78314|20
93329|13
135768|13
135768|14
135768|15
135768|16
135768|17
135768|18
135768|19
135768|20
135768|21
135768|22
135768|23
135768|24
135768|25
135768|26
135768|27
135768|28
135768|29
135768|30
135768|31
135768|32
135768|33
135768|34
135768|35
136198|1
136198|2
136198|3
136198|4
136198|5
136198|6
136198|7
98141|13
80921|8
96081|4
96081|5
96081|6
96081|7
96081|8
96081|9
96081|10
96081|11
96081|12
96081|13
96081|14
96081|15
96081|16
98141|1
98141|2
98141|3
98141|4
98141|5
98141|6
98141|7
98141|8
98141|9
98141|10
98141|11
98141|12
77607|9
77607|10
77607|11
77607|12
77607|13
77607|14
77607|15
77607|16
77607|17
77607|18
77607|19
78314|1
78314|2
78314|3
78314|4
78314|5
78314|6
78314|7
78314|8
78314|9
78314|10
78314|11
78314|12
78314|13
78314|14
78314|15
78314|16
78314|17
78314|18
78314|19
136198|8
136198|9
136198|10
136198|11
136198|12
136198|13
136198|14
136198|15
136198|16
136198|17
136198|18
136198|19
136198|20
136198|21
136198|22
136198|23
136198|24
136536|1
136536|2
136536|3
136536|4
98141|14
98141|15
98141|16
98141|17
98141|18
98141|19
98141|20
98141|21
98141|22
98141|23
98141|24
98141|25
99079|1
99079|2
99079|3
99079|4
99079|5
99079|6
99079|7
99079|8
99079|9
99079|10
99079|11
99079|12
99079|13
99079|14
99079|15
102154|1
102154|3
102154|4
102154|5
102154|6
3418|67
133038|9
133038|10
133038|11
133038|12
133038|13
133038|14
133038|15
133318|1
133318|2
133318|3
133318|4
133318|5
133318|6
133318|7
133318|8
133318|9
133318|10
133318|11
133318|12
133318|13
133318|14
3418|68
515|11
515|12
515|13
515|14
515|15
917|1
917|2
917|3
917|4
917|5
917|6
917|7
917|8
917|9
917|10
917|11
917|12
917|13
917|14
917|15
917|16
917|17
917|18
917|19
917|20
917|21
917|54
78314|21
78314|22
78314|23
78314|24
78314|25
78314|26
78314|27
78314|28
78314|29
78314|30
78314|31
78314|32
78314|33
78314|34
78314|35
78314|36
78314|37
78314|38
78314|39
78314|40
78314|41
78314|42
78314|43
78314|44
78314|45
78314|46
78314|47
78314|48
78314|49
78314|50
78314|51
78314|52
78314|53
78314|54
78314|55
78314|56
78314|57
78314|58
78314|59
78314|60
78314|61
78314|62
78314|63
78314|64
78314|65
78314|66
78314|67
78314|68
78314|69
78314|70
78314|71
78314|72
78314|73
78314|74
78314|75
78314|76
78314|77
78314|78
78314|79
78314|80
78314|81
78314|82
80921|1
80921|2
80921|3
80921|4
80921|5
80921|6
80921|7
136536|5
136536|6
136536|7
136536|8
136536|9
136536|10
136536|11
136536|12
136536|13
136536|14
136536|15
136536|16
136536|17
136536|18
136536|19
136536|20
136536|21
136536|22
136536|23
136536|24
136536|25
136931|1
136931|2
136931|3
136931|4
136931|5
136931|6
136931|7
136931|8
136931|9
136931|10
119938|13
133318|15
133318|16
133318|17
133318|18
133318|19
133318|20
133318|21
133318|22
133318|23
133318|24
133810|1
133810|3
133810|4
133810|5
133810|6
133810|7
133810|8
133810|9
133810|10
133810|11
133810|12
133810|13
133810|14
133810|15
133810|16
133810|17
133810|18
133810|19
133810|20
80921|9
80921|10
80921|11
80921|12
80921|13
80921|14
80921|15
80921|16
81659|1
81659|2
81659|3
81659|5
81659|6
81659|7
81659|8
81659|9
81659|10
81659|11
81659|12
81659|13
81659|14
81659|15
81659|16
81659|17
81659|18
81659|19
81659|20
83651|1
83651|2
3418|7
917|22
917|23
917|24
917|25
917|26
917|27
917|28
917|29
917|30
917|31
917|32
917|33
917|34
917|35
917|36
917|37
917|38
917|39
917|40
917|41
917|42
917|43
917|44
917|45
917|46
917|47
917|48
917|49
917|50
917|51
917|52
917|53
917|55
917|56
917|57
917|58
917|59
917|60
917|61
917|62
917|63
917|64
917|65
917|66
917|67
917|68
917|69
917|70
917|71
917|72
917|73
917|74
917|75
917|76
917|77
3418|8
119938|14
917|78
917|79
917|80
917|81
917|82
917|83
917|84
1419|1
1419|2
1419|3
1419|4
1419|5
1419|6
1419|7
1419|8
1419|9
1419|10
1419|11
1419|12
1419|13
1419|14
1419|15
1419|16
3418|9
3418|10
102154|7
102154|8
102154|9
102154|10
102154|11
102154|12
102154|13
102154|14
102154|15
102154|16
102154|17
102154|18
102154|19
102154|20
104129|1
104129|2
104129|3
104129|4
104129|5
104129|6
104129|7
104129|8
104129|9
104129|10
104129|11
104129|12
104129|13
104129|14
104129|15
104129|16
104129|17
104129|18
104129|19
104129|20
104129|21
114963|3
136931|11
136931|12
136931|13
136931|14
139658|1
139658|2
139658|3
139658|4
139658|5
139658|6
6108|1
6108|2
6108|3
6108|4
6108|5
6108|6
6108|7
6108|8
6108|9
6108|10
6108|11
6108|12
6108|13
6108|14
6108|15
6108|16
104129|22
104129|23
104129|24
104129|25
104129|26
104129|27
104249|1
104249|3
104249|4
104249|5
104249|6
104249|7
104249|8
104249|9
104249|10
104249|11
104249|12
104249|13
104249|14
104249|15
104249|16
104249|17
104249|18
104249|19
104249|20
104249|21
104249|22
104249|23
104249|24
104249|25
104249|26
104249|27
104249|28
114963|1
114963|2
114963|4
133810|21
133810|22
133810|23
133810|24
133810|25
133810|26
133810|27
133810|28
133810|29
133810|30
133810|31
133810|32
133810|33
133810|34
133810|35
133810|36
133810|37
133810|38
133810|39
133810|40
133810|41
133810|42
133810|43
133810|44
133810|45
133810|46
136481|1
136481|2
136481|3
136481|4
136481|5
136481|6
136481|7
136481|8
1419|17
1419|18
1419|19
1419|20
1419|21
1419|22
1419|23
1419|24
1419|25
1419|26
1419|27
1419|28
1419|29
1419|30
1419|31
1419|32
1419|33
1419|34
1419|35
1419|36
9511|6
1419|37
1419|38
1419|39
1419|40
1419|41
1419|42
1419|43
1419|44
1419|45
1419|46
1419|47
1419|48
1419|49
1419|50
1419|51
1419|52
1419|53
1419|54
1419|55
1419|56
1419|57
1419|58
1419|59
1419|60
3418|11
1419|61
1419|62
1419|63
1419|64
1419|65
1419|66
1419|67
1419|68
1419|69
1419|70
1419|71
1419|72
1419|73
1419|74
1419|75
1419|76
3418|12
114963|5
1419|77
1419|78
1419|79
1419|80
1419|81
1419|82
1419|83
1419|84
1419|85
1419|86
1419|87
3418|1
3418|2
3418|3
3418|4
3418|5
3418|6
3418|66
83651|3
83651|4
83651|5
83651|6
83651|7
83651|8
84675|1
84675|2
84675|3
84675|4
84675|5
84675|6
84675|7
84675|8
84675|9
84675|10
84675|11
84675|12
84675|13
84675|14
84675|15
84675|16
84675|17
88088|1
88088|2
88088|3
88088|4
88088|5
88088|6
88088|7
121558|7
3418|13
3418|14
3418|15
3418|16
3418|17
3418|18
3418|19
3418|20
3418|21
3418|22
3418|23
3418|24
3418|25
3418|26
3418|27
3418|28
3418|29
3418|30
3418|31
3418|32
3418|33
3418|34
3418|35
3418|36
3418|37
3418|38
121558|8
3418|39
3418|40
3418|41
3418|42
3418|43
3418|44
3418|45
3418|46
3418|47
3418|48
3418|49
3418|50
3418|51
3418|52
3418|53
3418|54
3418|55
3418|56
3418|57
3418|58
3418|59
3418|60
3418|61
3418|62
3418|63
3418|64
3418|65
3418|69
3418|70
3418|71
3418|72
4944|1
4944|2
4944|3
4944|4
4944|5
4944|6
4944|7
4944|8
4944|9
4944|10
4944|11
4944|12
4944|13
4944|14
4944|15
4944|16
4944|17
4944|18
4944|19
4944|20
4944|21
4944|22
4944|23
4944|24
4944|25
4944|26
4944|27
4944|28
4944|29
4944|30
4944|31
4944|32
4944|33
4944|34
4944|35
119938|15
114963|6
114963|7
114963|8
114963|9
114963|10
114963|11
114963|12
114963|13
114963|14
114963|15
114963|16
114963|17
114963|18
114963|19
114963|20
114963|21
114963|22
114963|23
114963|24
119091|1
119091|2
119091|3
119091|4
119938|1
119938|2
119938|3
119938|4
119938|5
119938|6
119938|7
119938|8
119938|9
119938|10
121558|9
88088|8
88088|9
88088|10
88088|11
88088|12
88088|13
88088|14
88088|15
88088|16
88088|17
88088|18
88088|19
88088|20
88785|1
88785|2
88785|3
88785|4
88785|5
88785|6
88785|7
88785|8
88785|9
88785|10
88785|11
88785|12
88785|13
88785|14
88785|15
119938|11
119938|12
4944|36
4944|37
4944|38
4944|39
4944|40
4944|41
4944|42
4944|43
6469|1
6469|2
6469|3
6469|4
6469|5
6469|6
6469|7
6469|8
6469|9
6469|10
6469|11
6469|12
6469|13
6469|14
6469|15
6469|16
6469|17
6469|18
6469|19
6469|20
8273|1
8273|2
8273|3
8273|4
8273|5
8273|6
8273|7
8273|8
8273|9
8273|10
8273|11
8273|12
8273|13
8273|14
8273|15
8273|16
8273|17
8273|18
8273|19
8273|20
8273|21
8273|22
8273|23
8273|24
8273|25
8392|1
8392|2
9511|9
88785|16
88785|17
93052|1
93052|2
93052|3
93052|4
93052|5
93052|6
93052|7
93052|8
93052|9
93052|10
93052|11
93052|12
93052|13
93052|14
93052|15
93052|16
93052|17
93329|1
93329|2
93329|3
93329|4
93329|5
93329|6
93329|7
93329|8
93329|9
93329|10
93329|11
93329|12
119938|17
119938|18
119938|19
119938|20
119938|21
119938|22
119938|23
119938|24
119938|25
120963|1
120963|2
120963|3
120963|4
120963|5
120963|6
120963|7
120963|8
120963|9
120963|10
120963|11
120963|12
120963|13
120963|14
120963|15
120963|16
121468|1
121468|2
121468|3
121468|4
121468|5
121468|6
121468|7
121468|8
121468|9
121468|10
121468|11
121468|12
121468|13
121468|14
121468|15
121468|16
121468|17
121468|18
121468|19
121468|20
121468|21
121468|22
121468|23
62921|74
121468|24
121468|25
121468|26
121468|27
121468|28
121468|29
121468|30
121468|31
121468|32
121468|33
121468|34
121468|35
121468|36
121468|37
121468|38
121468|39
121468|40
121468|41
121468|42
121468|43
121468|44
121468|45
121468|46
121468|47
121468|48
121468|49
121468|50
121468|51
121468|52
121468|53
121468|54
121468|55
121468|56
121468|57
121468|58
121468|59
121468|60
121468|61
121468|62
121468|63
121468|64
121468|65
121468|66
121468|67
121468|68
121558|1
121558|2
121558|3
121558|4
121558|5
121558|6
8392|3
8392|4
8392|5
8392|6
8392|7
8392|8
8392|9
8392|10
8392|11
47899|1
47899|3
47899|4
47899|5
47899|6
47899|7
47899|8
47899|9
47899|10
47899|11
47899|12
47899|13
47899|14
47899|15
47899|16
47899|17
47899|18
47899|19
47899|20
47899|21
47899|22
47899|23
47899|24
47899|25
47899|26
47899|27
47899|28
47899|29
6108|17
93329|14
95613|1
95613|2
95613|3
95613|4
95613|5
95613|6
95613|7
95613|8
95613|9
95613|10
95613|11
95613|12
95613|13
95613|14
95613|15
95613|16
95613|17
95613|18
95613|20
95613|21
95613|22
98305|1
98305|2
98305|3
98305|4
98305|5
98305|6
98305|7
98305|8
98305|9
98305|10
98305|11
98305|12
98305|13
98305|14
98305|15
98305|16
65313|10
121558|10
121558|11
121558|12
121558|13
121558|14
121558|15
121558|16
121558|17
121558|18
121558|19
121558|20
121558|21
121558|22
121558|23
121558|24
121558|25
121558|26
121558|27
121558|28
121558|29
121558|30
121558|31
121558|32
47899|30
65313|11
121558|33
121558|34
121558|35
121558|36
121558|37
121558|38
121558|39
124381|1
124381|3
124381|4
124381|5
124381|6
124381|7
124381|8
124381|9
124381|10
124381|11
124381|12
124381|13
124381|14
124381|15
124381|16
124381|17
124381|18
124381|19
124381|20
124381|21
124381|22
124381|23
124381|24
124381|25
124381|26
124381|27
124381|28
124381|29
124381|30
124381|31
130684|1
130684|3
99570|14
47899|31
47899|32
47899|33
47899|34
56155|1
56155|3
56155|4
56155|5
56155|6
56155|7
56155|8
56155|9
56155|10
56155|11
56155|12
56155|13
56155|14
56155|15
56155|16
56155|17
56155|18
56155|19
56155|20
56155|21
56155|22
56155|23
56155|24
56155|25
56155|26
56155|27
56155|28
56155|29
56155|30
56155|31
56155|32
56155|33
56155|34
56155|35
56155|36
56155|37
56155|38
56155|39
56155|40
56155|41
56155|42
56155|43
56155|44
56155|45
56155|46
56155|47
62921|5
98305|17
98305|18
98305|19
98305|20
98305|21
98933|1
98933|2
98933|3
98933|4
98933|5
98933|6
98933|7
98933|8
98933|9
98933|10
98933|11
98933|12
98933|13
98933|14
98933|15
98933|16
98933|17
98933|18
98933|19
99570|1
99570|3
99570|4
99570|5
99570|6
99570|7
99570|8
99570|9
99570|10
99570|11
99570|12
99570|13
56155|48
56155|49
56616|1
56616|2
56616|3
56616|4
56616|5
56616|6
56616|7
56616|8
56616|9
56616|10
56616|11
56616|12
56616|13
56616|14
56616|15
61097|1
61097|2
61097|3
61097|4
61097|5
61097|6
61097|7
61097|8
61097|9
61097|10
61097|11
61097|12
65313|12
130684|4
130684|5
130684|6
130684|7
130684|8
130684|9
130684|10
130684|11
130684|12
130684|13
130684|14
130684|15
130684|16
130684|17
130684|18
130684|19
130684|20
130684|21
130684|22
61097|13
61097|14
61097|15
61097|16
61097|17
61097|18
62492|1
62492|2
62492|3
62492|4
62492|5
62492|6
62492|7
62492|8
62492|9
62492|10
62492|11
62492|12
62492|13
62492|14
62921|1
62921|2
62921|3
62921|4
65313|13
99570|15
99570|16
99570|17
99570|18
99570|19
99570|20
99570|21
99570|22
99570|23
99570|24
99570|25
99570|26
99570|27
99570|28
99570|29
99570|30
99570|31
99570|32
99570|33
99570|34
99570|35
99570|36
99570|37
99570|38
99570|39
100336|1
100336|2
100336|3
103231|1
103231|3
103231|4
103231|5
103231|6
65313|14
62921|6
62921|7
62921|8
62921|9
62921|10
62921|11
62921|12
62921|13
62921|14
62921|15
62921|16
62921|17
62921|18
62921|19
62921|20
62921|21
62921|22
62921|23
62921|24
62921|25
62921|26
62921|27
62921|28
62921|29
62921|30
62921|31
62921|32
62921|33
62921|34
65313|15
62921|35
62921|36
62921|37
62921|38
62921|39
62921|40
62921|41
62921|42
62921|43
62921|44
62921|45
62921|46
62921|47
62921|48
62921|49
62921|50
62921|51
62921|52
62921|53
62921|54
62921|55
62921|56
62921|57
62921|58
62921|59
62921|60
62921|61
62921|62
62921|63
62921|64
62921|65
62921|66
62921|67
62921|68
62921|69
62921|70
62921|71
62921|72
62921|73
62921|75
62921|76
62921|77
62921|78
62921|79
62921|80
62921|81
62921|82
62921|83
62921|84
62921|85
62921|86
62921|87
62921|88
62921|89
62921|90
62921|91
62921|92
62921|93
62921|94
62921|95
62921|96
65313|1
65313|3
65313|4
65313|5
65313|6
65313|7
65313|8
65313|9
65313|16
103231|7
103231|8
103231|9
103231|10
103231|11
103231|12
103231|13
103231|14
103231|15
103231|16
103231|17
103231|18
103231|19
103231|20
103231|21
103231|22
103231|23
103231|24
103297|1
103297|3
103297|4
103297|5
103297|6
103297|7
103297|8
103297|9
103297|10
103297|11
103297|12
103297|13
7862|2
104181|12
6108|18
6108|19
6108|20
6108|21
6108|22
6108|23
6108|24
6108|25
6108|26
6108|27
6108|28
6108|29
6108|30
6108|31
6108|32
6108|33
6108|34
6108|35
6108|36
6108|37
6108|38
6108|39
6108|40
6108|41
6108|42
6108|43
6108|44
6108|45
6108|46
6108|47
6108|48
6108|49
6108|50
6108|51
6108|52
6108|53
6108|54
6108|55
6108|56
6108|57
6108|58
6108|59
6108|60
6108|61
6108|62
6108|63
6108|64
6108|65
6108|66
6108|67
6108|68
6108|69
6108|70
6108|71
6108|72
7862|3
6108|73
6108|74
6108|75
6108|76
6108|77
6108|78
6108|79
6108|80
6108|81
6108|82
6108|83
6108|84
6108|85
6108|86
6108|87
6108|88
6108|89
6108|90
6108|91
6108|92
6108|93
6108|94
6108|95
6176|1
65313|17
65313|18
65313|19
65313|20
65313|21
65313|22
65313|23
65313|24
65313|25
65313|26
65313|27
66745|1
66745|2
66745|4
66745|5
66745|6
66745|7
66745|8
66745|9
66745|10
66745|11
66745|12
66745|13
103297|14
103297|15
103297|16
103297|17
103297|18
103297|19
103297|20
103297|21
137927|1
137927|3
137927|4
137927|5
137927|6
137927|7
137927|8
137927|9
137927|10
137927|11
137927|12
137927|13
137927|14
137927|15
137927|16
137927|17
137927|18
137927|19
7862|1
7862|4
7862|5
7862|6
7862|7
7862|8
7862|9
7862|10
7862|11
7862|12
7862|13
7862|14
7862|15
7862|16
7862|17
7862|18
7862|19
7862|20
7862|21
7862|22
7862|23
7862|24
124717|1
124717|3
136039|7
138359|1
138359|2
138359|3
138359|4
138359|5
138359|6
138359|7
138359|8
138359|9
138359|10
138359|11
138359|12
138359|13
138359|14
138359|15
138359|16
138359|17
138359|18
138359|19
138359|20
138359|21
138359|22
67692|1
67692|2
67692|3
67692|4
67692|5
67692|6
67692|7
67692|8
67692|9
67692|10
67692|36
67692|37
67692|11
67692|12
67692|13
67692|14
67692|15
67692|16
67692|17
67692|18
67692|19
67692|20
67692|21
67692|22
67692|23
67692|24
67692|25
67692|26
67692|27
67692|28
67692|29
67692|30
67692|31
67692|32
67692|33
67692|34
67692|35
67692|38
67692|39
67692|40
67692|41
67692|42
67692|43
67692|44
67692|45
67692|46
67692|47
67692|48
67692|49
67692|50
67692|51
67692|52
67692|53
67692|54
67692|55
67692|56
67692|57
67692|58
67692|59
67692|60
67692|61
67692|62
67692|63
67692|64
67692|65
67692|66
67692|67
67692|68
67692|69
67692|70
67692|71
67692|72
67692|73
67692|74
67692|75
67692|76
67692|77
67692|78
67692|79
67692|80
67692|81
67692|82
67692|83
67692|84
67692|85
67692|86
67692|87
67692|88
67692|89
67692|90
67692|91
67692|92
67692|93
67692|94
67692|95
103314|1
103314|3
103314|4
103314|5
103314|6
103314|7
103314|8
103314|9
103314|10
103314|11
103314|12
103314|13
103314|14
103314|15
103314|16
103904|1
103904|2
103904|3
103904|4
103904|5
103904|6
103904|7
103904|8
103904|9
103904|10
103904|11
103904|12
103904|13
103904|14
103904|15
103904|16
103904|17
103904|18
103904|19
104181|13
9846|1
19291|1
19291|2
19291|3
19291|4
19291|5
19291|6
19291|7
19291|8
19291|9
19291|10
19291|11
19291|12
19291|13
19291|14
19291|15
19291|16
19291|17
19291|18
19291|19
19291|20
19291|21
19291|75
19291|76
124717|4
124717|5
124717|6
124717|7
124717|8
124717|9
124717|10
124717|11
124717|12
124717|13
124717|14
124717|15
124717|16
124717|17
124717|18
124717|19
124717|20
124717|21
136039|0
136039|2
136039|3
136039|4
136039|5
136039|6
69537|64
69537|65
68519|1
68519|2
68519|3
68519|4
68519|5
68519|6
68519|7
68519|8
68519|9
68519|10
68519|11
68519|12
68519|13
68519|14
68519|15
68519|16
68519|17
68519|18
68519|19
68519|20
69537|1
69537|2
69537|3
69537|4
69537|5
69537|6
69537|7
69537|8
69537|9
69537|66
19291|22
19291|23
19291|24
19291|25
19291|26
19291|27
19291|28
19291|29
19291|30
19291|31
19291|32
19291|33
19291|34
19291|35
19291|36
19291|37
19291|38
19291|39
19291|40
19291|41
19291|42
19291|43
19291|44
19291|45
19291|46
19291|47
19291|48
19291|49
69537|176
19291|50
19291|51
19291|52
19291|53
19291|54
19291|55
19291|56
19291|57
19291|58
19291|59
19291|60
19291|61
19291|62
19291|63
19291|64
19291|65
19291|66
19291|67
19291|68
19291|69
19291|70
19291|71
19291|72
19291|73
19291|74
19291|77
19291|78
19291|79
19291|80
19291|81
19291|82
19291|83
19291|84
19291|85
19291|86
19291|87
19291|88
19291|89
19291|90
19291|91
19291|92
19291|93
19291|94
19291|95
19291|96
19291|97
19291|98
19291|99
19291|100
19291|101
19291|102
19291|103
19291|104
19291|105
19291|106
19291|107
19291|108
19291|109
19291|110
19291|111
19291|112
19291|113
19291|114
19291|115
19291|116
19291|117
19291|118
19291|119
19291|120
19291|121
19291|122
19291|123
19291|124
19291|125
20682|1
20682|3
20682|4
20682|5
20682|6
20682|7
20682|8
20682|9
69537|67
136039|8
136039|9
7818|1
7818|2
7818|3
7818|4
7818|5
7818|6
7818|7
7818|8
7818|9
7818|10
7818|11
7818|12
7818|13
7818|14
7818|15
7818|16
7818|17
7818|18
7818|19
7818|20
9511|1
9511|2
9511|3
9511|4
20682|10
20682|11
20682|12
20682|13
20682|14
20682|15
20682|16
20682|17
20682|18
20682|19
20682|20
20682|21
20682|22
20682|23
20682|24
20682|25
20682|26
20682|27
20682|28
20682|29
20682|30
20682|31
20682|32
20682|33
20682|34
20682|35
20682|36
20682|37
20682|38
20682|39
20682|40
20682|41
69537|172
20682|42
20682|43
20682|44
20682|45
20682|46
20682|47
20682|48
20682|49
20682|50
20682|51
20682|52
20682|53
20682|54
20682|55
20682|56
20682|57
20682|58
20682|59
20682|60
20682|61
20682|62
20682|63
20682|64
20682|65
20682|66
20682|67
20682|68
137951|1
137951|3
137951|5
137951|6
137951|7
69537|231
137951|8
137951|9
137951|10
137951|11
138179|1
138179|2
138179|3
138179|4
138179|5
138179|6
138179|7
138179|8
138179|9
138179|10
138179|11
138179|12
138179|13
138179|14
138179|15
138179|16
138179|17
138179|18
138179|19
138179|20
138179|21
138179|22
138179|23
9511|7
69537|10
69537|11
69537|12
69537|13
69537|14
69537|15
69537|16
69537|17
69537|18
69537|19
69537|20
69537|21
69537|22
69537|23
69537|24
69537|25
69537|26
69537|27
69537|28
69537|29
69537|30
69537|31
69537|32
69537|33
69537|34
69537|35
69537|36
69537|37
69537|38
69537|39
69537|40
69537|175
69537|41
69537|42
69537|43
69537|44
69537|45
69537|46
69537|47
69537|48
69537|49
69537|50
69537|51
69537|52
69537|53
69537|54
69537|55
69537|56
69537|57
69537|58
69537|59
69537|60
69537|61
69537|62
69537|63
69537|68
69537|69
69537|70
69537|71
69537|72
69537|73
69537|74
69537|75
69537|76
69537|77
69537|78
69537|79
69537|80
69537|81
69537|82
69537|83
69537|84
69537|85
69537|86
69537|87
69537|88
69537|89
69537|90
69537|91
69537|92
69537|93
69537|94
69537|95
69537|96
69537|97
69537|98
69537|99
69537|100
69537|101
69537|173
69537|102
69537|103
69537|104
69537|105
69537|106
69537|107
69537|108
69537|109
69537|110
69537|111
69537|112
69537|113
69537|114
69537|115
69537|116
69537|117
69537|118
69537|119
69537|120
69537|121
69537|122
69537|123
69537|124
69537|125
69537|126
69537|127
69537|128
69537|129
69537|130
69537|174
69537|131
69537|132
69537|133
69537|134
69537|135
69537|136
69537|137
69537|138
69537|139
69537|140
69537|141
69537|142
69537|143
69537|144
69537|145
69537|146
69537|147
69537|148
69537|149
69537|150
69537|151
69537|152
69537|153
69537|154
69537|155
69537|156
69537|157
69537|158
69537|159
69537|160
69537|161
69537|162
69537|163
69537|164
69537|165
69537|166
69537|167
69537|168
69537|169
69537|170
69537|171
69537|177
69537|178
69537|179
69537|180
69537|181
69537|182
69537|183
69537|184
69537|185
69537|186
69537|187
69537|188
69537|189
69537|190
69537|191
69537|192
69537|193
69537|194
69537|195
69537|196
69537|197
69537|198
69537|199
69537|200
69537|201
69537|202
69537|203
69537|204
69537|205
69537|232
9511|8
69537|206
69537|207
69537|208
69537|209
69537|210
69537|211
69537|212
69537|213
69537|214
69537|215
69537|216
69537|217
69537|218
69537|219
69537|220
69537|221
69537|222
69537|223
69537|224
69537|225
69537|226
69537|227
69537|228
69537|229
69537|230
69537|233
69537|234
69537|235
69537|236
69537|237
69537|238
69537|239
69537|240
69537|241
69537|242
69537|243
69537|244
69537|245
69537|246
69537|247
69537|248
69537|249
69537|250
69537|251
69537|252
69537|253
69537|254
69537|255
69537|256
69537|257
69537|258
69537|259
69537|260
71276|1
71276|3
71276|4
71276|5
71276|6
71276|7
71276|8
71276|9
71276|10
71276|11
71276|12
104181|14
103955|4
103955|5
103955|6
103955|7
103955|8
103955|9
103955|10
103955|11
103955|12
103955|13
103955|14
103955|15
103955|16
103955|17
103955|18
103955|19
103955|20
103955|21
103955|22
103955|23
103955|24
103955|25
103955|26
103955|27
103955|28
103955|29
103955|30
103955|31
103955|32
104181|1
104181|2
104181|3
104181|4
104181|5
104181|6
104181|7
104181|8
104181|9
104181|10
104181|11
138179|24
138179|25
138179|26
138179|27
138179|28
138179|29
139717|1
139717|3
139717|4
139717|5
139717|6
139717|7
139717|8
139717|9
139717|10
139717|11
139717|12
139717|13
139717|14
139717|15
139717|16
139717|17
139717|18
139717|19
139717|20
139717|21
139717|22
139717|23
139717|24
139717|25
139717|26
139717|27
139717|28
139717|29
139717|30
139717|31
139717|32
30722|1
30722|2
30722|3
30722|4
30722|5
30722|6
30722|7
30722|8
30722|9
30722|10
30722|11
30722|12
32691|1
32691|2
32691|3
32691|4
32691|5
32691|6
32691|7
32691|8
32691|9
32691|10
32691|11
32691|12
32691|13
32691|14
32691|15
32691|16
32691|17
9511|10
9511|11
9511|12
9511|13
9511|14
9511|15
9511|16
9511|17
9511|18
9511|19
10226|1
10226|2
10226|3
10226|4
10226|5
10226|6
10226|7
10226|8
10226|9
10226|10
10226|11
10226|12
10226|13
32873|0
32873|1
32873|2
32873|3
32873|4
32873|5
32873|6
71276|13
71276|14
71276|15
71276|16
71276|17
71276|18
71276|19
71276|20
71498|1
71498|2
71498|3
71498|4
71498|5
71498|6
71498|7
71498|8
71498|9
71498|10
71498|11
71498|12
71498|13
71498|14
71498|15
71498|16
71498|17
71498|18
71498|19
71498|20
104181|15
104181|16
104181|17
104181|18
104181|19
104181|20
104181|21
104181|22
104181|23
104181|24
104181|25
104181|26
104181|27
104181|28
104181|29
104181|30
104181|31
104181|32
104181|33
104181|34
104181|35
104181|36
104181|37
104181|38
104181|39
104181|40
104181|41
104181|42
104181|43
104181|44
104181|45
104181|46
104181|47
104181|48
106714|1
106714|2
106714|3
106714|4
106714|5
106714|6
106714|7
106714|8
106714|9
106714|10
32873|7
32873|8
139717|33
139717|34
139717|35
139717|36
139717|37
139717|38
12|1
12|2
12|3
12|4
12|5
12|6
12|7
12|8
12|9
12|10
12|11
12|12
12|13
12|14
12|15
12|16
12|17
12|18
1097|1
1097|2
1097|3
1097|4
1097|5
1097|6
1097|7
1097|8
1097|9
1097|10
1097|11
32691|18
32691|19
32691|20
32691|21
32691|22
52039|1
52039|2
52039|3
52039|4
52039|5
52039|6
52039|7
52039|8
52039|9
52039|10
52039|11
52039|12
52039|13
52039|14
52039|15
52039|16
52039|17
52039|18
52039|19
52039|20
52039|21
52039|22
52039|23
52039|24
52039|25
52039|26
52039|27
52039|28
52039|29
52039|30
52039|31
52039|32
1097|13
106714|11
106714|12
106714|13
106714|14
106714|15
106714|16
106714|17
106714|18
106714|19
106714|20
107340|1
107340|2
107340|3
107340|4
107340|5
107340|6
107340|7
107340|8
107340|9
107340|10
107340|11
107340|12
110202|1
110202|2
32873|9
32873|10
32873|11
32873|12
32873|13
32873|14
32873|15
32873|16
32873|17
32873|18
32873|19
32873|20
32873|21
32873|22
32873|23
32873|24
32873|25
32873|26
32873|27
32873|28
32873|29
32873|30
32873|31
32873|32
32873|33
32873|34
32873|35
32873|36
32873|37
32873|38
32873|39
32873|40
32873|41
32873|42
32873|43
32873|44
32873|45
32873|46
32873|47
32873|48
32873|49
32873|50
32873|51
32873|52
32873|53
32873|54
32873|55
32873|56
32873|57
32873|58
32873|59
32873|60
32873|61
32873|62
32873|63
32873|64
32873|65
32873|66
32873|67
32873|68
32873|69
32873|70
32873|71
32873|72
32873|73
32873|74
32873|75
32873|76
32873|77
32873|78
32873|79
32873|80
32873|170
32873|81
32873|82
32873|83
32873|84
32873|85
32873|86
32873|87
32873|88
32873|89
32873|90
32873|91
32873|92
32873|93
32873|94
32873|95
32873|96
32873|97
32873|98
32873|99
32873|100
32873|101
32873|102
32873|103
32873|104
32873|105
32873|106
32873|107
32873|108
32873|109
32873|110
32873|111
32873|112
32873|171
32873|172
32873|113
32873|114
32873|115
32873|116
32873|117
32873|118
32873|119
32873|120
32873|121
32873|122
32873|123
32873|124
32873|125
32873|126
32873|127
32873|128
32873|129
32873|130
32873|131
32873|132
32873|133
32873|134
32873|135
32873|136
32873|137
32873|138
32873|139
32873|173
32873|231
32873|232
32873|233
32873|140
32873|141
32873|142
32873|143
32873|144
32873|145
32873|146
32873|147
32873|148
32873|149
32873|150
32873|151
32873|152
32873|153
32873|154
32873|155
32873|156
32873|157
32873|158
32873|159
32873|160
32873|161
32873|162
32873|163
32873|164
32873|165
32873|166
32873|167
32873|168
32873|169
32873|234
32873|174
32873|175
32873|176
32873|177
32873|178
32873|179
32873|180
32873|181
32873|182
32873|183
32873|184
32873|185
32873|186
32873|187
32873|188
32873|189
32873|190
32873|191
32873|192
32873|193
32873|194
32873|195
32873|196
32873|197
32873|198
32873|199
32873|200
32873|201
32873|202
32873|203
32873|204
32873|205
32873|206
32873|207
32873|208
32873|209
32873|210
32873|211
32873|212
32873|213
32873|214
32873|215
32873|216
32873|217
32873|218
32873|219
32873|220
32873|221
32873|222
32873|223
32873|224
32873|225
32873|226
32873|227
32873|228
32873|229
32873|230
32873|235
32873|236
32873|237
32873|238
32873|239
32873|240
32873|241
32873|242
32873|243
32873|244
32873|245
32873|246
32873|247
32873|248
32873|249
32873|250
32873|251
32873|252
32873|253
32873|254
32873|255
72145|1
1097|14
32873|256
32873|257
32873|258
32873|259
32873|260
32873|261
32873|262
32873|263
51254|1
51254|2
51254|3
51254|4
51254|5
51254|6
51254|7
51254|8
51254|9
51254|10
51254|11
51254|12
54150|1
54150|2
54150|3
54150|4
54150|5
54150|6
72145|2
72145|3
72145|4
72145|5
72145|6
72145|7
72145|8
72145|9
72145|10
72145|11
72145|12
72145|13
72145|14
72145|15
72145|16
72145|17
72145|18
72145|19
72145|20
72145|21
72145|22
72145|23
72145|24
72145|25
72145|26
72145|27
72145|28
72145|29
72145|30
72145|31
72145|32
72145|33
72145|34
72145|35
72145|36
72145|37
72145|38
72145|39
72145|40
72145|41
72145|42
72145|43
1097|12
72145|44
72145|45
72145|46
73122|1
73122|2
73122|3
73122|4
73122|5
73122|6
73122|7
73122|8
73122|9
73122|10
73122|11
73122|12
73122|13
73122|14
73122|15
73122|16
73122|17
73122|18
73122|19
73122|20
73122|21
73122|22
73122|23
73122|24
73122|25
73122|26
73122|27
73122|28
73122|29
73122|30
73122|31
73122|32
73122|33
73122|34
73122|35
73122|36
73122|37
73122|38
73122|39
73122|40
73122|41
73122|42
73122|43
73122|44
73122|45
73122|46
73122|47
73122|48
73122|49
73122|50
73122|51
52039|33
52039|34
52039|35
52039|36
52039|37
52039|38
52039|39
52039|40
52039|41
52039|42
52039|43
52039|44
52039|45
52039|46
52039|47
52039|48
52039|49
52039|50
52039|51
52039|52
52039|53
52039|54
52039|55
52039|56
52039|57
52039|58
52039|59
52039|60
52039|61
52039|62
52039|63
52039|64
52039|65
52039|66
52039|67
52039|68
52039|69
52039|70
1097|15
52039|71
52039|72
52039|73
52039|74
52039|75
52039|76
52039|77
52039|78
52039|79
52039|80
52039|81
52039|82
52039|83
52039|84
52039|85
52039|86
52039|87
57997|1
57997|2
57997|3
57997|4
57997|5
57997|6
57997|7
57997|8
57997|9
73122|52
73122|53
1097|16
1097|17
1097|18
1097|19
1097|20
1097|21
1097|22
1097|23
1097|24
1097|25
1097|26
1097|27
1097|28
1097|29
1097|30
1097|31
1097|32
1097|33
1097|34
1097|35
1097|36
1097|37
1097|38
1097|39
1097|40
1097|41
1097|42
1097|43
1097|44
1097|45
5179|1
5179|2
5179|3
5179|4
5179|5
5179|6
5179|7
5179|8
54150|7
57997|10
57997|11
59047|1
59047|3
59047|4
59047|5
59047|6
59047|7
59047|8
59047|9
59047|10
59047|11
59047|12
59047|13
59047|14
59047|15
59047|16
59047|17
59047|18
59047|19
59047|20
59047|21
59047|22
59047|23
59047|24
59047|25
59047|26
59047|27
59047|28
59047|29
59047|30
59047|31
59047|32
59047|33
59047|34
59047|35
59047|36
59047|37
59047|38
59047|39
59047|40
59047|41
73122|59
73122|60
73122|61
73122|62
73122|63
73122|64
73122|65
73122|66
73122|67
73122|68
73122|69
73122|70
73122|71
73122|72
73122|73
73122|74
73122|75
73122|76
73122|77
73122|78
73122|79
73122|80
73122|81
73122|82
73122|83
73122|84
73122|85
73122|86
73122|87
73122|88
73122|89
73122|90
73122|91
73122|92
73122|93
73122|94
73122|95
73122|96
73122|97
73122|98
73122|99
73122|100
73122|101
73122|102
73122|103
73122|104
73122|105
73122|106
73122|107
73122|108
73122|109
73122|110
73122|111
73122|112
73122|113
73122|114
73122|115
73122|116
73122|117
73122|118
74179|1
58064|61
5179|9
5179|10
5179|11
5179|12
5179|13
5179|14
5179|15
5179|16
5179|17
6328|1
6328|2
6328|3
6328|4
6328|5
6328|6
6328|7
6328|8
6328|9
6328|10
6328|11
6328|12
6328|13
6328|14
6328|15
6328|16
6328|17
6328|18
6328|19
6328|20
6328|21
6328|22
6328|23
6328|24
6328|25
6328|26
6328|27
6328|28
6328|29
6328|30
6328|31
58064|213
110202|3
110202|4
110202|5
110202|6
110202|7
110202|8
110202|9
110202|10
110202|11
110202|12
110202|13
110202|14
110202|15
110202|16
110202|17
110202|18
110202|19
110202|20
110202|21
110202|22
110202|23
110202|24
110202|25
110732|1
110732|2
110732|3
110732|4
110732|5
110732|6
110732|7
110732|8
110732|9
110732|10
110732|11
110732|12
110732|13
75401|10
54150|8
54150|9
54150|10
54150|11
54150|12
54150|13
54150|14
54150|15
54150|16
54150|17
54150|18
54150|19
54150|20
54150|21
54150|22
54150|23
54150|24
54150|25
54150|26
54150|27
54150|28
54150|29
54150|30
54150|31
54150|32
54150|33
54150|34
54150|35
54150|36
54150|37
54150|38
54150|39
54150|40
54150|41
54150|42
54150|43
54150|44
54150|45
54150|46
54150|47
54150|48
54150|49
54150|50
54150|51
54150|52
54150|53
54150|54
54150|55
54150|56
54150|57
54150|58
54150|59
54150|60
54150|61
54150|62
54150|91
54150|63
54150|64
54150|65
54150|66
54150|67
54150|68
54150|69
54150|70
54150|71
54150|72
54150|73
54150|74
54150|75
54150|76
54150|77
54150|78
54150|79
54150|80
54150|81
54150|82
54150|83
54150|84
54150|85
54150|86
54150|87
54150|88
54150|89
54150|90
54150|92
54150|93
54150|94
54150|95
54150|96
54150|97
54150|98
54150|99
54150|100
54150|101
54150|102
54150|103
54150|104
54150|105
54150|106
54150|107
54150|108
54150|109
54150|110
54150|111
54150|112
54150|113
54150|114
54150|160
54150|161
59047|48
60255|12
54150|115
54150|116
54150|117
54150|118
54150|119
54150|120
54150|121
54150|122
54150|123
54150|124
54150|125
54150|126
54150|127
54150|128
54150|129
54150|130
54150|131
54150|132
54150|133
54150|134
54150|135
54150|136
54150|137
54150|138
59047|42
59047|43
59047|44
54150|139
54150|140
54150|141
54150|142
54150|143
54150|144
54150|145
54150|146
54150|147
54150|148
54150|149
54150|150
54150|151
54150|152
54150|153
54150|154
54150|155
54150|156
54150|157
54150|158
54150|159
59047|45
54150|162
54150|163
54150|164
54150|165
54150|166
54150|167
54150|168
54150|169
54150|170
54150|171
54150|172
54150|173
54150|174
54150|175
54150|176
54150|177
54150|178
54150|179
54150|180
58064|1
58064|2
58064|3
58064|4
58064|5
58064|6
58064|7
58064|8
58064|9
58064|10
58064|11
58064|12
58064|13
58064|14
58064|15
58064|16
58064|17
58064|18
58064|19
58064|20
58064|60
74179|2
74179|3
74179|4
74179|5
74179|6
74179|7
74179|8
74179|9
74179|10
74179|11
74179|12
74179|13
75451|1
75451|2
75451|3
75451|4
75451|5
75451|6
75451|7
75451|8
75451|9
75451|10
75451|11
75451|12
75451|13
75451|14
75451|15
75451|16
60255|13
6328|32
6328|33
6328|34
6328|35
6328|36
6328|37
6328|38
6328|39
6328|40
6328|41
6328|42
6328|43
6328|44
6328|45
6328|46
6328|47
6328|48
6328|49
6328|50
6328|51
6328|52
8371|1
8371|2
8371|3
8371|4
8371|5
8371|6
8371|7
8371|8
8371|9
8371|10
75451|17
112680|8
110732|14
110732|15
110732|16
110732|17
110732|18
110732|19
110732|21
111504|1
111504|3
111504|4
111504|5
111504|6
111504|7
111504|8
111504|9
111504|10
111504|11
111504|12
111504|13
111504|14
111504|15
111504|16
111504|17
111504|18
111504|19
111504|20
111504|21
112680|1
112680|2
112680|3
112680|4
112680|5
66063|26
59128|1
59128|2
59128|3
59128|4
59128|5
59128|6
59128|7
59128|8
59128|9
59128|10
59128|11
59128|12
59128|13
59128|14
59128|15
59600|1
59600|2
59600|3
59600|4
59600|5
59600|6
59600|7
59600|8
59600|9
8746|60
58064|21
58064|22
58064|23
58064|24
58064|25
58064|26
58064|27
58064|28
58064|29
58064|30
58064|31
58064|32
58064|33
58064|34
58064|35
58064|36
58064|37
58064|38
58064|39
58064|40
58064|41
58064|42
58064|43
58064|44
58064|45
58064|46
58064|47
58064|48
58064|49
58064|50
58064|51
58064|52
58064|53
58064|54
58064|55
58064|56
58064|57
58064|58
58064|59
58064|62
58064|63
58064|64
58064|65
58064|66
58064|67
58064|68
58064|69
58064|70
58064|71
58064|72
58064|73
58064|74
58064|75
58064|76
58064|77
58064|78
58064|79
58064|80
58064|81
58064|82
58064|83
58064|84
58064|85
58064|86
58064|87
58064|88
58064|89
58064|90
58064|91
58064|92
58064|93
58064|94
58064|95
58064|96
58064|97
58064|98
58064|99
58064|100
58064|101
58064|102
58064|103
58064|104
58064|105
58064|106
58064|107
58064|108
58064|109
58064|110
58064|111
58064|112
58064|113
58064|114
58064|115
58064|116
58064|117
58064|118
58064|119
58064|120
58064|121
58064|122
58064|123
58064|124
58064|125
58064|126
58064|127
58064|128
58064|129
58064|130
58064|131
58064|132
58064|133
58064|134
58064|135
58064|136
58064|137
58064|138
58064|214
58064|139
58064|140
58064|141
58064|142
58064|143
58064|144
58064|145
58064|146
58064|147
58064|148
58064|149
58064|150
58064|151
58064|152
58064|153
58064|154
58064|155
58064|156
58064|157
58064|158
58064|159
58064|160
58064|161
58064|162
58064|163
58064|164
58064|165
58064|166
58064|167
58064|168
58064|169
58064|170
58064|171
58064|172
58064|173
58064|174
58064|175
58064|215
58064|216
58064|176
58064|177
58064|178
58064|179
58064|180
58064|181
58064|182
58064|183
58064|184
58064|185
58064|186
58064|187
58064|188
58064|189
58064|190
58064|191
58064|192
58064|193
58064|194
58064|195
58064|196
58064|197
58064|198
58064|199
58064|200
58064|201
58064|202
58064|203
58064|204
58064|205
58064|206
58064|207
58064|208
58064|209
58064|210
58064|211
58064|212
58064|217
58064|219
58064|220
58064|221
58064|222
58064|223
58064|224
58568|1
58568|3
58568|4
58568|5
58568|6
58568|7
58568|8
58568|9
59924|0
59924|2
59924|3
59924|4
59924|5
59924|6
59924|7
59924|9
59924|10
59924|11
60255|1
60255|2
60255|3
60255|4
60255|5
60255|6
60255|7
60255|8
60255|9
60255|10
60255|11
8371|11
8371|12
8371|13
8371|14
8371|15
8371|16
8371|17
8746|1
8746|2
8746|3
8746|4
8746|5
8746|6
8746|7
8746|8
8746|9
8746|10
8746|11
8746|12
8746|13
8746|14
8746|15
8746|16
8746|17
8746|18
8746|19
8746|20
75451|18
75451|19
75451|20
75451|21
75451|22
75451|23
75451|24
75451|25
75451|26
75451|27
75451|28
75451|29
75451|30
75451|31
75451|32
75451|33
75451|34
75451|35
75451|36
75451|37
75451|38
75451|39
75451|40
75451|41
75451|42
75451|43
75451|64
75451|44
75451|45
75451|46
75451|47
75451|48
75451|49
75451|50
75451|51
75451|52
75451|53
75451|54
75451|55
75451|56
75451|57
75451|58
75451|59
75451|60
75451|61
75451|62
75451|63
66063|27
75451|65
75451|66
75451|67
75451|68
75451|69
75451|70
75451|71
75451|72
75451|73
75451|74
75451|75
75451|76
75451|77
75451|78
75451|79
75451|80
75451|81
75451|82
75451|83
75451|84
75451|85
75451|86
75451|87
75451|88
75451|89
75451|90
75451|91
75451|92
112680|6
112680|7
75451|93
75451|94
75451|95
75451|96
75451|97
75451|98
75451|99
75451|100
75451|101
75451|102
75451|103
75451|104
75451|105
75451|106
75451|107
75451|108
75451|109
75451|110
75451|111
75451|112
75401|1
75401|2
75401|3
75401|4
75401|5
75401|6
75401|7
75401|8
75401|9
59600|10
59600|11
60258|1
60258|2
60258|3
60258|4
60258|5
60258|6
60258|7
60258|8
60258|9
60258|10
60258|11
60258|12
60258|13
60258|14
60258|15
60258|16
60258|17
64954|1
64954|2
64954|3
64954|4
64954|5
64954|6
64954|7
112680|9
112680|10
112680|11
112680|12
112680|13
112680|14
112680|15
112680|16
112680|17
112680|18
112680|19
112680|20
112680|21
112680|22
112680|23
112680|24
112680|25
112680|26
112680|27
112680|28
112680|29
112830|1
112830|2
112830|3
112830|4
112830|5
112830|6
112830|7
112830|8
112830|9
112830|10
112830|11
112830|12
112830|13
112830|14
112830|15
8746|21
8746|22
8746|23
8746|24
8746|25
8746|26
8746|27
8746|28
8746|29
8746|30
8746|31
8746|32
8746|33
8746|34
8746|35
8746|36
8746|37
8746|38
8746|39
8746|40
8746|41
8746|42
8746|43
8746|44
8746|45
8746|46
8746|47
8746|48
8746|49
8746|50
8746|51
8746|52
8746|53
8746|54
8746|55
8746|56
8746|57
8746|58
8746|59
8746|61
8746|62
8746|63
8746|64
8746|65
8746|66
8746|67
8746|68
8746|69
8746|70
8746|71
8746|72
8746|73
8746|74
8746|75
8746|76
8746|77
8746|78
8746|79
8746|80
8746|81
8746|82
8746|83
8746|84
8746|85
8746|86
8746|87
8746|88
8746|89
8746|90
8746|91
8746|92
8746|93
8746|94
8746|95
8746|96
8746|97
8746|98
8746|99
8746|100
8746|101
8746|102
8746|103
8746|104
8746|105
8746|106
8746|107
8746|108
8746|109
8746|110
8746|111
8746|112
8746|113
8746|114
8746|115
8746|116
8746|117
8746|118
8746|119
8746|120
8746|121
8746|122
8746|123
8746|124
8746|125
8746|126
8746|127
8746|128
8746|129
8746|130
8746|131
8746|132
8746|133
8746|134
8746|135
8746|136
8746|137
8746|138
8746|139
8746|140
9832|1
9832|2
9832|3
9832|4
9832|5
9832|6
9832|7
9832|8
9832|9
9832|10
9832|11
9832|12
9832|13
9832|14
9832|15
9832|16
9832|17
9832|18
9832|19
9832|20
9832|21
9832|22
9832|23
9832|24
9832|25
9832|26
10029|1
10029|2
10029|3
10029|4
10029|5
10029|6
10029|7
75401|11
75401|12
75401|13
75401|14
75401|15
75401|16
75401|17
75660|1
75660|2
75660|3
75660|4
75660|5
75660|6
75660|7
75660|8
75660|9
75660|10
75660|11
75660|12
75660|13
75965|1
116324|9
116324|10
112830|16
112830|17
112830|18
112830|19
112830|20
112830|21
112830|22
112830|23
112830|24
112830|25
112830|26
114247|0
114247|1
114247|2
114247|3
114247|4
114247|5
114247|6
114247|7
114247|8
114247|9
114247|10
114247|11
114247|12
116324|1
116324|2
116324|3
116324|4
116324|5
116324|6
116324|7
116324|8
60255|14
60255|15
60255|16
60255|17
60255|18
60255|19
60255|20
60255|21
60255|22
60255|23
60255|24
60255|25
60255|26
60255|27
60255|28
60255|29
60255|30
60255|31
60255|32
60255|33
60255|34
60255|35
60255|36
60255|37
60255|38
60255|39
60255|40
60255|41
60255|42
60255|43
60255|44
60255|45
60255|46
60255|47
60255|48
60255|49
60255|50
60255|51
60255|52
60255|53
60255|54
60255|55
60255|56
60255|57
60255|58
60255|59
60255|60
60255|61
60255|62
60255|63
60255|64
60255|65
60255|66
60255|67
60255|68
60255|69
60255|70
60255|71
60255|72
60255|73
60255|74
60255|75
60255|76
60255|77
60255|78
66063|28
60255|79
60255|80
60255|81
60255|82
63196|1
63196|2
63196|3
63196|4
63196|5
63196|6
63196|7
63196|8
63196|9
63196|10
63196|11
63196|12
63196|13
63196|14
63196|15
63196|16
63196|17
63196|18
63196|19
64954|8
64954|9
64954|10
64954|11
64954|12
64954|13
64954|14
64954|15
66063|1
66063|2
66063|3
66063|4
66063|5
66063|6
66063|7
66063|8
66063|9
66063|10
66063|11
66063|12
66063|13
66063|14
66063|15
66063|16
66063|17
66063|18
66063|19
66063|20
66063|21
66063|22
66063|23
66063|24
66063|25
66063|29
66063|30
66063|31
66063|32
66063|33
66063|34
66063|35
66063|36
66063|37
66063|38
66063|39
65967|1
65967|2
65967|3
65967|4
65967|5
65967|6
65967|7
65967|8
65967|9
65967|10
65967|11
65967|12
65967|13
65967|14
65967|15
65967|16
66598|1
66598|2
66598|3
66598|4
77216|122
77216|123
75965|2
77216|1
77216|2
77216|3
77216|4
77216|5
77216|6
77216|7
77216|8
77216|9
77216|10
77216|11
77216|12
77216|13
77216|14
77216|15
77216|16
77216|17
77216|18
77216|19
77216|20
77216|21
77216|22
77216|23
77216|24
77216|25
77216|26
77216|27
10029|8
10029|9
10029|10
10029|11
10029|12
10029|13
10029|14
31177|1
31177|2
31177|3
31177|4
31177|5
31177|6
31177|7
31177|8
31177|9
31177|10
31177|11
31177|12
31177|13
31177|14
31177|15
31177|16
31177|17
31177|18
31177|19
31177|20
31177|21
77216|124
116324|11
116324|12
116324|13
116324|14
116324|15
116324|16
116324|17
116324|18
116324|19
116324|20
116324|21
116324|22
116324|23
116324|24
116324|25
116324|26
116324|27
116324|28
116324|29
116324|30
116324|31
116324|32
116324|33
116324|34
116324|35
116324|36
116324|37
116324|38
116324|39
116324|40
116324|41
116324|42
116324|43
116324|44
116324|45
63112|27
116324|46
116324|47
116324|48
116324|49
116324|50
116324|51
116324|52
116324|53
116324|54
116324|55
117440|1
117440|3
117440|4
117440|5
117440|6
117440|7
117440|8
117440|9
117440|10
117440|11
117440|12
117440|13
117440|14
117440|15
117440|16
117440|17
117440|18
119599|0
119599|1
119599|2
79859|21
63112|1
63112|2
63112|3
63112|4
63112|5
63112|6
63112|7
63112|8
63112|9
63112|10
63112|11
63112|12
63112|13
63112|14
63112|15
63112|16
63112|17
63112|18
63112|19
63112|20
63112|21
63112|22
63112|23
63112|24
63112|25
63112|26
77216|118
63112|28
63112|29
63112|30
63112|31
63112|32
63112|33
63112|34
63112|35
63112|36
63583|1
63583|2
63583|3
63583|4
63583|5
63583|6
63583|7
63583|8
63583|9
63583|10
63583|11
63583|12
63583|13
63583|14
63583|15
63583|16
63583|17
63583|18
63583|19
63583|20
63583|21
31177|22
31177|23
31177|24
31177|25
31177|26
31177|27
31177|28
31177|29
31177|30
31177|31
31177|32
31177|33
31177|34
31177|35
31177|36
31177|37
31177|38
31177|39
31177|40
31177|41
31177|42
31177|43
31177|44
31177|45
31177|46
31177|47
31177|48
31177|49
31177|50
31177|51
31177|52
31177|53
31177|54
31177|55
31177|56
31177|57
31177|58
31177|59
31177|60
52803|1
52803|2
52803|3
52803|4
52803|5
52803|6
52803|7
66598|5
66598|6
66598|7
66598|8
66598|9
66598|10
66598|11
66598|12
67778|1
67778|2
67778|3
67778|4
67778|5
67778|6
67778|7
67778|8
67778|9
67778|10
67778|11
67778|12
67778|13
67778|14
67778|15
67778|16
67778|17
67778|18
77216|28
77216|29
77216|30
77216|31
77216|32
77216|33
77216|34
77216|35
77216|36
77216|37
77216|38
77216|39
77216|40
77216|41
77216|42
77216|43
77216|44
77216|45
77216|46
77216|47
77216|48
77216|49
77216|50
77216|119
77216|51
77216|52
77216|53
77216|54
77216|55
77216|56
77216|57
77216|58
77216|59
77216|60
77216|61
77216|62
77216|63
77216|64
77216|65
77216|66
77216|67
77216|68
77216|69
77216|70
77216|71
77216|72
77216|73
77216|74
77216|75
77216|120
77216|76
77216|77
77216|78
77216|79
77216|80
77216|81
77216|82
77216|83
77216|84
77216|85
77216|86
77216|87
77216|88
77216|89
77216|90
77216|91
77216|92
77216|93
77216|94
77216|95
77216|96
77216|97
77216|98
77216|99
77216|100
77216|101
77216|102
77216|103
77216|104
77216|105
77216|106
77216|107
77216|108
77216|109
77216|110
77216|111
77216|112
77216|113
77216|114
77216|115
77216|116
77216|117
77216|121
77216|125
77216|126
77216|127
77216|128
77216|129
77216|130
77216|131
77216|132
77216|133
77216|134
77216|135
77216|136
77216|137
77216|138
77216|139
77216|140
77216|141
77216|142
77216|143
77216|144
77216|145
77216|146
77216|147
77216|148
77216|149
77216|150
77216|151
77216|152
52803|8
77216|153
77216|154
77216|155
77216|156
77216|157
77216|158
77216|159
77216|160
77216|161
77216|162
77216|163
77216|164
77216|165
77216|166
77216|167
77216|168
77216|169
77216|170
77216|171
77216|172
77216|173
77216|174
77216|175
78699|1
78699|2
78699|3
78699|4
78699|5
78699|6
78699|7
78699|8
78699|9
78699|10
78699|11
78699|12
78699|13
52803|9
52803|10
52803|11
52803|12
52803|13
52803|14
52803|15
52803|16
52803|17
52803|18
52803|19
52803|20
52803|21
55164|1
55164|2
55164|3
55164|4
55164|5
55164|6
55164|7
55164|8
55164|9
55164|10
55164|11
55164|12
56019|1
56019|2
56019|3
56019|4
63583|22
63583|23
63583|24
63583|25
63583|26
63583|27
63583|28
63583|29
63583|30
63583|31
63583|32
63583|33
63583|34
63583|35
63583|36
63583|37
63583|38
63583|39
63583|40
63583|41
63583|42
63583|43
63583|44
63583|45
63583|46
63583|47
63583|48
63583|49
63583|50
63583|51
63583|52
63583|53
63583|54
63583|55
63583|56
63583|57
63583|58
63583|59
63583|60
63583|61
63583|63
63583|64
63583|65
63583|66
63583|67
63583|68
63583|69
63583|70
63583|71
63583|72
63583|73
63583|74
63583|75
63583|76
63583|77
63583|78
63583|79
63583|80
63583|81
63583|82
63583|83
63583|84
63583|85
63583|86
63583|87
63583|88
63583|89
63583|90
63583|91
63583|92
63583|93
63583|94
63583|95
63583|96
63583|97
63583|98
63583|99
63583|100
63583|101
63583|102
63583|103
93060|40
63583|104
63583|105
63583|106
63583|107
63583|108
63583|109
63583|110
63583|111
64196|1
64196|3
64196|4
64196|5
64196|6
64196|7
64196|8
64196|9
64196|10
64196|11
64196|12
64196|13
64196|14
64196|15
64196|16
64196|17
64196|18
64196|19
64196|20
64196|21
64196|22
64196|23
64196|24
78699|14
78699|15
78699|16
78699|17
78699|18
78699|19
78699|20
79859|1
79859|2
79859|3
79859|4
79859|5
79859|6
79859|7
79859|8
79859|9
79859|10
79859|11
79859|12
79859|13
79859|14
79859|15
79859|16
79859|17
79859|18
79859|19
79859|20
79859|22
119599|3
119599|4
119599|5
119599|6
119599|7
119599|8
119599|9
119599|10
119599|11
119599|12
119599|13
119599|14
119599|15
127013|1
127013|2
127013|3
127013|4
127013|5
127013|6
127013|7
127013|8
127013|9
127013|10
127013|11
127013|12
127013|13
127013|14
127013|15
127013|16
127013|17
127013|18
127013|19
127013|20
127013|21
64196|25
64196|26
64196|27
64531|0
64531|1
64531|2
64531|3
64531|4
64531|5
64531|6
64531|7
64531|8
64531|9
64531|10
64531|11
64531|12
64657|1
64657|3
70024|1
70024|2
70024|3
70024|4
70024|5
70024|6
70024|7
70024|8
70024|9
70024|10
70024|11
70024|12
70024|13
70024|14
70024|15
70024|16
70024|17
70024|18
70024|19
70024|20
70024|21
56019|5
56019|6
70024|22
70024|23
70024|24
70024|25
70024|26
70024|27
70024|28
70024|29
70024|30
70024|31
70024|32
70024|33
70024|34
70024|35
70024|36
70024|37
70024|38
70024|39
70024|40
56019|7
70024|41
70024|42
70024|43
70024|44
70024|45
70024|46
70024|47
70024|48
70024|49
70024|50
70024|51
70024|52
70024|53
70024|54
70024|55
70024|56
70024|57
70024|58
70024|59
70024|60
70024|61
70024|62
70024|63
56019|8
56019|9
70024|64
70024|65
70024|66
70024|67
70024|68
70024|69
70024|70
70024|71
70024|72
70024|73
70024|74
70024|75
70024|76
70024|77
70024|78
70024|79
70024|80
70024|81
70024|82
70024|83
70024|84
70024|85
70024|86
56019|10
70024|87
70024|88
70024|89
70024|90
70024|91
70024|92
70024|93
70024|94
70024|95
70024|96
70024|97
70024|98
70024|99
70024|100
70024|101
70024|102
70024|103
70024|104
70024|105
70024|106
70024|107
70024|108
70024|109
73201|1
73201|2
73201|3
73201|4
86711|19
86711|20
127013|22
127013|23
127013|24
129054|1
129054|2
129054|4
129054|5
129054|6
129054|7
129054|8
129054|9
129054|10
129054|11
129054|12
129054|13
129054|14
129054|15
129054|16
129054|17
129054|18
129054|19
131608|1
131608|3
131608|4
131608|5
131608|6
131608|7
131608|8
131608|9
131608|10
56019|11
56019|12
56019|13
56019|14
56019|15
56019|16
56019|17
56019|18
56019|19
56019|20
56019|21
56019|22
56019|23
56019|24
56019|25
56019|26
56019|27
56019|28
56019|29
56019|30
56019|31
56019|32
56019|33
62517|1
62517|2
62517|3
62517|4
62517|5
62517|6
62517|7
62517|8
62517|9
62517|10
62517|11
85215|1
85215|2
85215|3
85215|4
85215|5
85215|6
85215|7
85215|8
85215|9
85215|10
85215|11
86711|1
86711|2
86711|3
86711|4
86711|5
86711|6
86711|7
86711|8
86711|9
86711|10
86711|11
86711|12
86711|13
86711|14
86711|15
86711|16
86711|17
86711|18
73201|5
73201|6
73201|7
73201|8
73201|9
73201|10
73201|11
73201|12
73201|13
73201|14
73201|15
73201|16
86711|21
74051|76
74051|77
73201|17
73201|18
73201|19
73201|20
73201|21
74051|1
74051|2
74051|3
74051|4
74051|5
74051|6
74051|7
74051|8
74051|9
74051|10
74051|11
74051|12
74051|13
74051|14
74051|15
74051|16
74051|17
74051|18
74051|19
64657|4
64657|5
64657|6
69648|1
69648|2
69648|3
69648|4
69648|5
69648|6
69648|7
69648|8
69648|9
69648|10
69648|11
69648|12
69648|13
69648|14
69648|15
69648|16
69648|17
69648|18
69648|19
69648|20
69648|21
69648|22
70634|0
70634|2
86560|8
62517|12
62517|13
62517|14
62517|15
62517|16
62517|17
62517|18
62517|19
62517|20
62517|21
62517|22
62517|23
62517|24
62517|25
62517|26
62517|27
62517|28
62517|29
62517|30
62517|62
62517|31
62517|32
62517|33
62517|34
62517|35
62517|36
62517|37
62517|38
62517|39
62517|40
62517|41
62517|42
62517|43
62517|44
62517|45
62517|46
62517|47
62517|48
62517|49
62517|50
62517|51
62517|52
62517|53
62517|54
62517|55
62517|56
62517|57
62517|58
62517|59
62517|60
62517|61
62517|63
62517|66
62517|67
62517|68
62517|69
62517|70
62517|71
62517|72
62517|73
62517|74
62517|75
62517|76
62517|77
62517|78
62517|79
62517|80
62517|81
62517|82
62517|83
62517|84
62517|85
62517|86
62517|87
62517|88
62517|89
62517|90
62517|91
62517|92
74051|78
62517|93
62517|94
62517|95
62517|96
62517|97
62517|98
62517|99
62517|100
62517|101
62517|102
62517|103
62517|104
62517|105
62517|106
62517|107
62517|108
62517|109
62517|110
62517|111
62517|112
62517|113
62517|114
62517|115
62517|116
62517|117
62517|118
62517|119
62517|120
62517|121
62517|122
62517|123
62517|124
62517|125
62517|126
62517|127
62517|128
65227|1
65227|2
65227|3
65227|4
65227|5
65227|6
65227|7
65227|8
65227|9
65227|10
65227|11
65227|12
65227|13
131608|12
131608|13
131608|14
131608|15
131608|16
131608|17
131608|18
131608|19
131608|20
131608|21
131608|22
131608|23
131608|24
131608|25
131608|26
131608|27
131608|28
131608|29
131608|30
131608|31
131608|32
131608|33
131608|34
131608|35
131608|36
131608|37
131608|38
131608|39
134543|1
134543|2
68184|4
62360|34
74051|20
74051|21
74051|22
74051|23
74051|24
74051|25
74051|26
74051|27
74051|28
74051|29
74051|30
74051|31
74051|32
74051|33
74051|34
74051|35
74051|36
74051|37
74051|38
74051|39
74051|40
74051|41
74051|42
74051|43
74051|44
74051|45
74051|46
74051|47
74051|79
134359|38
74051|48
74051|49
74051|50
74051|51
74051|52
74051|53
74051|54
74051|55
74051|56
74051|57
74051|58
74051|59
74051|60
74051|61
74051|62
74051|63
74051|64
74051|65
74051|66
74051|67
74051|68
74051|69
74051|70
74051|71
74051|72
74051|80
74051|81
74051|82
74051|83
74051|84
74051|85
74051|86
74051|87
74051|88
74051|89
74051|90
83768|1
83768|2
83768|3
83768|4
83768|5
83768|6
83768|7
83768|8
83768|9
83768|10
86560|1
86560|2
86560|3
86560|4
86560|5
86560|6
86560|7
93060|41
87566|1
87566|2
87566|3
87566|4
87566|5
87566|6
87566|7
87566|8
87566|9
87566|10
87566|11
87566|12
87566|13
87566|14
87566|15
87566|16
87566|17
87566|18
87566|19
87566|20
87566|21
87566|22
87566|23
87566|24
87566|25
87566|26
87566|27
91118|1
91118|2
91118|3
91118|4
91118|5
91118|6
91118|7
91118|8
91118|9
91118|10
93060|42
65227|14
65227|15
65227|16
65227|17
65227|18
65227|19
67869|1
67869|3
67869|4
67869|5
67869|6
67869|8
67869|9
67869|10
67869|11
67869|12
67869|13
67869|14
67869|15
67869|16
67869|17
67869|18
67869|19
67869|20
67869|21
67869|22
67869|23
67869|24
67869|25
67869|26
67869|27
67869|28
67869|29
67869|30
67869|31
68184|1
68184|3
134543|3
134543|4
134543|5
134543|6
134543|7
134543|8
134543|9
134865|1
134865|3
134865|4
134865|5
134865|6
134865|7
134865|8
134865|9
134865|10
134865|11
134865|12
134865|13
134865|14
134865|15
134865|16
134865|17
134865|18
134865|19
134865|20
134865|21
134865|22
93060|43
91118|11
91118|12
91118|13
91118|14
91118|15
91118|16
91118|17
93060|1
93060|2
93060|3
93060|4
93060|5
93060|6
93060|7
93060|8
93060|9
93060|10
93060|11
93060|12
93060|13
93060|14
93060|15
93060|16
93060|17
93060|18
93060|19
93060|20
93060|21
93060|22
93060|23
93060|24
93060|25
93060|26
93060|27
93060|28
93060|29
93060|30
93060|31
93060|32
93060|33
93060|34
93060|35
93060|36
93060|37
75808|108
70634|3
70634|4
70634|5
70634|6
70634|7
70634|8
70634|9
70634|10
70634|11
70634|12
70634|13
70634|14
70634|15
70634|16
70634|17
70634|18
70634|19
70634|20
70634|21
70634|22
70634|23
70634|24
70634|25
70634|26
70634|27
70634|28
70634|29
70634|30
70634|31
70634|32
70634|33
70634|34
70634|35
70634|36
70634|37
70634|38
70634|39
75808|104
70634|40
70634|41
70634|42
70634|43
70634|44
70634|45
70634|46
70634|47
70634|48
70634|49
70634|50
70634|51
70634|52
70634|53
70634|54
70634|55
70634|56
70634|57
70634|58
70634|59
70634|60
70634|61
70634|62
70634|63
70634|64
70634|65
70634|66
70634|67
70634|68
70634|69
70634|70
70634|71
70634|72
70634|73
70634|74
70634|75
70634|76
70634|77
70634|78
70634|79
70634|80
70634|81
70634|82
70634|83
134865|23
70634|84
70634|85
70634|86
70634|87
70634|88
70634|89
70634|90
70634|91
70634|92
70634|93
70634|94
70634|95
70634|96
70634|97
70634|98
70634|99
70634|100
70634|101
70634|102
70634|103
70634|104
70634|105
70634|106
70634|107
70634|108
70634|109
70634|110
70634|111
70634|112
70634|113
70634|114
70634|115
70634|116
70634|117
70634|118
70634|119
70634|120
70634|121
70634|122
70634|123
70634|124
70634|125
70634|126
70634|127
70634|128
70634|129
70634|130
70634|131
70634|132
70634|133
75808|105
70634|134
70634|135
70634|136
70634|137
70634|138
70634|139
70634|140
70634|141
70634|142
70634|143
70634|144
70634|145
70634|146
70634|147
70634|148
70634|149
70634|150
70634|151
70634|152
70634|153
70634|154
70634|155
70634|156
70634|157
70634|158
70634|159
70634|160
70634|161
70634|162
70634|163
70634|164
70634|165
70634|166
70634|167
70634|168
70634|169
70634|170
70634|171
75808|1
75808|2
75808|3
75808|4
75808|32
134865|24
134865|25
134865|26
134865|27
134865|28
134865|29
134865|30
134865|31
134865|32
138509|1
138509|2
138509|3
138509|4
138509|5
138509|6
138509|7
138509|8
138509|9
138509|10
138509|11
138509|12
138509|13
86560|9
86560|10
86560|11
86560|12
86560|13
86560|14
86560|15
86560|16
86560|17
87862|1
87862|2
87862|3
87862|4
87862|5
87862|6
87862|7
87862|8
87862|9
87862|10
87862|11
87862|12
87862|13
87862|14
87862|15
88810|1
79203|39
79203|40
68184|5
68184|6
68184|7
68184|8
68184|9
68184|10
68184|11
68184|12
68184|13
68184|14
68184|15
68184|16
68184|17
68184|18
68184|19
68184|20
68184|21
68184|22
68184|23
68184|24
68184|25
68184|26
68184|27
68184|28
68184|29
68184|30
68184|31
68184|32
68184|33
68184|34
68184|35
68184|36
68184|37
68184|38
93060|38
68184|39
68184|40
68184|41
68184|42
68184|43
68184|44
68184|45
68184|46
68184|47
68184|48
68184|49
68184|50
68184|51
68184|52
68184|53
68184|54
68184|55
68184|56
68184|57
68184|58
68184|59
68184|60
68184|61
68184|62
68184|63
68184|64
68184|65
68184|66
68184|67
68184|68
68184|69
68184|70
68184|71
68184|72
68184|73
68184|74
68184|75
68184|76
68184|77
68184|78
68184|79
76056|1
76056|48
76056|49
93060|44
93060|45
93060|46
93060|47
93060|48
93060|49
93060|50
93060|51
93060|52
93060|53
93060|54
93060|55
93060|56
93060|57
93060|58
93060|59
93060|60
93060|61
93060|62
93060|63
93060|64
93060|65
93060|66
93060|67
93060|68
93060|69
93060|70
93550|1
93550|3
93550|4
93550|5
93550|6
93550|7
93550|8
93550|9
93550|10
93550|11
93550|12
93550|13
76056|50
75808|5
75808|6
75808|7
75808|8
75808|9
75808|10
75808|11
75808|12
75808|13
75808|14
75808|15
75808|16
75808|17
75808|18
75808|19
75808|20
75808|21
75808|22
75808|23
75808|24
75808|25
75808|26
75808|27
75808|28
75808|29
75808|30
75808|31
75808|33
75808|34
75808|35
75808|36
75808|37
75808|38
75808|39
75808|40
75808|41
75808|42
75808|43
75808|44
75808|45
75808|46
75808|47
75808|48
75808|49
75808|50
75808|51
75808|52
75808|53
75808|54
75808|55
75808|56
75808|57
75808|58
75808|59
75808|60
75808|61
75808|62
75808|63
75808|64
75808|65
75808|66
75808|67
75808|68
75808|69
75808|70
75808|71
75808|72
75808|73
75808|74
75808|75
75808|76
75808|77
75808|103
75808|106
75808|107
75808|78
75808|79
75808|80
75808|81
75808|82
75808|83
75808|84
75808|85
75808|86
75808|87
75808|88
75808|89
75808|90
75808|91
75808|92
75808|93
75808|94
75808|95
75808|96
75808|97
75808|98
75808|99
75808|100
75808|101
75808|102
75808|109
75808|110
75808|111
75808|112
75808|113
75808|114
75808|115
75808|116
75808|117
75808|118
75808|119
75808|120
75808|121
75808|122
75808|123
75808|124
75808|125
75808|126
76044|1
76044|2
76044|3
76044|4
76044|5
76044|6
76044|7
76044|8
76044|9
76044|10
76044|11
76044|12
134359|39
93550|14
93550|15
93550|16
93550|17
95803|1
95803|2
95803|3
95803|4
95803|5
95803|6
95803|7
95803|8
95803|9
95803|10
95803|11
95803|12
95803|13
95803|14
95803|15
95803|16
95803|17
95803|18
95803|19
95803|20
95803|21
95803|22
95803|23
95803|24
95803|25
95803|26
95803|27
95803|28
95803|29
95803|30
95803|31
95803|32
95803|34
95803|35
76056|2
76056|3
76056|4
76056|5
76056|6
76056|7
76056|8
76056|9
76056|10
76056|11
76056|12
76056|13
76056|14
76056|15
76056|16
76056|17
76056|18
76056|19
76056|20
76056|21
76056|22
76056|23
76056|24
76056|25
76056|26
76056|27
106422|20
76056|28
76056|29
76056|30
76056|31
76056|32
76056|33
76056|34
76056|35
76056|36
76056|37
76056|38
76056|39
76056|40
76056|41
76056|42
76056|43
76056|44
76056|45
76056|46
76056|47
76056|51
76056|52
76056|53
76056|54
76056|55
76056|56
76056|57
76056|58
76056|59
76056|60
76056|61
76056|62
76056|63
76056|64
76056|65
76056|90
76056|66
76056|67
76056|68
76056|69
76056|70
76056|71
76056|72
76056|73
76056|74
76056|75
76056|76
76056|77
76056|78
76056|79
76056|80
76056|81
76056|82
76056|83
76056|84
76056|85
76056|86
76056|87
76056|88
76056|89
76044|39
76056|91
76056|92
76056|93
76056|94
76056|95
76056|96
76056|97
76056|98
76056|99
76056|100
76056|101
76056|102
78105|1
78105|2
78105|3
78105|4
78607|1
78607|2
78607|3
78607|4
78607|5
78607|6
78607|7
78607|8
78607|9
106422|21
76044|13
76044|14
76044|15
76044|16
76044|17
76044|18
76044|19
76044|20
76044|21
76044|22
76044|23
76044|24
76044|25
76044|26
76044|27
76044|28
76044|29
76044|30
76044|31
76044|32
76044|33
76044|34
76044|35
76044|36
76044|37
76044|38
76044|41
76044|42
76044|43
76044|44
76044|45
76044|46
76044|47
76044|48
76044|49
76044|50
76044|51
76044|52
76044|53
76044|54
76044|55
76044|56
76044|57
76044|58
76044|107
76044|59
76044|60
76044|61
76044|62
76044|63
76044|64
76044|65
76044|66
76044|67
76044|68
76044|69
76044|70
76044|71
76044|72
76044|73
76044|74
76044|75
76044|76
76044|77
76044|78
76044|108
76044|109
76044|110
76044|111
76044|79
76044|80
76044|81
76044|82
76044|83
76044|84
76044|85
76044|86
76044|87
76044|88
76044|89
76044|90
76044|91
76044|92
76044|93
76044|94
76044|95
76044|96
76044|97
76044|98
76044|99
76044|100
76044|101
76044|102
76044|103
76044|104
76044|105
76044|106
106422|22
76044|112
76044|113
76044|114
76044|115
79203|1
79203|3
79203|4
79203|5
79203|6
79203|7
79203|8
79203|9
79203|10
79203|11
79203|12
79203|13
79203|14
79203|15
79203|16
79203|17
79203|18
79203|19
79203|20
79203|21
79203|22
79203|23
79203|24
79203|25
79203|26
79203|27
79203|28
79203|29
79203|30
79203|31
79203|32
79203|33
79203|34
79203|35
79203|36
79203|37
79203|38
95803|36
95803|37
95803|38
99382|1
99382|2
99382|3
99382|4
99382|5
99382|6
99382|7
99382|8
99382|9
99382|10
99382|11
99382|12
99382|13
99382|14
99382|15
99382|16
99382|17
99382|18
99382|19
99382|20
99382|21
99382|22
103716|1
103716|3
103716|4
103716|5
103716|6
103716|7
103716|8
88810|2
88810|3
88810|4
88810|5
88810|6
88810|7
88810|8
88860|1
88860|2
88860|3
88860|4
88860|5
88860|6
88860|7
88860|8
88860|9
88860|10
88860|11
88860|12
88860|13
88860|14
88860|15
92447|15
92447|16
79203|41
79203|42
79203|43
79203|44
79203|45
79203|46
79203|47
79203|48
79203|49
79203|50
79203|51
79203|52
79203|53
79203|54
81013|1
81013|2
81013|3
81013|4
81013|5
81013|6
81013|7
81013|8
81013|9
81013|10
81013|11
81013|12
81013|13
92447|17
88860|16
88860|17
88860|18
90320|1
90320|2
90320|3
90320|4
90320|5
90320|6
90320|7
90320|8
90320|9
90320|10
90320|11
90320|12
90320|13
90320|14
90320|15
90320|16
90320|17
90320|18
90320|19
90320|20
90320|21
90320|22
90320|23
90320|24
92447|1
92447|2
92447|3
92447|4
92447|5
92447|6
92447|7
92447|8
92447|9
92447|10
92447|11
92447|12
92447|13
92447|14
74249|13
78607|10
78607|11
78607|12
78607|13
78607|14
78607|15
78607|16
78607|17
78607|18
78607|19
78607|20
78607|21
78607|22
78607|23
85185|1
85185|2
85185|3
85185|4
85185|5
85185|6
85185|7
85185|8
85185|9
85185|10
85185|11
85185|12
85185|13
86618|1
86618|2
86618|3
86618|4
103716|9
103716|10
103716|11
103716|12
103716|13
103716|14
103716|15
103716|16
103716|17
103716|18
103716|19
103716|20
103716|21
103716|22
106422|1
106422|2
106422|3
106422|4
106422|5
106422|6
106422|7
106422|8
106422|9
106422|10
106422|11
106422|12
106422|13
106422|14
106422|15
106422|16
106422|17
106422|18
106422|19
106422|23
106422|24
106422|25
106422|26
106422|27
106422|28
111415|1
111415|2
111415|3
111415|4
111415|5
111415|6
111415|7
111415|8
111415|9
111415|10
111415|11
111415|12
111415|13
111415|14
111415|15
111415|16
111415|17
111415|18
111415|19
111415|20
113986|1
113986|2
113986|3
57774|191
82062|1
82062|2
82062|3
82062|4
82062|5
82062|6
82062|7
82062|8
82062|9
82062|10
82062|11
82062|12
82062|13
82062|14
82062|15
82062|16
82062|17
82062|18
83722|1
83722|2
83722|3
83722|4
83722|5
83722|6
83722|7
83722|8
83722|9
83722|10
83722|11
83722|12
83722|13
92447|18
92447|19
92447|20
92447|21
92447|22
92447|23
92447|24
92447|25
92447|26
92447|27
92447|28
92447|29
95956|1
95956|2
95956|3
95956|4
95956|5
95956|6
95956|7
95956|8
95956|9
95956|10
95956|11
95956|12
95956|13
95956|14
95956|15
95956|16
95956|17
95956|18
86618|5
86618|6
86618|7
86618|8
86618|9
86618|10
86618|11
86618|12
86618|13
86618|14
86618|15
86618|16
86676|1
86676|2
86676|3
86676|4
86676|5
86676|6
86676|7
86676|8
87211|1
87211|3
87211|4
87211|5
87211|6
87211|7
90584|29
76201|26
83722|14
83722|15
83722|16
83722|17
83722|18
83722|19
83722|20
83722|21
83722|22
83722|23
83722|24
83722|25
83722|26
83722|27
83722|28
83722|29
83722|30
83722|31
83722|32
83722|33
83722|34
83722|35
83722|36
83722|37
83722|38
83722|39
83722|40
83722|41
83722|42
83722|43
95956|19
95956|20
95956|21
95956|22
105766|1
105766|2
105766|3
105766|4
105766|5
105766|6
105766|7
105766|8
105838|1
105838|3
105838|4
105838|5
106213|1
106213|2
106213|3
106213|4
106213|5
106213|6
106213|7
106213|9
110794|1
110794|2
110794|3
110794|4
110794|5
110794|6
110794|7
110794|8
110794|9
110794|10
113986|4
113986|5
113986|6
114827|1
114827|3
114827|4
114827|5
114827|6
114827|7
114827|8
114827|9
114827|10
114827|11
114827|12
114827|13
114827|14
114827|15
114827|16
114827|17
114827|18
118556|1
118556|3
118556|4
118556|5
118556|6
118556|7
118556|8
118556|9
118556|10
118556|11
118556|12
118556|13
118556|14
118556|15
118556|16
118556|17
118556|18
118556|19
118556|20
118556|21
118556|22
118556|23
118556|24
118556|25
118556|26
88605|25
110794|11
83771|1
83771|3
83771|4
83771|5
88605|1
88605|2
88605|3
88605|5
88605|6
88605|7
88605|8
88605|9
88605|10
88605|11
88605|12
88605|13
88605|14
88605|15
88605|16
88605|17
88605|18
88605|19
88605|20
88605|21
88605|22
88605|23
88605|24
90584|24
90584|25
87211|8
87211|9
87211|10
87211|11
87211|12
87211|13
87211|14
87211|15
87211|16
87211|17
87211|18
87211|19
87211|20
87211|21
87211|22
87211|23
87211|24
87211|25
87211|26
87211|27
87260|1
87260|2
87260|3
87260|4
87260|5
90584|26
90584|27
90584|28
87260|6
87260|7
87260|8
87260|9
89161|1
89161|2
89161|3
89161|4
89161|5
89161|6
89161|7
89161|8
89161|9
89161|10
89161|11
89161|12
89161|13
89161|14
89161|15
90584|1
90584|3
90584|4
90584|5
90584|6
90584|7
90584|8
90584|9
90584|10
90584|11
90584|12
90584|13
90584|14
90584|15
90584|16
90584|17
90584|18
90584|19
90584|20
90584|21
90584|22
90584|23
118556|27
118556|28
118556|29
118556|30
118556|31
118556|32
118556|33
118556|34
118556|35
118556|36
118556|37
118556|38
118556|39
118556|40
118556|41
118556|42
118556|43
118556|44
118556|45
118556|46
118556|47
118556|48
118556|49
118556|50
118556|51
118556|52
118556|53
118556|54
118556|55
118556|56
118556|57
120481|1
120481|2
120481|3
120481|4
120481|5
88605|26
88605|27
88605|28
88605|29
89499|1
89499|2
89499|3
89499|4
89499|5
89499|6
89499|7
89499|8
89499|9
89499|10
89499|11
89499|12
89499|13
89499|14
89499|15
89499|16
89499|17
89499|18
89499|19
89499|20
89626|1
89626|2
89626|3
89626|4
89626|5
89626|6
89626|7
89626|8
120481|6
120481|7
120481|8
120481|9
120481|10
120481|11
120481|12
120481|13
120481|14
120481|15
120481|16
120481|17
120481|18
121678|1
121678|2
121678|3
121678|4
121678|5
121678|6
121678|7
121678|8
121678|9
121678|10
122182|1
122182|2
122182|3
122182|4
122182|5
122182|6
122182|7
122182|8
122182|9
122182|10
122182|11
122182|12
111375|4
90584|30
90584|31
90584|32
90584|33
90584|34
90584|35
90584|36
90584|37
90584|38
90584|39
90584|40
90584|41
90584|42
90584|43
91111|1
91111|2
91111|3
91111|4
91111|5
91111|6
91111|7
91111|8
91111|9
91111|10
91111|11
91111|12
91111|13
91111|14
91111|15
91111|16
91111|17
91111|18
91111|19
91111|20
91111|21
91111|22
91111|23
91111|24
91111|25
91111|26
91111|27
111375|5
110794|13
110794|14
110794|15
110794|16
110794|17
110794|18
110794|19
110794|20
110794|21
110794|22
110794|23
110794|24
110794|25
110794|26
110794|27
110794|28
111920|1
111920|2
111920|3
111920|4
111920|5
111920|6
111920|7
111920|8
111920|9
111920|10
111920|11
111920|12
111920|13
111920|14
111920|15
111920|16
111920|17
111920|18
111920|19
111920|20
111920|21
111920|22
111375|6
122182|13
122182|14
122182|15
122182|16
122182|17
122182|18
122182|19
122182|20
122182|21
122182|22
122182|23
122182|24
123085|1
123085|2
123085|3
123085|4
123085|5
123085|6
123085|8
123085|9
123085|10
123085|11
123085|12
123085|13
123085|14
123085|15
123085|16
123085|17
98012|42
98012|43
91111|28
92316|1
92316|3
92316|4
92316|5
92316|6
92316|7
92316|8
92316|9
92316|10
92316|11
92316|12
97661|1
97661|2
97661|3
97661|4
97661|5
97661|6
97661|7
97661|8
97661|9
97661|10
97661|11
97661|12
97661|13
97661|14
97661|15
97661|16
97661|17
97661|18
100255|1
100255|3
98012|44
98012|45
98012|46
98012|47
89626|9
89626|10
89626|11
89626|12
89626|13
89626|14
89626|15
89626|16
89626|17
89626|18
89626|19
89626|20
89626|21
89626|22
89626|23
95036|1
95036|2
95036|3
95036|4
95036|5
95036|6
95036|7
95036|8
95036|9
95036|10
95036|11
95036|12
106308|4
111920|23
111920|24
111920|25
111920|26
113730|1
113730|2
113730|3
113730|4
113730|5
113730|6
113730|7
113730|8
113730|10
113730|11
113730|12
113730|13
113730|14
113730|15
113730|16
113730|17
113730|18
113730|19
113730|20
113730|21
113730|22
113730|23
113730|24
115158|1
115158|2
115158|3
118550|11
118550|12
95036|13
95036|14
95036|15
95036|16
95036|17
95036|18
95036|19
98012|1
98012|2
98012|3
98012|4
98012|5
98012|6
98012|7
98012|8
98012|9
98012|10
98012|11
98012|12
98012|13
98012|14
98012|15
98012|16
98012|17
98012|18
98012|19
98012|20
98012|21
98012|22
98012|23
98012|24
98012|25
98012|26
98012|27
98012|28
98012|29
98012|30
98012|31
98012|32
98012|33
98012|34
98012|35
98012|36
98012|37
98012|38
98012|39
98012|40
98012|41
124357|1
124357|2
124357|3
124357|4
124357|5
124357|6
124357|7
124357|8
124357|9
124357|10
124357|11
124357|12
124357|13
124357|14
124357|15
124357|16
124357|17
124357|18
129156|1
129156|2
129156|3
129156|4
129156|5
133725|1
133725|2
133725|3
133725|4
100255|4
100255|5
100255|6
100255|7
100255|8
100255|9
100255|10
100255|11
100255|12
100255|13
100255|14
100255|15
100255|16
100255|17
100255|18
100255|19
104743|1
104743|2
104743|3
104743|5
104743|6
106308|1
106308|2
118550|13
111375|7
98012|48
98012|49
98012|50
98012|51
98012|52
98012|53
98012|54
98012|55
98012|56
98012|57
98012|58
99221|1
99221|2
99221|3
99221|4
99221|5
99221|6
99221|7
99221|8
99221|9
133725|5
106308|3
1797|58
60705|67
115158|4
115158|5
115158|6
115158|7
115158|8
115158|9
115158|10
115158|11
115158|12
115158|13
115773|1
115773|2
115773|3
115773|4
115773|5
115773|6
115773|7
115773|8
115773|9
115773|10
115773|11
115773|12
115773|13
115773|14
115773|15
115773|16
115773|17
115773|18
118550|1
118550|3
118550|4
118550|5
118550|6
118550|8
118550|9
118550|10
60705|68
99221|10
99221|11
99221|12
99221|13
99221|14
99221|15
100557|1
100557|2
100557|3
100557|4
100557|5
100557|6
100557|7
100557|8
100557|9
100557|10
100557|11
100557|12
100557|13
100557|14
100557|15
100557|16
101019|1
135047|3
133725|6
133725|7
133725|8
133725|9
133725|10
133725|11
133725|12
133725|13
133725|14
133725|15
133725|16
133725|17
133725|18
133725|19
133725|20
133725|21
133837|1
133837|2
133837|3
133837|4
133837|5
133837|6
133837|7
135047|1
135047|2
106308|5
106308|6
106308|7
106308|8
106308|9
106308|10
106308|11
106308|12
106308|13
106308|14
106739|1
106739|2
106739|3
106739|4
106739|5
106739|6
106739|7
106739|8
106739|9
106739|10
106739|11
106739|12
106739|13
106739|14
106739|15
106739|16
106739|17
106739|18
106739|19
106739|20
106739|21
106739|22
107383|1
118550|14
118550|15
118550|16
118550|17
118550|18
118550|19
118550|20
118550|21
118550|22
118550|23
118550|24
118550|25
118550|26
118550|27
118550|28
118550|29
118550|30
118550|31
118550|32
118550|33
118550|34
118550|35
118550|36
118550|37
118550|38
118550|39
118550|40
118550|41
118550|42
118550|43
118550|44
118550|45
118550|46
118550|47
118550|48
118550|49
118550|50
118550|51
118550|52
135047|4
118550|53
118550|54
118550|55
118837|1
118837|2
121141|1
121141|3
121141|4
121141|5
121141|6
121141|7
121141|8
121141|9
121141|10
121141|11
121141|12
121141|13
121141|14
121141|15
121141|16
121141|17
121141|18
121141|19
121141|20
121141|21
122380|1
122380|3
122380|4
122380|5
122380|6
122380|7
122380|8
1797|59
1797|60
101019|2
101019|3
101019|4
101019|5
101019|6
101019|7
101019|8
101019|9
101019|10
101019|11
101019|12
101019|13
101019|14
101019|15
101019|16
101019|17
101019|18
101019|19
101019|20
101019|21
101019|22
101019|23
101019|24
101019|25
101019|26
101019|27
101019|28
101019|29
101019|30
101019|31
101019|32
104268|1
104268|3
104268|4
104268|5
104268|6
78684|142
135047|5
135047|6
135047|7
135047|8
135047|9
135047|10
135047|11
135047|12
135047|13
135047|14
135047|15
135047|16
135047|17
135047|18
135047|19
135047|20
135047|21
135047|22
135047|23
135047|24
135047|25
135047|26
135047|27
135047|28
138509|14
135047|29
135047|30
135047|31
135047|32
135047|33
135047|34
135047|35
135047|36
135047|37
135047|38
135047|39
135047|40
135047|41
135683|1
135683|3
135683|4
135683|5
135683|6
135683|7
135683|8
135683|9
135683|10
135683|11
135683|12
135683|13
135683|14
135683|15
138509|15
104268|7
104268|8
104268|9
104268|10
104268|11
104268|12
104268|13
104268|14
104268|15
104268|16
104268|17
104268|18
104268|19
104268|20
104268|21
107237|1
107237|2
107237|3
107237|4
107237|5
107237|6
107237|7
107237|8
107237|9
107237|10
107237|11
107237|12
107237|13
107237|14
107237|15
122380|44
81870|3
107383|2
107383|3
107383|4
107383|5
107383|6
107383|7
107383|8
107383|9
107383|10
107383|11
107383|12
107383|13
107383|14
107383|15
107383|16
107383|17
107383|18
107383|19
107383|20
107383|21
107383|22
107383|23
107698|1
107698|2
107698|3
107698|4
107698|5
107698|6
107698|7
107698|8
107698|9
107698|10
107698|11
107698|12
107698|13
107698|14
107698|15
111375|3
135683|16
135683|17
135683|18
135683|19
135683|20
135683|21
137865|1
137865|2
137865|3
137865|4
137865|5
137865|6
137865|7
137865|8
137865|9
137865|10
137865|11
137865|12
137865|13
137865|14
137865|15
137865|16
137865|17
137865|18
137865|19
137865|20
137865|21
137865|22
137865|23
137865|24
137865|25
137865|26
137865|27
137865|28
137865|29
137865|30
137865|31
137865|32
137865|33
137865|34
137865|35
137865|36
138509|16
138509|17
138509|18
138509|19
138509|20
1797|1
1797|2
1797|3
1797|4
1797|5
1797|6
1797|7
1797|8
1797|9
1797|10
1797|11
1797|12
1797|13
1797|14
1797|15
1797|16
1797|17
1797|18
1797|19
1797|20
1797|21
1797|22
1797|23
1797|24
1797|25
1797|26
1797|27
134849|4
107237|16
107237|17
107237|18
107237|19
107237|20
107237|21
107237|22
107237|23
107237|24
107237|25
107237|26
108652|1
108652|3
108652|4
108652|5
108652|6
108652|7
108652|8
108652|9
108652|10
108652|11
108652|12
108652|13
108652|14
108652|15
108652|16
110772|1
110772|3
110772|4
110772|5
110772|6
110772|7
107698|16
107698|17
107698|18
107698|19
107698|20
107698|21
107698|22
107698|23
107698|24
107698|25
107698|26
107698|27
107698|28
107698|29
107698|30
107698|31
107698|32
107698|33
107698|34
107698|35
107698|36
107698|37
107698|38
107698|39
107698|40
107698|41
107698|42
107698|43
107698|44
107698|45
107698|46
111375|1
111375|2
122380|9
122380|10
122380|11
122380|12
122380|13
122380|14
122380|15
122380|16
122380|17
122380|18
122380|19
122380|20
122380|21
122380|22
122380|23
122380|24
122380|25
122380|26
122380|27
122380|28
122380|29
122380|30
122380|31
122380|32
122380|33
122380|34
122380|35
122380|36
122380|37
122380|38
122380|39
122380|40
122380|41
122380|42
122380|43
122380|45
122380|46
125266|1
130539|1
130539|2
130539|3
130539|4
130539|5
130539|6
130539|7
130539|8
130539|9
130539|10
130539|11
130539|12
130539|13
130539|14
130539|15
130865|1
130865|2
130865|4
130865|5
130998|1
130998|2
130998|4
130998|5
130998|6
111375|8
111375|9
111375|10
111375|11
111375|12
111375|13
111375|14
111375|15
111375|16
111375|17
111375|18
111375|19
111375|20
111375|21
111375|22
113618|1
113618|2
113618|3
113618|4
113618|5
113618|6
113618|7
113618|8
113618|9
113618|10
113618|11
113618|12
113618|13
113618|14
113618|15
113618|16
113618|17
1797|28
1797|29
1797|30
1797|31
1797|32
1797|33
1797|34
1797|35
1797|36
1797|37
1797|38
1797|39
1797|40
1797|41
1797|42
1797|43
1797|44
1797|45
1797|46
1797|47
1797|48
1797|49
1797|50
1797|51
1797|52
1797|53
1797|54
1797|55
1797|56
1797|57
1797|61
1797|62
1797|63
1797|64
1797|65
1797|66
1797|67
1797|68
1797|69
1797|70
1797|71
1797|72
1797|73
1797|74
1797|75
1797|76
1797|77
1797|78
1797|79
1797|80
1797|81
1797|82
1797|83
1797|84
1797|85
1797|86
3978|1
3978|2
3978|3
3978|4
3978|5
3978|6
3978|7
3978|8
123439|28
110772|8
110772|9
110772|10
110772|11
110772|12
110772|13
110772|14
110772|15
110772|16
110772|17
110772|18
110772|19
110772|20
110772|21
110772|22
110772|23
110772|24
110772|25
110772|26
110772|27
110772|28
110772|29
110772|30
110772|31
110772|32
110772|33
110772|34
110772|35
110772|36
110772|37
110772|38
110772|39
110772|40
110772|41
110772|42
110772|43
110772|44
110772|45
110772|46
110772|47
110772|48
110772|49
110772|50
110772|51
110772|52
110772|53
110772|54
110772|55
110772|56
110772|57
110772|58
110772|59
110772|60
110772|61
112313|1
112313|2
112313|3
112313|4
112313|5
112313|6
112313|7
112313|8
112313|9
112313|10
112313|11
112313|12
112313|13
112313|14
112313|15
112313|16
112313|17
112313|18
112313|19
112313|20
112313|21
112313|22
112313|23
112313|24
112313|25
112313|26
112313|27
113618|18
113618|19
113618|20
113618|21
113618|22
113878|1
113878|2
113878|3
113878|4
113878|5
113878|6
113878|7
113878|8
113878|9
113878|10
113878|11
113878|12
113878|13
113878|14
113878|15
113878|16
113878|17
113878|18
113878|19
113878|20
113878|21
112313|28
3978|9
3978|10
3978|11
3978|12
3978|13
3978|14
3978|15
7660|1
7660|2
7660|3
7660|4
7660|5
7660|6
7660|7
7660|8
7660|9
7660|10
7660|11
7660|12
7660|13
7660|14
7660|15
7660|16
7660|17
7660|18
19716|1
19716|2
123439|25
123439|26
123439|27
113878|22
113878|23
113878|24
113878|25
113878|26
113878|27
113878|28
115459|1
115459|2
115459|3
115459|4
115459|5
115459|6
115459|7
115459|8
115459|9
115459|10
115459|11
115459|12
115459|13
115471|1
115471|2
115471|3
115471|4
115471|5
112313|29
112313|30
112313|31
112313|32
112313|33
112313|34
112313|35
112313|36
112313|37
112313|38
112313|39
112313|40
112313|41
112313|42
112313|43
112313|44
112313|45
112313|46
112313|47
112313|48
112313|49
112313|50
112313|51
112313|52
112313|53
112313|54
112313|55
112313|56
120657|1
120657|2
120657|3
120657|4
120657|5
120657|6
120657|7
120657|8
19716|3
19716|4
19716|5
19716|6
19716|7
19716|8
19716|9
19716|10
19716|11
19716|12
19716|13
19716|14
19716|15
19716|16
19716|17
19716|18
19716|19
19716|20
29889|1
29889|2
29889|3
29889|4
29889|5
29889|6
29889|7
29889|8
29889|9
29889|10
29889|11
120657|9
120657|10
120657|11
120657|12
120657|13
120657|14
120657|15
120657|16
120657|17
123439|1
123439|3
123439|4
123439|5
123439|6
123439|7
123439|8
123439|9
123439|10
123439|11
123439|12
123439|13
123439|14
123439|15
123439|16
123439|17
123439|18
123439|19
123439|20
123439|21
123439|22
123439|23
123439|24
29889|12
29889|13
29889|14
29889|15
29889|16
35204|1
35204|2
35204|4
35204|5
35204|6
35204|7
35204|8
35204|9
35204|10
51794|1
51794|2
51794|3
51794|4
51794|5
51794|6
51794|7
51794|8
51794|9
51794|10
51794|11
51794|12
51794|13
51794|14
51794|15
51794|16
51794|17
51794|18
51794|19
51794|20
51794|21
51794|86
115471|6
115471|7
115471|8
115471|9
115471|10
115471|11
115471|12
115471|13
115471|14
115823|1
115823|2
115823|3
115823|4
115823|5
115823|6
115823|7
115823|8
115823|9
115823|10
115823|11
115823|12
115823|13
115823|14
115823|15
115823|16
115823|17
115823|18
115823|19
115823|20
115823|21
132186|14
56129|20
130998|7
130998|8
130998|9
130998|10
130998|11
130998|12
130998|13
130998|14
130998|15
130998|16
130998|17
130998|18
130998|19
132092|1
132092|2
132092|3
132092|4
132092|5
132092|6
132186|1
132186|3
132186|4
132186|5
132186|6
132186|7
132186|8
132186|9
132186|10
132186|11
132186|12
132186|13
123439|29
123439|30
123439|31
123439|32
123439|33
123439|34
125356|1
125356|2
125356|3
125356|4
125356|5
125356|6
125356|7
125356|8
125356|9
125356|10
125356|11
125356|12
125356|13
125356|14
125356|15
125356|16
128068|1
128068|2
128068|3
128068|4
56129|21
56129|22
115823|22
115823|23
115823|24
115823|25
115823|26
115823|27
115823|28
115823|29
116646|1
116646|2
116646|3
116646|4
116646|5
116646|6
116646|7
116646|8
116646|9
116646|10
116646|11
116646|12
116646|13
116646|14
116646|15
116646|16
117781|1
117781|2
128133|31
132186|15
132186|16
133920|1
133920|3
133920|4
133920|5
133920|6
133920|7
133920|8
133920|9
133920|10
133920|11
133920|12
133920|13
133920|14
133920|15
133920|16
133920|17
133920|18
133920|19
133920|20
133920|21
133920|22
133920|23
133920|24
76201|1
76201|2
76201|3
76201|4
76201|5
51794|22
51794|23
51794|24
51794|25
51794|26
51794|27
51794|28
51794|29
51794|30
51794|31
51794|32
51794|33
51794|34
51794|35
51794|36
51794|37
51794|38
51794|39
51794|40
51794|41
51794|42
51794|43
51794|44
51794|45
51794|46
51794|47
51794|83
51794|84
51794|85
51794|48
51794|49
51794|50
51794|51
51794|52
51794|53
51794|54
51794|55
51794|56
51794|57
51794|58
51794|59
51794|60
51794|61
51794|62
51794|63
51794|64
51794|65
51794|66
51794|67
51794|68
51794|69
51794|70
51794|71
51794|72
51794|73
51794|74
51794|75
51794|76
51794|77
51794|78
51794|79
51794|80
51794|81
51794|82
51794|87
51794|88
56129|1
56129|2
56129|3
56129|4
56129|5
56129|6
56129|7
56129|8
56129|9
56129|10
56129|11
56129|12
56129|13
56129|14
56129|15
56129|16
56129|17
56129|18
56129|19
128133|32
128068|5
128068|6
128068|7
128068|8
128068|9
128068|10
128068|11
128133|1
128133|2
128133|4
128133|5
128133|6
128133|7
128133|8
128133|9
128133|10
128133|11
128133|12
128133|13
128133|14
128133|15
128133|16
128133|17
128133|18
128133|19
128133|20
128133|21
128133|22
128133|23
128133|24
128133|25
128133|26
128133|27
128133|28
128133|29
128133|30
117781|3
117800|1
117800|2
117800|3
117800|4
117800|5
117800|6
117800|7
117800|8
117800|9
117800|10
117800|11
117800|12
129126|1
129126|2
129126|3
129126|4
129126|5
129126|6
129126|7
129126|8
129126|9
129126|10
59016|1
59016|2
59016|3
59016|4
59016|5
59016|6
59016|7
59016|8
59016|9
59016|10
59016|11
59016|12
59016|13
59016|14
59016|15
59016|16
59016|17
59016|18
59016|19
59016|20
59016|21
59016|22
59016|23
59016|24
59016|25
59016|26
59016|27
59016|28
59016|29
62201|1
62201|2
62201|3
62201|4
62201|5
62201|6
62201|7
62201|8
62201|9
62201|10
62201|11
62201|12
62201|13
62201|14
62201|15
62201|16
62201|17
62201|18
62201|19
133567|23
130559|1
130559|2
130559|3
130559|4
130559|5
130559|6
130559|7
130559|8
130559|9
132173|1
132173|3
132173|4
132173|5
132173|6
132173|7
132173|8
132173|9
132173|10
132173|11
132173|12
132173|13
132173|14
132173|15
132173|16
129126|11
129126|12
129126|13
129126|14
129126|15
129126|16
129126|17
129126|18
129126|19
129126|20
129126|21
129126|22
129126|23
129126|24
129126|25
133300|1
133300|2
133300|3
133300|4
133300|5
133300|6
133300|7
133300|8
133300|9
133300|10
133300|11
133300|12
133300|13
133300|14
133300|15
133300|16
133300|17
133300|18
133300|19
133567|24
137865|37
137865|38
137865|39
137865|40
137865|41
137865|42
137865|43
137865|44
137865|45
137865|46
137865|47
137865|48
137865|49
137865|50
137865|51
137865|52
137865|53
137865|54
137865|55
137865|56
137865|57
137865|58
137865|59
137865|60
137865|61
137865|62
137865|63
137865|64
137865|65
137865|66
137865|67
137865|68
137865|69
137865|70
137865|71
137865|72
138466|1
138466|2
138466|3
62201|20
62201|21
62201|22
62201|23
62201|24
62201|25
62201|26
62201|27
62201|28
62201|29
62360|1
62360|2
62360|3
62360|4
62360|5
62360|6
62360|7
62360|8
62360|9
62360|10
62360|11
62360|12
62360|13
62360|14
62360|15
62360|16
62360|17
62360|18
62360|19
62360|20
62360|21
62360|22
62360|23
62360|24
62360|25
62360|26
62360|27
62360|28
62360|29
62360|30
62360|31
62360|32
62360|33
138466|4
138466|5
138466|6
138466|7
138466|8
138466|9
138466|10
138466|11
138466|12
138466|13
138466|14
138466|15
138466|16
138466|17
138466|18
138466|19
138466|20
138466|21
138466|22
138466|23
138466|24
138466|25
138466|26
140052|1
140052|3
132173|17
132173|18
132173|19
132173|20
133567|1
133567|2
133567|3
133567|4
133567|5
133567|6
133567|7
133567|8
133567|9
133567|10
133567|11
133567|12
133567|13
133567|14
133567|15
133567|16
133567|17
133567|18
133567|19
133567|20
133567|21
133567|22
62360|35
62360|36
62360|37
62360|38
62360|39
62360|40
62360|41
62360|42
62360|43
62360|44
62360|45
62360|46
62360|47
62360|48
62360|49
65146|1
65146|2
65146|3
65146|4
65146|5
65146|6
65146|7
65146|8
65146|9
133300|20
133300|21
133300|22
133300|23
134359|1
134359|3
134359|4
134359|5
134359|6
134359|7
134359|8
134359|9
134359|10
134359|11
134359|12
134359|13
134359|14
134359|15
134359|16
134359|17
134359|18
134359|19
134359|20
134359|21
134359|22
134359|23
134359|24
134359|25
134359|26
134359|27
134359|28
134359|29
134359|30
134359|31
134359|32
134359|33
108615|16
65146|10
65146|11
65146|12
65146|13
65146|14
65146|15
65146|16
65146|17
65146|18
65146|19
65146|20
134359|34
134359|35
134359|36
65146|21
65146|22
65146|23
65146|24
65146|25
65146|26
65146|27
65146|28
65146|29
66509|1
66509|2
66509|3
66509|4
66509|5
134359|40
134359|41
134359|42
134359|43
134359|44
134359|45
134359|46
134359|47
134359|48
134359|49
134359|50
134359|51
134359|52
134359|53
134359|54
134359|55
134359|56
134874|1
134874|2
134874|3
134874|4
134874|5
134874|6
134874|7
134874|8
134874|9
134874|10
134874|11
134874|12
134874|13
134874|14
134874|15
69652|15
140052|4
140052|5
140052|6
140052|7
2266|1
2266|2
2266|3
2266|4
2266|5
2266|6
2266|7
2266|8
2266|9
2266|10
2266|11
2266|12
2266|13
2266|14
2266|15
2266|16
2266|17
2266|18
6880|1
6880|2
6880|3
6880|4
136883|15
66509|6
66509|7
66509|8
66509|9
66509|10
66509|11
66509|12
66509|13
66509|14
66509|15
66509|16
66509|17
66509|18
66509|19
66509|20
66509|21
66509|22
66509|23
66509|24
66509|25
66509|26
66509|27
66509|28
66509|29
66509|30
66509|31
66509|32
66509|33
66509|34
66509|35
66509|67
6880|8
66509|36
66509|37
66509|38
66509|39
66509|40
66509|41
66509|42
66509|43
66509|44
66509|45
66509|46
66509|47
66509|48
66509|49
66509|50
66509|51
134874|16
134874|17
70463|16
66509|52
66509|53
66509|54
66509|55
66509|56
66509|57
66509|58
66509|59
66509|60
66509|61
66509|62
66509|63
66509|64
66509|65
66509|66
135586|1
66509|68
66509|69
66509|70
66509|71
66509|72
66509|73
66509|74
70463|1
70463|2
70463|3
70463|4
70463|5
70463|6
70463|7
70463|8
70463|9
70463|10
70463|11
70463|12
70463|13
70463|14
136883|16
134874|18
134874|19
134874|20
135921|1
135921|3
135921|4
135921|5
135921|6
135921|7
135921|8
135921|9
135921|10
135921|11
135921|12
135921|13
135921|14
135921|15
135921|16
135921|17
135921|18
135921|19
135921|20
135921|21
135921|22
6880|5
135586|2
135586|3
135586|4
135586|5
135586|6
135586|7
135586|8
135586|9
135586|10
135586|11
135906|1
135906|2
135906|3
135906|4
135906|5
135906|6
135906|7
135906|8
135906|9
135906|10
135906|11
135906|12
135906|13
135906|14
135906|15
135906|16
135906|17
135906|18
135906|19
135906|20
135906|21
135906|22
135906|23
6880|6
6880|7
135921|23
135921|24
135921|25
135921|26
140740|1
140740|3
140740|4
140740|5
140740|6
140740|7
140740|8
140740|9
140740|10
140740|11
140740|12
140740|13
140740|14
140740|15
140740|16
140740|17
140740|18
140740|19
140740|20
140740|21
140740|22
140740|23
140740|24
140740|25
140740|26
140740|27
140740|28
140740|29
140740|30
140740|31
137392|1
137392|3
135906|24
135906|25
135906|26
135906|27
137719|1
137719|2
137719|3
137719|4
137719|5
137719|6
137719|7
137719|8
137719|9
137719|10
137719|11
138392|1
138392|2
138392|3
138392|4
138392|5
138392|6
138392|7
138392|8
138392|9
92138|30
92138|31
6880|9
6880|10
6880|11
6880|12
6880|13
6880|14
6880|15
6880|16
6880|17
6880|18
6880|19
6880|20
6880|21
6880|22
6880|23
6880|24
6880|25
6880|26
6880|27
6880|28
6880|29
6880|30
6880|31
6880|32
6880|33
6880|34
6880|35
70463|15
6880|36
6880|37
6880|38
6880|39
6880|40
6880|41
6880|42
6880|43
6880|44
6880|45
8276|1
8276|2
8276|3
8276|4
8276|5
8276|6
8276|7
8276|8
8276|9
8276|10
8276|11
8276|12
8276|13
8276|14
8276|15
8276|16
8276|17
8276|18
8276|19
74249|12
70463|17
70463|18
70463|19
70463|20
70463|21
70463|22
70463|23
70463|24
71839|1
71839|2
71839|3
71839|4
71839|5
71839|6
71839|7
71839|8
74249|1
74249|2
74249|3
74249|4
74249|5
74249|6
74249|7
74249|8
74249|9
74249|10
74249|11
8602|1
16747|1
16747|2
16747|3
16747|4
16747|5
16747|6
16747|7
16747|8
16747|9
16747|10
16747|11
16747|12
16747|13
16747|14
16747|15
16747|16
16747|17
16747|18
16747|19
16747|20
16747|21
16747|22
31642|1
31642|2
31642|3
31642|4
31642|5
31642|6
31642|7
31642|8
31642|9
83019|21
74249|14
74249|15
74249|16
74249|17
74249|18
74249|19
74249|20
74249|21
75189|1
75189|2
75189|3
75189|4
75189|5
75189|6
75189|7
75189|8
75189|9
75189|10
75189|11
75189|12
75189|13
75189|14
75189|15
75189|16
75189|17
75189|18
92138|32
82211|1
82211|2
82211|3
82211|4
82211|5
82211|6
82211|7
82211|8
82211|9
82211|10
82211|11
82211|12
82211|13
82211|14
82211|15
82211|16
82211|17
5483|7
82211|18
82211|19
82211|20
82426|1
82426|2
82426|3
82426|4
82426|5
82426|6
82426|7
82426|8
82426|9
82426|10
82426|11
82426|12
82426|13
82426|14
82426|15
83019|1
83019|2
83019|3
83019|4
83019|5
83019|6
83019|7
83019|8
83019|9
83019|10
83019|11
83019|12
83019|13
83019|14
83019|15
83019|16
83019|17
83019|18
83019|19
83019|20
31642|10
31642|11
31642|12
31642|13
31642|14
31642|15
33413|1
33413|2
33413|3
33413|4
33413|5
33413|6
33413|7
33413|8
33413|9
33413|10
33413|11
33413|12
33413|13
33413|14
33413|15
33413|16
33413|17
48744|1
48744|2
48744|3
48744|4
48744|5
5483|8
83019|22
83019|23
83019|24
83019|25
83019|26
83019|27
83019|28
83019|29
83019|30
83019|31
83019|32
83019|33
83019|34
83019|35
83019|36
83019|37
83019|38
83019|39
83019|40
83019|41
83019|42
83019|43
83019|44
83449|1
83449|3
83449|4
83449|5
83449|6
83449|7
83449|8
83449|9
48744|6
48744|7
48744|8
48744|9
48744|10
48744|11
48744|12
48744|13
48744|14
48744|15
48744|16
57774|1
57774|2
57774|3
57774|4
57774|5
57774|6
57774|7
57774|8
57774|9
57774|10
57774|11
57774|12
57774|13
57774|14
57774|15
57774|16
57774|52
83449|10
83449|11
83449|12
83449|13
83449|14
83449|15
83449|16
83449|17
83449|18
83449|19
83449|20
83449|21
83449|22
83449|23
83449|24
83449|25
83449|26
83449|27
83449|28
83449|29
83449|30
83449|31
83449|32
83449|33
88217|1
88217|2
88217|3
88217|4
88217|5
88217|6
88217|7
5483|9
57774|17
57774|18
57774|19
57774|20
57774|21
57774|22
57774|23
57774|24
57774|25
57774|26
57774|27
57774|28
57774|29
57774|30
57774|31
57774|32
57774|33
57774|34
57774|35
57774|36
57774|37
57774|38
57774|39
57774|40
57774|41
57774|42
57774|43
57774|44
57774|45
57774|46
57774|47
57774|48
57774|49
57774|50
57774|51
57774|82
57774|83
57774|53
57774|54
57774|55
57774|56
57774|57
57774|58
57774|59
57774|60
57774|61
57774|62
57774|63
57774|64
57774|65
57774|66
57774|67
57774|68
57774|69
57774|70
57774|71
57774|72
57774|73
57774|74
57774|75
57774|76
57774|77
57774|78
57774|79
57774|80
57774|81
57774|84
57774|85
57774|86
57774|87
57774|88
57774|89
57774|90
57774|91
57774|92
57774|93
57774|94
57774|95
57774|96
57774|97
57774|98
57774|99
57774|100
57774|101
57774|102
57774|103
57774|104
57774|105
57774|106
57774|107
57774|108
57774|109
57774|110
57774|111
57774|112
57774|113
57774|114
57774|115
57774|116
57774|117
57774|118
57774|119
57774|121
57774|122
57774|123
57774|124
57774|125
57774|126
57774|127
57774|128
57774|129
57774|130
57774|131
57774|132
57774|133
57774|134
57774|135
57774|136
57774|137
57774|138
57774|139
57774|140
57774|141
57774|142
57774|143
57774|144
57774|145
57774|146
57774|147
57774|148
57774|149
57774|150
57774|151
57774|152
57774|153
57774|154
57774|155
77373|8
57774|156
57774|157
57774|158
57774|159
57774|160
57774|161
57774|162
57774|163
57774|164
57774|165
57774|166
57774|167
57774|168
57774|169
57774|170
57774|171
57774|172
57774|173
57774|174
57774|175
57774|176
57774|177
57774|178
57774|179
57774|180
57774|181
57774|182
57774|183
57774|184
57774|185
57774|186
57774|187
57774|188
57774|189
57774|190
57774|192
57774|193
57774|194
57774|195
57774|196
57774|197
57774|198
57774|199
57774|200
57774|201
57774|202
57774|203
57774|204
62062|1
62062|2
62062|3
62062|4
62062|5
62062|6
62062|7
62062|8
62062|9
62062|10
62062|11
62062|12
62062|13
62062|14
62062|15
62062|16
62062|17
62062|18
62062|19
62062|20
62062|21
62062|22
66620|1
66620|2
66620|3
66620|4
66620|5
76201|6
76201|7
76201|8
76201|9
76201|10
76201|11
76201|12
76201|13
76201|14
76201|15
76201|16
76201|17
76201|18
76201|19
76201|20
76201|21
76201|22
76201|23
76201|24
76201|25
76201|27
76201|28
76201|29
76201|30
76201|31
76201|32
76201|33
76201|34
76201|35
76201|36
76201|37
76201|38
76201|39
76201|40
76201|41
76201|42
76201|43
76201|44
76201|45
76201|46
76201|47
76201|48
76201|49
76201|50
76201|91
76201|51
76201|52
76201|53
76201|54
76201|55
76201|56
76201|57
76201|58
76201|59
76201|60
76201|61
76201|62
76201|63
76201|64
76201|65
76201|66
76201|67
76201|68
76201|69
76201|70
76201|92
76201|119
76201|71
76201|72
76201|73
76201|74
76201|75
76201|76
76201|77
76201|78
76201|79
76201|80
76201|81
76201|82
76201|83
76201|84
76201|85
76201|86
76201|87
76201|88
76201|89
76201|90
73871|32
76201|93
76201|94
76201|95
76201|96
76201|97
76201|98
76201|99
76201|100
76201|101
76201|102
76201|103
76201|104
76201|105
76201|106
76201|107
76201|108
76201|109
76201|110
76201|111
76201|112
76201|113
76201|114
76201|115
76201|116
76201|117
76201|118
76201|120
76201|121
76201|122
76201|123
76201|124
76201|125
76201|126
76201|127
76201|128
76201|129
76201|130
76201|131
76201|132
76201|133
76201|134
8359|1
8359|2
8359|3
8359|4
8359|5
8359|6
8359|7
8359|8
8359|9
8359|10
8359|11
5483|10
137392|4
137392|5
137392|6
137392|7
137392|8
137392|9
137392|10
137392|11
137392|12
2618|1
2618|2
2618|3
2618|4
2618|5
2618|6
2618|7
2618|8
2618|9
2618|10
2618|11
2618|12
2618|13
2618|14
2618|15
2618|16
2618|17
2618|18
2618|19
2618|20
2618|21
2618|22
2618|23
2618|24
2618|25
2618|26
2618|27
2618|28
2618|29
2618|30
2618|31
2618|32
2618|33
2618|34
2618|35
2618|36
2618|37
2618|38
2618|39
2618|40
2618|41
2618|42
2618|43
2618|44
2618|45
2618|46
2618|47
2618|48
2618|49
2618|50
2618|51
2618|52
2618|53
2618|54
2618|55
2618|56
2618|57
2618|58
2618|59
2618|60
2618|61
2618|62
5483|1
5483|2
5483|3
5483|4
5483|5
5483|6
88217|8
88217|9
88217|10
88217|11
88217|12
88217|13
92138|1
92138|3
92138|4
92138|5
92138|6
92138|7
92138|8
92138|9
92138|10
92138|11
92138|12
92138|13
92138|14
92138|15
92138|16
92138|17
92138|18
92138|19
92138|20
92138|21
92138|22
92138|23
92138|24
92138|25
92138|26
92138|27
92138|28
92138|29
74951|15
8359|12
8359|13
8359|14
8359|15
8359|16
8359|17
8359|18
8359|19
8359|20
8359|21
8359|22
8359|23
8359|24
8359|25
8359|26
8359|27
66620|6
66620|7
8359|28
8359|29
8359|30
8359|31
8359|32
8359|33
8359|34
8359|35
8359|36
8359|37
8359|38
9870|1
9870|2
9870|3
9870|4
9870|5
9870|6
9870|7
9870|8
9870|9
5483|11
66620|8
66620|9
66620|10
66620|11
66620|12
66620|13
66620|14
66620|15
66620|16
66620|17
66620|18
66620|19
66620|20
66620|21
66620|22
66620|23
66620|24
66620|25
66620|26
66620|27
66620|28
66620|29
66620|30
66620|31
66620|32
66620|33
66620|34
66620|35
66620|36
66620|37
66620|38
66620|39
66620|40
66620|41
66620|42
66620|43
66620|44
66620|45
66620|46
66620|47
66620|48
66620|49
66620|50
66620|51
66620|52
66620|53
66620|54
66620|55
66620|56
66620|57
66620|58
66620|59
66620|60
66620|61
66620|62
66620|63
66620|64
66620|65
66620|66
66620|67
66620|68
66620|69
66620|70
66620|71
66860|1
66860|3
66860|4
66860|5
66860|6
66860|7
6202|13
138392|10
138392|11
138392|12
138392|13
138392|14
138392|15
138392|16
138392|17
138392|18
138392|19
138392|20
138392|21
138392|22
138392|23
138392|24
138392|25
139249|1
139249|2
139249|4
139249|5
139249|6
9506|20
9870|10
9870|11
9870|12
9870|13
9870|14
9870|15
9870|16
16349|1
16349|2
16349|3
16349|4
16349|5
16349|6
30303|1
30303|2
30303|3
30303|4
30303|5
30303|6
30303|7
30303|8
30303|9
30303|10
5483|12
5483|13
5483|14
5483|15
5483|16
5483|17
5483|18
5483|19
5483|20
5483|21
5483|22
5483|23
5483|24
5483|25
5483|26
5483|27
5483|28
5483|29
5483|30
5483|31
6202|1
6202|2
6202|3
6202|4
6202|5
6202|6
6202|7
6202|8
6202|9
6202|10
6202|11
6202|12
66860|8
66860|9
66860|10
66860|11
66860|12
66860|13
66860|14
66860|15
66860|16
66860|17
66860|18
66860|19
69730|1
69730|2
69730|3
69730|4
69730|5
69730|6
69730|7
69730|8
69730|9
69730|10
69730|11
96142|19
139249|7
139249|8
139249|9
139249|10
139249|11
139249|12
139249|13
139249|14
139249|15
139249|16
139249|17
9506|1
9506|2
9506|3
9506|4
9506|5
9506|6
9506|7
9506|8
9506|9
9506|10
9506|11
9506|12
9506|13
9506|14
9506|15
9506|16
9506|17
9506|18
9506|19
94270|1
94270|2
94270|3
94270|4
94270|5
94270|6
94270|7
94270|8
94270|9
94270|10
94270|11
94270|12
96142|1
96142|3
96142|4
96142|5
96142|6
96142|7
96142|8
96142|9
96142|10
96142|11
96142|12
96142|13
96142|14
96142|15
96142|16
96142|17
96142|18
72508|10
6202|14
6202|15
6202|16
6202|17
6202|18
6202|19
6202|20
6202|21
6202|22
6202|23
6202|24
6202|25
6202|26
6202|27
6202|28
6202|29
6202|30
6202|31
6202|32
6202|33
6202|34
6202|35
6202|36
9044|1
9044|2
9044|3
9044|4
9044|5
9044|6
9044|7
9044|8
9044|9
9044|10
9044|11
9044|12
9506|21
9506|22
9506|23
97745|1
97745|2
97745|3
97745|4
97745|5
97745|6
97745|7
97745|8
97745|9
97745|10
97745|11
97745|12
97745|13
97745|14
97745|15
97745|16
97745|17
97745|18
97745|19
97745|20
97745|21
97745|22
97745|23
97745|24
97745|25
97745|26
97745|27
97745|28
97745|29
97745|30
97745|31
291|1
291|2
291|3
291|4
291|5
291|6
102045|19
69730|12
69730|13
69730|14
69730|15
69730|16
69730|17
69730|18
69730|19
69730|20
69730|21
69730|22
69730|23
69730|24
69730|25
69730|26
69730|27
69730|28
69730|29
69730|30
72508|1
72508|2
72508|3
72508|4
72508|5
72508|6
72508|7
72508|8
72508|9
30303|11
30303|12
30303|13
34278|1
34278|2
34278|3
34278|4
34278|5
34278|6
34278|7
34278|8
34278|9
34278|10
34278|11
34278|12
34278|13
34278|14
34278|15
35207|1
35207|2
35207|3
35207|4
35207|5
35207|6
35207|7
74951|11
74951|12
96142|20
96142|21
96142|22
96142|23
96142|24
100543|1
100543|3
100543|4
100543|5
100543|6
100543|7
100543|8
100543|9
100543|10
100543|11
100543|12
100543|13
100543|14
100543|15
100543|16
100543|17
100543|18
100543|19
100543|20
100543|21
100543|22
100543|23
74951|13
102045|20
9044|13
9044|14
9044|15
9044|16
9044|17
9044|18
9044|19
9044|20
9044|21
9044|22
34838|0
34838|1
34838|2
34838|3
34838|4
34838|5
34838|6
34838|7
34838|8
34838|9
34838|10
34838|11
34838|12
34838|13
34838|14
74951|14
72508|11
72508|12
72508|13
72508|14
72508|15
72508|16
72508|17
72508|18
72508|19
72508|20
72508|21
72469|1
72469|2
72469|3
72469|4
72469|5
72469|6
72469|7
74951|1
74951|2
74951|3
74951|4
74951|5
74951|6
74951|7
74951|8
74951|9
74951|10
100543|24
100543|25
100543|26
100746|1
100746|2
100746|3
100746|4
100746|5
100746|6
100746|7
100746|8
100746|9
100746|10
100746|11
100746|12
100746|13
100746|14
100746|15
100746|16
102990|1
102990|3
102990|4
102990|5
102990|6
102990|7
102990|8
102990|9
102990|10
102990|11
102990|12
102990|13
102990|14
102990|16
34838|15
34838|16
34838|17
34838|18
34838|19
34838|20
34838|21
34838|22
34838|23
34838|24
34838|25
34838|26
34838|27
34838|28
34838|29
34838|30
34838|31
34838|32
34838|33
34838|34
34838|35
34838|36
34838|37
34838|38
34838|67
76349|41
34838|39
34838|40
34838|41
34838|42
34838|43
34838|44
34838|45
34838|46
34838|47
34838|48
34838|49
34838|50
34838|51
34838|52
34838|53
34838|54
34838|55
34838|56
34838|57
34838|58
34838|59
34838|60
34838|61
34838|62
34838|63
34838|64
34838|65
34838|66
34838|68
34838|69
34838|70
34838|71
34838|72
34838|73
34838|74
34838|75
34838|76
34838|77
34838|78
34838|79
34838|80
34838|81
34838|82
34838|83
34838|84
34838|85
34838|86
34838|87
34838|88
34838|89
34838|90
34838|91
34838|92
34838|93
34838|123
34838|124
34838|94
34838|95
34838|96
34838|97
34838|98
34838|99
34838|100
34838|101
34838|102
34838|103
34838|104
34838|105
34838|106
34838|107
34838|108
34838|109
34838|110
34838|111
34838|112
34838|113
34838|114
34838|115
34838|116
34838|117
34838|118
34838|119
34838|120
34838|121
34838|122
34838|125
34838|126
34838|127
34838|128
34838|129
34838|130
34838|131
34838|132
34838|133
34838|134
34838|135
34838|136
34838|137
34838|138
34838|139
34838|140
34838|141
34838|142
34838|143
34838|144
51921|1
51921|2
51921|3
51921|4
51921|5
51921|6
51921|7
51921|8
76349|42
51921|9
51921|10
51921|11
51921|12
51921|13
51921|14
51921|15
51921|16
51921|17
51921|18
51921|19
51921|20
54242|1
54242|2
54242|3
54242|4
54242|5
54242|6
54242|7
54242|8
51099|12
102990|15
85805|28
35207|8
35207|9
35207|10
35207|11
35207|12
35207|13
35207|14
51099|1
51099|2
51099|3
51099|4
51099|5
51099|6
51099|7
51099|8
51099|9
51099|10
51099|11
74951|16
74951|17
74951|18
74951|19
74951|20
74951|21
74951|22
74951|23
74951|24
74951|25
74951|26
74951|27
74951|28
74951|29
74951|30
76349|1
76349|2
76349|3
76349|4
76349|5
76349|6
76349|7
76349|8
76349|9
76349|10
76349|11
76349|12
76349|13
76349|14
76349|15
51206|58
51206|59
54242|9
54242|10
54242|11
54242|12
54242|13
54242|14
54242|15
54242|16
54242|17
55373|1
55373|2
55373|3
55373|4
55373|5
55373|6
55373|7
55373|8
55373|9
55373|10
55373|11
55373|12
55373|13
55373|14
55373|15
55373|16
55592|1
55592|2
55592|3
55592|4
55592|5
55592|6
55592|7
55592|8
55592|9
55592|10
51099|13
51099|14
51099|15
51099|16
51099|17
51099|18
51099|19
51099|20
51099|21
51099|22
51099|23
51206|1
51206|2
51206|3
51206|4
51206|5
51206|6
51206|7
51206|8
51206|9
51206|10
51206|11
51206|12
51206|13
51206|14
51206|15
51206|16
51206|17
51206|18
51206|60
102990|17
102990|18
102990|19
102990|20
102990|21
102990|22
102990|23
106144|1
106144|3
106144|4
106144|5
106144|6
106144|7
106144|8
106144|9
106144|10
106144|11
106144|12
106144|13
106144|14
106144|15
106144|16
106144|17
106144|18
106144|19
106144|20
106144|21
106144|22
106144|23
106144|24
106144|25
51206|101
76349|16
76349|17
76349|18
76349|19
76349|20
76349|21
76349|22
76349|23
76349|24
76349|25
76349|26
76349|27
76349|28
76349|29
76349|30
76349|31
76349|32
76349|33
76349|34
76349|35
76349|36
76349|37
76349|38
76349|39
76349|40
76349|43
76349|44
76349|45
76349|46
76349|47
76349|48
76349|49
76349|50
76349|51
76349|52
76349|53
76349|54
76349|55
76349|56
76349|57
76349|58
76349|75
76349|76
106144|27
76349|59
76349|60
76349|61
76349|62
76349|63
76349|64
76349|65
76349|66
76349|67
76349|68
76349|69
76349|70
76349|71
76349|72
76349|73
76349|74
51206|102
85805|29
76349|77
76349|78
76349|79
76349|80
76349|81
76349|82
76349|83
76349|84
76349|85
76349|86
76349|87
76349|88
76349|89
76349|90
76349|91
76349|92
76349|93
76349|94
76349|95
76349|96
76349|97
76349|98
51206|187
76349|99
76349|100
76349|101
76349|102
76349|103
76349|104
76349|105
76349|106
76349|107
76349|108
76349|109
76349|110
76349|111
76349|112
76349|113
76349|114
76349|115
76349|116
76349|117
76349|118
76349|119
106144|26
76349|120
76349|121
76349|122
76349|123
76349|124
76349|125
76349|126
76349|127
76349|128
76349|129
76349|130
76349|131
76349|132
76349|133
76349|134
76349|135
76349|136
76349|137
76349|138
76349|139
76349|140
76349|141
76349|142
76349|143
76349|144
76349|145
76349|146
76349|147
76349|148
76349|149
77443|1
77443|2
77443|3
77443|4
77443|5
77443|6
77443|7
77443|8
77443|9
77443|10
77443|11
77443|12
77443|13
77443|14
79958|1
79958|2
79958|3
79958|4
79958|5
106144|28
106144|29
106144|30
106144|31
106144|32
106144|33
106144|34
106144|35
106144|36
106144|37
106144|38
106144|39
106931|1
106931|2
106931|3
106931|4
106931|5
106931|6
106931|7
106931|8
106931|9
106931|10
106931|11
106931|12
106931|13
106931|14
291|7
51206|19
51206|20
51206|21
51206|22
51206|23
51206|24
51206|25
51206|26
51206|27
51206|28
51206|29
51206|30
51206|31
51206|32
51206|33
51206|34
51206|35
51206|36
51206|37
51206|38
51206|39
51206|40
51206|41
51206|42
51206|43
51206|44
51206|45
51206|46
51206|47
51206|48
51206|49
51206|50
51206|51
51206|52
51206|53
51206|54
51206|55
51206|56
51206|57
55627|22
51206|61
51206|62
51206|63
51206|64
51206|65
51206|66
51206|67
51206|68
51206|69
51206|70
51206|71
51206|72
51206|73
51206|74
51206|75
51206|76
51206|77
51206|78
51206|79
51206|80
51206|81
51206|82
51206|83
51206|84
51206|85
51206|86
51206|87
51206|88
51206|89
51206|90
51206|91
51206|92
51206|93
51206|94
51206|95
51206|96
51206|97
51206|98
51206|99
51206|100
51206|188
51206|103
51206|104
51206|105
51206|106
51206|107
51206|108
51206|109
51206|110
51206|111
51206|112
51206|113
51206|114
51206|115
51206|116
51206|117
51206|118
51206|119
51206|120
51206|121
51206|122
51206|123
51206|124
51206|125
51206|126
51206|127
51206|128
51206|129
51206|130
51206|131
51206|132
51206|133
51206|134
51206|135
51206|136
51206|137
51206|138
51206|139
51206|140
51206|141
51206|142
51206|143
51206|144
51206|145
51206|146
55592|11
51206|147
51206|148
51206|149
51206|150
51206|151
51206|152
51206|153
51206|154
51206|155
51206|156
51206|157
51206|158
51206|159
51206|160
51206|161
51206|162
51206|163
51206|164
51206|165
51206|166
51206|167
51206|168
51206|169
51206|170
51206|171
51206|172
51206|173
51206|174
51206|175
51206|176
51206|177
51206|178
51206|179
51206|180
51206|181
51206|182
51206|183
51206|184
51206|185
51206|186
51206|189
51206|190
51206|191
51206|192
51206|193
51206|194
51206|195
51206|196
55627|1
55627|2
55627|4
55627|5
55627|6
55627|7
55627|8
55627|9
55627|10
55627|11
55627|12
55627|13
55627|14
55627|15
55627|16
55627|17
55627|18
55627|19
55627|20
55627|21
106931|15
106931|16
106931|17
113981|1
113981|2
113981|3
113981|4
113981|5
113981|6
113981|7
113981|8
113981|9
113981|10
113981|11
113981|12
113981|13
113981|14
113981|15
113981|16
113981|17
113981|18
113981|19
113981|20
113981|21
113981|22
113981|23
113981|24
113981|25
113981|26
113981|27
113981|28
113981|29
113981|30
113418|65
291|8
291|9
291|10
291|11
1111|1
1111|2
1111|3
1111|4
1111|5
1111|6
1111|7
1111|8
1111|9
1111|10
1111|11
1111|12
1111|13
1111|14
1111|15
1111|16
1111|17
1111|18
1111|19
1111|20
1111|21
1407|1
6226|1
6226|2
6226|3
6226|4
6226|5
6226|6
55627|23
55627|24
55627|25
55627|26
55627|27
55627|28
55627|29
55627|30
55627|31
55627|32
55627|33
55627|34
55627|35
55627|36
56012|1
56012|2
56012|3
56012|4
56012|5
56012|6
56012|7
56012|8
56012|9
56012|10
56012|11
55592|13
55592|14
55592|15
55592|16
55592|17
55592|18
55592|19
55592|20
55592|21
55592|22
55592|23
55592|24
55592|25
55592|26
55592|27
55592|28
55592|29
55592|30
55592|31
55592|32
55592|33
55592|34
55592|35
55592|36
55592|37
55592|38
55592|39
55592|40
55592|41
55592|42
55592|43
55592|44
55592|45
55592|46
55592|47
55592|48
55592|49
55592|50
55592|51
55592|52
55592|53
55592|54
55592|55
55592|56
55592|57
55592|58
55592|59
55592|60
55592|61
55592|62
55592|63
57210|1
57210|3
57210|4
57210|5
57210|6
57210|7
57210|8
57210|9
57210|10
113418|66
79958|6
79958|7
81351|1
81351|2
81351|3
81351|4
81351|5
81351|6
81351|7
81351|8
81351|9
81351|10
81351|11
81351|12
81351|13
81351|14
81351|15
81351|16
81351|17
81351|18
81351|19
81351|20
81351|21
81351|22
81351|23
81351|24
81351|25
83074|1
83074|2
83074|3
83074|4
83074|5
68975|5
113981|31
113981|32
113981|33
113981|34
113981|35
113981|36
113981|37
113981|38
113981|39
113981|40
113981|41
113981|42
113981|43
113981|44
113981|45
113981|46
113981|47
113981|48
113981|49
120978|0
120978|1
120978|2
120978|3
120978|4
120978|5
120978|6
120978|7
120978|8
120978|9
120978|10
120978|11
120978|12
120978|13
122269|1
122269|2
122269|3
122269|4
122269|5
122269|6
122269|7
122269|8
57210|11
57210|12
57210|13
57210|14
57210|15
57210|16
57210|17
57210|18
57210|19
57210|20
57210|21
57210|22
57210|23
57210|24
57210|25
57210|26
57210|27
57210|28
57210|29
57210|30
57210|31
57210|32
57210|33
57210|34
57210|35
57210|36
57210|37
57210|38
57210|39
57210|40
57210|41
57210|42
57210|43
68975|1
68975|2
68975|3
68975|4
56012|12
56012|13
56012|14
56012|15
56387|1
56387|2
56387|3
56387|4
56387|5
56387|6
56387|7
56387|8
56387|9
56387|10
56387|11
56387|12
56387|13
56387|14
56387|15
56367|1
56367|2
56367|3
56367|4
56367|5
56367|6
56367|7
56367|8
56367|9
56367|10
56367|11
56367|12
56367|13
56367|14
89515|24
83074|6
83074|7
83074|8
83074|9
83074|10
83074|11
83074|12
83074|13
83074|14
84785|1
84785|2
84785|3
84785|4
84785|5
84785|6
84785|7
84785|8
84785|9
84785|10
84785|11
84785|12
84785|13
84785|14
84785|15
84785|16
84785|17
84785|18
84785|19
84785|20
84785|21
84785|22
84785|23
84785|24
6226|7
6226|8
6226|9
6226|10
6226|11
6226|12
6226|13
6226|14
6226|15
6891|1
6891|2
6891|3
6891|4
6891|5
6891|6
6891|7
6891|8
6891|9
6891|10
6891|11
6891|12
6891|13
6891|14
68975|6
68975|7
68975|8
68975|9
68975|10
68975|11
68975|12
68975|13
68975|14
68975|15
68975|16
68975|17
68975|18
68975|19
68975|20
68975|21
68975|22
68975|23
68975|24
68975|25
68975|26
68975|27
68975|28
84785|25
113418|67
68975|29
68975|30
68975|31
68975|32
68975|33
68975|34
68975|35
68975|36
68975|37
68975|38
68975|39
68975|40
68975|41
68975|42
68975|43
68975|44
68975|45
68975|46
68975|47
68975|48
68975|49
68975|50
68975|51
68975|52
68975|53
68975|54
68975|55
68975|56
68975|57
56367|88
68975|58
68975|59
68975|60
68975|61
68975|62
68975|63
68975|64
68975|65
68975|66
68975|67
68975|68
68975|69
68975|70
68975|71
68975|72
68975|73
68975|74
68975|75
68975|76
68975|77
68975|78
68975|79
68975|80
68975|81
68975|82
68975|83
68975|84
68975|85
68975|86
68975|87
68975|88
68975|89
68975|90
68975|91
68975|92
68975|93
68975|94
68975|95
69914|1
71502|23
6891|15
6891|16
6891|17
6891|18
6891|19
6891|20
6891|21
6891|22
6891|23
6891|24
6891|25
6891|26
7166|1
7166|3
7166|4
7166|5
7166|6
7166|7
7166|8
7166|9
7166|10
7166|11
89515|25
84785|26
89223|1
89223|2
89223|3
89223|4
89223|5
89223|6
89223|7
89223|8
89223|9
89223|10
89223|11
89223|12
89223|13
89515|1
89515|2
89515|3
89515|4
89515|5
89515|6
89515|7
89515|8
89515|9
89515|10
89515|11
89515|12
89515|13
89515|14
89515|15
89515|16
89515|17
89515|18
89515|19
89515|20
89515|21
69914|2
69914|3
69914|4
69914|5
69914|6
69914|7
69914|8
69914|9
71502|1
71502|2
71502|3
71502|4
71502|5
71502|6
71502|7
71502|8
71502|9
71502|10
71502|11
71502|12
71502|13
71502|14
71502|15
71502|16
71502|17
71502|18
71502|19
71502|20
71502|21
71502|22
122269|9
122269|10
122269|11
122269|12
122269|13
122269|14
122269|15
122269|16
122269|17
122269|18
122269|19
122269|20
124137|1
124137|3
124137|4
124137|5
124137|6
124137|7
124137|8
124137|9
124137|10
124137|11
124137|12
124137|13
124137|14
124137|15
124137|16
124137|17
124137|18
124137|19
124137|20
85805|30
7166|12
7166|13
7166|14
7166|15
7166|16
7166|17
7166|18
7166|19
7166|20
7166|21
7166|22
7166|23
7166|24
10477|1
10477|2
10477|3
10477|4
10477|5
10477|6
10477|7
10477|8
10477|9
10477|10
10477|11
10477|12
10477|13
10477|14
60950|14
113418|68
56367|15
56367|16
56367|17
56367|18
56367|19
56367|20
56367|21
56367|22
56367|23
56367|24
56367|25
56367|26
56367|27
56367|28
56367|29
56367|30
56367|31
56367|32
56367|33
56367|34
56367|35
56367|36
56367|37
56367|38
56367|39
56367|40
56367|41
56367|42
56367|43
56367|44
56367|45
56367|46
56367|47
56367|48
56367|49
56367|50
134282|24
134282|25
56367|51
56367|52
56367|53
56367|54
56367|55
56367|56
56367|57
56367|58
56367|59
56367|60
56367|61
56367|62
56367|63
56367|64
56367|65
56367|66
56367|67
56367|68
56367|69
56367|70
56367|71
56367|72
56367|73
56367|74
56367|75
56367|76
56367|77
56367|78
56367|79
56367|80
56367|81
56367|82
56367|83
56367|84
56367|85
56367|86
56367|87
56367|89
56367|90
56367|91
56367|92
56367|93
56367|94
56367|95
56367|96
56367|97
56367|98
56367|99
56367|100
56367|101
56367|102
56367|103
56367|104
56367|105
56367|106
56367|107
56367|108
56367|109
56367|110
56367|111
56367|112
56367|113
56367|114
56367|115
56367|116
56367|117
81679|242
56367|118
56367|119
56367|120
56367|121
56367|122
56367|123
56367|124
56367|125
56367|126
56367|127
56367|128
56367|129
56367|130
56367|131
56367|132
56367|133
56367|134
56367|135
56367|136
56367|137
56367|138
56367|139
56367|140
56367|141
56367|142
56367|143
56367|144
56367|145
56367|146
56367|147
56367|148
56367|149
56367|150
56367|151
56367|152
56367|153
56367|154
56367|155
56367|156
56367|157
56367|158
56367|159
56367|160
56367|161
56367|162
56367|163
56367|164
56367|165
56367|166
56367|167
56367|168
56367|169
56367|170
56367|171
56367|172
57637|9
56367|173
56367|174
56367|175
56367|176
56367|177
56367|178
56367|179
56367|180
56367|181
56367|182
56367|183
56367|184
56367|185
56367|186
56367|187
56367|188
56367|189
56367|190
56367|191
56367|192
56367|193
56367|194
56367|195
56367|196
56367|197
56367|198
56367|199
56367|200
56367|201
56367|202
56367|203
56367|204
56367|205
56367|206
56367|207
56367|208
56367|209
56367|210
56367|211
56367|212
56367|213
56367|214
56367|215
56367|216
56367|217
56367|218
56367|219
56367|220
56367|221
56367|222
56367|223
56367|224
56367|225
56367|226
56367|227
56367|228
124137|21
56367|229
56367|230
56367|231
56367|232
56367|233
56367|234
56367|235
56367|236
56367|237
56367|238
56367|239
56367|240
56367|241
56367|242
56367|243
56367|244
56367|245
56367|246
56367|247
57637|1
57637|2
57637|3
57637|4
57637|5
57637|6
57637|7
57637|8
124137|22
124137|23
124137|24
124137|25
124137|26
124137|27
124137|28
124137|29
124137|30
124137|31
124137|32
124137|33
124137|34
124137|35
124137|36
124137|37
124137|38
124137|39
124137|40
124137|41
124137|42
124137|43
124137|44
124137|45
124137|46
124137|47
124137|48
124137|49
124137|50
124137|51
124137|52
129624|1
129624|3
129624|4
129624|5
129624|6
129624|8
129624|9
129624|10
102977|10
57637|10
57637|11
57637|12
57637|13
57637|14
57637|15
57637|16
57637|17
57637|18
57637|19
57637|20
57637|21
57637|22
57637|23
57637|24
57637|25
57637|26
57637|27
57637|28
57637|29
57637|30
57637|31
89515|22
89515|23
57637|32
57637|33
57637|34
57637|35
57637|36
57637|37
57637|38
57637|39
57637|40
57637|41
57637|42
57637|43
57637|44
57637|45
57637|46
57637|47
60950|1
60950|2
60950|3
60950|4
60950|5
60950|6
60950|7
60950|8
60950|9
60950|10
60950|11
60950|12
60950|13
134282|26
89515|26
89515|27
89515|28
89515|29
89515|30
89515|31
89515|32
89515|33
89515|34
89515|35
89515|36
90250|1
90250|2
90250|3
90250|4
90250|5
90250|6
90250|7
90250|8
90250|9
90250|10
90250|11
90250|12
90250|13
90250|14
90250|15
90250|16
90250|17
90250|18
90250|19
90250|20
90250|21
90250|22
90250|23
90250|24
129624|11
129624|12
129624|13
129624|14
129624|15
129624|16
129624|17
129624|18
129624|19
129624|20
129624|21
129624|22
129624|23
129624|24
129624|25
129624|26
131237|1
131237|2
131237|3
131237|5
131237|6
131237|7
131237|8
131237|9
131237|10
131237|11
131237|12
131237|13
131237|14
73007|1
73007|2
73007|3
73007|4
73007|5
73007|6
73007|7
73007|8
73007|9
73007|10
73007|11
73007|12
73007|13
73007|14
75213|1
75213|2
75213|3
75213|4
75213|5
75213|6
75213|7
75213|8
75213|9
75213|10
75213|11
75213|12
75213|13
75213|14
75213|15
75213|16
75213|17
75213|18
75213|19
75213|20
75213|21
75213|22
75213|23
64107|48
10477|15
10477|16
10477|17
10477|18
10477|19
10477|20
10477|21
16349|1
16349|2
16349|3
16349|4
16349|5
16349|6
57201|1
57201|2
57201|3
57201|4
57201|5
57201|6
57201|7
57201|8
57201|9
57201|10
66425|6
60950|15
63091|1
63091|2
63091|3
63091|4
63091|5
63091|6
63091|7
63091|8
63091|9
63091|10
63091|11
63091|12
63091|13
63091|14
63091|15
63091|16
63091|17
63091|18
63091|19
63091|20
63091|21
63091|22
63091|23
63091|24
63091|25
63091|26
66425|1
66425|2
66425|3
66425|4
66425|5
66425|96
75213|24
75213|25
75213|26
75213|27
75213|28
75213|29
75213|30
75213|31
75213|32
75213|33
75213|34
75213|35
75213|36
75213|37
75213|38
75213|39
75213|40
75213|41
75213|42
75213|43
75213|44
75213|45
75213|46
75213|47
75213|48
75213|49
75213|50
75213|51
75213|52
75213|53
75213|54
75213|55
75213|56
75213|57
75213|58
66425|97
75213|59
75213|60
75213|61
75213|62
75213|63
75213|64
75213|65
75213|66
75213|67
75213|68
75213|69
75213|70
75213|71
75213|72
75213|73
75213|74
75213|75
75213|76
75213|77
75213|78
75213|79
75213|80
75927|1
75927|2
75927|3
75927|4
75927|5
75927|6
75927|7
75927|8
75927|9
102977|11
131237|15
131237|16
131237|17
131237|18
134282|1
134282|3
134282|4
134282|5
134282|6
134282|7
134282|8
134282|9
134282|10
134282|11
134282|12
134282|13
134282|14
134282|15
134282|16
134282|17
134282|18
134282|19
134282|20
134282|21
134282|22
134282|23
57201|11
57201|12
57201|13
57201|14
57201|15
60549|1
60549|3
60549|4
60549|5
60549|6
60549|7
60549|8
60549|9
60549|10
60549|11
60549|12
60549|13
60549|14
60549|15
60549|16
60549|17
64511|1
64511|2
64511|3
64511|4
64511|5
64511|6
64511|7
64511|8
91927|1
98501|0
98501|2
98501|3
98501|5
98501|6
98761|1
98761|2
98761|3
98761|4
98761|5
98761|6
98761|7
98761|8
102045|1
102045|2
102045|3
102045|4
102045|5
102045|6
102045|7
102045|8
102045|9
102045|10
102045|11
102045|12
102045|13
102045|14
102045|15
102045|16
102045|17
102045|18
75927|10
75927|11
75927|12
75927|13
75927|14
75927|15
75927|16
82169|0
82169|2
82169|3
82169|4
82169|5
82169|6
82169|7
82169|8
82169|9
82169|10
82169|11
82169|12
82169|13
82169|14
82169|15
82169|16
82169|17
82169|18
82169|19
82169|20
82169|21
82169|22
82169|23
82169|24
82169|25
82169|26
136244|13
66425|7
66425|8
66425|9
66425|10
66425|11
66425|12
66425|13
66425|14
66425|15
66425|16
66425|17
66425|18
66425|19
66425|20
66425|21
66425|22
66425|23
66425|24
66425|25
66425|26
66425|27
66425|28
66425|29
66425|30
66425|31
66425|32
66425|33
66425|34
66425|35
66425|36
66425|37
66425|38
66425|39
66425|40
66425|41
66425|42
66425|43
66425|44
66425|45
66425|46
82169|27
66425|47
66425|48
66425|49
66425|50
66425|51
66425|52
66425|53
66425|54
66425|55
66425|56
66425|57
66425|58
66425|59
66425|60
66425|61
66425|62
66425|63
66425|64
66425|65
66425|66
66425|67
66425|68
66425|69
66425|70
66425|71
66425|72
66425|73
66425|74
66425|75
66425|76
66425|77
66425|78
66425|79
66425|80
66425|81
66425|82
66425|83
66425|84
66425|85
66425|86
66425|87
66425|88
66425|89
66425|90
66425|91
66425|92
66425|93
66425|94
66425|95
66425|98
66425|99
66425|100
66425|101
66425|102
66425|103
66425|104
66425|105
66425|106
66425|107
66425|108
66425|109
66425|110
66425|111
66425|112
66425|113
66425|114
66425|115
66425|116
66425|117
66425|118
66425|119
66425|120
66425|121
74531|1
74531|3
74531|4
74531|5
74531|6
64107|49
82169|28
82169|29
82169|30
82169|31
82169|32
82169|33
82169|34
82169|35
82169|36
82169|37
82169|38
82169|39
82214|1
82214|2
82214|3
82214|4
82214|5
82214|6
82214|7
82214|8
82214|9
82214|10
82214|11
82214|12
82214|13
82214|14
82214|15
82214|16
82214|17
82214|18
82214|19
82214|20
64511|9
64511|10
64511|11
64511|12
64511|13
64511|14
64511|15
64511|16
64107|1
64107|2
64107|3
64107|4
64107|5
64107|6
64107|7
64107|8
64107|9
64107|10
64107|11
64107|12
64107|13
64107|14
64107|15
64107|16
64107|17
64107|18
64107|19
64107|20
64107|21
64107|22
64107|23
64107|24
64107|25
64107|26
64107|27
64107|28
64107|29
64107|30
64107|31
64107|32
64107|33
64107|34
64107|35
64107|36
64107|37
64107|38
64107|39
64107|40
64107|41
64107|42
64107|43
64107|44
64107|45
64107|46
64107|47
64107|50
74531|7
74531|8
74531|9
74531|10
74531|11
74531|12
74531|13
74531|14
74531|15
74531|16
74531|17
74531|18
76596|1
76596|2
76596|3
78366|1
78366|2
78366|3
78366|4
78459|1
78459|2
78459|3
78459|4
78459|5
78459|6
78459|7
78459|8
78459|9
78459|10
78459|11
78459|12
64107|51
66490|1
66490|2
66490|3
66490|4
66490|5
66490|6
66490|7
66490|8
66490|9
66490|10
66490|11
66490|12
66490|13
66490|14
66490|15
66490|16
66490|17
66490|18
72581|1
72581|2
72581|3
72581|4
72581|6
72581|7
72581|8
72581|9
102045|21
102045|22
102045|23
102045|24
102045|25
102045|26
102045|27
102045|28
102045|29
102045|30
102045|31
102045|32
102045|33
102045|34
102045|35
102045|36
102045|37
102045|38
102045|39
102045|40
102045|41
102045|42
102045|43
102416|1
102416|2
102416|3
102416|4
102416|5
102416|6
102416|7
102416|8
102416|9
102416|10
102416|11
102416|12
102416|13
102416|14
85805|31
85155|1
85155|2
85155|4
85155|5
85155|6
85155|7
85155|8
85155|9
85805|1
85805|2
85805|3
85805|5
85805|6
85805|7
85805|8
85805|9
85805|10
85805|11
85805|12
85805|13
85805|14
85805|15
85805|16
85805|17
85805|18
85805|19
85805|20
85805|21
85805|22
85805|23
85805|24
85805|25
85805|26
85805|27
87847|6
102416|15
102416|16
102416|17
102416|18
105477|1
105477|2
105477|3
105477|4
105477|5
105477|6
105477|7
105477|8
105477|9
105477|10
105477|11
105477|12
116356|1
116356|2
116356|3
116356|4
116356|5
116356|6
116356|7
116356|8
139415|1
85805|32
85805|33
85805|34
85805|35
85805|36
85805|37
85805|38
85805|39
85805|40
85805|41
85805|42
85805|43
85805|44
85805|45
85805|46
85805|47
85805|48
85805|49
87011|1
87011|3
87011|4
87011|5
87011|6
87011|7
87011|8
87011|9
87011|10
87011|11
87011|12
87011|13
87011|14
139415|3
113418|68
72581|10
72581|11
72581|12
72581|13
72581|14
72581|15
72581|16
72986|1
72986|2
72986|3
72986|4
72986|5
72986|6
72986|7
72986|8
72986|9
72986|10
72986|11
72986|12
72986|13
72986|14
72986|15
72986|16
72986|17
72986|18
60705|69
78459|13
78459|14
78459|15
78459|16
78459|17
78459|18
78459|19
78459|20
78459|21
78459|22
78459|23
78459|24
78459|25
78459|26
78459|27
78459|28
78459|29
78459|30
78459|31
78459|32
78459|33
78459|34
78459|35
78459|36
78459|37
78459|38
78459|39
78459|40
78459|41
78459|42
78459|43
78459|44
78459|45
78459|46
78459|47
78459|48
78459|49
78459|50
78459|51
78459|52
78459|53
78459|54
78459|55
78680|1
78680|2
78680|3
78680|4
78680|5
78680|6
78680|7
78680|8
78680|9
78680|10
78680|11
78680|12
78680|13
78680|14
78680|15
78680|16
78680|17
78680|18
78680|19
87011|15
87011|16
87011|17
87011|18
91203|1
91203|2
91203|3
91203|4
91203|5
91203|6
91203|7
91203|8
91203|9
91203|10
91203|11
91203|12
91203|13
91203|14
91203|15
91203|16
91203|17
91203|18
91203|19
91203|20
91203|21
91203|22
91203|23
91203|24
91203|25
91203|26
91203|27
91203|28
91203|29
91203|30
91203|31
91203|32
91203|33
91203|34
91203|35
92182|1
72986|19
72986|20
72986|21
72986|22
72986|23
72986|24
72986|25
72986|26
80446|1
80446|2
80446|3
80446|4
80446|5
80446|6
80446|7
80446|8
80446|9
80446|10
80446|11
80446|12
80446|13
80446|14
80446|15
80446|16
80446|17
80446|18
80446|19
118480|17
116356|9
116356|10
116356|11
116356|12
116356|13
116356|14
116356|15
118480|1
118480|2
118480|3
118480|4
118480|5
118480|6
118480|7
118480|8
118480|9
118480|10
118480|11
118480|12
118480|13
118480|14
118480|15
118480|16
78680|20
78680|21
78680|22
78680|23
78680|24
78680|25
78680|26
78680|27
78680|28
78680|29
78680|30
78680|31
78680|32
78680|33
78680|34
78680|35
78680|36
78680|37
78680|38
3460|11
78680|39
78680|40
78680|41
78680|42
78680|43
78680|44
78680|45
78680|46
78680|47
78680|48
78680|49
78680|50
78680|51
78680|52
78680|53
78680|54
78680|55
78680|56
78680|57
78680|58
78680|59
78680|60
78680|61
78680|62
78680|63
78680|64
78680|65
78680|66
78680|67
78680|68
78680|69
78680|70
78680|71
78680|72
78680|73
78680|74
78680|75
78680|76
78680|77
78680|78
78680|79
78680|80
78680|81
78680|82
78680|83
78680|84
78680|85
78680|86
78680|87
78680|88
78680|89
90055|22
78680|90
78680|91
78680|92
78680|93
78680|94
78680|95
78680|96
78680|97
78680|98
78680|99
78680|100
78680|101
78680|102
78680|103
78680|104
78680|105
78680|106
78680|107
78680|108
78680|109
78680|110
78680|111
78680|112
78680|113
90055|23
90055|24
78680|114
78680|115
78680|116
78680|117
78680|118
78680|119
78680|120
78680|121
78680|122
78680|123
78680|124
78680|125
78680|126
78680|127
78680|128
78680|129
78680|130
78680|131
78680|132
78680|133
78680|134
78680|135
87847|1
87847|2
87847|3
87847|4
87847|5
87847|7
87847|8
87847|9
87847|10
87847|11
87847|12
87847|13
87847|14
87847|15
87847|16
87847|17
87847|18
87847|19
87847|20
87847|21
87847|22
89785|0
89785|2
89785|3
89785|4
89785|5
89785|6
89785|7
89785|8
89785|9
89785|10
89785|11
89785|12
90055|1
90055|2
90055|3
90055|4
90055|5
90055|6
90055|7
90055|8
90055|9
90055|10
90055|11
90055|12
90055|13
90055|14
90055|15
90055|16
90055|17
90055|18
90055|19
90055|20
90055|21
90055|25
80446|20
80446|21
80446|22
80446|23
82463|1
82463|2
82463|3
82463|4
82463|5
82463|6
82463|7
82463|8
82463|9
82463|10
82463|11
82463|12
82463|13
82463|14
82463|15
82463|16
82463|17
82463|18
85003|1
89617|1
89617|2
89617|3
89617|4
89617|5
89617|6
89617|7
92182|2
92182|3
92182|4
92182|5
92182|6
92182|7
92182|8
92182|9
92182|10
92182|11
92182|12
94446|1
94446|2
94446|3
94446|4
94446|5
94446|6
94446|7
94446|8
94446|9
94446|10
94446|11
94446|12
90055|26
139415|4
139415|6
139415|7
139415|8
139415|9
139415|10
139415|11
139415|12
139415|13
139415|14
139415|15
3460|1
3460|2
3460|3
3460|4
3460|5
3460|6
3460|7
3460|8
3460|9
3460|10
107118|5
118480|18
118480|19
118480|20
120928|1
120928|3
120928|4
120928|5
120928|6
120928|7
120928|8
120928|9
120928|10
120928|11
120928|12
120928|13
120928|14
120928|15
120928|16
120928|17
120928|18
120928|19
120928|20
120928|21
120928|22
120928|23
120928|24
120928|25
120928|26
120928|27
120928|28
120928|29
120928|30
120928|31
120928|32
120928|33
120928|34
120928|35
120928|36
120928|37
120928|38
120928|39
120928|40
123263|1
123263|3
60705|70
94446|13
94446|14
94446|15
94446|16
102787|1
102787|3
102787|4
102787|5
102787|6
102787|7
102787|8
102787|9
102787|10
102787|11
102787|12
102787|13
102787|14
102787|15
102787|16
102787|17
102787|18
102787|19
102787|20
103738|1
103738|2
103738|3
107118|6
60705|71
60705|72
3460|12
3460|13
3460|14
3460|15
3460|16
3460|17
3460|18
4091|1
4091|2
4091|3
4091|4
4091|5
4091|6
4091|7
4091|8
4091|9
4091|10
4091|11
4091|12
4091|13
4091|14
4091|15
4091|16
4091|17
60705|73
90055|27
90055|28
90055|29
90055|30
90055|31
90055|32
90055|33
90055|34
90055|35
90055|36
90055|37
90055|38
90055|39
90055|40
90055|41
91542|1
91542|2
91542|3
91542|4
91542|5
91542|6
91542|7
91542|8
91542|9
91542|10
91542|11
91542|12
91542|13
91542|14
91542|15
91542|16
91542|17
91542|18
60705|74
4091|18
4091|19
4091|20
4091|21
4091|22
4091|23
6510|1
6510|2
6510|3
6510|4
6510|5
6510|6
6510|7
6510|8
6510|9
6510|10
6510|11
6510|12
6510|13
6510|14
123263|4
123263|5
123263|6
123263|7
123263|8
123263|9
123263|10
123263|11
123263|12
123263|13
123263|14
123263|15
123833|1
123833|2
123833|3
123833|4
123833|5
123833|6
123833|7
123833|8
123833|9
123833|10
123833|11
123833|12
123833|13
123833|14
123833|15
123833|16
123833|17
123833|18
123833|19
8244|29
6510|15
6510|16
6510|17
6510|18
6510|19
6510|20
6510|21
6510|22
6510|23
8002|1
8002|2
8002|3
8002|4
8002|5
8002|6
8002|7
8002|8
8002|9
8002|10
8002|11
8002|12
8002|13
107118|7
107118|8
91542|19
91542|20
91542|21
91542|22
94808|1
94808|2
94808|3
94808|4
94808|5
94808|6
94808|7
94808|8
95928|1
95928|2
95928|3
95928|4
95928|5
95928|6
95928|7
95928|8
95928|9
95928|10
95928|11
95928|12
97606|1
97606|2
97606|3
97606|4
89617|8
89617|9
89617|10
89617|11
89617|12
89617|13
89617|14
89617|15
89617|16
90249|1
90249|2
90249|3
90249|4
90249|5
90249|6
90249|7
90249|8
90249|9
90249|10
90249|11
90249|12
91844|1
91844|2
91844|3
91844|4
91844|5
91844|6
91844|7
91844|8
91844|9
91844|10
91844|11
91844|12
91844|13
91844|14
103738|4
103738|5
103738|6
103738|7
103738|8
103738|9
103738|10
103738|11
103738|12
103738|13
103738|14
103738|15
103738|16
103738|17
103738|18
103738|19
103738|20
103738|21
103738|22
103738|23
103738|24
103738|25
103738|26
103738|27
103738|28
103738|29
103738|30
107118|1
107118|2
107118|3
107118|4
123833|20
123833|21
123833|22
123833|23
123833|24
123833|25
123833|26
123833|27
123833|28
123833|29
123833|30
123833|31
124907|1
124907|2
124907|3
124907|4
124907|5
124907|6
124907|7
124907|8
124907|9
124907|10
124907|11
97606|5
104647|19
8002|14
8002|15
8002|16
8002|17
8002|18
8002|19
8002|20
8002|21
8002|22
8002|23
8002|24
8002|25
8002|26
8002|27
8002|28
8002|29
8002|30
8002|31
8002|32
8244|1
107599|23
107599|24
107118|10
107118|11
107118|12
107118|13
107118|14
107118|15
107118|16
107118|17
107118|18
107118|19
107118|20
107118|21
107599|1
107599|2
107599|3
107599|4
107599|5
107599|6
107599|7
107599|8
107599|9
107599|10
107599|11
107599|12
107599|13
107599|14
107599|15
107599|16
107599|17
107599|18
107599|19
107599|20
107599|21
107599|22
91844|15
91844|16
91844|17
91844|18
91844|19
91844|20
91844|21
91844|22
91844|23
91844|24
91844|25
91844|26
91844|27
91844|28
91844|29
91844|30
91844|31
91844|32
91844|33
91844|34
91844|35
91844|36
91844|37
91844|38
95358|1
95358|2
95358|3
95358|4
95358|5
95358|6
95358|7
95358|8
95358|9
95358|10
95358|11
95358|12
95358|13
104647|20
8244|2
8244|3
8244|4
8244|5
8244|6
8244|7
8244|8
8244|9
8244|10
8244|11
8244|12
8244|13
8244|14
8244|15
8244|16
8244|17
8244|18
8244|19
8244|20
8244|21
8244|22
8244|23
8244|24
8244|25
8244|26
8244|27
8244|28
107599|25
104647|75
8244|30
8244|31
8244|32
8244|33
8244|34
8244|35
8244|36
8244|37
8244|38
8244|39
8244|40
8244|41
8244|42
8244|43
8244|44
8244|45
8244|46
8244|47
8244|48
8244|49
8244|50
8244|51
8244|52
8244|53
8244|54
8244|55
60705|75
60705|76
8244|56
8244|57
8244|58
8244|59
8244|60
8244|61
8244|62
8244|63
8244|64
8244|65
8244|66
8244|67
8244|68
8244|69
8244|70
8244|71
35299|1
35299|2
35299|3
35299|4
35299|5
35299|6
35299|7
35299|8
35299|9
35299|10
35299|11
35299|12
60705|77
107599|26
107599|27
107599|28
107599|29
107599|30
107599|31
107599|32
107599|33
107599|34
107599|35
107599|36
107599|37
107599|38
107599|39
107599|40
107599|41
107599|42
107599|43
107599|44
107599|45
107599|46
107599|47
107599|48
107599|49
107599|50
107599|51
107599|52
107599|53
107599|54
107599|55
107599|56
107599|57
107599|58
107599|59
107599|60
108330|1
108330|2
108330|3
108330|4
108827|1
108827|2
108827|3
52446|14
60705|78
35299|13
35299|14
35299|15
35299|16
35299|17
35299|18
35299|19
35299|20
35299|21
35299|22
35299|23
35299|24
35299|25
35299|26
52446|1
52446|2
52446|3
52446|4
52446|5
52446|6
52446|7
52446|8
52446|9
52446|10
52446|11
52446|12
52446|13
60705|79
125655|1
125655|2
125655|3
125655|4
125655|5
125655|6
125655|7
125655|8
125655|9
125655|10
125655|11
125655|12
125655|13
125655|14
125655|15
125655|16
125655|17
125655|18
125655|19
125655|20
125655|21
95358|14
60705|25
125655|22
125655|23
125655|24
125655|25
125655|26
125655|27
125655|28
125655|29
128618|1
128618|2
128618|3
128618|4
128618|5
128618|6
128618|7
128618|8
128618|9
128618|10
128618|11
128618|12
128618|13
128618|14
110033|9
132907|4
95358|15
95358|16
95358|17
97361|1
97361|3
97361|4
97361|5
97361|6
97361|7
97361|8
97361|9
97361|10
97361|11
97361|12
97361|13
97361|14
97361|15
97361|16
97361|17
97361|18
97361|19
99525|1
99525|2
99525|3
99525|4
99525|5
99525|6
99525|7
59073|10
97606|6
97606|7
97606|8
97606|9
97606|10
97606|11
97606|12
97606|13
97606|14
97606|15
97606|16
97606|17
97606|18
97606|19
97606|20
97606|21
100862|1
100862|2
100862|3
100862|4
100862|5
100862|6
100862|7
100862|8
100862|9
100862|10
100862|11
100862|12
100862|13
100862|14
100862|15
100862|16
100862|17
59073|11
100862|18
100862|19
100862|20
100862|21
100862|22
100862|23
100862|24
100862|25
100862|26
102012|1
102012|2
102012|3
102012|4
102012|5
102012|6
102012|7
102012|8
102012|9
102012|10
102012|11
102012|12
102012|13
102012|14
102655|1
102655|2
102655|3
102655|4
102655|5
102655|6
102655|7
102655|8
102655|9
102655|10
102655|11
102655|12
102655|13
102655|14
102655|15
102655|16
102655|17
102655|18
102655|19
102655|20
102655|21
102655|22
108827|4
108827|5
108827|6
108827|7
108827|8
108827|9
108827|10
108827|11
108827|12
108827|13
108827|14
108827|15
108827|16
108827|17
108827|18
108827|19
108827|20
108827|21
108827|22
108827|23
108827|24
108827|25
108827|26
108827|27
59073|12
108827|28
108827|29
108827|30
108827|31
108827|32
108827|33
108827|34
108827|35
108827|36
108827|37
108827|38
108827|39
108827|40
108827|41
108827|42
108827|43
108827|44
108827|45
108827|46
108827|47
108827|48
108827|49
110033|1
110033|3
110033|4
110033|5
110033|6
110033|7
110033|8
60705|63
52446|15
52446|16
52446|17
52446|18
52446|19
52446|20
52446|21
57413|1
57413|2
57413|3
57413|4
57413|5
57413|6
57413|7
57413|8
57413|9
57413|10
57413|11
57413|12
57413|13
57413|14
57413|15
59073|1
59073|2
59073|3
59073|4
59073|5
59073|6
59073|7
59073|8
59073|9
128618|15
128618|16
129019|1
129019|2
129019|3
129019|4
129019|5
129019|6
129019|7
129019|8
129019|9
129019|10
129019|11
129019|12
129019|13
129019|14
129019|15
129019|16
129019|17
129019|18
129019|19
129019|20
129019|21
129019|22
132907|1
132907|2
132907|3
104647|17
99525|8
99525|9
99525|10
99525|11
99525|12
99525|13
101001|1
101001|2
101001|3
101001|4
101001|5
101001|6
101001|7
101001|9
104647|1
104647|3
104647|4
104647|5
104647|6
104647|7
104647|8
104647|9
104647|10
104647|11
104647|12
104647|13
104647|14
104647|15
104647|16
110033|10
110033|11
110033|12
110033|13
110033|14
110033|15
110033|16
110033|17
110033|18
110033|19
111870|1
111870|2
111870|3
111870|4
111870|5
111870|6
111870|7
111870|8
111870|9
112742|1
112742|2
112742|3
112742|4
112742|5
112742|6
112742|7
112742|8
112742|9
105924|10
59073|13
59073|14
59073|15
59073|16
59073|17
59073|18
59073|19
59073|20
59073|21
60705|1
60705|2
60705|3
60705|4
60705|5
60705|6
60705|7
60705|8
60705|9
60705|10
60705|11
60705|12
60705|13
60705|14
60705|15
60705|16
60705|17
60705|18
60705|19
60705|20
60705|21
60705|22
60705|23
60705|24
102655|23
102655|24
102655|25
102655|26
102655|27
102655|28
102655|29
102655|30
102655|31
102655|32
102655|33
102655|34
102655|35
102655|36
102655|37
102655|38
102655|39
102655|40
102655|41
102655|42
102655|43
102655|44
102655|45
102655|46
102655|47
102655|48
102655|49
102655|50
102655|51
102655|52
102655|53
102655|54
102655|55
102655|56
102655|57
102655|58
102655|59
102655|60
102655|61
102655|62
102910|1
102910|2
102910|3
105924|1
105924|3
105924|4
105924|5
105924|6
105924|7
105924|8
105924|9
118023|4
132907|5
132907|6
132907|7
132907|8
132907|9
132907|10
132907|11
132907|12
132907|13
132907|14
132907|15
132907|16
132907|17
132907|18
132907|19
132907|20
132907|21
132907|22
132907|23
132907|24
132907|25
132907|26
132907|27
132907|28
134715|1
134715|2
134715|3
134715|4
134715|5
67946|15
104647|21
104647|22
104647|23
104647|24
104647|25
104647|26
104647|27
104647|28
104647|29
104647|30
104647|31
104647|32
104647|33
104647|34
104647|35
104647|36
104647|37
104647|38
104647|39
104647|40
104647|41
104647|42
104647|43
104647|44
104647|45
104647|46
104647|47
104647|48
104647|49
104647|50
104647|51
104647|52
104647|53
104647|54
104647|55
104647|56
104647|57
104647|58
104647|59
104647|60
104647|61
104647|62
104647|63
104647|64
104647|65
104647|66
104647|67
104647|68
104647|69
104647|70
104647|71
104647|72
104647|73
104647|74
104647|76
104647|77
105462|0
105462|2
105462|3
105462|4
105907|1
105907|2
105907|3
105907|4
105907|5
105907|6
105907|7
105907|8
105907|9
105907|10
105907|11
105907|12
105907|13
105907|14
105907|15
105907|16
105907|17
105907|18
105907|19
105907|20
105907|21
105907|22
112423|1
112423|2
112423|3
112423|4
112423|5
112423|6
112423|7
112423|8
60705|26
60705|27
60705|28
60705|29
60705|30
60705|31
60705|32
60705|33
60705|34
60705|35
60705|36
60705|37
60705|38
60705|39
60705|40
60705|41
60705|42
60705|43
60705|44
60705|45
60705|46
60705|47
60705|48
60705|49
60705|50
60705|51
60705|52
60705|53
60705|54
60705|55
60705|56
60705|57
60705|58
60705|59
60705|60
60705|61
60705|62
60705|80
60705|81
60705|82
60705|83
60705|84
60705|85
60705|86
60705|87
60705|88
60705|89
60705|90
60705|91
60705|92
60705|93
60705|94
60705|95
60705|96
60705|97
60705|98
60705|99
60705|100
60705|101
60705|102
60705|103
60705|104
60705|105
60705|106
60705|107
60705|108
60705|109
60705|110
60705|111
60705|112
60705|113
60705|114
60705|115
60705|116
60705|117
60705|118
60705|141
60705|142
60705|119
60705|120
60705|121
60705|122
60705|123
60705|124
60705|125
60705|126
60705|127
60705|128
60705|129
60705|130
60705|131
60705|132
60705|133
60705|134
60705|135
60705|136
60705|137
60705|138
60705|139
60705|140
60705|144
60705|145
60705|146
60705|147
60705|148
60705|149
60705|150
60705|151
60705|152
60705|153
60705|154
60705|155
60705|156
60705|157
60705|158
60705|159
60705|160
60705|161
60705|162
60705|163
60705|164
60705|165
60705|166
60705|167
60705|168
60705|169
60705|170
67946|16
112742|10
112742|11
112742|12
112742|13
112742|14
112742|15
112742|16
112742|17
112742|18
112742|19
112742|20
112742|21
112742|22
112742|23
112742|24
112742|25
112742|26
112742|27
113696|1
113696|2
113696|3
113696|4
113696|5
113696|6
113696|7
113696|8
113696|9
115687|11
60705|171
60705|172
60705|173
60705|174
60705|175
60705|176
60705|177
60705|178
60705|179
60705|180
60705|181
60705|182
60705|183
60705|184
60705|185
60705|186
60705|187
60705|188
60705|189
60705|190
60705|191
60705|192
60705|193
64414|1
64414|2
64414|3
64414|4
64414|5
64414|6
64414|7
64414|8
64414|9
64414|10
64414|11
64414|12
64414|13
72660|13
134715|6
134715|7
134715|8
134715|9
134715|10
134715|11
134715|12
134715|13
134715|14
134715|15
134715|16
134715|17
134715|18
134715|19
134715|20
134715|21
134715|22
136457|1
136457|3
136457|4
136457|5
136457|6
136457|7
136457|8
136457|9
136457|10
136457|11
136457|12
136457|13
136457|14
136457|15
136457|16
136457|17
136591|1
136591|3
64414|14
64414|15
64414|16
64414|17
64414|18
64414|19
64414|20
64414|21
64414|22
64414|23
64414|24
64414|25
64414|26
64414|27
64414|28
64414|29
64414|30
67946|1
67946|2
67946|3
67946|4
67946|5
67946|6
67946|7
67946|8
67946|9
67946|10
67946|11
67946|12
67946|13
67946|14
105924|11
105924|12
105924|13
105924|14
105924|15
105924|16
105924|17
105924|18
105924|19
105924|20
105924|21
105924|22
105924|23
105924|24
107136|1
107136|2
107136|3
107136|4
107136|5
107136|6
107136|7
107136|8
107136|9
107136|10
107136|11
107136|12
107136|13
107136|14
107136|15
107136|16
113696|10
113696|11
113696|12
113696|13
113696|14
113696|15
113696|16
113696|17
113696|18
113696|19
113696|20
113696|21
113696|22
113696|23
113696|24
113696|25
113696|26
113696|27
113696|28
113696|29
113696|30
113696|31
113696|32
113696|33
113696|34
113696|35
113696|36
116712|9
113696|37
113696|38
113696|39
113696|40
113696|41
113696|42
113696|43
113696|44
113696|45
113696|46
113696|47
114565|0
114565|1
114565|2
114565|3
114565|4
114565|5
114565|6
114565|7
114565|8
114565|9
114565|10
114565|11
114565|12
114565|13
114565|14
114565|15
114565|16
114565|17
114565|18
114565|19
67946|17
67946|18
67946|19
67946|20
67946|21
67946|22
70606|1
70606|2
70606|3
70606|4
70606|5
70606|6
70606|7
70606|8
70606|9
70606|10
70606|11
70606|12
70606|13
70606|14
70606|15
70606|16
70606|17
70606|18
70606|19
72267|1
72267|2
72267|3
116712|10
115687|10
107136|17
107136|18
112997|1
112997|2
112997|3
112997|4
112997|5
112997|6
112997|7
112997|8
112997|9
112997|10
112997|11
112997|12
112997|13
112997|14
112997|15
112997|16
112997|17
112997|18
112997|19
112997|20
112997|21
112997|22
112997|23
116712|1
116712|2
116712|3
116712|4
116712|5
116712|6
116712|7
116712|8
116140|1
112423|9
112423|10
112423|11
112423|12
112423|13
112423|14
112423|15
112423|16
112423|17
112423|18
112423|19
112423|20
112496|1
112496|2
112496|3
112496|4
112667|1
112667|3
112667|4
112667|5
112667|6
112667|7
112667|8
112667|9
112667|10
112667|11
112667|12
72660|14
72660|15
136591|4
136591|5
136591|6
136591|7
136591|8
136591|9
136591|10
136732|1
136732|2
136732|3
136732|4
136732|5
136732|6
136732|7
136732|8
136732|9
136732|10
136732|11
136732|12
136732|13
136732|14
136732|15
136732|16
108537|17
115361|1
115361|2
115361|3
115361|4
115361|5
115361|6
115361|7
115361|8
115361|9
115361|10
115361|11
115361|12
115361|13
115361|14
115361|15
115361|16
115361|17
115361|18
115361|19
115361|20
115361|21
115361|22
115687|1
115687|2
115687|3
115687|4
115687|5
115687|6
115687|7
115687|8
115687|9
72267|4
72267|5
72267|6
72267|7
72267|8
72267|9
72267|10
72267|11
72267|12
72267|13
72267|14
72267|15
72267|16
72267|17
72267|18
72267|19
72267|20
72267|21
72660|1
72660|2
72660|3
72660|4
72660|5
72660|6
72660|7
72660|8
72660|9
72660|10
72660|11
72660|12
116712|11
116712|12
116712|13
116712|14
116712|15
116712|16
116712|17
116712|18
116712|19
120034|1
120034|2
120034|3
120034|4
120034|5
120034|6
120034|7
120034|8
125227|1
125227|2
125227|3
125227|4
125227|5
125227|6
125227|7
125227|8
125227|9
125227|10
125227|11
125227|12
78276|14
56404|3
115687|12
115687|13
115687|14
115687|15
115687|16
115687|17
115687|18
115687|19
115687|20
115687|21
115687|22
115687|23
115687|24
115687|25
115687|26
115687|27
115687|28
115687|29
115835|0
115835|1
115835|2
115835|3
115835|4
115835|5
115835|6
115835|7
115835|8
115835|9
115835|10
115835|11
115835|12
115835|13
115835|14
115835|15
115835|16
115835|17
115835|18
115835|19
112667|13
112667|14
112667|15
112667|16
112667|17
112667|18
112667|19
112667|20
114557|0
114557|1
114557|2
114557|3
114557|4
114557|5
114557|6
114557|7
114557|8
114557|9
114557|10
114557|11
114557|12
114557|13
114557|14
114557|15
118023|1
118023|2
118023|3
72660|16
72660|17
72660|18
72660|19
72660|20
72660|21
72660|22
72660|23
72660|24
72660|25
72660|26
72660|27
72660|28
72660|29
72660|30
72660|31
72660|32
78276|1
78276|2
78276|3
78276|4
78276|5
78276|6
78276|7
78276|8
78276|9
78276|10
78276|11
78276|12
78276|13
125227|13
125227|14
125227|15
125227|16
125227|17
130854|1
130854|2
130854|4
130854|5
130854|6
130854|7
130854|8
130854|9
130854|10
130854|11
130854|12
130854|13
130854|14
130854|15
130854|16
130854|17
130854|18
130854|19
130854|20
81870|4
117218|5
78276|15
78276|16
78276|17
78276|18
78684|1
78684|2
78684|3
78684|4
78684|5
78684|6
78684|7
78684|8
78684|9
78684|10
78684|11
78684|12
78684|13
78684|14
78684|15
78684|16
78684|17
78684|18
78684|19
78684|20
78684|21
78684|22
78684|23
78684|24
78684|25
78684|26
78684|27
78684|28
78684|29
78684|30
78684|31
78684|32
78684|33
78684|34
78684|35
78684|36
78684|87
118023|5
118023|6
118023|7
118023|8
118023|9
118023|10
118023|11
118023|12
118023|13
118023|14
118023|15
121036|1
121036|2
121036|3
121036|4
121036|5
121036|6
121036|7
121036|8
121036|9
121036|10
121036|11
121036|12
121036|13
121036|14
121036|15
121036|16
121036|17
121036|18
121036|19
121036|20
121036|21
129494|1
129494|2
129494|3
116140|3
116140|4
116140|5
116140|6
116140|7
116140|8
116140|9
116140|10
116140|11
116140|12
116140|13
116140|14
116140|15
116140|16
116140|17
116132|1
116132|2
116132|3
116132|4
116132|5
116132|6
116132|7
116132|8
116132|9
116132|10
116132|11
116132|12
116132|13
116132|14
116132|15
78684|88
78684|89
78684|37
78684|38
78684|39
78684|40
78684|41
78684|42
78684|43
78684|44
78684|45
78684|46
78684|47
78684|48
78684|49
78684|50
78684|51
78684|52
78684|53
78684|54
78684|55
78684|56
78684|57
78684|58
78684|59
78684|60
78684|61
78684|62
78684|63
78684|64
78684|65
78684|66
78684|67
78684|68
78684|69
78684|70
78684|71
78684|72
78684|73
78684|74
78684|75
78684|76
78684|77
78684|78
78684|79
78684|80
78684|81
78684|82
78684|83
78684|84
78684|85
78684|86
116132|16
116132|17
116132|18
116132|19
116132|20
116868|1
116868|2
116868|3
116868|4
116868|5
116868|6
116868|7
116868|8
116868|9
116868|10
116868|11
116868|12
116868|13
116868|14
116868|15
116868|16
116868|17
116868|18
116868|19
116868|20
116868|21
116868|22
116868|23
116868|24
116868|25
116868|26
116868|27
116868|28
116868|29
117218|1
117218|2
117218|3
117218|4
78684|91
78684|92
78684|93
78684|94
78684|95
78684|96
78684|97
78684|98
78684|99
78684|100
78684|101
78684|102
78684|103
78684|104
78684|105
78684|106
78684|107
78684|108
78684|109
78684|110
78684|111
78684|112
78684|113
78684|114
78684|115
78684|116
78684|117
78684|118
78684|119
78684|120
78684|121
78684|122
78684|123
78684|124
78684|125
78684|126
78684|127
78684|128
78684|129
78684|130
78684|131
78684|132
78684|133
78684|134
78684|135
78684|136
78684|137
78684|138
78684|139
78684|140
78684|143
78684|144
78684|145
78684|146
78684|147
78684|148
78684|149
78684|150
78684|151
78684|152
78684|153
78684|154
78684|155
78684|156
78684|157
78684|158
78684|159
78684|160
78684|161
78684|162
78684|163
78684|164
78684|165
78684|166
78684|167
78684|168
78684|169
78684|170
78684|171
78684|172
78684|173
78684|174
78684|175
78684|176
78684|177
78684|178
78684|179
78684|180
78684|181
78684|182
78684|183
78684|184
78684|185
78684|186
78684|187
81870|1
81870|2
130854|21
130854|22
130854|23
130854|24
130854|25
130854|26
130854|27
133570|1
133570|3
133570|4
133570|5
133570|6
133570|7
133570|8
133570|9
133570|10
133570|11
133570|12
133570|13
133570|14
133570|15
133570|16
133570|17
133570|18
133570|19
133570|20
81870|5
81870|6
81870|7
81870|8
81870|9
81870|10
81870|11
81870|12
81870|13
81870|14
81870|15
87318|1
87318|2
87318|3
87318|4
87318|5
87318|6
87318|7
87318|8
87318|9
87318|10
129494|4
129494|5
129494|6
129494|7
129494|8
129494|9
129494|10
129494|11
129494|12
132303|1
132303|2
132303|4
132303|5
132303|6
132303|7
132303|8
132303|9
132303|10
132303|11
132303|12
132303|13
87318|11
133570|21
133570|22
133570|23
133570|24
133570|25
133570|26
133570|27
133570|28
133570|29
133570|30
133570|31
133570|32
793|1
793|3
793|4
793|5
793|6
793|7
793|8
793|9
793|10
793|11
793|12
793|13
793|14
793|15
793|16
793|17
793|18
793|19
793|20
793|21
132303|14
132303|15
132303|16
132303|17
132303|18
132835|1
132835|3
132835|4
132835|5
132835|6
132835|7
132835|8
132835|9
132835|10
132835|11
132835|12
132835|13
132835|14
132835|15
132835|16
132835|17
132835|18
132835|19
132835|20
134849|1
134849|2
134849|3
87318|12
87318|13
87318|14
87318|15
87318|16
87318|17
87318|18
88084|1
88084|2
88084|3
88084|4
88084|5
88084|6
88084|7
88084|8
88084|9
88084|10
88084|11
88084|12
88084|13
88084|14
88084|15
88084|16
88084|17
88084|18
88084|19
88084|20
88084|21
88084|22
88084|23
88084|24
88084|25
88084|26
88517|1
117218|6
117218|7
117218|8
117218|9
117218|10
117218|11
117218|12
117218|13
117218|14
117218|15
117218|16
119235|1
119235|2
119235|4
119235|5
119235|6
119235|7
119235|8
119235|9
119235|10
119235|11
119235|12
119235|13
119235|14
122075|1
122075|2
122075|3
92251|13
92251|14
134849|5
134849|6
134849|7
134849|8
134849|9
134849|10
134849|11
134849|12
134849|13
134849|14
134849|15
134849|16
134849|17
134849|18
134849|19
135217|1
135217|2
135217|3
135217|4
135217|5
92251|15
92251|16
88517|2
88517|3
88517|4
88517|5
88517|6
88517|7
88517|8
88517|9
88517|10
88517|11
88517|12
88517|13
88517|14
88517|15
88517|16
88517|17
88517|18
88517|19
88517|20
88517|21
88517|22
88517|23
88517|24
92251|1
92251|2
92251|3
92251|4
92251|5
92251|6
92251|7
92251|8
92251|9
92251|10
92251|11
92251|12
129061|4
122075|4
122075|5
122075|6
122075|7
122075|8
122075|9
122075|10
122075|11
122075|12
122075|13
122075|14
122075|15
122363|0
122363|1
122363|2
122363|3
122363|4
122363|5
122363|6
122363|7
122363|8
122363|9
122363|10
122363|11
123192|1
123192|3
123192|4
123192|5
123192|6
129061|5
135217|6
135217|7
135217|8
135217|9
135217|10
135217|11
135217|12
135217|13
135217|14
135217|15
135217|16
135217|17
135217|18
135217|19
135217|20
135217|21
135217|22
135217|23
135217|24
135217|25
135217|26
135217|27
135217|28
135217|29
135217|30
135217|31
135217|32
138673|1
138673|2
138673|3
138673|4
138673|5
138673|6
92251|17
92251|18
92251|19
92251|20
92251|21
92251|22
93209|1
93209|2
93209|3
93209|4
93209|5
93209|6
93209|7
93209|8
93209|9
93209|10
93209|11
93209|12
93209|13
93209|14
93209|15
93209|16
93209|17
93209|18
93209|19
93209|20
93209|21
93209|22
94299|40
93209|23
93209|24
93209|25
93209|26
93209|27
93209|28
94299|1
94299|2
94299|3
94299|4
94299|5
94299|6
94299|7
94299|8
94299|9
94299|10
94299|11
94299|12
94299|13
94299|14
94299|15
94299|16
94299|17
94299|18
94299|19
94299|20
94299|21
94299|22
94299|23
94299|24
94299|25
94299|26
94299|27
94299|28
94299|29
94299|30
94299|31
94299|32
94299|33
94299|34
94299|35
94299|36
94299|37
94299|38
94299|39
123192|7
123192|8
123192|9
123192|10
123192|11
123192|12
123192|13
123192|14
123192|15
123192|16
123192|17
123192|18
123192|19
123192|20
124406|1
124406|3
124406|4
124406|5
124406|6
124406|7
124406|8
124406|9
124406|10
124406|11
124406|12
124406|13
124406|14
124406|15
124406|16
124406|17
124406|18
124406|19
124406|20
124406|21
124406|22
129061|2
94299|41
94299|42
94299|43
98115|1
98115|2
98115|3
98115|4
98115|5
98115|6
98115|7
98115|8
98115|9
98115|10
98115|11
98115|12
98115|13
98115|14
98115|15
98115|16
98115|17
98115|18
98115|19
98115|20
98115|21
98115|22
98115|23
98115|24
98115|25
98115|26
98115|27
98115|28
98115|29
98115|30
98115|31
98115|32
99060|1
99060|2
99060|3
99060|4
133680|13
124406|23
124406|24
124406|25
124406|26
124406|27
124406|28
124406|29
124406|30
124406|31
124406|32
124406|33
124406|34
124406|35
124406|36
124406|37
124406|38
124406|39
124406|40
124406|41
124406|42
124406|43
124406|44
124406|45
124406|46
124406|47
124406|48
124406|49
124406|50
124406|51
124406|52
124406|53
124406|54
124406|55
124406|56
124406|57
124406|58
124406|59
129061|1
129061|3
129061|6
129061|7
129061|8
129061|9
129061|10
129061|11
129061|12
129061|13
129061|14
129061|15
129061|16
129061|17
129061|18
129061|19
129061|20
133680|1
133680|2
133680|3
133680|4
133680|5
133680|6
133680|7
133680|8
133680|9
133680|10
133680|11
133680|12
108537|18
99060|5
99060|6
99060|7
99060|8
99060|9
99060|10
99060|11
99060|12
99060|13
99060|14
99060|15
102038|1
102038|3
102038|4
102038|5
102038|6
102038|7
102038|8
102038|9
102038|10
102038|11
102038|12
102038|13
104117|1
104117|2
104117|3
104117|4
104117|5
104117|6
104117|7
104117|8
133680|14
133680|15
133680|16
133680|17
133680|18
133680|19
133680|20
133680|21
133680|22
133680|23
135348|1
135348|3
135348|4
135348|5
135348|6
135348|7
135348|8
135348|9
135348|10
135348|11
135348|12
135348|13
135348|14
135348|15
135348|16
135348|17
135348|18
135348|19
104117|9
29902|25
135348|20
135348|21
135348|22
135348|23
135966|1
135966|2
135966|3
135966|4
135966|5
135966|6
135966|7
135966|8
135966|9
135966|10
137055|1
137055|2
137055|3
137055|4
137055|5
137055|6
137055|7
137055|8
137055|9
108537|15
29902|26
104117|10
104117|11
104117|12
104117|13
104117|14
104117|15
104117|16
104117|17
104615|1
104615|2
104615|3
104615|4
104615|5
104615|6
104615|7
104615|8
104615|9
104615|10
104615|11
104615|12
104615|13
104615|14
104615|15
104615|16
104615|17
104615|18
104615|19
104615|20
104615|21
105185|1
108537|16
29902|27
137055|10
137055|11
137055|12
137055|13
137055|14
137055|15
137055|16
137055|17
137055|18
140742|1
140742|2
140742|3
140742|5
140742|6
140742|7
140742|8
140742|9
140742|10
140742|11
140742|12
140742|13
140742|14
140742|15
75456|14
105185|2
105185|3
105185|4
105185|5
105185|6
105185|7
105185|8
105185|9
105185|10
105185|11
105185|12
105185|13
105185|14
105185|15
105185|16
105185|17
105185|18
105185|19
105185|20
105185|21
105185|22
105185|23
105185|24
105185|25
105185|26
105185|27
105185|28
105185|29
105392|1
105392|2
105392|3
108537|1
108537|3
108537|4
108537|5
108537|6
108537|7
108537|8
108537|9
108537|10
108537|11
108537|12
108537|13
108537|14
1780|1
1780|2
1780|3
1780|4
1780|5
1780|6
1780|7
1780|8
1780|9
1780|10
1780|11
1780|12
1780|13
1780|14
1780|15
1780|16
1780|17
1780|18
1780|19
108615|17
1780|20
1780|21
1780|22
1780|23
1780|24
1780|25
1780|26
1780|27
1780|28
1780|29
1780|30
1780|31
1780|32
1780|33
1780|34
1780|35
1780|36
1780|37
1780|38
1780|39
1780|40
1780|41
1780|42
1780|43
1780|44
1780|45
1780|46
1780|47
1780|48
1780|49
1780|50
1780|51
1780|52
1780|53
1780|54
4477|1
4477|2
4477|3
4477|4
4477|5
4477|6
4477|7
4477|8
4477|9
4477|10
108615|12
108615|13
108537|19
108537|20
108537|21
108537|22
108537|23
108537|24
108537|25
108537|26
108537|27
108537|28
108537|29
108537|30
108537|31
108537|32
108537|33
108537|34
108537|35
108537|36
108537|37
108537|38
108537|39
108537|40
108537|41
108537|42
108537|43
108537|44
108615|0
108615|2
108615|3
108615|4
108615|5
108615|6
108615|7
108615|8
108615|9
108615|10
108615|11
108682|17
4477|11
4477|12
4477|13
4477|14
4477|15
4477|16
4477|17
4477|18
4477|19
4477|20
4477|21
4477|22
4477|23
4477|24
4477|25
4477|26
4477|27
4477|28
4477|29
4477|30
4477|31
4477|32
4477|33
4477|34
4477|35
108615|14
108615|15
4477|36
4477|37
4477|38
4477|39
4477|40
4477|41
4477|42
4477|43
6587|1
6587|2
6587|3
6587|4
6587|5
6587|6
6587|7
6587|8
8030|1
8030|2
4666|15
108615|18
108615|19
108615|20
108615|21
108615|22
108615|23
108615|24
108615|25
108615|26
108615|27
108615|28
108615|29
108615|30
108615|31
108615|32
108615|33
108615|34
108615|35
108615|36
108615|37
108615|38
108615|39
108682|1
108682|2
108682|3
108682|4
108682|5
108682|6
108682|7
108682|8
108682|9
108682|10
108682|11
108682|12
108682|13
108682|14
108682|15
108682|16
793|22
793|23
793|24
793|25
793|26
793|27
793|28
793|29
793|30
793|31
793|32
793|33
793|34
793|35
793|36
793|37
793|38
793|39
793|40
793|41
793|42
793|43
793|44
793|45
793|46
793|47
793|48
793|49
793|50
793|51
793|52
793|53
793|54
793|55
108682|18
108682|19
33745|38
793|56
793|57
793|58
793|59
793|60
793|61
793|62
793|63
793|64
793|65
793|66
793|67
4666|1
4666|2
4666|3
4666|4
4666|5
4666|6
4666|7
4666|8
4666|9
4666|10
4666|11
4666|12
4666|13
4666|14
4666|16
108682|20
108682|21
108682|22
108682|23
108682|24
108682|25
108682|26
112961|1
112961|2
112961|3
112961|4
112961|5
112961|6
112961|7
112961|8
112961|9
112961|10
112961|11
112961|12
112961|13
112961|14
112961|15
112961|16
112961|17
112961|18
112961|19
77373|6
8030|3
8030|4
8030|5
8030|6
8030|7
9254|1
9254|2
9254|3
9254|4
9254|5
9254|6
9254|7
9254|8
9254|9
9254|10
30186|1
30186|3
30186|4
30186|5
30186|6
30186|7
30186|8
30186|9
30186|10
30186|11
30186|12
30186|13
30186|14
30186|15
30186|16
33745|39
33745|40
4666|17
4666|18
4666|19
4666|20
4666|21
4666|22
4666|23
4666|24
4666|25
4666|26
4666|27
4666|28
4666|29
4666|30
29902|1
29902|2
29902|3
29902|4
29902|5
29902|6
29902|7
29902|8
29902|9
29902|10
29902|11
29902|12
29902|13
29902|14
29902|15
29902|16
29902|17
29902|18
29902|19
29902|20
29902|21
29902|22
29902|23
29902|24
112961|20
112961|21
112961|22
112961|23
112961|24
112961|25
112961|26
112961|27
112961|28
112961|29
112961|30
112961|31
112961|32
112961|33
112961|34
116898|1
116898|3
116898|4
116898|5
116898|6
116898|7
116898|8
116898|9
116898|10
116898|11
116898|12
116898|13
116898|14
116898|15
116898|16
33745|41
29902|28
29902|29
29902|30
29902|31
29902|32
33642|1
33642|2
33642|3
33642|4
33642|5
33642|6
33642|7
33642|8
33642|9
33642|10
33642|11
33642|12
33642|13
33642|14
33642|15
33642|16
33642|17
33642|18
33642|19
33642|20
33642|21
33642|22
33642|23
33642|24
33642|25
33642|26
33642|27
33642|28
33642|29
33642|30
33642|31
33642|32
56323|53
116898|17
116898|18
116898|19
116898|20
116898|21
116898|22
120062|1
120062|3
120062|4
120062|5
120062|6
120062|7
120062|8
120062|9
120062|10
120062|11
120062|12
120062|13
120062|14
120062|15
120062|16
120062|17
120062|18
120062|19
120062|20
120062|21
120062|22
124538|1
124538|2
124538|3
56287|8
56287|9
30186|17
30186|18
33745|1
33745|2
33745|3
33745|4
33745|5
33745|6
33745|7
33745|8
33745|9
33745|10
33745|11
33745|12
33745|13
33745|14
33745|15
33745|16
33745|17
33745|42
33745|43
33745|44
33745|18
33745|19
33745|20
33745|21
33745|22
33745|23
33745|24
33745|25
33745|26
33745|27
33745|28
33745|29
33745|30
33745|31
33745|32
33745|33
33745|34
33745|35
33745|36
33745|37
33745|45
52249|1
52249|3
52249|4
52249|5
52249|6
52249|7
52249|8
52249|9
52249|10
52249|11
52249|12
52249|13
52249|14
52249|15
52249|16
52249|17
52249|18
52249|19
52249|20
52249|21
52249|22
52249|23
56287|1
56287|2
56287|3
56287|5
56287|6
56287|7
56323|1
56323|2
56323|3
56323|4
56323|5
56323|6
56323|7
56323|8
56323|9
56323|10
56323|11
56323|12
56323|13
56323|14
56323|15
56323|16
56323|17
56323|18
56323|19
56323|20
56323|21
56323|22
56323|23
56323|24
56323|25
56323|26
56323|27
56323|28
56323|29
56323|30
56323|31
56323|32
56323|33
56323|34
56323|35
56323|36
56323|37
56323|38
56323|39
56323|40
56323|41
56323|42
56323|43
56323|44
56323|45
56323|46
56323|47
56323|48
56323|49
56323|50
56323|51
56323|54
56970|1
56970|2
56970|3
56970|4
56970|5
56970|6
56970|7
56970|8
56970|9
56970|10
56970|11
56970|12
56970|13
56970|14
56970|15
56970|16
56970|17
56970|18
56970|19
56970|20
56970|21
56970|22
56970|23
56970|50
56287|10
56287|11
56970|24
56970|25
56970|26
56970|27
56970|28
56970|29
56970|30
56970|31
56970|32
56970|33
56970|34
56970|35
56970|36
56970|37
56970|38
56970|39
56970|40
56970|41
56970|42
56970|43
56970|44
56970|45
56970|46
56970|47
56970|48
56970|49
3205|15
56970|51
56970|52
56970|53
56970|54
56970|55
56970|56
56970|57
56970|58
56970|59
56970|60
56970|61
56970|62
56970|63
56970|64
56970|65
56970|66
56970|67
56970|68
56970|69
56970|70
56970|71
56970|72
56970|73
56970|74
56970|75
56970|76
56970|77
56970|78
56970|79
59647|1
59647|3
81796|111
124538|4
124538|5
124538|6
124538|7
124538|8
124538|9
124538|10
124538|11
124538|12
124538|13
124538|14
124912|1
124912|2
124912|3
124912|4
124912|5
124912|6
124912|7
124912|8
124912|9
124912|10
124912|11
59809|7
56287|12
56287|13
56287|14
56287|15
56287|16
56287|17
56287|18
56287|19
56287|20
56287|21
56287|22
56287|23
56287|24
56287|25
56287|26
56287|27
56287|28
56287|29
56287|30
56287|31
56287|32
56287|33
56287|34
56287|35
56287|36
56287|37
56287|38
56287|39
56287|40
56287|41
56287|42
57913|1
57913|2
57913|3
57913|4
57913|5
81796|112
59647|4
59647|5
59647|6
59647|7
59647|8
59647|9
59647|10
59647|11
59647|12
59647|13
59647|14
59647|15
59647|16
59647|17
59647|18
59647|19
59647|20
59647|21
59647|22
59647|23
59647|24
59647|25
59647|26
59647|27
59647|28
59647|29
59647|30
59647|31
59817|1
59817|2
59817|3
59817|4
59817|5
124912|12
124912|13
124912|14
124912|15
124912|16
124912|17
124912|18
124912|19
124912|20
124912|21
124912|22
124912|23
124912|24
125074|1
125701|1
125701|2
125701|3
125701|4
125701|5
125701|6
125701|7
125701|8
125701|9
125701|10
125701|11
125701|12
125701|13
125701|14
125701|15
125701|16
125701|17
125701|18
125701|19
125701|20
125701|21
138673|7
138673|8
138673|9
138673|10
138673|11
138673|12
138673|13
138673|14
138673|15
138673|16
138673|17
138673|18
138673|19
138673|20
138673|21
138673|22
138673|23
138673|24
138673|25
138673|26
138673|27
138673|28
132833|1
132833|3
132833|4
132833|5
132833|6
132833|7
132833|8
3205|16
59817|6
59817|7
59817|8
59817|9
59817|10
59817|11
59817|12
59817|13
59817|14
59817|15
59817|16
59817|17
59817|18
59817|19
59817|20
59817|21
59817|22
59817|23
59817|24
59817|25
59817|26
59817|27
59817|28
59817|29
59817|57
59817|58
59817|30
59817|31
59817|32
59817|33
59817|34
59817|35
59817|36
59817|37
59817|38
59817|39
59817|40
59817|41
59817|42
59817|43
59817|44
59817|45
59817|46
59817|47
59817|48
59817|49
59817|50
59817|51
59817|52
59817|53
59817|54
59817|55
59817|56
59817|60
59817|61
59817|62
59817|63
59817|64
59817|65
59817|66
59817|67
59817|68
59817|69
59817|70
59817|71
59817|72
59817|73
59817|74
59817|75
59817|76
59817|77
59817|78
59817|79
59817|80
59817|81
59817|82
59817|83
59817|84
59817|85
59817|86
59817|87
59817|88
59817|89
61669|32
3205|17
57913|6
57913|7
57913|8
57913|9
57913|10
57913|11
57913|12
57913|13
57913|14
57913|15
57913|16
57913|17
57913|18
57913|19
57913|20
57913|21
57913|22
57913|23
57913|24
57913|25
57913|26
57913|27
57913|28
57913|29
57913|30
57913|83
57913|31
57913|32
57913|33
57913|34
57913|35
57913|36
57913|37
57913|38
57913|39
57913|40
57913|41
57913|42
57913|43
57913|44
57913|45
57913|46
57913|47
57913|48
57913|49
57913|50
57913|51
57913|52
57913|53
57913|54
57913|55
57913|56
57913|57
57913|58
57913|59
57913|60
57913|61
57913|62
57913|63
57913|64
57913|65
57913|66
57913|67
57913|68
57913|69
57913|70
57913|71
57913|72
57913|73
57913|74
57913|75
57913|76
57913|77
57913|78
57913|79
57913|80
57913|81
57913|82
57913|117
57913|118
57913|84
57913|85
57913|86
57913|87
57913|88
57913|89
57913|90
57913|91
57913|92
57913|93
57913|94
57913|95
57913|96
57913|97
57913|98
57913|99
57913|100
57913|101
57913|102
57913|103
57913|104
57913|105
57913|106
57913|107
57913|108
57913|109
57913|110
57913|111
57913|112
57913|113
57913|114
57913|115
57913|116
57913|119
57913|120
57913|121
57913|122
57913|123
57913|124
57913|125
57913|126
57913|127
57913|128
57913|129
57913|130
57913|131
57913|132
57913|133
57913|134
57913|135
57913|136
57913|137
57913|138
57913|139
57913|140
57913|141
57913|142
57913|143
3205|76
57913|144
57913|145
57913|146
57913|147
57913|148
57913|149
57913|150
57913|151
57913|152
57913|153
57913|154
57913|155
57913|156
57913|157
57913|158
57913|159
57913|160
57913|161
57913|162
57913|163
57913|164
57913|165
57913|166
57913|167
57913|168
57913|169
57913|170
57913|171
57913|172
61669|33
57913|173
57913|174
57913|175
57913|176
57913|177
58125|1
58125|2
58125|3
58125|4
58125|5
58125|6
58125|7
58125|8
58125|9
58125|10
58125|11
58125|12
58125|13
58125|14
59809|1
59809|2
59809|3
59809|4
59809|5
59809|8
2204|21
132833|9
132833|10
5775|1
5775|2
5775|3
5775|4
5775|5
5775|6
5775|7
5775|8
5775|9
5775|10
5775|11
5775|12
5775|13
5775|14
5775|15
5775|16
5775|17
6604|1
6604|2
77373|9
61669|1
61669|2
61669|3
61669|4
61669|5
61669|6
61669|7
61669|8
61669|9
61669|10
61669|11
61669|12
61669|13
61669|14
61669|15
61669|16
61669|17
61669|18
61669|19
61669|20
61669|21
61669|22
61669|23
61669|24
61669|25
61669|26
61669|27
61669|28
61669|29
61669|30
61669|31
61669|34
61669|35
61669|36
61669|37
61669|38
61669|39
61669|40
61669|41
61669|42
61669|43
61669|44
61669|45
61669|46
61669|47
61669|48
61669|49
61669|50
61669|51
61669|52
61669|53
61669|54
61669|55
61669|56
61669|57
61669|58
61669|59
61669|60
61669|61
69652|12
61669|62
61669|63
61669|64
61669|65
61669|66
61669|67
61669|68
61669|69
61669|70
61669|71
61669|72
61669|73
61669|74
61669|75
61669|76
61669|77
61669|78
61669|79
61669|80
61669|81
61669|82
61669|83
61669|84
61669|85
61669|86
61669|87
61669|88
61669|89
61669|90
61669|91
65569|1
65569|3
125701|22
125701|23
125701|24
125701|25
125701|26
125701|27
125701|28
125701|29
125701|30
125701|31
125701|32
125701|33
125701|34
125701|35
125701|36
125701|37
125701|38
125701|39
125701|40
125701|41
125701|42
125701|43
125701|44
125701|45
125701|46
125701|47
126999|1
126999|2
126999|3
126999|4
126999|5
126999|6
126999|7
126999|8
59809|6
126999|9
126999|10
127137|1
127137|2
127137|3
127137|4
127137|5
127137|6
127137|7
127137|8
127137|9
127137|10
127137|11
127137|12
127137|13
127137|14
127137|15
127137|16
127137|17
127137|18
127137|19
130636|1
130636|2
130636|3
69652|13
63211|1
63211|2
63211|3
63211|4
63211|5
63211|6
63211|7
63211|8
63211|9
63211|10
63211|11
63211|12
63211|13
63211|14
63211|15
66607|1
66607|3
66607|4
66607|5
66607|6
66607|7
66607|8
66607|9
66607|10
66607|11
66607|12
66607|13
66607|14
66607|15
66607|16
66607|17
66607|18
66607|19
66607|20
66607|21
66607|22
66607|23
68960|1
68960|2
68960|3
68960|4
68960|5
68960|6
68960|7
68960|8
68960|9
68960|10
68960|11
68960|12
68960|13
68960|14
68960|15
68960|16
68960|17
68960|18
69652|1
69652|2
69652|3
69652|4
69652|5
69652|6
69652|7
69652|8
69652|9
69652|10
69652|11
130636|4
130636|5
130636|6
130636|7
130636|8
130636|9
130636|10
130636|11
130636|12
130636|13
130636|14
130636|15
130636|16
130636|17
130636|18
130636|19
130636|20
130636|22
130636|23
130636|24
130636|25
130678|1
130678|2
130678|3
130678|4
130678|5
130678|6
130678|7
130678|8
130678|9
130678|10
130678|11
130678|12
130678|13
130678|14
130678|15
130678|16
130678|17
130678|18
69652|14
130678|19
130678|20
130678|21
130678|22
130678|23
134137|1
134137|2
134137|3
134137|4
134137|5
134137|6
134137|7
134137|8
134137|9
134137|10
134137|11
134137|12
134137|13
134137|14
134137|15
134137|16
134137|17
134137|18
134137|19
134137|20
134137|21
134137|22
134137|23
134137|24
134137|25
134137|26
136883|1
136883|2
136883|3
136883|4
136883|5
136883|6
136883|7
136883|8
136883|9
136883|10
136883|11
136883|12
136883|13
136883|14
69652|16
69652|17
69652|18
69652|19
69652|20
69652|21
69652|22
69652|23
69652|24
69652|25
69652|26
69652|27
69652|28
69652|29
69652|30
72222|1
72222|2
72222|3
72222|4
72222|5
72222|6
72222|7
72222|8
72222|9
72222|10
72222|11
72222|12
72222|13
72222|14
72222|15
72408|1
72408|2
72408|3
72408|4
72408|5
72408|6
77373|10
72376|5
136883|17
136883|18
136883|19
136883|20
136883|21
136883|22
136883|23
136883|24
136883|25
136883|26
136883|27
136883|28
136883|29
136883|30
136883|31
136883|32
136883|33
136883|34
136883|35
136883|36
136883|37
136883|38
136883|39
136883|40
136883|41
136883|42
136883|43
136883|44
136883|45
136883|46
77373|11
72376|6
136883|47
136883|48
136883|49
136883|50
136883|51
136883|52
136883|53
136883|54
136883|55
136883|56
136883|57
136883|58
136883|59
136883|60
136883|61
136883|62
136883|63
136883|64
136883|65
136883|66
136883|67
136883|68
136883|69
136883|70
136883|71
136883|72
138105|1
138105|2
138105|3
138105|4
96114|11
96114|12
72408|7
72408|8
72408|9
72408|10
72408|11
72408|12
72408|13
72408|14
72408|15
72408|16
72408|17
72408|18
72408|19
72408|20
72408|21
72408|22
72408|23
72408|24
72408|25
72408|26
72408|27
74279|1
74279|2
74279|3
74279|4
74279|5
74279|6
74279|7
74279|8
72376|7
74279|9
74279|10
74279|11
74279|12
74279|13
74279|14
74279|15
74279|16
74279|17
74279|18
74279|19
74279|20
74279|21
75456|1
75456|2
75456|3
75456|4
75456|5
75456|6
75456|7
75456|8
75456|9
75456|10
75456|11
75456|12
75456|13
72376|8
140742|16
140742|17
140742|18
2831|1
2831|2
2831|3
2831|4
2831|5
2831|6
2831|7
2831|8
2831|9
2831|10
2831|11
2831|12
2831|13
77373|12
77373|13
2831|14
2831|15
2831|16
4392|1
4392|2
4392|3
4392|4
4392|5
4392|6
4392|7
4392|8
4392|9
4392|10
4392|11
4392|12
4392|13
4392|14
4392|15
4392|16
4392|17
4392|18
4392|19
4392|20
4392|21
5203|1
5203|2
72376|9
75456|15
75456|16
75456|17
75456|18
75456|19
75456|20
75456|21
75456|22
75456|23
75456|24
75456|25
75456|26
75456|27
75456|28
75456|29
75456|30
75456|31
75456|32
75456|33
77373|14
77373|15
75456|34
75456|35
75456|36
75456|37
75456|38
75456|39
75456|40
75456|41
75456|42
75456|43
75456|44
75456|45
75456|46
75456|47
75456|48
75456|49
75456|50
75456|51
75456|52
75456|53
75456|54
75456|55
75456|56
75456|57
75456|58
75456|59
75456|60
75456|61
75456|62
75456|63
77373|16
72376|10
75456|64
75456|65
75456|66
75456|67
75456|68
75456|69
75456|70
75456|71
75456|72
75456|73
75456|74
75456|75
75456|76
75456|77
75456|78
75456|79
75456|80
75456|81
75456|82
75456|83
75456|84
75456|85
75456|86
75456|87
75456|88
75456|89
75456|90
75456|91
75456|92
75456|93
75456|94
75456|95
75456|96
75456|97
75456|98
75456|99
75456|100
75456|101
75456|102
75456|103
75456|104
75456|105
75456|106
75456|107
75456|108
75456|109
75456|110
75456|111
75456|112
75456|113
75456|114
77373|1
77373|2
77373|3
77373|4
77373|5
65569|4
65569|5
65569|6
65569|7
66913|1
66913|2
66913|3
66913|4
66913|5
66913|6
66913|7
66913|8
66913|9
66913|10
66913|11
66913|12
66913|13
77373|7
5203|3
5203|4
5203|5
5203|6
5203|7
5203|8
5203|9
5203|10
5203|11
5203|12
5203|13
5203|14
5203|15
5203|16
5203|17
5203|18
6354|1
6354|2
6354|3
6354|4
6354|5
6354|6
6354|7
6354|8
6354|9
6354|10
6354|11
6354|12
6354|13
6354|14
6354|15
6354|16
6354|17
6354|18
2204|22
6604|3
6604|4
6604|5
6604|6
6604|7
6604|8
6604|9
9322|1
9322|2
9322|3
9322|4
9322|5
9322|6
9322|7
9322|8
9322|9
9322|10
9322|11
9322|12
9322|13
9322|14
9322|15
9322|16
9322|17
9322|18
9608|1
9608|2
9608|3
9608|4
9608|5
9608|6
9608|7
9608|8
9608|9
66913|14
66913|15
66913|16
68240|1
68240|3
68240|4
68240|5
68240|6
68240|7
68240|8
68240|9
68240|10
68240|11
68240|12
68240|13
68240|14
68240|15
68240|16
68240|17
68240|18
68240|19
68240|20
68240|21
68240|22
68240|23
70857|1
6839|10
81796|113
77373|17
77373|18
77373|19
77373|20
77373|21
77373|22
77373|23
77373|24
77373|25
77373|26
77373|27
77373|28
77373|29
77373|30
77373|31
77373|32
77373|33
77373|34
77373|35
77373|36
77373|37
77373|38
77373|39
77373|40
77373|41
77373|42
77373|43
77373|44
77373|45
77373|46
77373|47
81796|39
77373|48
77373|49
77373|50
77373|51
77373|52
77373|53
77373|54
77373|55
77373|56
77373|57
77373|58
77373|59
77373|60
77373|61
77373|62
77373|63
77373|64
77373|65
77373|66
77373|67
77373|68
77373|69
77373|70
77373|71
77373|72
77373|73
77373|74
77373|75
77373|76
77373|77
77373|78
77373|79
79467|26
77373|80
77373|81
77373|82
77373|83
77373|84
77373|85
77373|86
77373|87
77373|88
77373|89
77373|90
77373|91
77373|92
77373|93
77373|94
77373|95
77373|96
77373|97
77373|98
77373|99
77373|100
77373|101
77373|102
77373|103
77373|104
77373|105
77373|106
77373|107
77373|108
77373|109
77373|110
77373|111
77373|112
77373|113
77373|114
77373|115
79467|27
77373|116
77373|117
77373|118
77373|119
77373|120
77373|121
77373|122
77373|123
77373|124
77373|125
77373|126
77373|127
77373|128
77373|129
77373|130
77373|131
77373|132
77373|133
77373|134
77373|135
77373|136
77373|137
77373|138
77373|139
77373|140
77373|141
77373|142
77373|143
77373|144
77373|145
77373|146
77373|147
79467|28
77373|148
77373|149
77373|150
77373|151
77373|152
77373|153
77373|154
77373|155
77373|156
77373|157
77373|158
77373|159
77373|160
77373|161
77373|162
77373|163
77373|164
77373|165
77373|166
77373|167
77373|168
77373|169
77373|170
77373|171
77373|172
77373|173
77373|174
77373|175
77373|176
77373|177
77373|178
77373|179
77373|180
77373|181
77373|182
77373|183
77373|184
77373|185
77373|186
77373|187
77373|188
77373|189
77373|190
2204|23
77373|191
77373|192
77373|193
77373|194
77373|195
77373|196
77373|197
77373|198
77373|199
77373|200
77373|201
77373|202
77373|203
77373|204
77373|205
79467|1
79467|2
79467|3
79467|4
79467|5
79467|6
79467|7
79467|8
79467|9
79467|10
79467|11
79467|12
79467|13
79467|14
79467|15
79467|16
79467|17
79467|18
79467|19
79467|20
79467|21
79467|22
79467|23
79467|24
79467|25
79467|29
79467|30
79467|31
79467|32
79467|33
79467|34
79467|35
79467|36
79467|37
79467|38
79467|39
79467|40
79467|41
79467|42
79467|43
79467|44
79467|45
79467|46
79467|47
79467|48
79467|49
79467|50
81796|1
81796|2
81796|3
81796|4
81796|5
81796|6
81796|7
81796|8
81796|9
81796|10
81796|11
81796|12
81796|13
81796|14
81796|15
81796|40
6588|1
6588|2
6588|3
6588|4
6588|5
6588|6
6588|7
6588|8
6588|9
6588|10
6588|11
6588|12
6588|13
6588|14
6839|1
6839|2
6839|3
6839|4
6839|5
6839|6
6839|7
6839|8
6839|9
2204|24
9608|10
9608|11
9608|12
9608|13
9608|14
9608|15
9608|16
9608|17
9608|18
9608|19
9608|20
9608|21
9608|22
9608|23
9608|24
9608|25
9608|26
9608|27
9608|28
9608|29
9608|30
9608|31
9608|32
9608|33
9608|34
9608|35
9608|36
9608|37
9608|38
9608|39
34809|1
34809|3
75038|15
75038|16
73871|33
70857|2
70857|3
70857|4
70857|5
70857|6
70857|7
70857|8
70857|9
70857|10
70857|11
70857|12
70857|13
70857|14
70857|15
70857|16
75038|1
75038|2
75038|3
75038|4
75038|5
75038|6
75038|7
75038|8
75038|9
75038|10
75038|11
75038|12
75038|13
75038|14
6839|11
6839|12
6839|13
6839|14
6839|15
6839|16
6839|17
6839|18
6839|19
6839|20
6839|21
6839|22
6839|23
6839|24
6839|25
6839|26
6839|27
6839|28
6839|29
113418|69
81796|16
81796|17
81796|18
81796|19
81796|20
81796|21
81796|22
81796|23
81796|24
81796|25
81796|26
81796|27
81796|28
81796|29
81796|30
81796|31
81796|32
81796|33
81796|34
81796|35
81796|36
81796|37
81796|38
81796|41
81796|42
81796|43
81796|44
81796|45
81796|46
81796|47
81796|48
81796|49
81796|50
81796|51
81796|52
81796|53
81796|54
81796|55
81796|56
81796|57
81796|58
81796|79
81796|80
81796|81
81796|82
81796|83
81796|84
81796|85
81796|59
81796|60
81796|61
81796|62
81796|63
81796|64
81796|65
81796|66
81796|67
81796|68
81796|69
81796|70
81796|71
81796|72
81796|73
81796|74
81796|75
81796|76
81796|77
81796|78
81796|86
81796|87
81796|88
81796|89
81796|90
81796|91
81796|92
81796|93
81796|94
81796|95
81796|96
81796|97
81796|98
81796|99
81796|100
81796|101
81796|102
81796|103
81796|104
81796|105
81796|106
81796|107
81796|108
81796|109
81796|110
81796|114
81796|115
81796|116
81796|117
81796|118
81796|119
81796|120
81796|121
81796|122
81796|123
81796|124
81796|125
83419|1
83419|2
83419|3
83419|4
83419|5
83419|6
83419|7
83419|8
83419|9
83419|10
83419|11
83419|12
83419|13
83419|14
83419|15
83419|16
83419|17
83419|18
83419|19
83419|20
83419|21
83419|22
83419|23
83419|24
83419|25
34809|4
34809|5
34809|6
34809|7
34809|8
34809|9
34809|10
34809|11
34809|12
34809|13
34809|14
34809|15
34809|16
34809|17
34809|18
34809|19
34809|20
34809|21
34809|22
34809|23
34809|24
34809|25
34809|26
34809|27
53849|1
53849|2
53849|3
53849|4
53849|5
53849|6
10575|14
10575|15
75038|17
75038|18
75038|19
75038|20
75038|21
75038|22
75038|23
75038|24
75038|25
75038|26
75038|27
75038|28
75038|29
75038|30
75038|31
75038|32
75038|33
75038|34
75038|35
75038|36
75038|37
75038|38
75038|39
75038|40
75038|41
75038|42
75038|43
75038|44
75038|45
75038|46
75038|47
75038|48
75038|88
75038|89
75038|90
75038|49
75038|50
75038|51
75038|52
75038|53
75038|54
75038|55
75038|56
75038|57
75038|58
75038|59
75038|60
75038|61
75038|62
75038|63
75038|64
75038|65
75038|66
75038|67
75038|68
75038|69
75038|70
75038|71
75038|72
75038|73
75038|74
75038|75
75038|76
75038|77
75038|78
75038|79
75038|80
75038|81
75038|82
75038|83
75038|84
75038|85
75038|86
75038|87
75038|154
75038|91
75038|92
75038|93
75038|94
75038|95
75038|96
75038|97
75038|98
75038|99
75038|100
75038|101
75038|102
75038|103
75038|104
75038|105
75038|106
75038|107
75038|108
75038|109
75038|110
75038|111
75038|112
75038|113
75038|114
75038|115
75038|116
75038|117
75038|118
75038|119
75038|155
75038|156
75038|120
75038|121
75038|122
75038|123
75038|124
75038|125
75038|126
75038|127
75038|128
75038|129
75038|130
75038|131
75038|132
75038|133
75038|134
75038|135
75038|136
75038|137
75038|138
75038|139
75038|140
75038|141
75038|142
75038|143
75038|144
75038|145
75038|146
75038|147
75038|148
75038|149
75038|150
75038|151
75038|152
75038|153
75038|157
75038|158
75038|159
75038|160
75038|161
75038|162
75038|163
75038|164
75038|165
75038|166
75038|167
75038|168
75038|169
75038|170
75038|171
75038|172
75038|173
75038|174
75038|175
75038|176
75038|177
75038|178
75038|179
75038|180
75038|181
75038|182
75038|183
75038|184
75038|185
75038|186
83419|26
83419|27
83419|28
75038|187
75038|188
75038|189
75038|190
75038|191
75038|192
75038|193
75038|194
75038|195
75038|196
75038|197
75038|198
75038|199
75038|200
75038|201
75038|202
75038|203
75038|204
75038|205
75038|206
75038|207
75038|208
75038|209
75038|210
75038|211
75038|212
75038|213
75038|214
75038|215
75038|216
75038|217
75038|218
75038|219
75038|220
75038|221
75038|222
75038|223
75038|224
75038|225
75038|226
75038|227
75038|228
75038|229
75038|230
75038|231
75038|232
83419|29
75038|233
75038|234
75038|235
75038|236
75038|237
75038|238
75038|239
75038|240
75038|241
78801|1
78801|2
78801|3
78801|4
79164|1
79164|2
79164|3
79164|4
79164|5
79164|6
79164|7
79164|8
79164|9
79164|10
79164|11
79164|12
79164|13
79164|14
79164|15
79164|16
79164|17
79164|18
79164|19
57258|113
8507|1
8507|2
8507|3
8507|4
8507|5
8507|6
8507|7
8507|8
8507|9
8507|10
8507|11
8507|12
8507|13
8507|14
8507|15
8507|16
8507|17
8507|18
8507|19
10575|1
10575|2
10575|3
10575|4
10575|5
10575|6
10575|7
10575|8
10575|9
10575|10
10575|11
10575|12
10575|13
53849|7
53849|8
53849|9
53849|10
53849|11
53849|12
53849|13
53849|14
53849|15
53849|16
53849|17
53849|18
53849|19
53849|20
53849|21
53849|22
53849|23
53849|24
53849|25
53849|26
53849|27
53849|28
53849|65
10575|16
53849|29
53849|30
53849|31
53849|32
53849|33
53849|34
53849|35
53849|36
53849|37
53849|38
53849|39
53849|40
53849|41
53849|42
53849|43
53849|44
53849|45
53849|46
53849|47
53849|48
53849|49
53849|50
53849|51
53849|52
53849|53
53849|54
53849|55
53849|56
53849|57
53849|58
53849|59
53849|60
53849|61
53849|62
53849|63
53849|64
10575|17
53849|66
53849|67
53849|68
53849|69
53849|70
53849|71
53849|72
53849|73
53849|74
53849|75
53849|76
53849|77
53849|78
53849|79
53849|80
53849|81
53849|82
53849|83
53849|84
53849|85
53849|86
53849|87
53849|88
53849|89
53849|90
53849|91
53849|92
53849|93
53849|94
53849|95
56039|1
56039|2
56039|3
56039|4
56039|5
56039|6
56039|7
10575|18
10575|19
10575|20
10575|21
10575|22
10575|23
10575|24
10575|25
10575|26
10575|27
18128|1
18128|2
18128|3
18128|4
18128|5
18128|6
18128|7
18128|8
18128|9
18128|10
18128|11
18128|12
18128|13
18128|14
18128|15
18128|16
18128|17
18128|18
18128|19
18128|20
18128|21
18128|22
20020|1
20020|2
20020|3
20020|4
20020|5
20020|6
84148|1
84148|2
84148|3
84148|4
84148|5
84148|6
84148|7
84148|8
84148|9
84148|10
84148|11
84148|12
84148|13
84148|14
84148|15
84148|16
84148|17
84148|18
84148|19
84148|20
84148|21
84148|22
84148|23
84148|24
84148|25
84148|26
84148|27
84148|29
84148|30
84148|31
84148|32
84148|33
84148|34
84148|35
84148|36
84148|37
84148|38
84148|39
84148|40
86573|1
86573|2
86573|3
86573|4
86573|5
86573|6
86573|7
86573|8
86573|9
86573|10
86573|11
86573|12
86573|13
86573|14
86573|15
86573|16
86573|17
86573|18
86573|19
86573|20
86573|21
86573|22
86573|23
87192|1
87192|2
87192|3
87192|4
96114|13
56039|8
56039|9
56039|10
56039|11
56039|12
56039|13
56039|14
56039|15
56039|16
56039|17
57258|1
57258|2
57258|3
57258|4
57258|5
57258|6
57258|7
57258|8
57258|9
57258|10
57258|11
57258|12
57258|13
57258|14
57258|15
57258|16
57258|17
57258|18
57258|19
57258|20
57258|21
57258|22
57258|23
57258|24
57258|25
57258|26
57258|27
57258|28
57258|29
57258|30
57258|31
57258|32
79164|20
79164|21
79164|22
79164|23
79164|24
79164|25
79164|26
80121|1
80121|2
80121|3
80121|4
80121|5
80121|6
80121|7
80121|8
80121|9
80121|10
80121|11
80121|12
80121|13
80121|14
80121|15
80121|16
80121|17
80121|18
80121|19
80121|20
80121|21
80121|22
80121|23
80484|1
80484|2
80484|3
80484|4
58429|6
57258|33
57258|34
57258|35
57258|36
57258|37
57258|38
57258|39
57258|40
57258|41
57258|42
57258|43
57258|44
57258|45
57258|46
57258|47
57258|48
57258|49
57258|50
57258|51
57258|52
57258|53
57258|54
57258|55
57258|56
57258|57
57258|58
57258|59
57258|60
20574|90
57258|61
57258|62
57258|63
57258|64
57258|65
57258|66
57258|67
57258|68
57258|69
57258|70
57258|71
57258|72
57258|73
57258|74
57258|75
57258|76
57258|77
57258|78
57258|79
57258|80
57258|81
57258|82
57258|83
57258|84
83795|17
57258|85
57258|86
57258|87
57258|88
57258|89
57258|90
57258|91
57258|92
57258|93
57258|94
57258|95
57258|96
57258|97
57258|98
57258|99
57258|100
57258|101
57258|102
57258|103
57258|104
57258|105
57258|106
57258|107
57258|108
57258|109
57258|110
57258|111
57258|112
57258|114
57258|115
57258|116
57258|117
57258|118
57258|119
57258|120
57258|121
57258|122
57258|123
57258|124
57258|125
57258|126
57258|127
57258|128
57258|129
57258|130
57258|131
57258|132
57258|133
57258|134
57258|135
57258|136
57258|137
57258|138
57258|139
57258|140
57258|141
57258|142
57258|143
57258|144
57258|145
57258|146
57258|147
57258|148
57258|149
57258|150
57258|151
57258|152
57258|153
57258|154
57258|155
57258|156
57258|157
57258|158
57258|159
57258|160
57258|161
57258|162
57258|163
57258|164
58429|1
58429|2
58429|3
58429|4
58429|5
20020|7
20020|8
20020|9
20020|10
20020|11
20020|12
20020|13
20020|14
20020|15
20020|16
20020|17
20020|18
20020|19
20020|20
20020|21
20020|22
20020|23
20020|24
20020|25
20020|26
20020|27
20020|28
20020|29
20020|30
20020|31
20020|32
20020|33
20020|34
20020|35
20020|36
20020|37
20020|38
20020|39
20020|40
20020|41
20020|42
20574|1
20574|2
20574|3
20574|4
20574|5
20574|6
20574|7
20574|8
20574|9
20574|10
20574|11
20574|12
20574|13
20574|14
20574|15
20574|16
20574|17
20574|18
20574|19
20574|20
20574|21
20574|22
20574|23
20574|24
96114|14
96114|15
87192|5
87192|6
87192|7
87192|8
87192|9
87192|10
87192|11
87192|12
87192|13
87192|14
90712|1
90712|2
90712|3
90712|4
90712|5
90712|6
58774|27
96114|16
80484|5
80484|6
80484|7
80484|8
80484|9
80484|10
80484|11
80484|12
80484|13
80484|14
80484|15
83795|1
83795|2
83795|3
83795|4
83795|5
83795|6
83795|7
83795|8
83795|9
83795|10
83795|11
83795|12
83795|13
83795|14
83795|15
83795|16
58429|7
58429|8
58429|9
58429|10
58429|11
58429|12
58429|13
58429|14
58429|15
58429|16
58429|17
58429|18
58429|19
58429|20
58774|1
58774|2
58774|3
58774|4
58774|5
58774|6
58774|7
58774|8
58774|9
58774|10
58774|11
58774|12
58774|13
58774|14
58774|15
58774|16
58774|17
58774|18
58774|19
58774|20
58774|21
58774|22
58774|23
58774|24
58774|25
58774|26
96114|17
20574|25
20574|26
20574|27
20574|28
20574|29
20574|30
20574|31
20574|32
20574|33
20574|34
20574|35
20574|36
20574|37
20574|38
20574|39
20574|40
20574|41
20574|42
20574|43
20574|44
20574|45
20574|46
20574|47
20574|48
20574|49
20574|50
20574|51
20574|52
20574|53
20574|54
20574|55
20574|56
20574|57
20574|58
20574|59
20574|60
20574|61
20574|62
20574|63
58774|28
20574|64
20574|65
20574|66
20574|67
20574|68
20574|69
20574|70
20574|71
20574|72
20574|73
20574|74
20574|75
20574|76
20574|77
20574|78
20574|79
20574|80
20574|81
20574|82
20574|83
20574|84
20574|85
20574|86
20574|87
20574|88
20574|89
20574|91
20574|92
20574|93
20574|94
20574|95
20574|96
20574|97
20574|98
20574|99
20574|100
20574|101
20574|102
20574|103
20574|104
20574|105
20574|106
20574|107
20574|108
20574|109
20574|110
20574|111
20574|112
20574|113
20574|114
20574|115
20574|116
20574|117
20574|118
20574|119
20574|120
20574|121
20574|122
20574|123
20574|124
20574|125
20574|126
20574|127
20574|128
32247|1
32247|2
32247|3
32247|4
32247|5
32247|6
32247|7
32247|8
32247|9
32247|10
32247|11
32247|12
32247|13
32247|14
32247|15
32247|16
32247|17
32247|18
83795|18
83795|19
83795|20
83795|21
83795|22
84267|1
84267|2
84267|3
84267|4
84267|5
84267|6
84267|7
84267|8
84267|9
84267|10
84267|11
84267|12
84267|13
84267|14
84267|15
84267|16
84267|17
84267|18
90712|7
90712|8
90712|9
94652|1
94652|2
94652|3
94652|4
94652|5
94652|6
94652|7
94652|8
94652|9
94652|10
94652|11
94652|12
94652|13
94652|14
94652|15
94652|16
94652|17
94652|18
94652|19
94652|20
94652|21
94652|22
96114|1
96114|2
96114|3
96114|4
96114|5
58774|29
58774|30
58774|31
58774|32
58774|33
58774|34
58774|35
58774|36
58774|37
58774|38
58774|39
58774|40
58774|41
58774|42
58774|43
58774|44
58774|45
58774|46
58774|47
58774|48
58774|49
58774|50
58774|51
58774|52
58774|53
58774|54
58774|55
58774|56
58774|57
58774|58
58774|59
58774|60
58774|61
59308|1
59308|2
59308|3
59308|4
59308|5
59308|7
96114|6
96114|7
96114|8
59388|45
138105|5
138105|6
138105|7
138105|8
138105|9
138105|10
138105|11
138105|12
138105|13
138105|14
138105|15
138105|16
138105|17
138105|18
138105|19
138105|20
138105|21
138105|22
138105|23
138105|24
138105|25
138105|26
138836|0
138836|1
96114|9
96114|10
32247|19
32247|20
32247|21
32247|22
32247|23
32247|24
32247|25
51223|1
51223|2
51223|3
51223|4
51223|5
51223|6
51223|7
51223|8
51223|9
51223|10
51223|11
51223|12
53055|1
53055|2
53055|3
53055|4
53055|5
53055|6
53055|7
53055|8
53055|9
53055|10
84267|19
84267|20
84267|21
84267|22
84267|23
84267|24
84267|25
84267|26
86033|1
86033|2
86033|3
86033|4
86033|5
86033|6
86033|7
86033|8
86033|9
86033|10
86033|11
86033|12
86033|13
86033|14
86033|15
86033|16
59388|97
59308|8
59308|9
59308|10
59308|11
59308|12
59308|13
59308|14
59308|15
59308|16
59308|17
59308|18
59308|19
59308|20
59308|21
59308|22
59308|23
59308|24
59308|25
59308|26
59308|27
59308|28
59388|1
59388|2
59388|3
59388|4
59388|5
59388|6
59388|7
59388|8
59388|9
59388|10
59388|181
138836|2
138836|3
138836|4
138836|5
138836|6
138836|7
140278|1
140278|2
140278|4
140278|5
140278|6
140278|7
140278|8
140278|9
140278|10
140278|11
140278|12
140278|13
140278|14
140278|15
140278|16
140278|17
140278|18
140278|19
140278|20
140278|21
86033|17
86033|18
86033|19
86033|20
86570|1
86570|2
86570|3
86570|4
86570|5
86570|6
86570|7
86570|8
86570|9
86570|10
86570|11
86570|12
86570|13
86570|14
86570|15
86570|16
86570|17
86570|18
86771|1
86771|2
86771|3
86771|4
86771|5
86771|6
86771|7
106092|19
96114|18
96114|20
101501|1
101501|2
101501|3
101501|4
101501|5
101501|6
101501|7
101501|8
101501|9
101501|10
101501|11
101501|12
101501|13
104007|1
104007|3
104007|4
104007|5
104007|6
104007|7
104007|8
104007|9
104007|10
104007|11
104007|12
104007|13
59388|11
59388|12
59388|13
59388|14
59388|15
59388|16
59388|17
59388|18
59388|19
59388|20
59388|21
59388|22
59388|23
59388|24
59388|25
59388|26
59388|27
59388|28
59388|29
59388|30
59388|31
59388|32
59388|33
59388|34
59388|35
59388|36
59388|37
59388|38
59388|39
59388|40
59388|41
59388|42
59388|43
59388|44
59388|46
59388|47
59388|48
59388|49
59388|50
59388|51
59388|52
59388|53
59388|54
59388|55
59388|56
59388|57
59388|58
59388|59
59388|60
59388|61
59388|62
59388|63
59388|64
59388|65
59388|66
59388|67
59388|68
59388|69
59388|70
59388|71
59388|72
59388|73
59388|74
59388|75
59388|76
59388|77
59388|78
59388|79
59388|80
59388|81
59388|82
59388|83
59388|84
59388|85
59388|86
59388|87
59388|88
59388|89
59388|90
59388|91
59388|92
59388|93
59388|94
59388|95
59388|96
53055|69
59388|98
59388|99
59388|100
59388|101
59388|102
59388|103
59388|104
59388|105
59388|106
59388|107
59388|108
59388|109
59388|110
59388|111
59388|112
59388|113
59388|114
59388|115
59388|116
59388|117
59388|118
59388|119
59388|120
59388|121
59388|122
59388|123
59388|124
59388|125
59388|126
59388|127
59388|128
59388|129
59388|130
59388|131
59388|132
59388|133
59388|134
59388|135
59388|136
59388|137
59388|138
59388|139
59388|140
59388|141
59388|142
59388|143
59388|144
59388|145
59388|146
59388|147
59388|148
59388|149
59388|150
59388|151
59388|152
59388|153
78974|8
59388|154
59388|155
59388|156
59388|157
59388|158
59388|159
59388|160
59388|161
59388|162
59388|163
59388|164
59388|165
59388|166
59388|167
59388|168
59388|169
59388|170
59388|171
59388|172
59388|173
59388|174
59388|175
59388|176
59388|177
59388|178
59388|179
59388|180
78974|9
140278|22
140278|23
140278|24
140278|25
140278|26
91155|1
91155|3
91155|4
91155|5
91155|6
91155|7
91155|8
91155|9
91155|10
91155|11
91155|12
91155|13
91155|14
91155|15
91155|16
91155|17
91155|18
91155|19
91155|20
91155|21
88527|14
88527|15
53055|11
53055|12
53055|13
53055|14
53055|15
53055|16
53055|17
53055|18
53055|19
53055|20
53055|21
53055|22
53055|23
53055|24
53055|25
53055|26
53055|27
53055|28
53055|29
53055|30
53055|31
53055|32
53055|33
53055|34
53055|35
64304|11
53055|36
53055|37
53055|38
53055|39
53055|40
53055|41
53055|42
53055|43
53055|44
53055|45
53055|46
53055|47
53055|48
53055|49
53055|50
53055|51
53055|52
53055|53
53055|54
53055|55
53055|56
53055|57
53055|58
53055|59
53055|60
53055|61
53055|62
53055|63
53055|64
53055|65
53055|66
53055|67
53055|68
53055|70
53055|71
53055|72
53055|73
53055|74
53055|75
53055|76
53055|77
53055|78
53055|79
53055|80
53055|81
53055|82
53055|83
53055|84
53055|85
53055|86
53055|87
53055|88
56091|1
56091|2
56091|3
56091|4
56091|5
56091|6
56091|7
64329|1
64329|2
64329|3
64329|4
64329|5
64329|6
64329|7
64329|8
64329|9
64329|10
64329|11
64329|12
64329|13
64329|14
64329|15
64329|16
64304|1
64304|2
64304|3
64304|4
64304|5
64304|6
64304|7
64304|8
64304|9
64304|10
104007|14
56091|8
56091|9
56091|10
56091|11
56091|12
56091|13
56091|14
56091|15
56091|16
61407|1
61479|1
61479|2
61479|3
61479|4
61479|5
61479|6
61479|7
61479|8
113960|9
86771|8
86771|9
86771|10
86771|11
86771|12
86771|13
86771|14
86771|15
86771|16
86771|17
86771|18
86771|19
86771|20
86771|21
86771|22
86771|23
86771|24
86771|25
88527|1
88527|2
88527|3
88527|4
88527|5
88527|6
88527|7
88527|8
88527|9
88527|10
88527|11
64304|12
64304|13
64304|14
64304|15
64304|16
64304|17
64304|18
64304|19
64304|20
64304|21
64304|22
64304|23
64304|24
64304|25
64304|26
64304|27
64304|28
64304|29
64304|30
64304|31
64304|32
64304|33
64304|34
88527|12
88527|13
64304|35
64304|36
64304|37
64304|38
64304|39
64304|40
64304|41
64304|42
64304|43
64304|44
64304|45
64304|46
64304|47
64304|48
64304|49
64304|50
64304|51
64304|52
67822|1
67822|2
67822|3
113960|10
113418|70
91155|22
91155|23
91155|24
91155|25
91155|26
2204|1
2204|2
2204|3
2204|4
2204|5
2204|6
2204|7
2204|8
2204|9
2204|10
2204|11
2204|12
2204|13
2204|14
2204|15
2204|16
2204|17
2204|18
2204|19
104007|15
104007|16
104007|17
113310|1
113310|2
113310|3
113310|4
113310|5
113310|6
113310|7
113310|8
113310|9
113310|10
113310|11
113310|12
113310|13
113310|14
113310|15
113310|16
113310|17
113960|1
113960|2
113960|3
113960|4
113960|5
113960|6
113960|7
113960|8
62902|10
62902|11
88527|19
90236|1
90236|2
90236|3
90236|4
90236|5
90236|6
90236|7
90236|8
90236|9
90236|10
90236|11
90236|12
90236|13
90236|14
93094|1
93094|3
93094|4
93094|5
93094|6
93094|7
93094|8
93094|9
93094|10
93094|11
93094|12
93094|13
65378|24
2204|25
2204|26
2204|27
2204|28
2204|29
2204|30
2204|31
2204|32
2204|33
2204|34
2204|35
2204|36
2204|37
2204|38
2204|39
2204|40
2204|41
2204|42
2204|43
2204|44
2204|45
2204|46
2204|47
2204|48
65378|25
2204|49
2204|50
2204|51
2204|52
2204|53
2204|54
2204|55
3368|1
3368|2
3368|3
3368|4
3368|5
3368|6
3368|7
3368|8
3368|9
3368|10
4387|1
4387|2
4387|3
4387|4
4387|5
4387|6
4387|7
119211|8
67822|4
67822|5
67822|6
67822|7
67822|8
67822|9
67822|10
67822|11
67822|12
67822|13
67822|14
67822|15
67822|16
67822|17
67822|18
67822|19
68000|1
68000|2
68000|3
68000|4
68000|5
68000|6
68000|7
68000|8
68000|9
68000|10
68000|11
68000|12
68000|13
113960|11
62902|12
62902|13
61479|9
61479|10
61479|11
61479|12
61479|13
61479|14
64000|1
64000|2
64000|3
64000|4
64000|5
64000|6
64000|7
64000|8
64000|9
64000|10
64000|11
64000|12
64000|13
64000|14
62902|14
68000|14
68000|15
68000|16
68000|17
68000|18
68000|19
68000|20
68000|21
68000|22
68000|23
68000|24
68000|25
68000|26
73871|1
73871|2
73871|3
73871|4
73871|5
73871|6
73871|7
73871|8
73871|9
73871|10
73871|11
73871|12
73871|13
73871|14
73871|15
73871|16
73871|17
73871|18
73871|19
73871|20
73871|21
73871|22
73871|23
73871|24
73871|25
73871|26
73871|27
73871|28
73871|29
73871|30
113960|12
113960|13
113960|14
113960|15
113960|16
113960|17
113960|18
113960|19
113960|20
113960|21
113960|22
113960|23
117372|1
117372|3
117372|4
117372|5
117372|6
117372|7
117372|8
117372|9
117372|10
117372|11
117372|12
119211|1
119211|2
119211|3
119211|4
119211|5
119211|6
119211|7
93094|14
93094|15
93094|16
93094|17
93094|18
93094|19
93094|20
93094|21
93094|22
93094|23
93094|24
93094|25
93094|26
93094|27
93094|28
93094|29
93094|30
94609|1
94609|3
94609|4
94609|5
94609|6
94609|7
94609|8
94609|9
94609|10
94609|11
94609|12
119211|9
75798|15
64000|15
64000|16
64000|17
64000|18
64000|19
64000|20
64000|21
64000|22
64000|23
64000|24
64000|25
64000|26
64000|27
64000|28
64000|29
64000|30
64000|31
64000|32
68723|24
64000|33
64000|34
64000|35
64000|36
64000|37
64000|38
64000|39
64000|40
64000|41
64000|42
64000|43
64000|44
64000|45
64000|46
64000|47
64000|48
64000|49
64000|50
64000|51
64000|52
64000|53
64000|54
64000|108
64000|55
64000|56
64000|57
64000|58
64000|59
64000|60
64000|61
64000|62
64000|63
64000|64
64000|65
64000|66
64000|67
64000|68
64000|69
64000|70
64000|71
64000|72
64000|73
64000|74
64000|75
64000|76
64000|77
64000|78
64000|79
64000|80
64000|81
64000|82
64000|83
64000|84
64000|85
64000|86
64000|87
64000|88
64000|89
64000|90
64000|91
64000|92
64000|93
64000|94
64000|95
64000|96
64000|97
64000|98
64000|99
64000|100
64000|101
64000|102
64000|103
64000|104
64000|105
64000|106
64000|107
64000|109
64000|110
64000|111
64000|112
64000|113
64000|114
64000|115
64000|116
65378|1
65378|2
65378|3
65378|4
65378|5
65378|6
65378|7
65378|8
65378|9
65378|10
65378|11
65378|12
65378|13
65378|14
65378|15
65378|16
65378|17
65378|18
65378|19
65378|20
65378|21
65378|22
65378|23
125192|25
4387|8
4387|9
4387|10
4387|11
4387|12
4387|13
4387|14
5000|1
5000|2
5000|3
5000|4
5000|5
5000|6
5000|7
5000|8
5000|9
5000|10
5000|11
5000|12
5000|13
5000|14
5000|15
5000|16
5000|17
5000|18
5908|1
5908|2
125192|26
73871|34
73871|35
73871|36
73871|37
73871|38
73871|39
73871|40
73871|41
73871|42
73871|43
73871|44
73871|45
73871|46
73871|47
73871|48
73871|49
73871|50
73871|51
73871|52
73871|53
73871|54
73871|55
73871|56
73871|57
73871|58
73871|59
73871|60
73871|61
75798|1
75798|2
75798|3
75798|4
75798|5
75798|6
75798|7
75798|8
75798|9
75798|10
75798|11
75798|12
75798|13
75798|14
65378|26
65378|27
65378|28
68723|1
68723|2
68723|3
68723|4
68723|5
68723|6
68723|7
68723|8
68723|9
68723|10
68723|11
68723|12
68723|13
68723|14
68723|15
68723|16
68723|17
68723|18
68723|19
68723|20
68723|21
68723|22
68723|23
94609|13
94609|14
94609|15
94609|16
94609|17
94609|18
94609|19
94609|20
94609|21
94609|22
94609|23
94609|24
94609|25
94609|26
94609|27
94609|28
94609|29
94609|30
94609|31
94609|32
94609|33
94609|34
99222|1
99222|2
99222|3
99222|4
99222|5
99222|6
99222|7
125192|27
119211|10
119211|11
119211|12
119211|13
119211|14
119211|15
119211|16
119211|17
119211|18
119211|19
119211|20
119211|21
119211|22
119211|23
120797|1
120797|2
120797|3
120797|4
120797|5
120797|6
120797|7
120797|8
120797|9
120797|10
120797|11
120797|12
120797|13
120797|14
120797|15
120797|16
120797|17
120797|18
126898|1
126898|2
126898|3
126898|4
68723|25
68723|26
68723|27
69053|1
69053|2
69053|3
69053|4
69053|5
69053|6
69053|7
69053|8
69053|9
69053|10
69053|11
69053|12
69053|13
69053|14
69053|15
69053|16
69053|17
69053|18
69053|19
72435|1
72435|2
72435|3
72435|4
72435|6
75798|16
75798|17
75798|18
75798|19
75798|20
75798|21
75798|22
75798|23
75798|24
75798|25
76114|1
76114|2
76114|3
76114|4
76114|5
76114|6
76114|7
76114|8
76114|9
76114|10
76114|11
76114|12
76114|13
76114|14
76114|15
76114|16
76114|17
76114|18
76114|19
76114|20
76114|21
76114|22
76114|23
76298|1
99222|8
99222|9
99222|10
99222|11
99222|12
99222|13
99222|14
99222|15
100865|1
100865|2
100865|3
100865|4
100865|5
100865|6
100865|7
100865|8
100865|9
100865|10
100865|11
100865|12
100865|13
100865|14
100865|15
100865|16
100865|17
100865|18
100865|19
100865|20
100865|22
104025|1
104760|1
76515|24
5908|3
5908|4
5908|5
5908|6
5908|7
5908|8
5908|9
5908|10
5908|11
5908|12
5908|13
5908|14
5908|15
5908|16
5908|17
5908|18
8932|1
8932|2
8932|3
8932|4
8932|5
72435|7
76515|25
8932|6
8932|7
8932|8
8932|9
8932|10
8932|11
8932|12
8932|13
30287|1
30287|2
30287|3
30287|4
30287|5
30287|6
30287|7
30287|8
30287|9
30287|10
30287|11
30287|12
32611|1
32611|3
32611|4
32611|5
32611|6
72435|8
72435|9
72435|10
72435|11
72435|12
72435|13
72435|14
76586|1
76586|2
76586|3
76586|4
76586|5
76586|6
76586|7
76586|8
76586|9
76586|10
76586|11
76586|12
76586|13
76586|14
76586|15
76586|16
76586|17
76586|18
76586|19
76586|20
76586|21
76586|22
76586|23
76586|24
76586|25
76586|26
76586|27
78974|10
126898|5
126898|6
126898|7
126898|8
126898|9
126898|10
126898|11
126898|12
126898|13
126898|14
126898|15
126898|16
126898|17
126898|18
126898|19
126898|20
126898|21
126898|22
126898|23
126898|24
130634|0
130634|2
130634|3
130634|4
130634|5
130634|6
131616|1
131616|2
131616|3
131616|4
78974|11
76298|2
76298|3
76298|4
76298|5
76298|6
76298|7
76298|8
76298|9
76298|10
76298|11
76298|12
76298|13
76298|14
76298|15
76298|16
76298|17
76298|18
76298|19
76298|20
76298|21
76298|46
76298|47
76298|22
76298|23
76298|24
76298|25
76298|26
76298|27
76298|28
76298|29
76298|30
76298|31
76298|32
76298|33
76298|34
76298|35
76298|36
76298|37
76298|38
76298|39
76298|40
76298|41
76298|42
76298|43
76298|44
76298|45
76298|50
76298|51
76298|52
76298|53
76298|54
76298|55
76298|56
76298|57
76298|58
76298|59
76298|60
76298|61
76298|62
76298|63
76298|64
76298|65
76298|66
76298|67
76298|68
76298|69
76298|70
76298|71
76298|72
76298|73
76298|74
76298|75
76298|76
78974|12
2144|10
76298|77
76298|78
76298|79
76298|80
76298|81
76298|82
76298|83
76298|84
76298|85
76298|86
76298|87
76298|88
76298|89
76298|90
76298|91
76298|92
76298|93
76298|94
76298|95
76298|96
76298|97
76298|98
76298|99
76298|100
76298|101
76298|102
76298|103
76298|104
76298|107
76298|108
76298|109
76298|110
76298|111
76298|112
76298|113
76298|114
76298|115
76298|116
76298|117
76298|118
76298|119
76298|120
76298|121
76298|122
76298|123
76298|124
76298|125
76298|126
76298|127
76298|128
76298|129
76298|130
32611|7
91254|12
76298|131
76298|132
76298|133
76298|134
76298|135
76298|136
76298|137
76298|138
77415|1
77415|2
77415|3
77415|4
77415|5
77415|6
77415|7
77415|8
77415|9
77415|10
77415|11
77415|12
77415|13
78974|1
78974|2
78974|3
78974|4
78974|5
78974|6
78974|7
32611|8
32611|9
32611|10
32611|11
32611|12
32611|13
32611|14
32611|15
32611|16
32611|17
32611|18
32611|19
32611|20
32611|21
32611|22
32611|23
32611|24
32611|25
32611|26
34564|1
34564|3
34564|4
34564|5
34564|6
34564|7
34564|8
34564|9
34564|10
106092|14
81679|46
76586|28
76586|29
76586|30
82028|1
82028|2
82028|3
82028|4
82028|5
82028|6
82028|7
82028|8
82028|9
82028|10
82028|11
82028|12
82028|13
82028|14
82028|15
82028|16
82028|17
82028|18
82234|1
82234|2
82234|3
82234|4
82234|5
82234|6
82234|7
82234|8
82234|9
82234|10
82234|11
81679|49
104760|2
104760|3
104760|4
104760|5
104760|6
104760|7
104760|8
104760|9
104760|10
104760|11
104760|12
104760|13
104760|14
104760|15
104760|16
104760|17
104760|18
104760|19
104760|20
104760|21
104760|22
104760|23
104760|24
104760|25
104760|26
104760|27
106092|1
106092|3
106092|4
106092|5
106092|6
106092|7
106092|8
106092|9
106092|10
106092|11
106092|12
106092|13
106092|15
106092|16
34564|11
34564|12
34564|13
34564|14
34564|15
34564|16
34564|17
34564|18
34564|19
34564|20
34564|21
52815|1
52815|2
52815|3
52815|4
52815|5
52815|6
52815|7
52815|8
52815|9
52815|10
52815|11
81679|50
106092|20
106092|21
106092|22
106092|23
106092|24
106092|25
106092|26
106092|27
109291|1
109291|2
109291|3
109291|4
109291|5
109291|6
109291|7
109291|8
109291|9
110176|1
110176|3
110176|4
110176|5
110176|6
110176|7
110176|8
110176|9
110176|10
110176|11
110176|12
56709|53
131616|5
131616|6
131616|7
131616|8
131616|9
131616|10
131616|11
131616|12
131616|13
131616|14
131616|15
131616|16
132091|1
132091|2
132091|3
132091|4
132091|5
132091|6
132091|7
132091|8
132091|9
132091|10
134868|1
134868|3
134868|4
134868|5
134868|6
134868|7
134868|8
134868|9
134868|10
134868|11
134868|12
78974|13
78974|14
78974|15
78974|16
78974|17
78974|18
78974|19
78974|20
78974|21
78974|22
78974|23
78974|24
78974|25
78974|26
78974|27
78974|28
78974|29
78974|30
78974|31
78974|32
78974|33
78974|34
78974|35
78974|36
78974|37
78974|38
78974|39
78974|40
78974|41
78974|42
78974|43
78974|44
78974|45
78974|46
78974|47
78974|48
78974|49
78974|50
78974|51
78974|52
78974|53
78974|54
78974|55
52815|12
78974|56
78974|57
78974|58
78974|59
78974|60
78974|61
78974|62
78974|63
78974|64
78974|65
78974|66
78974|67
78974|68
78974|69
78974|70
78974|71
78974|72
78974|73
78974|74
78974|75
78974|76
78974|77
78974|78
78974|79
78974|80
78974|81
78974|82
78974|83
78974|84
78974|85
78974|86
78974|87
78974|88
80505|1
80505|2
80505|3
80505|4
80505|5
80505|6
80505|7
80505|8
80505|9
80505|10
80505|11
83545|20
81679|51
82234|12
82234|13
82234|14
82234|15
82234|16
82234|17
82234|18
82234|19
82234|20
82234|21
82234|22
82234|23
83545|1
83545|2
83545|3
83545|4
83545|5
83545|6
83545|7
83545|8
83545|9
83545|10
83545|11
83545|12
83545|13
83545|14
83545|15
83545|16
83545|17
83545|18
83545|19
81679|52
52815|13
52815|14
52815|15
52815|16
52815|17
52815|18
52815|19
52815|20
52815|21
52815|22
52815|23
52815|24
52815|25
52815|26
56136|1
56136|2
56136|3
56136|4
56136|5
56136|6
56136|7
56136|8
80910|14
134868|13
80505|12
80505|13
80505|14
80505|15
80505|16
80505|17
80505|18
80505|19
80505|20
80505|21
80505|22
80505|23
80505|24
80505|25
80505|26
80505|27
80910|1
80910|2
80910|3
80910|4
80910|5
80910|6
80910|7
80910|8
80910|9
80910|10
80910|11
80910|12
80910|13
83545|21
83545|22
83545|23
83545|24
83545|25
83545|26
83545|27
83545|28
83545|29
83545|30
83545|31
83545|32
83545|33
83545|34
83545|35
83545|36
83545|37
83545|38
83545|39
83545|40
83545|41
83545|42
88256|1
88625|1
88625|2
88625|3
88625|4
88625|5
88625|6
88625|7
110677|3
81679|53
110176|13
110176|14
110176|15
110176|16
110176|17
110176|18
110176|19
110176|20
110562|1
110562|2
110562|3
110562|4
110562|5
110562|6
110562|7
110562|8
110562|9
110562|10
110562|11
110562|12
110562|13
110562|14
110562|15
110562|16
110562|17
110562|18
110677|1
110677|2
56136|9
56136|10
56136|11
56136|12
56136|13
56136|14
56136|15
56136|16
56136|17
56136|18
56136|19
56136|20
56709|1
56709|2
56709|3
56709|4
56709|5
80910|15
80910|16
80910|17
80910|18
80910|19
80910|20
80910|21
80910|22
80910|23
80910|24
80910|25
80910|26
80910|27
80910|28
80910|29
80910|30
80910|31
80910|32
80910|33
80910|34
80910|35
80910|36
80910|37
80910|38
80910|39
80910|40
134868|14
80910|41
80910|42
80910|43
80910|44
80910|45
80910|46
80910|47
80910|48
80910|49
81160|1
81160|3
81160|4
81160|5
81160|6
81160|7
81160|8
81160|9
81160|10
81160|11
81160|12
81160|13
81160|14
81160|15
81160|16
81160|17
81160|18
81160|19
81160|20
81160|21
81160|22
134868|15
134868|16
134868|17
134868|18
134868|19
134868|20
134868|21
134868|22
134868|23
134868|24
134868|25
134868|26
134868|27
134868|28
134868|29
134868|30
134868|31
134868|32
134868|33
134868|34
134868|35
56709|6
134868|36
134868|37
134868|38
134868|39
134868|40
138016|1
138016|3
138016|4
138016|5
138016|6
138016|7
138016|8
138016|9
138016|11
138016|12
138016|13
138016|14
138016|15
138016|16
138016|17
138016|18
138016|19
138016|20
138016|21
119904|1
119904|2
119904|3
2144|11
2144|12
2144|13
56709|9
56709|10
56709|11
56709|12
56709|13
56709|14
56709|15
56709|16
56709|17
56709|18
56709|19
56709|20
56709|21
56709|22
56709|23
56709|24
56709|25
56709|26
56709|27
56709|28
56709|29
56709|30
56709|31
113418|58
113418|59
56709|32
56709|33
56709|34
56709|35
56709|36
56709|37
56709|38
56709|39
56709|40
56709|41
56709|42
56709|43
56709|44
56709|45
56709|46
56709|47
56709|48
56709|49
56709|50
56709|51
56709|52
113418|60
56709|54
56709|55
56709|56
56709|57
56709|58
56709|59
56709|60
56709|61
56709|62
56709|63
56709|64
56709|65
56709|66
56709|67
56709|68
57397|1
57397|3
57397|4
57397|5
57397|6
57397|7
57397|8
57397|9
57397|10
57397|11
57397|12
57397|13
57397|14
57397|15
57397|16
113418|61
113418|62
81160|23
81160|24
81537|1
81537|2
81537|3
81537|4
81537|5
81537|6
81537|7
81537|8
81537|9
81537|10
81537|11
81537|12
81537|13
81537|14
81537|15
81537|16
81537|17
81679|1
81679|2
81679|3
81679|4
81679|5
81679|6
81679|7
81679|8
81679|9
88625|8
88625|9
88625|10
88625|11
88625|12
89049|1
89049|2
89049|3
89049|4
89049|5
89049|6
91254|1
91254|2
91254|3
91254|4
91254|5
91254|6
91254|7
91254|8
91254|9
91254|10
91254|11
110677|4
110677|5
110677|6
110677|7
110677|8
110677|9
110677|10
110677|11
110677|12
110677|13
110677|14
110677|15
110677|16
110677|17
110677|18
110677|19
110677|20
110677|21
110677|22
110677|23
110677|24
110677|25
110677|26
110677|27
110677|28
110677|29
110677|30
110677|31
110677|32
110677|34
113418|0
113418|1
113418|3
113418|4
113418|5
113418|6
113418|7
113418|8
113418|9
113418|10
113418|63
113418|64
57397|17
57397|18
57397|19
57397|20
57397|21
57397|22
57397|23
57955|1
57955|3
57955|4
57955|5
57955|6
57955|7
57955|8
57955|9
57955|10
57955|11
57955|12
57955|13
57955|14
57955|15
57955|16
57955|17
57955|18
57955|19
57955|20
58357|1
58357|2
81679|47
81679|48
113418|11
113418|12
113418|13
113418|14
113418|15
113418|16
113418|17
113418|18
113418|19
113418|20
113418|21
113418|22
113418|23
113418|24
113418|25
113418|26
113418|27
113418|28
113418|29
113418|30
113418|31
113418|32
113418|33
113418|34
113418|35
113418|36
113418|37
113418|38
113418|39
113418|40
113418|41
113418|42
113418|43
113418|44
113418|45
113418|46
113418|47
113418|48
113418|49
113418|50
113418|51
113418|52
113418|53
113418|54
113418|55
113418|56
113418|57
113418|71
113418|72
113418|73
113418|74
113418|75
113418|76
115345|1
115345|2
115345|3
115345|4
115345|5
115345|6
115345|7
115345|8
115345|9
115345|10
115345|11
115345|12
115345|13
115345|14
115345|15
115345|16
115345|17
115345|18
115345|19
115345|20
115345|21
115345|22
115345|23
115345|24
115345|25
115345|26
115345|27
115345|28
116367|1
116367|3
116367|4
116367|5
62902|15
5484|1
58357|3
58357|4
58357|5
58357|6
58357|7
58357|8
58357|9
58357|10
58357|11
58357|12
58357|13
58357|14
58357|15
58357|16
58651|1
58651|2
58651|3
58651|4
58651|5
58651|6
58651|29
58651|30
58651|31
79266|10
91254|13
91254|14
91254|15
93786|1
93786|3
93786|4
93786|5
93786|6
93786|7
93786|8
93786|9
93786|10
93786|11
93786|12
93786|13
93786|14
93786|15
93786|16
93786|17
93786|18
93786|19
93786|20
93786|21
93786|22
98286|1
98286|2
81679|10
81679|11
81679|12
81679|13
81679|14
81679|15
81679|16
81679|17
81679|18
81679|19
81679|20
81679|21
81679|22
81679|23
81679|24
81679|25
81679|26
81679|27
81679|28
81679|29
81679|30
81679|31
81679|32
81679|33
81679|34
81679|35
81679|36
81679|37
81679|38
81679|39
81679|40
81679|41
81679|42
81679|43
81679|44
81679|45
81679|54
81679|55
81679|56
81679|57
81679|58
81679|59
81679|60
81679|61
81679|62
81679|63
81679|64
81679|65
81679|66
81679|67
81679|68
81679|69
81679|70
81679|71
81679|72
81679|73
81679|74
81679|75
81679|76
81679|77
81679|78
81679|79
81679|80
81679|81
81679|82
81679|83
81679|84
81679|85
81679|86
81679|87
81679|126
81679|127
81679|128
81679|88
81679|89
81679|90
81679|91
81679|92
81679|93
81679|94
81679|95
81679|96
81679|97
81679|98
81679|99
81679|100
81679|101
81679|102
81679|103
81679|104
81679|105
81679|106
81679|107
81679|108
81679|109
81679|110
81679|111
81679|112
81679|113
81679|114
81679|115
81679|116
81679|117
81679|118
81679|119
81679|120
81679|121
81679|122
81679|123
81679|124
81679|125
81679|130
81679|131
81679|132
81679|133
81679|134
81679|135
81679|136
81679|137
81679|138
81679|139
81679|140
81679|141
81679|142
81679|143
81679|144
81679|145
81679|146
81679|147
81679|148
81679|149
81679|150
81679|151
81679|152
81679|153
81679|154
81679|155
81679|156
81679|157
81679|158
81679|159
81679|160
81679|161
81679|162
81679|163
81679|164
81679|165
81679|166
81679|167
81679|168
81679|169
81679|170
81679|243
81679|244
81679|171
81679|172
81679|173
81679|174
81679|175
81679|176
81679|177
81679|178
81679|179
81679|180
81679|181
81679|182
81679|183
81679|184
81679|185
81679|186
81679|187
81679|188
81679|189
81679|190
81679|191
81679|192
81679|193
81679|194
81679|195
81679|196
81679|197
81679|198
81679|199
81679|200
81679|201
81679|202
81679|203
81679|204
81679|205
81679|206
81679|207
81679|208
81679|209
58651|27
58651|28
81679|210
81679|211
81679|212
81679|213
81679|214
81679|215
81679|216
81679|217
81679|218
81679|219
81679|220
81679|221
81679|222
81679|223
81679|224
81679|225
81679|226
81679|227
81679|228
81679|229
81679|230
81679|231
81679|232
81679|233
81679|234
81679|235
81679|236
81679|237
81679|238
81679|239
81679|240
81679|241
58651|7
58651|8
58651|9
58651|10
58651|11
58651|12
58651|13
58651|14
58651|15
58651|16
58651|17
58651|18
58651|19
58651|20
58651|21
58651|22
58651|23
58651|24
58651|25
58651|26
79266|92
58651|32
58651|33
58651|34
58651|35
58651|36
58651|37
58651|38
58651|39
58651|40
58651|41
58651|42
58651|43
58651|44
58651|45
58651|46
58651|47
58651|48
58651|49
58651|50
58651|51
58651|52
58651|53
58651|54
58651|55
98286|3
98286|4
58651|56
58651|57
58651|58
58651|59
58651|60
58651|61
58651|62
58651|63
58651|64
58651|65
58651|66
58651|67
58651|68
58651|69
58651|70
58651|71
58651|72
58651|73
58651|74
58651|75
58651|76
58651|77
58651|78
58651|79
58651|80
62902|1
62902|2
62902|3
62902|4
62902|5
62902|6
62902|7
62902|8
84705|1
84705|2
84705|3
84705|4
84705|5
84705|6
84705|7
84705|8
84705|9
84705|10
84705|11
84705|12
84705|13
84705|14
84705|15
84705|16
84705|17
84705|18
84705|19
84705|20
84705|21
84705|22
84705|23
84705|24
84705|25
84705|26
84705|27
84705|28
84705|29
84705|30
79266|93
84705|31
84705|32
84705|33
84705|34
84705|35
84705|36
84705|37
84705|38
84705|39
84705|40
84705|41
84705|42
84705|43
84705|44
84705|45
84705|46
86912|1
86912|3
86912|4
86912|5
86912|6
86912|7
86912|8
86912|9
86912|10
86912|11
98286|5
98286|6
2144|9
116367|6
116367|7
116367|8
116367|9
116367|10
116367|11
116367|12
116367|13
116367|14
116367|15
116367|16
116367|17
116409|1
116409|2
116409|3
116409|4
116409|5
116409|6
116409|7
116409|8
116409|9
116409|10
121353|1
121353|2
121353|3
121353|4
121353|5
121353|6
121353|7
86912|12
86912|13
86912|14
86949|1
86949|2
86949|3
86949|4
86949|5
86949|6
86949|7
86949|8
86949|9
86949|10
86949|11
86949|12
86949|13
86949|14
86949|15
91008|1
91008|2
91008|3
91008|4
91008|5
91008|6
91008|7
98286|7
98286|8
98286|9
98286|10
98286|11
98286|12
98286|13
98286|14
98286|15
98286|16
98286|17
98286|18
98286|19
98286|20
98286|21
98286|22
98286|23
98286|24
98286|25
98445|1
98445|2
98445|3
98445|4
98445|5
98445|6
98445|7
98445|8
98445|9
98445|10
98445|11
98445|12
98445|13
98445|14
98445|15
5484|3
62902|16
62902|17
62902|18
62902|19
62902|20
63400|1
63400|2
63400|3
63400|4
63400|5
63400|6
63400|7
63400|8
63400|9
63400|10
63400|11
63400|12
63400|13
63400|14
64376|1
64376|2
64376|3
64376|4
64376|5
64376|6
64376|7
64376|8
64376|9
64376|10
71473|152
119904|4
119904|5
119904|6
119904|7
119904|8
119904|9
119904|10
119904|11
119904|12
119904|13
119904|14
119904|15
119904|16
119904|17
119904|18
119904|19
119904|20
119904|21
119904|22
119904|23
119904|24
119904|25
2144|1
2144|2
2144|3
2144|4
2144|5
2144|6
2144|7
2144|8
98445|16
98445|17
98445|18
98445|19
98445|20
101077|1
101077|2
101077|3
101077|4
101077|5
101077|6
101077|7
106893|1
106893|2
106893|3
106893|4
106893|5
106893|6
106893|7
106893|8
106893|9
106893|10
106893|11
106893|12
106893|13
108363|1
108363|3
108363|4
108363|5
108363|6
108363|7
108363|8
108363|9
128744|17
121353|8
121353|9
121353|10
121353|11
121353|12
121353|13
121353|14
121353|15
123218|1
123218|2
123218|3
123218|4
123218|5
123218|6
123218|7
123218|8
124543|1
124543|2
124543|3
124543|4
124543|5
124543|6
77254|9
5484|5
5484|6
5484|7
5484|8
5484|9
5484|10
5484|11
5484|12
5484|13
5484|14
5484|15
5484|16
5484|17
5484|18
5484|19
5484|20
5484|21
5484|22
5484|23
5484|24
5484|25
5484|26
5484|27
5484|28
5484|29
5484|30
5484|31
5484|32
5484|33
5484|34
5484|35
5484|36
5484|37
5484|38
5484|39
5484|41
5484|42
5484|43
5484|44
5484|45
5484|46
5484|47
5484|48
5484|49
5484|50
5484|51
5484|52
5484|53
5484|54
5484|55
5484|56
5484|57
5484|58
5484|59
5484|60
5484|61
5484|62
5484|63
5484|64
5484|65
5484|66
5484|67
5484|68
5484|69
6563|1
6563|3
104341|12
64376|11
64376|12
64376|13
64376|14
64376|15
64376|16
64376|17
64376|18
64376|19
64376|20
64376|21
64376|22
64376|23
64376|24
64376|25
64376|26
64376|27
64376|28
64376|54
64376|55
64376|56
64376|29
64376|30
64376|31
64376|32
64376|33
64376|34
64376|35
64376|36
64376|37
64376|38
64376|39
64376|40
64376|41
64376|42
64376|43
64376|44
64376|45
64376|46
64376|47
64376|48
64376|49
64376|50
64376|51
64376|52
64376|53
64376|57
64376|58
64376|59
64376|60
64376|61
64376|62
64376|63
64376|64
64376|65
64376|66
64376|67
64376|68
64376|69
64376|70
64376|71
64376|72
64376|73
64376|74
64376|75
64376|76
64376|77
64376|78
64376|79
64376|80
64376|81
104341|13
64376|82
64376|83
64376|84
64376|85
64376|86
64376|87
64376|88
64376|89
64376|90
64376|91
64376|92
64376|93
64376|94
64376|95
64376|96
64376|97
64376|98
64376|99
64376|100
64376|101
64376|102
64376|103
64376|104
64376|105
64376|106
64376|107
64376|108
64376|109
64376|110
64376|111
64376|112
64376|113
64376|114
64376|115
64376|116
93574|16
64376|117
64376|118
64376|119
64376|120
64376|121
64376|122
64376|123
64376|124
64376|125
64376|126
64376|127
64376|128
64376|129
64376|130
64376|131
64376|132
64376|133
64376|134
64376|135
64376|136
64376|137
66589|1
66589|2
66589|3
66589|5
66589|6
66589|7
66589|8
66589|9
66589|10
93574|17
93574|18
93574|19
91008|8
91008|9
91008|10
91008|11
91008|12
91008|13
91008|14
91008|15
91008|16
91008|17
91008|18
91008|19
91008|20
91008|21
91008|22
91008|23
91008|24
93574|1
93574|2
93574|3
93574|4
93574|5
93574|6
93574|7
93574|8
93574|9
93574|10
93574|11
93574|12
93574|13
93574|14
93574|15
93574|20
6563|4
6563|5
6563|6
6563|7
6563|8
6563|9
6563|10
6563|11
6563|12
6563|13
6563|14
6563|15
6563|16
6563|17
6563|18
6563|19
6563|20
6563|21
9239|1
9239|2
9239|3
9239|4
66828|24
66828|25
124543|7
124543|8
124543|9
124543|10
124543|11
124543|12
124543|13
124543|14
124543|15
124543|16
124543|17
125056|1
125056|3
125056|4
125056|5
125056|6
125056|7
125056|8
125056|9
125056|10
125056|11
125056|12
125056|13
125056|14
125056|15
125056|16
125056|17
125056|18
125056|19
66589|11
66589|12
66589|13
66589|14
66589|15
66589|16
66589|17
66828|1
66828|3
66828|4
66828|5
66828|6
66828|7
66828|8
66828|9
66828|10
66828|11
66828|12
66828|13
66828|14
66828|15
66828|16
66828|17
66828|18
66828|19
66828|20
66828|21
66828|22
66828|23
93574|21
93574|22
93574|23
93574|24
93574|25
93574|26
93574|27
93574|28
93574|29
94019|1
94019|2
94019|3
94019|4
94019|5
94019|6
94019|7
94019|8
94019|9
94019|10
94019|11
94019|12
94019|13
94019|14
94019|15
94019|16
94019|17
94019|18
94019|19
94019|20
94019|21
94019|22
94771|1
94771|2
94771|3
94771|4
79266|94
9239|5
9239|6
9239|7
9239|8
9239|9
9239|10
9239|11
9239|12
9239|13
9239|14
9239|15
9239|16
9239|17
9239|18
9239|19
9239|20
9239|21
9239|22
9239|23
9239|24
9239|25
9239|26
9239|27
9239|28
9239|29
9239|30
9239|31
9239|32
9239|33
20006|1
20006|2
20006|3
20006|4
20006|5
20006|6
20006|7
94771|5
136292|10
125056|20
125056|21
125056|22
125056|23
125056|24
125056|25
125056|26
125056|27
125056|28
125056|29
125056|30
125056|31
126741|1
126741|3
126741|4
126741|5
126741|6
126741|7
126741|8
126741|9
126741|10
126741|11
126741|12
126741|13
126741|14
126741|16
126741|17
126741|18
126741|19
126741|20
126741|21
126741|22
126741|23
127655|1
127655|2
127655|3
66828|26
66828|27
66828|28
66828|29
66828|30
66828|31
66828|32
66828|33
66828|34
66828|35
66828|36
66828|37
66828|38
66828|39
66828|40
66828|41
66828|42
66828|43
66828|44
66828|45
66828|46
108363|10
108363|11
108363|12
108363|13
108363|14
108363|15
108363|16
108363|17
108363|18
108363|19
108363|20
108363|21
108363|22
108363|23
108363|24
108363|25
108363|26
108363|27
109773|1
109773|3
109773|4
109773|5
109773|6
109773|7
109773|8
109773|9
109773|10
109773|11
109773|12
109773|13
109773|14
127655|4
20006|8
20096|1
20096|2
20096|3
20096|4
20096|5
20096|6
20096|7
20096|8
20096|9
20096|10
20096|11
20096|12
20096|13
20096|14
31636|1
31636|2
31636|3
31636|4
31636|5
31636|6
31636|7
31636|8
31636|9
31636|10
31636|11
31636|12
71473|66
109773|15
109773|16
109773|17
109773|18
111654|1
111654|2
111654|3
111654|4
111654|5
111654|6
111654|7
111654|8
111654|9
111654|10
111654|11
111654|12
111654|13
111654|14
111654|15
111654|16
111654|17
111654|18
111654|19
112892|1
112892|2
112892|3
112892|4
71473|67
69700|1
69700|2
69700|4
69700|5
69700|6
69700|7
69700|8
69700|9
69700|10
69700|11
69700|12
69700|13
69700|14
69700|15
69700|16
69700|17
69700|18
69700|19
69967|1
69967|2
69967|3
69967|4
69967|5
69967|6
69967|7
69967|8
69967|9
69967|10
69967|11
69967|12
69967|13
69967|14
94771|6
94771|7
94771|8
94771|9
94771|10
94771|11
94771|12
94771|13
94771|14
94771|15
94771|16
94771|17
94771|18
94771|19
94771|20
94771|21
94771|22
94771|23
94771|24
94771|25
94771|26
94771|27
94771|28
94771|29
94771|30
94771|31
94771|32
94771|33
94771|34
94771|35
94771|36
94771|37
94771|38
94771|39
69967|15
69967|16
69967|17
69967|18
69967|19
69967|20
69967|21
69967|22
69967|23
69967|24
69967|25
69967|26
71473|1
71473|2
71473|3
71473|4
71473|5
71473|6
71473|7
71473|8
71473|9
71473|10
71473|11
71473|12
71473|13
71473|14
71473|15
79266|95
127655|6
127655|7
127655|8
127655|9
127655|10
127655|11
127655|12
127655|13
127655|14
127655|15
127655|16
127655|17
127655|18
127655|19
127655|20
127655|21
127655|22
127655|23
127655|24
127655|25
127655|26
128744|1
128744|2
128744|4
128744|5
128744|6
128744|7
128744|8
128744|9
128744|10
128744|11
128744|12
128744|13
128744|14
128744|15
94912|1
94912|3
94912|4
94912|5
94912|6
94912|7
94912|8
94912|9
94912|10
94912|11
94912|12
94912|13
94912|14
94912|15
97018|1
97018|2
97018|3
97018|4
97018|5
97018|6
97018|7
97018|8
97018|9
97018|10
97018|11
97018|12
97018|13
97018|14
97018|15
97018|16
97018|17
97018|18
97018|19
97018|20
97018|21
97018|22
97018|23
97018|24
97018|25
97018|26
97018|27
97018|28
97018|29
31636|13
31636|14
31636|15
31636|16
31636|17
50256|1
50256|2
50256|3
50256|4
50256|5
50256|6
50256|7
50256|8
50256|9
50256|10
50256|11
50256|12
50256|13
50256|14
50256|15
50256|16
50256|17
52083|1
52083|2
52083|3
52083|4
52083|5
52083|6
52083|7
52083|8
112892|5
112892|6
112892|7
112892|8
112892|9
112892|10
112892|11
112892|12
112892|13
112892|14
112892|15
112892|16
112892|17
112892|18
112892|19
112892|20
112892|21
114277|1
114277|2
114277|3
114219|1
114219|2
114219|3
114219|4
114219|5
114219|6
114219|7
114219|8
114219|9
114219|10
71473|16
71473|17
71473|18
71473|19
71473|20
71473|21
71473|22
71473|23
71473|24
71473|25
71473|26
71473|27
71473|28
71473|29
71473|30
71473|31
71473|32
71473|33
71473|34
71473|35
71473|36
71473|37
71473|38
71473|39
71473|40
71473|41
71473|42
71473|43
71473|44
71473|45
71473|46
71473|47
71473|68
71473|153
71473|154
71473|48
71473|49
71473|50
71473|51
71473|52
71473|53
71473|54
71473|55
71473|56
71473|57
71473|58
71473|59
71473|60
71473|61
71473|62
71473|63
71473|64
71473|65
71473|69
71473|70
71473|71
71473|72
71473|73
71473|74
71473|75
71473|76
71473|77
71473|78
71473|79
71473|80
71473|81
71473|82
71473|83
71473|84
71473|85
71473|86
71473|87
71473|88
71473|89
71473|90
71473|91
71473|92
71473|93
71473|94
71473|95
71473|96
71473|122
71473|123
71473|97
71473|98
71473|99
71473|100
71473|101
71473|102
71473|103
71473|104
71473|105
71473|106
71473|107
71473|108
71473|109
71473|110
71473|111
71473|112
71473|113
71473|114
71473|115
71473|116
71473|117
71473|118
71473|119
71473|120
71473|121
71473|124
71473|125
71473|126
71473|127
71473|128
71473|129
71473|130
71473|131
71473|132
71473|133
71473|134
71473|135
71473|136
71473|137
71473|138
71473|139
71473|140
71473|141
71473|142
71473|143
71473|144
71473|145
71473|146
71473|147
71473|148
71473|149
71473|150
71473|151
128744|16
71473|155
71473|156
76114|1
76114|2
76114|3
76114|4
76114|5
76114|6
76114|7
76114|8
76114|9
76114|10
76114|11
76114|12
76114|13
76114|14
76114|15
76114|16
76114|17
76114|18
76114|19
76114|20
76114|21
76114|22
76114|23
77254|1
77254|2
77254|3
77254|4
77254|5
77254|6
77254|7
77254|8
97018|30
97018|31
97018|32
97018|33
97018|34
97018|35
99397|1
99397|2
99397|3
99397|4
99397|5
99397|6
99397|7
99397|8
99397|9
99397|10
99397|11
104341|1
104341|2
104341|3
104341|4
104341|5
104341|6
104341|7
104341|8
104341|9
104341|10
104341|11
128744|18
128744|19
128744|20
128744|21
128744|22
128744|23
128744|24
131616|1
131616|2
131616|3
131616|4
131616|5
131616|6
131616|7
131616|8
131616|9
131616|10
131616|11
131616|12
131616|13
131616|14
131616|15
131616|16
135464|1
135464|3
135464|4
135464|5
135464|6
77254|10
77254|11
77254|12
77254|13
77254|14
77254|15
77254|16
77254|17
77254|18
77254|19
77254|20
78177|1
78177|2
78177|3
78177|4
78177|5
78177|6
78177|7
78177|8
78177|9
78177|10
78177|11
78177|12
78177|13
104341|14
135464|7
135464|8
135464|9
135464|10
135464|11
135464|12
135464|13
135464|14
135464|15
135464|16
135464|17
135464|18
135464|19
135464|20
135464|21
135464|22
135464|23
135464|24
136292|1
136292|2
136292|3
136292|4
136292|5
136292|6
136292|7
136292|8
136292|9
114219|11
114219|12
114219|13
114219|14
114219|15
114219|16
114219|17
114219|18
114751|1
114751|2
114751|3
114751|4
114751|5
114751|6
114751|7
114751|8
114751|9
114751|10
114751|11
114751|12
114751|13
114751|14
114751|15
114751|16
114751|17
114751|18
118630|1
118630|2
118630|3
118630|4
118630|5
118630|6
118630|7
118630|8
118630|9
118630|10
118630|11
118630|12
118630|13
118630|14
118630|15
118630|16
118630|17
118630|18
118630|19
118630|20
52083|9
52083|10
52083|11
52083|12
52083|13
52083|14
52083|15
55302|1
55302|2
55302|3
55302|4
55302|5
55302|6
55302|7
55302|8
55302|9
55302|10
55302|11
55302|12
55302|13
58340|1
58340|2
58340|3
58340|4
58340|5
58340|6
58340|7
58340|8
58340|9
58340|60
78177|14
78177|15
78177|16
78177|17
78177|18
78177|19
78177|20
78177|21
78177|22
78177|23
78177|24
78177|25
78177|26
78177|27
78177|28
104341|15
118630|21
78177|29
78177|30
78177|31
78177|32
78177|33
78177|34
78177|35
78177|36
78177|37
78177|38
78177|39
78177|40
78177|41
78177|42
78177|43
78177|44
78177|45
78177|46
78177|47
78177|48
78177|49
78177|50
78177|51
78177|52
78177|53
78177|54
78177|55
78177|56
118630|22
118630|23
78177|57
78177|58
78177|59
78177|60
78177|61
78177|62
78177|63
78177|64
78177|65
78177|66
78177|67
78177|68
78177|69
78177|70
78177|71
78177|72
78177|73
78177|74
78177|75
78177|76
78177|77
78177|78
78177|79
78177|80
78177|81
78177|82
78177|83
78177|84
78177|85
78177|86
78177|87
78177|88
78177|89
78177|90
78177|91
78177|92
78177|93
78177|94
104341|16
78177|95
78177|96
78177|97
78177|98
78177|99
78177|100
78177|101
78177|102
78177|103
78177|104
78177|105
78177|106
78177|107
78177|108
78177|109
90673|1
90673|3
90673|4
90673|5
90673|6
90673|7
90673|8
90673|9
118630|24
136292|11
136292|12
136292|13
136292|14
136292|15
136292|16
136292|17
136292|18
136292|19
136292|20
136292|21
136292|22
140547|1
140547|2
140547|4
140547|5
140547|6
140547|7
140547|8
140547|9
140547|10
140547|11
130402|13
111740|1
111740|2
111740|3
111740|4
111740|5
111740|6
111740|7
111740|8
111740|9
111740|10
111740|12
111740|13
111740|14
111740|15
111740|16
111740|17
111740|18
111740|19
111740|20
111740|21
111740|22
111740|23
111740|24
111740|25
111740|26
111740|27
111740|28
111740|29
111740|30
111740|31
111740|32
111740|33
111740|34
112629|1
112629|2
112629|3
112629|4
112629|5
112629|6
112629|7
112629|8
112629|9
112629|10
112629|11
112629|12
112629|13
112629|14
112629|15
112629|16
112629|17
112629|18
112629|19
90673|10
95758|1
95758|3
95758|4
95758|5
95758|6
95758|7
95758|8
95758|9
95758|10
95758|11
95758|12
95758|13
95758|14
95758|15
99295|1
99295|2
99295|3
99295|4
99295|5
99295|6
99295|7
99295|8
99295|9
58340|10
58340|11
58340|12
58340|13
58340|14
58340|15
58340|16
58340|17
58340|18
58340|19
58340|20
58340|21
58340|22
58340|23
58340|24
58340|25
58340|26
58340|27
58340|28
58340|29
58340|30
58340|31
58340|32
58340|33
58340|34
58340|59
58340|35
58340|36
58340|37
58340|38
58340|39
58340|40
58340|41
58340|42
58340|43
58340|44
58340|45
58340|46
58340|47
58340|48
58340|49
58340|50
58340|51
58340|52
58340|53
58340|54
58340|55
58340|56
58340|57
58340|58
58340|61
58340|62
58340|63
58340|64
58340|65
58340|66
58340|67
58340|68
58340|69
58340|70
58340|71
58340|72
58340|73
59467|0
59467|2
59467|3
59467|4
59467|5
59467|6
59467|7
59467|8
59467|9
59467|10
59467|11
59467|12
59467|13
59467|14
59467|15
59467|16
59467|17
59467|18
59467|19
59467|20
59467|21
118630|26
118630|27
118630|28
118630|29
118630|30
118630|31
118630|32
118630|33
118630|34
118630|35
118630|36
118630|37
118630|38
118630|39
118630|40
118630|41
118630|42
118630|43
118630|44
118630|45
118630|46
118630|47
118630|48
118630|49
118630|50
118630|51
118630|52
118630|53
118630|54
118630|55
118630|56
118630|57
118630|58
118630|59
118630|60
118630|61
118630|62
118630|63
118630|64
118630|65
118630|66
120936|1
120936|2
120936|3
99295|10
112629|20
112629|21
112629|22
112629|23
112629|24
112629|25
112629|26
112629|27
112629|28
112629|29
112629|30
112629|31
112629|32
112629|33
112629|34
112629|35
112629|36
112629|37
112629|38
112629|39
112629|40
112629|41
112629|42
112629|43
112629|44
112629|45
112629|46
112629|47
112629|48
112629|49
112629|50
112629|51
112629|52
112629|53
116319|1
116319|2
116319|3
116319|4
116319|5
116319|6
116319|7
118841|1
118841|2
118841|3
118841|4
118841|5
118841|6
118841|7
118841|8
118841|9
118841|10
118841|11
118841|12
59467|23
59467|24
59467|25
60908|1
60908|2
60908|3
60908|4
60908|5
60908|6
60908|7
60908|8
60908|9
60908|10
60908|11
60908|12
60908|13
61245|1
61245|3
61245|4
61245|5
61245|6
61245|7
61245|8
61245|9
61245|10
61245|11
61245|12
61245|13
121554|8
120936|4
120936|5
120936|6
120936|7
120936|8
120936|9
120936|10
120936|11
120936|12
120936|13
120936|14
120936|15
120936|16
120936|17
120936|18
120936|19
120936|20
120936|21
127342|1
127342|3
127342|4
127342|5
127342|6
127342|7
127342|8
127342|9
127342|10
127342|11
127342|12
127342|13
127342|14
127342|15
99295|11
99295|12
99295|13
99295|14
99295|15
101241|1
101241|2
101241|3
101241|4
101241|5
101241|6
101241|7
101241|8
101241|9
101241|10
101241|11
101241|12
101241|13
101241|14
101241|15
101241|16
101241|17
101241|18
101873|1
101873|2
101873|3
101873|4
101873|5
127342|16
127342|17
127342|18
127342|19
127342|20
127342|21
127342|22
127342|23
127342|24
127342|25
127342|26
127342|27
127342|28
127342|29
127342|30
127342|31
127342|32
127342|33
130179|1
130179|2
130179|3
130179|4
130179|5
130179|6
130179|7
130179|8
130179|9
130179|10
130179|11
130179|12
130179|13
130179|14
130179|15
130179|16
130179|17
130179|18
121554|61
118841|13
118841|14
118841|15
119050|1
119050|2
119050|3
119050|4
119050|5
119050|6
119050|7
119050|8
119050|9
119050|10
119050|11
119050|12
119050|13
119050|14
119050|15
119050|16
119050|17
119050|18
119050|19
119050|20
119050|21
119050|22
119050|23
119050|24
119050|25
119050|26
121554|1
121554|2
121554|3
121554|4
121554|5
121554|6
121554|7
61245|14
61245|15
61245|16
61245|17
61245|18
61245|19
61245|20
61245|21
61245|22
61245|23
61245|24
61245|25
61245|26
64532|0
64532|1
64532|2
64532|3
64532|4
64532|5
64532|6
64532|7
64532|8
64532|9
64532|10
64532|11
64532|12
64532|13
64532|14
64532|15
64532|16
64532|17
64532|18
102977|8
101873|6
101873|7
101873|8
101873|9
101873|10
101873|11
101873|12
101873|13
101873|14
101873|15
101873|16
101873|17
101873|18
101873|19
102559|1
102559|2
102559|3
102559|4
102559|5
102977|1
102977|2
102977|3
102977|4
102977|5
102977|6
102977|7
130179|19
130179|20
130179|21
130179|22
130179|23
130179|24
130179|25
130179|26
130179|27
130179|28
130179|29
130179|30
130179|31
130608|1
130608|2
130608|4
130608|5
130608|6
130608|7
130608|8
130608|9
130608|10
130608|11
130608|12
130608|13
130608|14
130608|15
130608|16
130608|17
130608|18
130608|19
130608|20
130608|21
102977|9
121554|9
121554|10
121554|11
121554|12
121554|13
121554|14
121554|15
121554|16
121554|17
121554|18
121554|19
121554|20
121554|21
121554|22
121554|23
121554|24
121554|25
121554|26
121554|27
121554|28
121554|29
121554|30
121554|31
121554|32
121554|33
121554|34
121554|35
121554|36
121554|37
121554|38
121554|39
121554|40
121554|41
121554|42
121554|43
121554|44
121554|45
121554|46
121554|47
121554|48
121554|49
121554|50
121554|51
121554|52
121554|53
121554|54
121554|55
121554|56
121554|57
121554|58
121554|59
121554|60
121554|62
121554|63
121554|64
121554|65
121554|66
121554|67
121554|68
121554|69
124411|1
124411|2
124411|3
124411|4
124411|5
124411|6
124411|7
124411|8
124411|9
124411|10
124411|11
124411|12
124411|13
124411|14
126508|1
126508|3
126508|4
126508|5
126508|6
79266|96
130608|22
130608|23
131332|1
131332|2
131332|4
131332|5
131332|6
131332|7
131332|8
131332|9
131332|10
131332|11
131332|12
131332|13
131332|14
131332|15
131332|16
131332|17
131332|18
131332|19
131332|20
136244|1
136244|2
136244|3
136244|4
136244|5
136244|6
136244|7
136244|8
136244|9
136244|10
136244|11
136244|12
65819|1
65819|2
65819|3
65819|4
65819|5
65819|6
66032|1
66032|2
66032|3
66032|4
66032|5
66032|6
66032|7
66032|8
66032|9
66032|10
66032|11
66220|1
66220|2
66220|3
66220|4
66220|5
66220|6
66220|7
66220|8
66220|9
66220|10
66220|11
66220|12
66220|13
66220|14
107851|2
102977|12
102977|13
102977|14
102977|15
102977|16
102977|17
102977|18
102977|19
102977|20
102977|21
102977|22
102977|23
103171|1
103171|3
103171|4
103171|5
103171|6
103171|7
103171|8
103171|9
103171|10
103171|11
103171|12
103171|13
103171|14
103171|15
103171|16
103171|17
103171|18
103171|19
103171|20
103171|21
103171|22
103171|23
103171|24
103171|25
103171|26
103171|27
103550|1
103550|2
103550|3
103550|4
103550|5
103550|6
103550|7
103550|8
103550|9
103550|10
103550|11
103550|12
103550|13
103550|14
103550|15
103550|16
103550|17
103550|18
103550|19
103550|20
103550|21
103550|22
103550|23
103550|24
103550|25
103550|27
107851|1
107851|3
107851|4
126508|7
126508|8
126508|9
126508|10
126508|11
126508|12
126508|13
126508|14
126508|15
126508|16
126508|17
126508|18
126508|19
126508|20
126508|21
126508|22
126508|23
126508|24
126508|25
126508|26
126508|27
127758|1
127758|2
127758|3
127758|4
127758|5
127758|6
127758|7
127758|8
113418|69
136244|14
136244|15
136244|16
136244|17
136244|18
136244|19
136244|20
136244|21
136244|22
136244|23
136244|24
136244|25
136244|26
139389|1
139389|2
139389|3
139389|4
139389|5
139389|6
139389|7
139389|8
139389|9
139389|10
139389|11
139389|12
139389|13
139389|14
139389|15
139389|16
139389|17
87173|22
87575|10
127758|9
127758|10
127758|11
127758|12
127758|13
127758|14
127758|15
127758|16
127758|17
129724|1
129724|2
129724|3
129724|4
129724|5
129724|6
129724|7
129724|8
129724|9
129724|10
129724|11
129724|12
129724|13
129724|14
113418|13
67101|1
70959|1
70959|2
70959|3
70959|4
70959|5
70959|6
70959|7
70959|8
70959|9
70959|10
70959|11
70959|12
70959|13
70959|14
73350|1
73350|2
73350|3
73350|4
73350|5
73350|6
73350|7
73350|8
73350|9
73350|10
73350|11
73350|12
73350|13
73350|14
73350|15
73350|16
73350|17
73350|18
73350|19
107851|5
107851|6
107851|7
107851|8
107851|9
107851|10
107851|11
107851|12
107851|13
107851|14
107851|15
107851|16
107851|17
107851|18
107851|19
107851|20
107851|21
107851|22
107851|23
107851|24
107851|25
107851|26
107851|27
107851|28
107851|29
107851|30
107851|31
107851|32
107851|33
107851|34
107851|35
107851|36
107851|37
107851|38
111697|1
111697|2
111697|3
111697|4
111697|5
111697|6
111697|7
113418|14
113418|15
113418|16
129724|15
129724|16
129724|17
129724|18
129724|19
129724|20
129724|21
132655|1
132655|2
132655|3
132655|4
132655|5
132655|6
132655|7
132655|8
132655|9
132655|10
132655|11
132655|12
132655|13
132655|14
132655|15
132655|16
136181|1
136181|2
136181|3
136181|4
136181|5
136181|6
111697|8
111697|9
111697|10
111697|11
111697|12
111697|13
111697|14
111697|15
111697|16
111697|17
111697|18
111697|19
111697|20
111697|21
111697|22
113418|0
113418|1
113418|3
113418|4
113418|5
113418|6
113418|7
113418|8
113418|9
113418|10
113418|11
113418|12
113418|17
113418|18
113418|19
113418|20
113418|21
113418|22
113418|23
113418|24
113418|25
113418|26
113418|27
113418|28
113418|29
113418|30
113418|31
113418|32
113418|33
113418|34
113418|35
113418|36
113418|37
113418|38
113418|39
113418|40
113418|41
113418|42
113418|43
113418|44
113418|45
113418|46
113418|47
113418|48
113418|49
113418|50
113418|51
113418|52
113418|53
113418|54
113418|55
113418|56
113418|57
113418|58
113418|59
113418|60
113418|61
113418|62
113418|63
113418|64
113418|65
113418|66
113418|67
113418|70
113418|71
113418|72
113418|73
113418|74
113418|75
113418|76
114035|1
114035|3
114035|4
114035|5
114035|6
114035|7
114035|8
114035|9
114035|10
114035|11
114035|12
114035|13
114035|14
114035|15
114747|1
114747|2
114747|3
114747|4
114747|5
114747|6
114747|7
114747|8
114747|9
114747|10
114747|11
114747|12
79266|97
73350|21
73350|22
73350|23
73350|24
73350|25
73350|26
73350|27
73350|28
73350|29
73350|30
73350|31
73350|32
73350|33
73350|34
73350|35
73350|36
73350|37
73350|38
73350|39
73350|40
73350|41
73350|42
82027|1
82027|2
82027|3
82027|4
82027|5
82027|6
82027|7
82027|8
82027|9
82027|10
82027|11
82027|12
82027|13
82027|14
83357|1
83357|2
86008|41
136181|7
136181|8
136181|9
136181|10
136181|11
136181|12
136181|13
136181|14
136181|15
136181|16
136181|17
137824|1
137824|3
137824|4
137824|5
137824|7
137824|8
137824|9
137824|10
137824|11
137824|12
137824|13
137824|14
137824|15
137824|16
137824|17
137824|18
137824|19
125192|28
76515|20
83357|3
83357|4
83357|6
83357|7
83357|8
83357|9
83357|10
83357|11
83357|12
83357|13
83357|14
83357|15
83357|16
83357|17
83357|18
83357|19
83357|20
83357|21
83357|22
83357|23
83357|24
83357|25
83357|26
83357|27
83357|28
83357|29
1719|7
83357|30
83357|31
83357|32
83357|33
86008|1
86008|2
86008|4
86008|5
86008|6
86008|7
86008|8
86008|9
86008|10
86008|11
86008|12
86008|13
86008|14
86008|15
86008|16
86008|17
86008|18
86008|19
86008|20
86008|21
86008|22
86008|23
86008|24
86008|25
86008|26
86008|27
86008|28
86008|29
86008|30
86008|31
86008|32
86008|33
86008|34
86008|35
86008|36
86008|37
86008|38
114747|13
114747|14
114747|15
114747|16
114747|17
114747|18
114747|19
114747|20
116923|1
116923|2
116923|3
116923|4
116923|5
116923|6
116923|7
116923|8
116923|9
116923|10
116923|11
116923|12
116923|13
116923|14
116923|15
116923|16
116923|17
116923|18
127617|1
127617|2
127617|3
127617|4
127617|5
127617|7
139921|15
86008|42
86008|43
86008|44
86008|45
86008|46
86008|47
86008|48
86008|49
86008|50
86008|51
86008|52
86008|53
86008|54
86008|55
86008|56
86008|57
86008|58
86008|59
86008|60
86008|61
87173|1
87173|2
87173|4
87173|5
87173|6
87173|7
87173|8
87173|9
87173|10
87173|11
87173|12
87173|13
87173|14
87173|15
87173|16
87173|17
87173|18
87173|19
87173|20
87173|21
139389|18
139389|19
139389|20
139389|21
139389|22
139389|23
139389|24
139389|25
139389|26
139389|27
139389|28
139389|29
139389|30
139389|31
139389|32
139921|1
139921|2
139921|3
139921|4
139921|5
139921|6
139921|7
139921|8
139921|9
139921|10
139921|11
139921|12
139921|13
139921|14
87173|23
87173|24
87173|25
87173|26
87173|27
87173|28
87173|29
87173|30
87173|31
87173|32
87173|33
87173|34
87173|35
87173|36
87173|37
87173|38
87173|39
87173|40
87173|41
87173|42
87173|43
87173|44
87173|45
87173|46
87173|47
87173|48
87173|49
87575|1
87575|2
87575|3
87575|4
87575|5
87575|6
87575|7
87575|8
87575|9
127617|8
127617|9
127617|10
127617|11
127617|12
127617|13
127617|14
127617|15
127617|16
127617|17
127617|18
127617|19
127617|20
127617|21
127617|22
127617|23
127617|24
127617|25
127617|26
127617|27
127617|28
127617|29
127617|30
128567|1
128567|2
128567|3
128567|4
128567|5
128567|6
128567|7
128567|8
130402|14
139921|16
139921|17
139921|18
139921|19
139921|20
139921|21
139921|22
140130|1
140130|3
140130|4
140130|5
140130|6
140130|7
140130|8
140130|9
140130|10
140130|11
140130|12
140130|13
140130|14
1719|1
1719|2
1719|3
1719|4
1719|5
1719|6
87575|11
87575|12
87575|13
87575|14
87575|15
87575|16
87575|17
87575|18
87575|19
87575|20
87575|21
87575|22
87575|23
87575|24
87575|25
87575|26
93147|1
93147|2
93147|3
93147|4
93147|5
93147|6
4382|17
128567|9
128567|10
128567|11
128567|12
128567|13
128567|14
128567|15
128567|16
128567|17
128567|18
128567|19
128569|1
128569|3
128569|4
128569|5
128569|6
128569|7
128569|8
128569|9
128569|10
128569|11
128569|12
128569|13
128569|14
128569|15
128569|16
128569|17
130402|1
130402|3
130402|4
130402|5
130402|6
130402|7
130402|8
130402|9
130402|10
130402|11
130402|12
4382|18
93147|7
93147|8
93147|9
93147|10
93147|11
93147|12
93147|13
93147|14
95253|1
95253|2
95253|3
95253|4
95253|5
95253|6
95253|7
95253|8
95253|9
95253|10
95253|11
95253|12
95253|13
95253|14
95253|15
5744|1
1719|8
1719|9
1719|10
1719|11
1719|12
1719|13
1719|14
1719|15
1719|16
4382|1
4382|2
4382|3
4382|4
4382|5
4382|6
4382|7
4382|8
4382|9
4382|10
4382|11
4382|12
4382|13
4382|14
4382|15
4382|16
140547|12
140547|13
140547|14
140547|15
2634|1
2634|2
2634|3
2634|4
2634|5
2634|6
2634|7
2634|8
2634|9
2634|10
2634|11
2634|12
2634|13
2634|14
2634|15
3307|1
6715|1
6715|3
95253|16
95253|17
95253|18
95253|19
96755|1
96755|2
96755|3
96755|4
96755|5
96755|6
96755|7
96755|8
96755|9
96755|10
96755|11
96755|12
96755|13
96755|14
96755|15
96755|16
96755|17
96755|18
96755|19
104749|1
104749|2
104749|3
104749|4
104749|5
104749|6
104749|7
104749|8
104749|9
104749|10
76515|12
130402|15
130402|16
130402|17
130402|18
130402|19
130402|20
130402|21
130402|22
130402|23
130402|24
130402|25
130402|26
130402|27
3205|1
3205|2
3205|3
3205|4
3205|5
3205|6
3205|7
3205|8
3205|9
3205|10
3205|11
3205|12
3205|13
3205|14
5744|2
5744|3
5744|4
5744|5
5744|6
5744|7
5744|8
5744|9
5744|10
5744|11
5744|12
5744|13
5744|14
104749|11
104749|12
104749|13
76515|13
5744|15
5744|16
5744|17
5744|18
5744|19
5744|20
5744|21
5744|22
5744|23
5744|24
5744|25
5744|26
5744|27
5744|28
32618|1
32618|2
32618|3
32618|4
32618|5
32618|6
32618|7
6715|4
76515|14
104749|14
104749|15
104749|16
104749|17
104749|18
104749|19
104749|20
104749|21
106150|1
106150|2
106150|3
106150|4
106150|5
106150|6
106150|7
106150|8
106150|9
106150|10
106150|11
106150|12
106150|13
106150|14
106150|15
106150|16
106150|17
106270|1
106270|3
106270|4
106270|5
106270|6
106270|7
106270|8
106270|9
32618|8
32618|9
32618|10
32618|11
32618|12
53093|0
53093|2
53093|3
53093|4
53093|5
53093|6
53093|7
53093|8
53093|9
53093|10
53093|11
53093|12
53093|13
53093|14
53093|15
53093|16
53093|17
53093|18
54953|1
54953|2
54953|3
54953|4
54953|5
54953|6
6715|5
6715|6
6715|7
6715|8
6715|9
6715|10
6715|11
6715|12
6715|13
6715|14
6715|15
6715|16
6715|17
6715|18
6715|19
6715|20
6715|21
6715|22
31189|1
31189|2
31189|3
31189|4
31189|5
31189|6
31189|7
31189|8
31189|9
31189|10
31189|11
31189|12
31189|13
31189|14
31189|15
31189|16
31189|17
31189|18
31189|19
31189|20
31189|21
31189|22
31189|23
31189|24
31189|25
31189|26
31189|27
31189|28
54953|7
31189|29
31189|30
31189|31
31189|32
31189|33
31189|34
31189|35
31189|36
31189|37
31189|38
31189|39
31189|40
31189|41
31189|42
31189|43
31189|44
31189|45
31189|46
31189|47
31189|48
31189|49
31189|50
31189|51
31189|52
31189|53
31189|54
31189|55
31189|56
31189|57
31189|58
31189|59
31189|60
31189|61
31189|62
31189|63
31189|64
31189|65
31189|66
31189|67
31189|68
31189|69
31189|70
32282|1
32282|2
32282|3
32282|4
32282|5
32282|6
32282|7
32282|8
32282|9
32282|10
32282|11
32282|12
32282|13
32282|14
3205|77
106270|10
106270|11
106270|12
106270|13
106270|14
106270|15
106454|1
106454|2
106454|3
106454|4
106454|5
106454|6
106454|7
106454|8
106454|9
106454|10
106454|11
106454|12
106454|13
106454|14
106454|15
106454|16
106454|17
106454|18
106454|19
107254|1
107254|2
107254|3
76515|15
54953|8
54953|9
54953|10
54953|11
54953|12
54953|13
54953|14
54953|15
54953|16
54953|17
54953|18
54953|19
54953|20
54953|21
54953|22
54953|23
54953|24
54953|25
54953|26
54953|27
54953|28
54953|29
54953|30
54953|31
54953|32
54953|33
54953|34
54953|35
54953|36
54953|37
54953|38
54953|39
54953|40
54953|41
54953|42
54953|43
54953|44
54953|45
54953|46
54953|47
54953|48
54953|49
54953|50
54953|51
54953|52
54953|53
54953|54
54953|55
54953|56
54953|57
54953|58
54953|59
54953|60
54953|61
54953|62
54953|63
54953|64
54953|65
54953|66
54953|67
54953|68
54953|69
54953|70
54953|71
54953|72
54953|73
54953|74
54953|75
54953|76
54953|77
54953|78
54953|79
54953|80
54953|81
54953|82
54953|83
54953|84
54953|85
54953|86
54953|87
54953|88
54953|89
54953|90
54953|91
54953|92
54953|93
54953|94
54953|95
54953|96
54953|97
54953|98
54953|99
54953|100
54953|101
54953|102
54953|103
54953|104
54953|105
54953|106
54953|107
54953|108
54953|109
54953|110
54953|111
54953|112
54953|113
54953|114
54953|115
54953|116
54953|117
54953|118
54953|119
54953|120
54953|121
54953|122
54953|174
107841|22
54953|123
54953|124
54953|125
54953|126
54953|127
54953|128
54953|129
54953|130
54953|131
54953|132
54953|133
54953|134
54953|135
54953|136
54953|137
54953|138
54953|139
54953|140
54953|141
54953|142
54953|143
54953|144
54953|145
54953|146
54953|147
54953|148
54953|149
54953|150
54953|151
54953|152
54953|153
54953|154
54953|155
54953|156
54953|157
54953|158
54953|159
54953|160
54953|161
54953|162
54953|163
54953|164
54953|165
54953|166
54953|167
54953|168
54953|169
54953|170
54953|171
54953|172
54953|173
54953|175
54953|176
54953|177
54953|178
54953|179
54953|180
54953|181
54953|182
54953|183
54953|184
54953|185
54953|186
54953|187
54953|188
54953|189
54953|190
54953|191
54953|192
54953|193
54953|194
54953|195
54953|196
54953|197
54953|198
54953|199
54953|200
54953|201
54953|202
54953|203
54953|204
54953|205
54953|206
54953|207
54953|208
54953|209
54953|210
54953|211
54953|212
54953|213
54953|214
54953|215
54953|216
54953|217
54953|218
54953|219
54953|220
54953|221
54953|222
54953|223
54953|224
54953|225
56404|1
56404|2
32282|15
32282|16
32282|17
32282|18
32282|19
32282|20
32282|21
32282|22
32282|23
32282|24
32282|25
32282|26
32282|27
32282|28
32282|29
32282|30
32282|31
32282|32
32282|33
32282|34
32282|35
32282|36
32282|37
32282|38
32282|39
32282|40
32282|41
32282|42
107841|23
56404|4
56404|5
56404|6
56404|7
56404|8
56404|9
56404|10
56404|11
56404|12
56404|13
56404|14
56404|15
56404|16
56404|17
56404|18
56404|19
56404|20
56404|21
57492|1
57492|2
57492|3
57492|4
57492|5
57492|6
33189|0
33189|1
33189|2
33189|3
33189|4
33189|5
33189|6
33189|7
33189|8
33189|9
33189|10
33189|11
33189|12
33189|13
33189|14
33189|15
33189|16
33189|17
33189|18
33189|19
33189|20
33189|21
107841|24
33189|22
33189|23
33189|24
33189|25
33189|26
33189|27
33189|28
33189|29
33189|30
33189|31
33189|32
33189|33
33189|34
33189|35
33189|36
33189|37
33189|38
33189|39
33189|40
33189|41
33189|42
33189|43
33189|44
33189|45
33189|46
33189|47
33189|48
33189|49
76515|16
33189|50
33189|51
33189|52
33189|53
33189|54
33189|55
33189|56
33189|57
34576|0
34576|1
34576|2
34576|3
34576|4
34576|5
34576|6
34576|7
34576|8
34576|9
34576|10
34576|11
34576|12
34576|13
34576|14
34576|15
34576|16
34576|17
34576|18
34576|19
34576|20
34576|21
34576|22
107254|4
107254|5
107254|6
107254|7
107254|8
107254|9
107254|10
107254|11
107254|12
107254|13
107254|14
107254|15
107841|1
107841|2
107841|3
107841|4
107841|5
107841|6
107841|7
107841|8
107841|9
107841|10
107841|11
107841|12
107841|13
107841|14
107841|15
107841|16
107841|17
107841|18
107841|19
107841|20
107841|21
3205|18
3205|19
3205|20
3205|21
3205|22
3205|23
3205|24
3205|25
3205|26
3205|27
3205|28
3205|29
3205|30
3205|31
3205|32
3205|33
3205|34
3205|35
3205|36
3205|37
3205|38
3205|39
3205|40
3205|41
3205|42
3205|43
3205|44
3205|78
3205|45
3205|46
3205|47
3205|48
3205|49
3205|50
3205|51
3205|52
3205|53
3205|54
3205|55
3205|56
3205|57
3205|58
3205|59
3205|60
3205|61
3205|62
3205|63
3205|64
3205|65
3205|66
3205|67
3205|68
3205|69
3205|70
3205|71
3205|72
3205|73
3205|74
3205|75
3205|79
3205|80
3205|81
3205|82
3205|83
3205|84
3205|85
3205|86
3205|87
3205|88
3205|89
3205|90
3205|91
3205|92
3205|93
3205|94
3205|95
3205|96
3205|97
3205|98
3205|99
3205|100
34576|23
59068|2
3205|101
3205|102
3205|103
3205|104
3205|105
3205|106
3205|107
3205|108
3205|109
3205|110
3205|111
3205|112
3205|113
3205|114
3205|115
3205|116
3205|117
3205|118
3205|119
5838|1
5838|2
5838|3
5838|4
5838|5
5838|6
5838|7
57492|7
57492|8
57492|9
57492|10
57492|11
57492|12
57492|13
57492|14
57492|15
57492|16
57492|17
57492|18
57492|19
57492|20
57492|21
57492|22
57492|23
57492|24
57492|25
57492|26
57492|27
57492|28
57492|29
59068|1
34576|24
34576|25
34576|26
34576|27
34576|28
34576|29
34576|30
34576|31
34576|32
34576|33
34576|34
34576|35
34576|36
34576|37
34576|38
34576|39
34576|40
34576|41
34576|42
34576|43
34576|44
34576|45
34576|46
34576|47
34576|48
34576|49
34576|50
34576|80
34576|81
34576|51
34576|52
34576|53
34576|54
34576|55
34576|56
34576|57
34576|58
34576|59
34576|60
34576|61
34576|62
34576|63
34576|64
34576|65
34576|66
34576|67
34576|68
34576|69
34576|70
34576|71
34576|72
34576|73
34576|74
34576|75
34576|76
34576|77
34576|78
34576|79
34576|84
34576|85
34576|86
34576|87
34576|88
34576|89
34576|90
34576|91
34576|92
34576|93
34576|94
34576|95
34576|96
34576|97
34576|98
34576|99
34576|100
34576|101
34576|102
34576|103
34576|104
34576|105
34576|106
34576|107
34576|108
34576|109
58950|73
34576|110
34576|111
34576|112
34576|113
34576|114
34576|115
34576|116
34576|117
34576|118
34576|119
34576|120
34576|121
34576|122
34576|123
34576|124
34576|125
60379|12
34576|126
50849|0
50849|1
50849|2
50849|3
50849|4
52042|1
52042|2
52042|3
52042|4
52042|5
52042|6
52042|7
52042|8
52042|9
52042|10
52042|11
52042|12
52042|13
52042|14
63421|21
76515|17
5838|8
5838|9
5838|10
5838|11
5838|12
5838|13
5838|14
5838|15
5838|16
5838|17
5838|18
5838|19
5838|20
8102|1
8102|2
8102|3
8102|4
8102|5
8102|6
8102|7
8102|8
8102|9
8102|10
8102|11
8102|12
63421|22
107841|25
107841|26
107841|27
107841|28
107841|29
107841|30
107841|31
107841|32
107841|33
107841|34
107841|35
107841|36
107841|37
107841|38
107841|39
107841|40
107841|41
107841|42
107841|43
107841|44
107841|45
107841|46
107841|47
107841|48
108741|1
108741|2
108741|3
108741|4
108741|5
108741|6
108741|7
108741|8
108741|9
58950|128
59068|3
59068|4
59068|5
59068|6
59068|7
59068|8
59068|9
59068|10
59068|11
59068|12
59068|13
59068|14
59068|15
59068|16
59068|17
59068|18
59068|19
59068|20
59068|21
59068|22
59068|23
60379|1
60379|2
60379|3
60379|4
60379|5
60379|6
60379|7
60379|8
60379|9
60379|10
60379|11
58950|129
76515|18
8102|13
8102|14
8102|15
52921|1
52921|2
52921|3
52921|4
52921|5
52921|6
52921|7
52921|8
52921|9
52921|10
52921|11
52921|12
52921|13
52921|14
52921|15
52921|16
52921|17
52921|18
52921|19
52147|18
60379|13
60379|14
60379|15
60379|16
60379|17
63421|1
63421|2
63421|3
63421|4
63421|5
63421|6
63421|7
63421|8
63421|9
63421|10
63421|11
63421|12
63421|13
63421|14
63421|15
63421|16
63421|17
63421|18
63421|19
63421|20
58950|130
108741|10
108741|11
108741|12
108741|13
108979|1
108979|2
108979|3
108979|4
108979|5
108979|6
108979|7
108979|8
108979|9
108979|10
108979|11
108979|12
108979|13
108979|14
108979|15
108979|16
108979|17
108979|18
108979|19
108979|20
108979|21
108979|22
108979|23
108979|24
108979|25
108979|26
108979|27
108979|28
108979|29
108979|30
108979|31
108979|32
108979|33
108979|34
113347|0
113347|1
113347|2
113347|3
58950|29
76515|19
52042|15
52042|16
52042|17
52042|18
52042|19
52042|20
52042|21
52042|22
52042|23
52042|24
52042|25
52042|26
52147|1
52147|2
52147|3
52147|4
52147|5
52147|6
52147|7
52147|8
52147|9
52147|10
52147|11
52147|12
52147|13
52147|14
52147|15
52147|16
52147|17
58950|131
52921|20
52921|21
52921|22
52921|23
52921|24
52921|25
52921|26
52921|27
52921|28
52921|29
52921|30
54187|1
54187|2
54187|3
54187|4
54187|5
54187|6
54187|7
54187|8
54187|9
54187|10
54187|11
54187|12
54187|13
54187|14
54187|15
54187|16
54187|17
55975|5
63421|23
63421|24
63421|25
63421|26
63421|27
63421|28
63421|29
63421|30
63421|31
67126|1
67126|2
67126|3
67126|4
68113|1
68113|2
68113|3
68113|4
68113|5
68113|6
68113|7
68113|8
68113|9
68113|10
68113|11
68113|12
68113|13
68113|14
68113|15
68113|16
68113|17
68113|18
68113|19
68113|20
70110|59
52147|19
52147|20
52147|21
58950|1
58950|2
58950|3
58950|4
58950|5
58950|6
58950|7
58950|8
58950|9
58950|10
58950|11
58950|12
58950|13
58950|14
58950|15
58950|16
58950|17
58950|18
58950|19
58950|20
58950|21
58950|22
58950|23
58950|24
58950|25
58950|26
58950|27
58950|28
115695|22
54187|18
54187|19
54187|20
54187|21
54187|22
54187|23
54187|24
54187|25
54187|26
54187|27
54187|28
54187|29
54187|30
54187|31
54187|32
54187|33
54187|34
54187|35
54187|36
54187|37
54187|38
54187|39
54187|40
54187|41
54187|42
54187|43
54187|44
54187|45
54187|46
54187|47
54187|48
54187|49
76515|21
54187|50
54187|51
54187|52
54187|53
54187|54
54187|55
54187|56
54187|57
54187|58
54187|59
54187|60
54187|61
54187|62
54187|63
54187|64
54187|65
54187|66
54187|67
54187|68
54187|69
54187|70
54187|71
54187|72
54187|73
54187|74
54187|75
54187|76
54187|77
54187|78
54187|79
54187|80
54187|81
54187|82
54187|83
54187|84
54187|85
54187|86
54187|87
54187|88
54187|89
54187|90
54187|91
54187|92
54187|93
54187|94
54187|95
54187|96
54187|97
54187|98
54187|99
54187|100
54187|101
54187|102
54187|103
55975|1
55975|2
55975|3
55975|4
113347|4
113347|5
113347|6
113347|7
113347|8
113347|9
113347|10
113347|11
113347|12
113347|13
113347|14
113347|15
113347|16
113347|17
113347|18
113347|19
113347|20
115695|1
115695|3
115695|4
115695|5
115695|6
115695|7
115695|8
115695|9
115695|10
115695|11
115695|12
115695|13
115695|14
115695|15
115695|16
115695|17
115695|18
115695|19
115695|20
115695|21
58950|30
58950|31
58950|32
58950|33
58950|34
58950|35
58950|36
58950|37
58950|38
58950|39
58950|40
58950|41
58950|42
58950|43
58950|44
58950|45
58950|46
58950|47
58950|48
58950|49
58950|50
58950|51
58950|52
58950|53
58950|54
58950|55
58950|56
58950|57
58950|58
58950|59
58950|60
58950|61
58950|62
58950|63
58950|64
58950|65
58950|66
58950|67
58950|68
58950|69
58950|70
58950|71
58950|72
58950|74
58950|75
58950|76
58950|77
58950|78
58950|79
58950|80
58950|81
58950|82
58950|83
58950|84
58950|85
58950|86
58950|87
58950|88
58950|89
58950|90
58950|91
58950|92
58950|93
58950|94
58950|95
58950|96
58950|97
58950|98
58950|99
58950|100
58950|101
58950|102
58950|103
58950|104
58950|105
58950|106
58950|107
58950|108
58950|109
58950|110
58950|111
58950|112
58950|113
58950|114
58950|115
58950|116
58950|117
58950|118
58950|119
58950|120
58950|121
58950|122
58950|123
58950|124
58950|125
58950|126
58950|127
115695|23
58950|132
58950|133
58950|134
58950|135
58950|136
58950|137
58950|138
64445|1
64445|2
64445|3
64445|4
64445|5
64445|6
64445|7
64445|8
64445|9
64445|10
64445|11
64445|12
64445|13
64445|14
64445|15
64445|16
64445|17
64445|18
64445|19
64445|20
64445|21
64445|22
55975|6
55975|7
55975|8
55975|9
55975|10
55975|11
55975|12
55975|13
55975|14
55975|15
55975|16
55975|17
55975|18
55975|19
58437|1
58437|2
58437|3
58437|4
58437|5
58437|6
58437|7
58437|8
58437|9
58437|10
58437|11
58437|12
58437|13
58437|34
115695|24
115695|25
115695|26
115695|27
115695|28
115695|29
115695|30
115695|31
121231|1
121231|2
121231|3
121231|4
121231|5
121231|6
121231|7
121231|8
121231|9
121999|1
121999|2
121999|3
123672|1
123672|3
123672|4
123672|5
123672|6
123672|7
123672|8
123672|9
123672|10
123672|11
123672|12
123672|13
72376|11
58437|14
58437|15
58437|16
58437|17
58437|18
58437|19
58437|20
58437|21
58437|22
58437|23
58437|24
58437|25
58437|26
58437|27
58437|28
58437|29
58437|30
58437|31
58437|32
58437|33
58437|35
58437|36
58437|37
58437|38
58437|39
58437|40
58437|41
58437|42
58437|43
59595|0
59595|1
59595|3
59595|4
59595|5
59595|6
59595|7
59595|8
59595|9
59595|10
59595|11
59595|12
59595|13
59595|14
59595|15
59595|16
59595|17
59595|18
72376|12
72376|13
72376|14
70110|1
70110|2
70110|3
70110|4
70110|5
70110|6
70110|7
70110|8
70110|9
70110|10
70110|11
70110|12
70110|13
70110|14
70110|15
70110|16
70110|17
70110|58
70110|18
70110|19
70110|20
70110|21
70110|22
70110|23
70110|24
70110|25
70110|26
70110|27
70110|28
70110|29
70110|30
70110|31
70110|32
70110|56
70110|57
70110|33
70110|34
70110|35
70110|36
70110|37
70110|38
70110|39
70110|40
70110|41
70110|42
70110|43
70110|44
70110|45
70110|46
70110|47
70110|48
70110|49
70110|50
70110|51
70110|52
70110|53
70110|54
70110|55
70110|60
70110|61
70110|62
70110|63
70110|64
70110|65
70110|66
70110|67
70110|68
70110|69
70110|70
70110|71
70110|72
70110|73
70110|74
70110|75
70110|76
70110|77
70110|78
70110|79
70110|80
70110|81
70110|82
70110|83
70110|84
70110|85
70110|86
70110|87
70110|88
70110|89
70110|90
70110|91
70110|92
70110|93
70110|94
70110|95
70110|96
70110|97
70110|98
70110|99
70110|100
70110|101
70110|102
70110|103
70110|104
70110|105
70110|106
70110|107
70110|136
70110|108
70110|109
70110|110
70110|111
70110|112
70110|113
70110|114
70110|115
70110|116
70110|117
70110|118
70110|119
70110|120
70110|121
70110|122
70110|123
70110|124
70110|125
70110|126
70110|127
70110|128
70110|129
70110|130
70110|131
70110|132
70110|133
70110|134
70110|135
70110|137
70110|138
70110|139
70110|140
70110|141
70110|142
70110|143
70110|144
70110|145
70110|146
70110|147
70110|148
70110|149
70110|150
70110|151
70110|152
70110|153
70110|154
70110|155
70110|156
70110|157
70110|158
70110|159
70110|160
70110|161
70110|162
70110|163
70110|164
70110|165
59595|19
125192|21
70110|166
70110|167
70110|168
70110|169
70110|170
70110|171
72198|1
72198|2
72198|3
72198|4
72198|5
72198|6
72198|7
72198|8
72198|9
72198|10
72198|11
72198|12
72198|13
72376|1
72376|2
59595|20
59595|21
59595|22
59671|1
59671|2
59671|3
59671|4
59671|5
59671|6
59671|7
59671|8
59671|9
59671|10
59671|11
59671|12
59671|13
59671|14
59671|15
59671|16
59671|17
59671|18
59671|19
59671|20
59671|21
59671|22
59671|23
59671|24
59671|25
59671|26
59671|27
59671|28
59671|29
59671|30
59671|31
64631|0
64631|1
64631|2
72376|3
72376|4
123672|14
123672|15
123672|16
123672|17
123672|18
123672|19
123672|20
123672|21
123672|22
123672|23
125192|1
125192|2
125192|3
125192|4
125192|5
125192|6
125192|7
125192|8
125192|9
125192|10
125192|11
125192|12
125192|13
125192|14
125192|15
125192|16
125192|17
125192|18
125192|19
125192|20
125192|22
64631|3
64631|4
64631|5
64631|6
64631|7
64631|8
64631|9
64631|10
64631|11
64631|12
64631|13
64631|14
67434|1
67434|2
67434|3
67434|4
64445|23
64445|24
72376|15
72376|16
72376|17
72376|18
72376|19
72376|20
72376|21
72376|22
72376|23
72376|24
72376|25
72376|26
72376|27
72376|28
72376|29
72376|30
72376|31
72376|32
72376|33
72376|34
72376|35
72376|36
72376|37
72376|38
72376|39
72376|40
72376|41
72376|42
72376|43
72376|44
72376|45
72376|46
72376|47
72376|48
72376|49
72376|50
72376|51
72376|52
72376|53
72376|54
72376|55
72376|56
72376|57
72376|58
72376|59
72376|60
72376|61
76515|1
76515|3
76515|4
76515|5
76515|6
76515|7
76515|8
76515|9
76515|10
76515|11
137824|20
137824|21
52311|1
52311|2
52311|3
52311|4
52311|5
52311|6
52311|7
52311|8
52311|9
52311|10
52311|11
52311|12
52311|13
52311|14
52311|15
52311|16
52311|17
52311|18
52311|19
52311|20
52311|21
52311|22
62151|1
62151|2
62151|3
62151|4
62151|5
62151|6
62151|7
62151|8
62151|9
62151|10
62151|11
62151|12
125192|29
125192|30
125192|31
125192|32
125785|1
125785|2
125785|3
125785|4
125785|5
125785|6
125785|7
125785|8
125785|9
125785|10
125785|11
125785|12
125785|13
125785|14
125785|15
125785|16
125785|17
125785|18
125785|19
125785|20
125785|21
125785|22
125785|23
126606|1
126606|3
126606|4
126606|5
126606|6
126606|7
126606|8
1899|45
76515|26
76515|27
76515|28
76515|29
76515|30
76515|31
76515|32
76515|33
76515|34
76515|35
76515|36
76515|37
76515|38
76515|39
76515|40
76515|41
76515|42
76515|43
76515|44
76515|45
76515|46
76515|47
76515|48
76515|49
76515|50
76515|51
76515|52
76515|53
76515|54
76515|55
76515|56
76515|57
76515|58
76515|59
76515|60
76515|61
76515|62
76515|63
76515|64
76515|65
76515|66
76515|67
76515|68
76515|69
76515|70
76515|71
76515|72
76515|73
76515|74
76515|75
76515|76
76515|77
76515|78
76515|79
76515|80
76575|1
67434|5
70261|1
70261|2
70261|3
70261|4
70261|5
70261|6
70261|7
70261|8
70261|9
70261|10
70261|11
70261|12
70261|13
70261|14
75973|1
75973|2
75973|3
75973|4
75973|5
75973|6
75973|7
75973|8
76575|2
76575|3
76575|4
76575|5
76575|6
76575|7
76575|8
76575|9
76575|10
76575|11
76575|12
76575|13
76575|14
77358|1
77358|2
77358|3
77358|4
77358|5
77358|6
77358|7
77358|8
81609|1
81609|2
81609|3
81609|4
62151|13
62151|14
62151|15
62151|16
62151|17
62151|18
62151|19
62151|20
62151|21
62151|22
62151|23
62151|24
62151|25
62151|26
62151|27
91895|1
91895|3
91895|4
91895|5
91895|6
91895|7
91895|8
91895|9
91895|10
91895|11
91895|12
91895|13
91895|14
91895|15
91895|16
91895|17
91895|18
91895|19
91895|20
1727|1
1727|2
1727|3
79266|87
79266|88
64703|1
64703|2
64703|3
64703|4
64703|5
64703|6
64703|7
64703|8
64703|9
64703|10
64703|11
64703|12
64703|13
64703|14
64703|15
64703|16
64703|17
64703|18
64703|19
64703|20
64703|21
64703|22
64703|23
64703|24
64703|25
64703|26
64703|27
64703|28
64703|29
79266|89
79266|90
64703|30
64703|31
64703|32
64703|33
64703|34
64703|35
64703|36
64703|37
64703|38
64703|39
65254|1
65254|2
65254|3
65254|4
65254|5
65254|6
65254|7
65254|8
65254|9
65254|10
65254|11
65254|12
65254|13
65254|14
65254|15
65254|16
65254|17
65254|18
65254|19
65254|20
81609|5
79266|91
126606|9
126606|10
126606|11
126606|12
126606|13
126606|14
131793|1
131793|3
131793|4
131793|5
131793|6
131793|7
131793|8
131793|9
131793|10
131793|11
131793|12
131793|13
131793|14
131793|15
131793|16
131793|17
131793|18
131793|19
131793|20
131793|21
131793|22
131793|23
131793|24
131793|25
131793|26
133161|1
133161|2
133161|4
75973|9
75973|10
75973|11
75973|12
75973|13
75973|14
75973|15
75973|16
75973|17
75973|18
75973|19
75973|20
75973|21
75973|22
75973|23
75973|24
75973|25
75973|26
75973|27
75973|28
75973|29
75973|30
79266|1
79266|2
79266|3
79266|4
79266|5
79266|6
79266|7
79266|8
79266|9
65254|21
65254|22
65254|23
65254|24
65254|25
65254|26
65254|27
65254|28
65254|29
65254|30
65254|31
65254|32
65254|33
65254|34
65254|35
65254|36
65254|37
65254|38
65254|39
65254|40
65254|41
65254|42
65254|43
69238|1
69238|2
81609|6
81609|7
81609|8
81609|9
81609|10
81609|11
81609|12
82114|1
82114|2
82114|3
82114|4
82114|5
82114|6
82114|7
82114|8
82114|9
82114|10
82114|11
82114|12
82114|13
82114|14
82114|15
52148|56
1727|4
1727|5
1727|6
1727|7
1727|8
1727|9
1727|10
1727|11
1727|12
1727|13
1727|14
1727|15
1727|16
1727|17
1899|1
1899|2
1899|3
1899|4
1899|5
1899|6
1899|7
1899|8
1899|9
1899|10
52148|57
52148|58
79266|11
79266|12
79266|13
79266|14
79266|15
79266|16
79266|17
79266|18
79266|19
79266|20
79266|21
79266|22
79266|23
79266|24
79266|25
79266|26
79266|27
79266|28
79266|29
79266|30
79266|31
79266|32
79266|33
79266|34
79266|35
79266|36
79266|37
79266|38
79266|39
79266|40
79266|41
79266|42
79266|43
79266|44
79266|45
79266|46
79266|47
79266|48
79266|49
79266|50
79266|51
79266|52
79266|53
79266|54
79266|55
79266|56
79266|57
79266|58
79266|59
79266|60
79266|61
79266|62
79266|63
79266|64
79266|65
79266|66
79266|67
79266|68
79266|69
79266|70
79266|71
79266|72
79266|73
79266|74
79266|75
79266|76
79266|77
79266|78
79266|79
79266|80
79266|81
79266|82
79266|83
79266|84
79266|85
79266|86
79266|98
79266|99
79266|100
79266|101
79266|102
79266|103
79266|104
79266|105
79266|106
79266|107
79266|108
81982|1
81982|2
81982|3
81982|4
81982|5
81982|6
81982|7
81982|8
81982|9
81982|10
81982|11
81982|12
81982|13
81982|14
81982|15
81982|16
69238|3
69238|4
69238|5
69238|6
69238|7
69238|8
70571|1
70571|2
70571|4
70571|5
70571|6
70571|7
70571|8
70571|9
70571|10
70571|11
70571|12
70571|13
70571|14
70571|15
72677|1
72677|2
72677|3
72677|4
72677|5
72677|6
72677|7
72677|8
72677|47
73025|2
133161|5
133161|6
133161|7
133161|8
133161|9
133161|10
133161|11
133161|12
133161|13
133161|14
133161|15
133161|16
133577|1
133577|2
133577|3
133577|4
133577|5
133577|6
133577|7
133577|8
133577|9
133577|10
4638|21
137747|10
82114|16
82114|17
82114|18
82114|19
82114|20
82114|21
82114|22
82114|23
83495|1
83495|2
83495|3
83495|5
83495|6
83495|7
83495|8
72677|9
72677|10
1899|11
1899|12
1899|13
1899|14
1899|15
1899|16
1899|17
1899|18
1899|19
1899|20
1899|21
1899|22
1899|23
1899|24
1899|25
1899|26
1899|27
1899|28
1899|29
1899|30
1899|31
1899|32
1899|33
1899|34
1899|35
1899|36
1899|37
1899|38
1899|39
1899|40
1899|41
1899|42
1899|43
1899|44
1899|46
1899|47
1899|48
1899|49
1899|50
1899|51
1899|52
1899|53
1899|54
1899|55
1899|56
1899|57
1899|58
1899|59
1899|60
1899|61
1899|62
1899|63
1899|64
1899|65
1899|66
1899|67
1899|68
1899|69
1899|70
1899|71
1899|72
1899|73
1899|74
1899|75
1899|76
1899|77
1899|78
81982|17
81982|18
52148|59
1899|79
4638|1
4638|3
4638|4
4638|5
4638|6
4638|7
4638|8
4638|9
4638|10
4638|11
4638|12
4638|13
4638|14
4638|15
4638|16
4638|17
4638|18
4638|19
4638|20
72677|43
81982|19
81982|20
81982|21
81982|22
81982|23
81982|24
81982|25
81982|26
81982|27
81982|28
81982|29
81982|30
81982|31
81982|32
81982|33
81982|34
81982|35
81982|36
81982|37
81982|38
81982|39
81982|40
81982|41
81982|42
81982|44
81982|45
81982|46
81982|47
81982|48
81982|49
81982|50
81982|51
81982|52
81982|53
81982|54
81982|55
81982|56
81982|57
81982|58
81982|59
81982|60
81982|61
81982|62
81982|63
81982|64
81982|65
137747|11
52148|60
81982|66
81982|67
81982|68
81982|69
81982|70
81982|71
81982|72
81982|73
81982|74
81982|75
81982|76
81982|77
81982|78
81982|79
81982|80
81982|81
81982|82
81982|83
81982|84
81982|85
81982|86
81982|87
72677|44
81982|88
81982|89
81982|90
81982|91
81982|92
81982|93
81982|94
81982|95
81982|96
81982|97
81982|98
81982|99
81982|100
81982|101
81982|102
81982|103
81982|104
81982|105
81982|106
81982|107
81982|108
81982|109
81982|110
81982|111
81982|112
81982|113
81982|114
81982|115
81982|116
81982|117
81982|118
133577|11
81982|119
81982|120
81982|121
81982|122
81982|123
81982|124
81982|125
81982|126
81982|127
81982|128
81982|129
81982|130
81982|131
81982|132
81982|133
81982|134
81982|135
81982|136
81982|137
81982|138
81982|139
81982|140
81982|141
81982|142
81982|143
81982|144
81982|145
81982|146
81982|147
81982|148
133577|12
133577|13
81982|149
81982|150
81982|151
81982|152
81982|153
81982|154
81982|155
81982|156
81982|157
81982|158
81982|159
81982|160
81982|161
81982|162
81982|163
81982|164
85914|1
85914|2
85914|3
85914|4
85914|5
85914|6
85914|7
85914|8
85914|9
85914|10
85914|11
85914|12
85914|13
85914|14
85914|15
85914|16
72677|45
72677|46
133577|14
133577|15
133577|16
133577|17
133577|18
133577|19
133577|20
134787|1
134787|2
134787|3
134787|4
134787|5
134787|6
134787|7
134787|8
134787|9
134787|10
134787|11
134787|12
134787|13
134787|14
134787|15
134787|16
134787|17
137747|1
137747|2
137747|3
137747|5
137747|6
137747|7
137747|8
137747|9
4638|22
4638|23
4638|24
4638|25
4638|26
4638|27
4638|28
4638|29
4638|30
4638|31
4638|32
7036|1
7036|2
7036|3
7036|4
7036|5
7036|6
7036|7
7036|8
7036|9
7036|10
7036|11
7036|12
7036|13
7036|14
7036|15
7036|16
7036|17
83744|7
89086|3
83495|9
83495|10
83495|11
83495|12
83495|13
83495|14
83495|15
83495|16
83495|17
83495|18
83495|19
83495|20
83495|21
83744|1
83744|2
83744|3
83744|4
83744|5
83744|6
73025|1
85914|17
85914|18
85914|19
85914|20
85914|21
85914|22
85914|23
85914|24
85914|25
85914|26
85914|27
85914|28
85914|29
85914|30
85914|31
87036|1
87036|2
87036|3
87036|4
87036|5
87036|6
87036|7
87036|8
87036|9
87036|10
87036|11
87036|12
87036|13
87036|14
72677|11
72677|12
72677|13
72677|14
72677|15
72677|16
72677|17
72677|18
72677|19
72677|20
72677|21
72677|22
72677|23
72677|24
72677|25
72677|26
72677|27
72677|28
72677|29
72677|30
72677|31
72677|32
72677|33
72677|34
72677|35
72677|36
72677|37
72677|38
72677|39
72677|40
72677|41
72677|42
7036|18
7036|19
7036|20
7036|21
7036|22
7036|23
7036|24
7036|25
8446|1
8446|2
8446|3
8446|4
8446|5
8446|6
8446|7
8446|8
8446|9
8446|10
8446|11
8446|12
89086|4
89086|5
89086|6
83744|8
83744|9
83744|10
83744|11
83744|12
87286|1
87286|2
87286|3
87286|4
87286|5
87286|6
87286|7
87286|8
87286|9
87286|10
87286|11
87286|12
87286|13
87286|14
87286|15
87286|16
87286|17
89086|1
89086|2
73025|3
73025|4
73025|5
73025|6
73025|7
73025|8
73025|9
73025|10
73025|11
73025|12
73025|13
73025|14
73025|15
73025|16
73025|17
73025|18
73025|19
73025|20
73025|21
73025|22
73025|23
73025|24
73025|25
73025|26
73025|27
74070|1
74070|2
74070|3
74070|4
74070|5
74070|6
74070|7
74070|8
74070|9
137747|12
137747|13
137747|14
137747|15
137747|16
137747|17
137747|18
137747|19
137747|20
137747|21
137783|1
137783|2
137783|3
137783|4
137783|5
137783|6
137783|7
137783|8
137783|9
137783|10
137783|11
137783|12
137783|13
137783|14
137783|15
137783|16
137783|17
137783|18
137783|19
137783|20
137783|21
137783|22
138716|1
96169|13
87036|15
87036|16
87036|17
87036|18
87036|19
89539|1
89539|2
89539|3
89539|4
89539|5
89539|6
89539|7
89539|8
89539|9
89539|10
89539|11
89539|12
89539|13
89539|14
90597|1
90597|2
90597|3
90597|4
90597|5
90597|6
90597|7
90597|8
90597|9
90986|1
76976|81
8446|13
8446|14
8446|15
8446|16
8446|17
8446|18
8446|19
8446|20
8916|1
8916|2
8916|3
8916|4
8916|5
8916|6
8916|7
8916|8
8916|9
8916|10
8916|11
8916|12
8916|13
8916|14
8916|15
8916|16
8916|17
9898|1
9898|2
9898|3
9898|4
9898|5
9898|6
9898|7
74070|10
74070|11
74070|12
74070|13
74070|14
74070|15
74070|16
74070|17
75936|1
75936|2
75936|3
75936|4
75936|5
75936|7
75936|8
75936|9
75936|10
75936|11
75936|12
75936|13
75936|14
75936|15
75936|16
75936|17
75936|18
75936|19
75936|20
89086|7
89086|8
20064|6
75936|21
75936|22
75936|23
75936|24
75936|25
75936|26
75936|27
75936|28
75936|29
75936|30
75936|31
75936|32
75936|33
75936|34
75936|35
75936|36
75936|37
76455|1
76455|2
76455|3
76455|4
76455|5
76455|6
76455|7
76455|8
76455|9
76455|10
76455|11
76455|12
76455|13
76455|14
20064|7
20064|8
89086|9
89086|10
89086|11
89086|12
89086|13
89086|14
89086|15
89086|16
89086|17
89086|18
89086|19
89086|20
89086|21
89086|22
89086|23
89086|24
89086|25
89086|26
89086|27
89086|28
89086|29
89086|30
89086|31
89086|32
89086|33
89086|34
89086|35
89086|36
89086|37
89086|38
89086|39
89086|40
89086|41
89086|42
89086|43
89086|44
89086|45
89086|46
9898|8
78722|2
89086|47
89086|48
89086|49
89123|1
89281|1
89281|2
89281|3
89281|4
89281|5
89281|6
89281|7
89281|8
89281|9
89281|10
89281|11
89281|12
89281|13
89281|14
89281|15
89281|16
89281|17
89281|18
89281|19
20064|9
9898|9
9898|10
9898|11
9898|12
9898|13
9898|14
9898|15
9898|16
9898|17
9898|18
9898|19
9898|20
9898|21
9898|22
16741|1
16741|2
16741|3
16741|4
16741|5
16741|6
16741|7
16741|8
16741|9
16741|10
20064|1
20064|2
20064|3
20064|4
20064|5
90986|2
90986|3
90986|4
90986|5
90986|6
90986|7
90986|8
90986|9
90986|10
90986|11
90986|12
90986|13
90986|14
90986|15
90986|16
90986|17
90986|18
90986|19
90986|20
76455|15
76455|16
76455|17
76455|18
76455|19
76455|20
76455|21
76455|22
76455|23
76455|24
76455|25
76455|26
76455|27
76455|28
76455|29
76455|30
76455|31
76455|32
76455|33
76455|34
76455|35
76455|36
76455|37
76455|38
76455|39
76455|40
76455|41
76455|42
76455|43
76455|44
76976|0
76976|1
76976|2
76976|3
76976|4
76976|5
93292|11
93292|12
91593|1
91593|2
91593|3
91593|4
91593|5
91593|6
91593|7
91593|8
91593|9
91593|10
91593|11
91593|12
91593|13
91593|14
91593|15
91593|16
91593|17
91593|18
91593|19
91593|20
91593|21
91593|22
91593|23
95300|1
95300|2
95300|3
95300|4
95300|5
95899|25
76976|6
76976|7
76976|8
76976|9
76976|10
76976|11
76976|12
76976|13
76976|14
76976|15
76976|16
76976|17
76976|18
76976|19
76976|20
76976|21
76976|22
76976|23
76976|24
76976|25
76976|26
76976|27
76976|28
76976|29
76976|30
76976|31
76976|32
76976|33
76976|34
76976|35
76976|36
76976|37
76976|38
76976|39
76976|40
76976|41
76976|42
76976|43
76976|44
76976|45
76976|46
76976|47
76976|48
76976|49
76976|50
76976|51
76976|52
76976|53
76976|54
76976|55
76976|56
76976|57
76976|58
76976|59
76976|60
76976|61
76976|62
76976|63
76976|64
76976|65
76976|66
76976|67
76976|68
76976|69
76976|70
76976|71
76976|72
76976|73
76976|74
76976|75
76976|76
76976|77
76976|78
76976|79
76976|80
76976|82
76976|83
76976|84
76976|85
76976|86
76976|87
76976|88
76976|89
76976|90
76976|91
76976|92
76976|93
77483|1
77483|2
78354|1
78354|2
78354|3
78354|4
78354|5
78354|6
78354|7
78354|8
78354|9
78354|10
78354|11
78354|12
78354|13
78354|14
78354|15
78722|1
78722|3
89281|20
89281|21
89281|22
89281|23
89281|24
89281|25
91041|1
91041|2
91041|3
91041|4
91041|5
91041|6
91041|7
91041|8
91041|9
91041|10
91041|11
91041|12
91041|13
91041|14
91041|15
93292|1
93292|3
93292|4
93292|5
93292|6
93292|7
93292|8
93292|9
93292|10
20064|10
20064|11
20064|12
20064|13
31357|1
31357|2
31357|3
31357|4
31357|5
31357|6
31357|7
31357|8
31357|9
31357|10
31357|11
31357|12
31357|13
31357|14
31357|15
31357|16
31357|17
95899|26
95899|27
95899|28
95300|6
95300|7
95300|8
95300|9
95300|10
95899|1
95899|3
95899|4
95899|5
95899|6
95899|7
95899|8
95899|9
95899|10
95899|11
95899|12
95899|13
95899|14
95899|15
95899|16
95899|17
95899|18
95899|19
95899|20
95899|21
95899|22
95899|23
95899|24
33771|19
78722|4
31357|18
31357|19
31357|20
31357|21
31357|22
31357|23
31357|24
31357|25
31357|26
31357|27
31357|28
31357|29
31357|30
31357|31
31357|32
31357|33
31357|34
31357|35
31357|36
31357|37
31357|38
31357|39
31357|40
33771|20
31357|41
31357|42
31357|43
31357|44
31357|45
31357|46
31357|47
31357|48
31357|49
31357|50
31357|51
31357|52
31357|53
31357|54
31357|55
31357|56
31357|57
31357|58
31357|59
31357|60
31357|61
31357|62
31357|63
31357|64
31357|65
31357|66
31357|67
33771|21
98646|1
31357|68
31357|69
31357|70
31357|71
31357|72
31357|73
31357|74
31357|75
31357|76
31357|77
31357|78
33771|1
33771|2
33771|3
33771|4
33771|5
33771|6
33771|7
33771|8
33771|9
33771|10
33771|11
33771|12
33771|13
33771|14
33771|15
33771|16
33771|17
33771|18
52148|55
33771|22
33771|23
33771|24
33771|25
33771|26
52148|1
52148|2
52148|3
52148|4
52148|5
52148|6
52148|7
52148|8
52148|9
52148|10
52148|11
52148|12
52148|13
52148|14
52148|15
52148|16
52148|17
52148|18
52148|19
52148|20
52148|21
52148|22
52148|23
52148|24
52148|25
52148|26
52148|27
52148|28
52148|29
52148|30
52148|31
52148|32
52148|33
52148|34
52148|35
52148|36
52148|37
52148|38
52148|39
52148|40
52148|41
52148|42
52148|43
52148|44
52148|45
52148|46
52148|47
52148|48
52148|49
52148|50
52148|51
52148|52
52148|53
52148|54
93705|1
93705|2
93705|3
93705|4
93705|5
93705|6
93705|7
93705|8
93705|9
93705|10
93705|11
93705|12
93705|13
93705|14
93705|15
93705|16
93705|17
93705|18
93705|19
93705|20
93705|21
94827|1
94827|2
94827|3
94827|4
94827|5
94827|6
94827|7
94827|8
94827|10
94827|11
94827|12
94827|13
94827|14
94827|15
94827|16
94827|17
95755|1
78722|5
78722|6
78722|7
78722|8
78722|9
78722|10
78722|11
78722|12
78722|13
78722|14
78722|15
78722|16
78722|17
78722|18
78722|19
78722|20
78953|1
78953|2
78953|3
78953|4
78953|5
78953|6
78953|7
78953|8
78953|9
78953|10
78953|29
63052|78
98646|3
98646|4
98646|5
98646|6
98646|7
98646|8
98646|9
98646|10
98646|11
98646|12
98646|13
98646|14
98646|15
98646|16
99628|1
99628|2
99628|3
99628|4
99628|5
99628|6
99628|7
99628|8
99628|9
99628|10
99628|11
99628|12
99628|13
99628|14
99628|15
99628|16
99628|17
99628|18
99628|19
99628|20
99628|21
99628|22
99628|23
99628|24
52148|64
52148|65
52148|66
52148|67
52148|68
52148|69
52148|70
52148|71
52148|72
52148|73
52148|74
52148|75
52148|76
52148|77
52148|78
52148|79
52148|80
52148|81
52148|82
52148|83
52148|84
52148|85
56311|1
56311|2
56311|3
56311|4
56311|5
56311|6
56311|7
56311|8
56311|9
56311|10
56311|11
56311|12
56311|13
56311|14
56311|15
56311|16
56311|17
56311|18
56311|19
78953|11
78953|12
78953|13
78953|14
78953|15
78953|16
78953|17
78953|18
78953|19
78953|20
78953|21
78953|22
78953|23
78953|24
78953|25
78953|26
78953|27
78953|30
78953|31
78953|32
78953|33
78953|34
78953|35
78953|36
80396|1
80396|2
80396|3
80396|4
80396|5
80396|6
80396|7
80396|8
80396|9
80396|10
80396|11
80396|12
80396|13
80396|14
80396|15
84946|1
84946|2
84946|3
84946|4
84946|5
84946|6
100351|6
100351|7
99628|25
99628|26
99628|27
99628|28
99628|29
99628|30
99628|31
99628|32
99628|33
99628|34
99628|35
99628|36
99628|37
99628|38
99628|39
99628|40
99628|41
99628|42
99628|43
99628|44
99628|45
99628|46
99628|47
99628|48
99628|49
99628|50
99628|51
99628|52
99628|53
99628|54
99628|55
99628|56
99628|57
99628|58
99628|59
99628|60
99628|61
99628|62
99628|63
99628|64
99628|65
99628|66
99628|67
99628|68
99628|69
99628|70
99628|71
99628|72
99628|73
103459|10
99628|74
99628|75
99628|76
99628|77
103124|1
103124|3
103124|4
103124|5
103124|6
103124|7
103124|8
103124|9
103124|10
103124|11
103124|12
103124|13
103124|14
103124|15
103124|16
103124|17
103124|18
103124|19
103124|20
103124|21
103124|22
103124|23
103124|24
105212|1
56311|20
56311|21
56311|22
56311|23
56311|24
56311|25
56311|26
56311|27
56311|28
56311|29
56311|30
57568|1
57568|2
57568|3
57568|4
57568|5
57568|6
57568|7
57568|8
57568|9
57568|10
57568|11
57568|12
57568|13
57568|14
57568|15
57568|16
57568|17
57568|18
57568|19
57568|20
57568|21
63052|40
138716|3
138716|4
138716|5
138716|6
138716|7
139348|1
139348|3
139348|4
139348|6
139348|7
139348|8
139348|9
139348|10
139348|11
139348|12
139348|13
139348|14
139348|15
139348|16
139348|17
139348|18
139348|19
139348|20
100351|1
100351|2
100351|3
100351|4
100351|5
95755|2
95755|3
95755|4
95755|5
95755|6
95755|7
95755|8
95755|9
95755|10
95755|11
95755|12
95755|13
95755|14
95755|15
96169|1
96169|2
96169|3
96169|4
96169|5
96169|6
96169|7
96169|8
96169|9
96169|10
96169|11
96169|12
96169|14
96169|15
96169|16
102470|1
102470|2
102470|3
102470|4
102470|5
102470|6
102470|7
102470|8
102470|9
102470|10
102470|11
102470|12
102470|13
102470|14
102470|15
102470|16
102470|17
102470|18
102470|19
102470|20
102470|21
102470|22
102470|23
102470|24
102470|25
102470|26
103459|1
103459|2
103459|3
103459|4
103459|5
103459|6
103459|7
103459|8
103459|9
59717|1
59717|2
59717|3
59717|4
59717|5
59717|6
59717|7
59717|8
59717|9
59717|10
59717|11
59717|12
59717|13
59717|14
59717|15
59717|16
59717|17
59717|18
59717|19
59717|20
59717|21
59717|22
59717|23
59717|24
59717|25
59717|26
59717|27
59717|28
59717|29
59717|30
59717|31
59717|32
59717|33
59717|34
59717|35
59717|36
59717|37
59717|38
59717|39
59717|40
59717|41
59717|42
59717|43
59717|44
62646|1
63052|41
63052|42
84946|7
84946|8
84946|9
84946|10
84946|11
84946|12
84946|13
84946|14
84946|15
84946|16
84946|17
89854|1
89854|2
89854|3
89854|4
89854|5
89854|6
89854|7
89854|8
89854|9
89854|10
89854|11
63052|79
100351|8
100351|9
100351|10
100351|11
100351|12
100351|13
100351|14
100351|15
100351|16
100351|17
100351|18
100351|19
100351|20
100351|21
6573|1
6573|2
6573|3
6573|4
6573|5
6573|6
6573|7
6573|8
6573|9
6573|10
6573|11
6573|12
63052|43
63052|44
105212|2
105212|3
105212|4
105212|5
105212|6
105212|7
105212|8
105212|9
105212|10
105212|11
105212|12
105212|13
105212|14
106055|1
106055|2
106055|3
106055|4
106055|5
106055|6
106055|7
106055|8
106055|9
106055|10
106055|11
106055|12
106055|13
106055|14
106055|15
62646|2
62646|3
62646|4
62646|5
62646|6
62646|7
62646|8
62646|9
62646|10
62646|11
62646|12
62646|13
62646|14
62646|15
62646|16
62646|17
62646|18
62646|19
62646|20
62646|21
62646|22
62646|23
63052|1
63052|2
63052|3
63052|4
63052|5
63052|6
63052|7
63052|8
63052|45
63052|46
103459|11
103459|12
103459|13
103459|14
103459|15
103459|16
103459|17
103459|18
103459|19
103459|20
103459|21
103459|22
103459|23
103459|24
103459|25
103459|26
103459|27
103459|28
104160|1
104160|2
104160|3
104160|4
104160|5
104160|6
104160|7
104160|8
65629|1
89854|12
89854|13
89854|14
90792|1
90792|2
90792|3
90792|4
90792|5
90792|6
90792|7
90792|8
90792|9
90792|10
90792|11
90792|12
90792|13
91252|1
91252|2
91252|3
91252|4
91252|5
91252|6
91252|7
6573|13
6573|14
6573|15
6573|16
6573|17
6573|18
6573|19
6573|20
6573|21
6573|22
6573|23
6573|24
6573|25
6573|26
6573|27
6573|28
6573|29
6573|30
6573|31
6573|32
6573|33
6573|34
6573|35
63052|47
6573|36
6573|37
6573|38
6573|39
6573|40
6573|41
6573|42
6573|43
6573|44
6573|45
6573|46
6573|47
6573|48
6573|49
6573|50
6573|51
6573|52
6573|53
6573|54
6573|55
6573|56
6573|57
6573|58
6573|59
6573|60
6573|61
6573|62
6573|63
63052|48
63052|49
63052|80
6573|64
6573|65
6573|66
6573|67
6573|68
6573|69
6573|70
6573|71
6573|72
6573|73
6573|74
6573|75
7233|1
7233|2
7233|3
7233|4
7233|5
7233|6
7233|7
7233|8
7233|9
7233|10
7233|11
7233|12
7233|13
7233|14
7233|15
7233|16
7233|17
7233|18
7233|19
7233|20
7233|21
7233|22
7233|23
65629|2
63052|9
63052|10
63052|11
63052|12
63052|13
63052|14
63052|15
63052|16
63052|17
63052|18
63052|19
63052|20
63052|21
63052|22
63052|23
63052|24
63052|25
63052|26
63052|27
63052|28
63052|29
63052|30
63052|31
63052|32
63052|33
63052|34
63052|35
63052|36
63052|37
63052|38
63052|39
91252|8
63052|50
63052|51
63052|52
63052|53
63052|54
63052|55
63052|56
63052|57
63052|58
63052|59
63052|60
63052|61
63052|62
63052|63
63052|64
63052|65
63052|66
63052|67
63052|68
63052|69
63052|70
63052|71
63052|72
63052|73
63052|74
63052|75
63052|76
63052|77
106055|16
106055|17
106055|18
106055|19
106055|20
106055|21
106055|22
106055|23
106055|24
106055|25
106055|26
106055|27
106055|28
106055|29
106055|30
106055|31
106055|32
106055|33
106055|34
106055|35
106282|1
106282|3
106282|4
106282|5
106282|6
106282|7
106282|8
106282|9
106282|10
106282|11
106282|12
106282|13
106282|14
106282|15
7233|24
7233|25
7233|26
7233|27
29666|1
29666|3
29666|4
29666|5
29666|6
29666|7
29666|8
29666|9
29666|10
29666|11
29666|12
29666|13
29666|14
29666|15
29666|16
29666|17
29666|18
29666|19
29666|20
29666|21
29666|22
29666|23
29666|24
29666|25
29666|26
29666|27
29666|28
29666|29
53572|1
53572|2
63066|121
104160|9
104160|10
104160|11
104160|12
104160|13
104160|14
104160|15
104160|16
105748|1
105748|2
105748|3
105748|4
105748|5
105748|6
105748|7
106199|1
106199|2
106199|3
106199|4
106199|5
106199|6
106199|7
106199|8
106199|9
106199|10
106199|11
106199|12
106199|13
106199|14
106199|15
106199|16
114222|4
65629|3
65629|4
65629|5
65629|6
65629|7
65629|8
65629|9
65629|10
65629|11
65629|12
65629|13
65629|14
65629|15
65629|16
65629|17
65629|18
72784|1
72784|2
72784|3
72784|4
72784|5
72784|6
72784|7
72784|8
72784|9
72784|10
72784|11
53572|3
106282|16
106282|17
106282|18
106282|19
106282|20
106282|21
106282|22
106282|23
106282|24
106918|1
106918|2
106918|3
106918|4
106918|5
106918|6
106918|7
106918|8
106918|9
106918|10
106918|11
106918|12
106918|13
106918|14
106918|15
106918|16
106918|17
106918|18
106918|19
106918|20
106918|21
106918|22
106918|23
106918|24
106918|25
106918|26
106918|27
106918|28
77661|5
91252|9
91252|10
91252|11
91612|1
91769|1
91769|2
91769|3
91769|4
91769|5
91769|6
91769|7
91769|8
91769|9
91769|10
91769|11
91769|12
91769|13
92246|1
92246|2
92246|3
92246|4
92246|5
92246|6
92246|7
92246|8
92246|9
92246|10
92246|11
92246|12
92246|13
92246|14
92246|15
72784|12
72784|13
72784|14
72784|15
72784|16
72784|17
73290|1
73290|2
73290|3
73290|4
73290|5
73290|6
73290|7
73290|8
73290|9
73290|10
73290|11
73290|12
73290|13
73290|14
77360|1
77360|2
77360|3
77360|4
77360|5
77360|6
53572|4
53572|5
53572|6
53572|7
53572|8
53572|9
53572|10
53572|11
53572|12
53572|13
53572|14
53572|15
53572|16
53572|17
53572|18
53572|19
53572|20
53572|21
53572|22
53572|23
53572|24
53572|25
53572|26
53572|27
53572|28
53572|29
53572|30
53572|31
53572|32
53572|33
53572|34
53572|35
53572|36
53572|37
53572|38
53572|39
53572|40
53572|41
53572|42
53572|43
53572|44
53572|45
53572|46
53572|47
53572|48
53572|49
53572|50
53572|51
53572|52
53572|53
53572|54
53572|55
53572|56
53572|57
53572|58
53572|59
53572|60
53572|61
53572|62
53572|63
53572|64
53572|65
53572|66
53572|67
53572|68
53572|69
53572|70
53572|71
53572|72
53572|73
53572|74
53572|75
53572|76
53572|77
53572|78
53572|79
53572|80
53572|81
53572|82
53572|83
53572|84
53572|85
53572|86
53572|87
53572|88
53572|89
53572|90
53572|91
53572|92
53572|93
53572|94
53572|95
53572|96
53572|97
53572|98
53572|99
53572|100
53572|101
53572|102
53572|103
53572|104
53572|105
77661|6
114248|22
53572|106
53572|107
53572|108
53572|109
53572|110
53572|111
53572|112
53572|113
53572|114
53572|115
53572|116
53572|117
53572|118
53572|119
53572|120
53572|121
53572|122
53572|123
53572|124
53572|125
53572|126
53572|127
53572|128
53572|129
53572|130
53572|131
114248|23
53572|132
53572|133
53572|134
53572|135
53572|136
53572|137
53572|138
53572|139
53572|140
53572|141
53572|142
53572|143
53572|144
53572|145
53572|146
53572|147
53572|148
53572|149
53572|150
53572|151
53572|152
53572|153
53572|154
53572|155
53572|156
53572|157
53572|158
53572|159
53572|160
53572|161
114248|24
53572|162
53572|163
53572|164
53572|165
53572|166
53572|167
53572|168
53572|169
53741|1
53741|2
53741|3
53741|4
53741|5
53741|6
53741|7
53741|8
54307|1
54307|2
54307|3
54307|4
54307|5
54307|6
54307|7
60688|49
106918|29
106918|30
106918|31
106918|32
106918|33
106918|34
106918|35
106918|36
106918|37
110902|1
110902|2
110902|3
110902|4
110902|5
110902|6
110902|7
110902|8
110902|9
110902|10
110902|11
110902|12
110902|13
110902|14
110902|15
110902|16
110902|17
110902|18
110902|19
110902|20
110902|21
110902|22
110902|23
110902|24
110902|25
110902|26
110902|27
110902|28
110902|29
112802|1
112802|3
110987|1
110987|2
110987|3
110987|4
110987|5
110987|6
110987|7
110987|8
112047|1
112047|2
112047|3
112047|4
112047|5
112047|6
112047|7
112047|8
112047|9
112047|10
112047|11
112047|12
112047|13
112047|14
112047|15
112047|16
112047|17
112047|18
112047|19
112047|20
112047|21
112047|22
112047|23
114248|19
114248|20
77360|7
77360|8
77360|9
77360|10
77360|11
77360|12
77360|13
77360|14
77360|15
77360|16
77360|17
77360|18
77360|19
77360|20
77360|21
77360|22
77360|23
77360|24
77360|25
77360|26
77360|27
77360|28
77360|29
77360|30
77360|31
77360|32
77360|33
77360|34
77360|35
77360|36
77360|37
77661|1
77661|3
77661|4
54307|8
54307|9
54307|10
54307|11
54307|12
54307|13
54307|14
54307|15
54307|16
54307|17
59760|1
59760|2
59760|3
59760|4
59760|5
59760|6
59760|7
59760|8
59760|9
59760|10
59760|11
94616|19
114248|21
112802|4
112802|5
112802|6
112802|7
112802|8
112802|9
112802|10
112802|11
112802|12
112802|13
112802|14
112802|15
112802|16
112802|17
112802|18
112802|19
112802|20
112802|21
112802|22
112802|23
112802|24
112802|25
114222|1
114222|2
114222|3
92246|16
92246|17
92246|18
92246|19
92246|20
92246|21
92246|22
92246|23
92246|24
92246|25
94616|1
94616|3
94616|4
94616|5
94616|6
94616|7
94616|8
94616|9
94616|10
94616|11
94616|12
94616|13
94616|14
94616|15
94616|16
94616|17
94616|18
94616|20
77661|7
77661|8
77661|9
77661|10
77661|11
77661|12
77661|13
77661|14
77661|15
77661|16
78820|1
78820|2
78820|3
78820|4
78820|5
78820|6
78820|7
78820|8
78820|9
78820|10
78820|11
78820|12
78820|13
78820|14
78820|15
78820|16
78820|17
78820|18
78820|19
78820|20
78820|21
78820|22
78820|23
78820|24
78820|25
78820|26
80829|1
60688|50
60688|51
114222|5
114222|6
114222|7
114222|8
114248|0
114248|1
114248|2
114248|3
114248|4
114248|5
114248|6
114248|7
114248|8
114248|9
114248|10
114248|11
114248|12
114248|13
114248|14
114248|15
114248|16
114248|17
114248|18
59760|12
59760|13
59760|14
59760|15
59760|16
59760|17
59760|18
59760|19
59760|20
59760|21
59760|22
59760|23
59760|24
59760|25
59760|26
59760|27
59760|28
59760|29
60513|1
112849|1
112849|2
112849|3
112849|4
112849|5
112849|6
112849|7
112849|8
112849|9
112849|10
112849|11
112849|12
112849|13
112849|14
112849|15
112849|16
112849|17
112849|18
112849|19
112849|20
112849|21
112849|22
112849|23
114680|1
114680|2
114680|3
114680|4
114680|5
114680|6
114680|7
114680|8
114680|9
114680|10
60513|3
60513|4
60513|5
60513|6
60513|7
60513|8
60513|9
60513|10
60688|1
60688|2
60688|3
60688|4
60688|5
60688|6
60688|7
60688|8
60688|9
60688|10
60688|11
60688|12
114248|25
114248|26
116933|1
116933|2
116933|3
116933|4
116933|5
116933|6
116933|7
116933|8
116969|1
116969|2
116969|3
116969|4
116969|5
116969|6
116969|7
116969|8
116969|9
116969|10
116969|11
116969|12
116969|13
116969|14
116969|15
116969|16
116969|17
116969|18
116969|19
122228|1
122228|3
122228|4
122228|5
122228|6
122228|7
122228|8
96642|1
96642|2
96642|3
96642|4
96642|5
96642|6
96642|7
96642|8
96642|9
96642|10
96642|11
96642|12
96642|13
96642|14
96642|15
96642|16
96642|17
96642|18
96642|19
96642|20
96642|21
96642|22
96642|23
96642|24
96642|25
96642|26
96642|27
97735|1
97735|2
97735|3
97735|4
97735|5
97735|6
97735|7
114680|11
114680|12
114680|13
114680|14
114680|15
114680|16
114680|17
114680|18
116551|1
116551|3
116551|4
116551|5
116551|6
116551|7
116551|8
116551|9
116551|10
116551|11
116551|12
118057|1
118057|2
118057|3
120201|1
120201|2
120201|3
64061|1
64061|2
80829|2
80829|3
80829|4
80829|5
80829|6
80829|7
80829|8
80829|9
80829|10
80829|11
80829|12
80829|13
80829|14
80829|15
80829|16
80829|17
80829|18
80829|19
80829|20
80829|21
80829|22
80829|23
80829|24
80829|25
80829|26
80829|27
80829|28
80829|29
80829|30
80829|31
80829|32
80829|33
80829|34
80829|35
80829|36
80829|37
63066|122
80829|38
80829|39
80829|40
80829|41
80829|42
80829|43
80829|44
80829|45
80829|46
80829|47
80829|48
80829|49
80829|50
80829|51
80829|52
80829|53
80829|54
81838|1
81838|2
81838|4
81838|5
81838|6
81838|7
81838|8
81838|9
81838|10
81838|11
81838|12
81838|13
81838|14
81838|15
81838|16
81838|17
81838|18
81838|19
81838|20
81838|21
60688|13
60688|14
60688|15
60688|16
60688|17
60688|18
60688|19
60688|20
60688|21
60688|22
60688|23
60688|24
60688|25
60688|26
60688|27
60688|28
60688|29
60688|30
60688|31
60688|32
60688|33
60688|34
60688|35
60688|36
60688|37
60688|38
60688|39
60688|40
60688|41
60688|42
60688|43
60688|44
60688|45
60688|46
60688|47
60688|48
60688|52
60688|53
60688|54
60688|55
60688|56
60688|57
60688|58
60688|59
60688|60
60688|61
60688|62
60688|63
60688|64
60688|65
60688|66
60688|67
60688|68
60688|69
60688|70
60688|71
60688|72
60688|73
60688|74
60688|75
60688|76
60688|77
60688|78
60688|79
60688|104
60688|80
60688|81
60688|82
60688|83
60688|84
60688|85
60688|86
60688|87
60688|88
60688|89
60688|90
60688|91
60688|92
60688|93
60688|94
60688|95
60688|96
60688|97
60688|98
60688|99
60688|100
60688|101
60688|102
60688|103
60688|105
60688|106
60688|107
60688|108
60688|109
60688|110
60688|111
60688|112
60688|113
60688|114
60688|115
60688|116
60688|117
60688|118
60688|119
60688|120
60688|121
60688|122
60688|123
60688|124
60688|125
60688|126
60688|127
60688|128
60688|129
60688|130
60688|131
60688|132
63199|43
60688|133
60688|134
60688|135
60688|136
60688|137
60688|138
60688|139
60688|140
60688|141
60688|142
60688|143
60688|144
60688|145
60688|146
60688|147
60688|148
60688|149
60688|150
60688|151
60688|152
60688|153
60688|154
60688|155
60688|156
60688|157
60688|158
60688|159
60688|160
60688|161
60688|162
60688|163
60688|164
60688|165
60688|166
63199|44
63199|45
63199|46
97735|8
97735|9
97735|10
97735|11
97735|12
97735|13
97735|14
97735|15
97735|16
97735|17
97735|18
97735|19
97735|20
97735|21
97735|22
97735|23
97735|24
97735|25
97735|26
97735|27
97735|28
97735|29
97735|30
97735|31
97735|32
97735|33
101343|1
101343|2
101343|3
101343|4
101343|5
101343|6
101343|7
101343|8
63199|47
81838|22
81838|23
81838|24
86431|1
86431|2
86431|3
86431|4
86431|5
86431|6
86431|7
86431|8
86431|9
86431|10
86431|11
86431|12
86431|13
86431|14
86431|15
86431|16
86431|17
86431|18
86431|19
86431|20
86431|21
86431|22
86431|23
86431|24
86431|25
90485|1
90485|2
90485|3
90485|4
90485|5
90485|6
61978|1
61978|2
61978|3
61978|4
61978|5
61978|6
61978|7
61978|8
61978|9
61978|10
61978|11
61978|12
61978|13
61978|14
61978|15
61978|16
61978|17
61978|18
61978|19
61978|20
61978|21
61978|22
61978|23
61978|24
61978|25
61978|26
61978|27
63199|48
63066|159
61978|28
61978|29
61978|30
61978|31
61978|32
61978|33
61978|34
63199|1
63199|2
63199|3
63199|4
63199|5
63199|6
63199|7
63199|8
63199|9
63199|10
63199|11
63199|12
63199|13
63199|14
63199|15
63199|16
63199|17
63199|18
63199|19
63199|20
63199|21
63199|22
63199|23
63199|24
63199|25
63199|26
63199|27
63199|28
63199|29
63199|30
63199|31
63199|32
63199|33
63199|34
63199|35
63199|36
63199|37
63199|38
63199|39
63199|40
63199|41
63199|42
101343|9
101343|10
101427|1
101427|3
101427|4
101427|5
101427|6
101427|7
101427|8
101427|9
101427|10
101427|11
101427|12
101427|13
101427|14
101427|15
106361|1
106361|2
106361|3
106361|5
109434|1
109434|2
109434|3
109434|4
109434|5
109434|6
109434|7
109434|8
109434|9
123321|16
63199|49
63199|50
63199|51
63199|52
63199|53
63199|54
63199|55
63199|56
63199|57
63199|58
63199|59
63066|1
63066|2
63066|3
63066|4
63066|5
63066|6
63066|7
63066|8
63066|9
63066|10
63066|11
63066|12
63066|13
63066|14
63066|15
63066|16
63066|17
63066|18
63066|19
63066|20
63066|21
63066|22
63066|23
122228|9
122228|10
122228|11
122228|12
122228|13
122228|14
122228|15
122228|16
122228|17
122228|18
122228|19
122228|20
122228|21
122228|22
122228|23
122228|24
122228|25
122274|0
122274|1
122274|2
122274|3
123321|1
123321|3
123321|4
123321|5
123321|6
123321|7
123321|8
123321|9
123321|10
123321|11
123321|12
123321|13
123321|14
123321|15
90485|7
90485|8
90485|9
90485|10
90485|11
90485|12
90485|13
90485|14
90485|15
90485|16
90485|17
90485|18
90485|19
90485|20
90485|21
91682|1
91682|2
91682|3
91682|4
91682|5
91682|6
91682|7
91682|8
91682|9
91682|10
94281|2
63066|25
63066|26
63066|27
63066|28
63066|29
63066|30
63066|31
63066|32
63066|33
63066|34
63066|35
63066|36
63066|37
63066|38
63066|39
63066|40
63066|41
63066|42
63066|43
63066|44
63066|45
63066|46
63066|47
63066|48
63066|49
63066|50
63066|51
63066|52
63066|53
63066|54
63066|55
63066|82
94281|3
63066|56
63066|57
63066|58
63066|59
63066|60
63066|61
63066|62
63066|63
63066|64
63066|65
63066|66
63066|67
63066|68
63066|69
63066|70
63066|71
63066|72
63066|73
63066|74
63066|75
63066|76
63066|77
63066|78
63066|79
63066|80
63066|81
63066|114
63066|115
63066|116
63066|83
63066|84
63066|85
63066|86
63066|87
63066|88
63066|89
63066|90
63066|91
63066|92
63066|93
63066|94
63066|95
63066|96
63066|97
63066|98
63066|99
63066|100
63066|101
63066|102
63066|103
63066|104
63066|105
63066|106
63066|107
63066|108
63066|109
63066|110
63066|111
63066|112
63066|113
63066|123
63066|124
63066|125
63066|126
63066|127
63066|128
63066|129
63066|130
63066|131
63066|132
63066|133
63066|134
63066|135
63066|136
63066|137
63066|138
63066|139
63066|140
63066|141
63066|142
63066|143
63066|144
63066|145
63066|146
63066|147
63066|148
63066|149
63066|150
63066|151
63066|152
63066|153
63066|154
63066|155
63066|156
63066|157
63066|158
63066|160
63066|161
63066|162
63066|163
63066|164
63066|165
63066|166
63066|167
63066|168
63066|169
63066|170
63066|171
63066|172
63066|173
63066|174
63066|175
63066|176
63066|177
63066|178
63066|179
63066|180
63066|181
63066|182
63066|183
63066|184
63066|185
63066|186
63066|187
63066|188
63066|189
63066|190
63066|191
63066|192
64061|3
123039|1
123039|2
123039|3
123039|4
123039|5
123039|6
123039|7
123039|8
123039|9
123039|10
123039|11
123039|12
123039|13
123039|14
123039|15
123039|16
123039|17
123039|18
131821|1
131821|2
71583|18
94281|1
64061|4
64061|5
64061|6
64061|7
64061|8
64061|9
64061|10
64061|11
64061|12
64061|13
64061|14
64061|15
64061|16
64061|17
64061|18
71583|1
71583|2
71583|3
71583|4
71583|5
71583|6
71583|7
71583|8
71583|9
71583|10
71583|11
71583|12
71583|13
71583|14
71583|15
71583|16
71583|17
109434|10
109434|11
109434|12
109434|13
109434|14
109434|15
109434|16
109434|17
109434|18
109434|19
110758|1
110758|2
110758|3
110758|4
110758|5
110758|6
110758|7
110758|8
110758|9
110758|10
110758|11
111603|1
111603|2
111603|3
111603|4
111603|5
111603|6
111603|7
111603|8
111603|9
111603|10
111603|11
123321|17
123321|18
123321|19
123321|20
123321|21
123321|22
123321|23
123321|24
123321|25
123321|26
123321|27
123321|28
123321|29
123321|30
123321|31
123321|32
123321|33
123321|34
123321|35
123321|36
123321|37
123321|38
123321|39
123321|40
123321|41
123321|42
123321|43
123321|44
123321|45
123321|46
123321|47
123321|48
123321|49
123321|50
123321|51
123321|52
123339|1
131821|4
131821|5
131821|6
131821|7
131821|8
131821|9
131821|10
131821|11
131821|12
131821|13
131821|14
131821|15
131821|16
131821|17
131821|18
131821|19
131821|20
131821|21
131821|22
131821|23
133198|1
133198|3
133198|4
133198|5
133198|6
133198|7
133198|8
133198|9
133198|10
71583|19
71583|20
71583|21
71583|22
71583|23
71583|24
71583|25
71583|26
71583|27
71583|28
71583|29
71583|30
71583|31
71583|32
71583|33
71583|34
71583|35
71583|36
71583|37
71583|38
71583|39
71583|40
71583|41
71583|42
71583|43
71583|44
71583|45
71583|46
74862|1
111603|12
94281|6
94281|7
94281|8
94281|9
94281|10
94281|11
94281|12
94281|13
94281|14
94281|15
94281|16
94281|17
94281|18
94281|19
94281|20
94281|21
94281|22
94281|23
94281|24
94281|25
96529|1
96529|3
96529|4
96529|5
96529|6
96529|7
96529|8
96529|9
96529|10
96529|11
96529|12
96529|13
96529|14
96529|15
96529|16
96529|17
111603|13
123339|2
123339|3
123339|4
123339|5
123339|6
123339|7
123339|8
123339|9
123339|10
123339|11
123339|12
123339|13
123339|14
123339|15
123339|16
123339|17
123339|18
123339|19
123339|20
123339|21
123339|22
123339|23
123339|24
123339|25
123339|26
123339|27
123339|28
123339|29
123339|30
123339|31
123339|32
125476|1
125476|2
126318|1
126318|3
126318|4
133198|11
133198|12
133198|13
133198|14
133198|15
133198|16
133198|17
133198|18
133198|19
133198|20
133948|1
133948|2
133948|3
133948|4
133948|5
133948|6
133948|7
133948|8
133948|9
133948|10
133948|11
133948|12
617|55
74862|2
74862|3
74862|4
74862|5
74862|6
74862|7
74862|8
74862|9
74862|10
74862|11
74862|12
74862|13
74862|14
74862|15
74862|16
74862|17
74862|18
76230|1
76230|2
76230|3
76230|4
76230|5
76230|6
76230|7
76230|8
76230|9
76230|10
76824|1
76824|2
76824|3
76824|4
106178|19
5030|94
96529|18
96529|19
96529|20
96529|21
96529|22
96529|23
96529|24
96529|25
96529|26
96529|27
100014|1
100014|2
100014|3
100014|4
100014|5
100014|6
100014|7
100014|8
100014|9
100014|10
100014|11
100014|12
100014|13
100014|14
100014|15
100014|16
100014|17
100014|18
100014|19
100014|20
100014|21
100014|22
100014|23
100014|24
100014|25
100014|26
100014|27
100014|28
100014|29
100014|30
100014|31
100014|32
100014|33
111603|14
111603|15
111603|16
111603|17
111603|18
111603|19
111603|20
111603|21
111603|22
114544|1
114544|3
114544|4
114544|5
114544|6
114544|7
114544|8
114544|9
114544|10
114544|11
114544|12
114544|13
114544|14
114544|15
114544|16
114544|17
114544|18
114544|19
114544|20
114544|21
114544|22
114544|23
133948|13
133948|14
133948|15
133948|16
133948|17
133948|18
133948|19
133948|20
136514|1
136514|2
136514|3
136514|4
136514|5
136514|6
136514|7
136514|8
136514|9
136514|10
136514|11
136514|12
136514|13
136514|14
136514|15
136514|16
136514|17
136514|18
136514|19
136514|20
136514|21
136514|22
136514|23
136514|24
136514|25
100014|34
100014|35
100014|36
100014|37
100014|38
100014|39
100014|40
100014|41
100014|42
100014|43
100014|44
100014|45
100014|46
100014|47
100014|48
100014|49
100014|50
104561|0
104561|2
104561|3
104561|4
106178|1
106178|2
106178|3
106178|4
106178|5
106178|6
106178|7
106178|8
106178|9
106178|10
106178|11
106178|12
106178|13
106178|14
106178|15
106178|16
106178|17
69042|15
126318|5
126318|6
126318|7
126318|8
126318|9
126318|10
126318|11
126318|12
126318|13
126318|14
126318|15
126318|16
126318|17
126318|18
126318|19
126318|20
126318|21
126318|22
126318|23
126318|24
126318|25
126318|26
126318|27
126318|28
126318|29
126318|30
126318|31
126318|32
126318|33
126318|34
126318|35
126318|36
126318|37
126318|38
126318|39
126318|40
126318|41
126318|42
114427|48
126318|43
126318|44
126318|45
126318|46
126318|47
126318|48
126318|49
126318|50
126318|51
126318|52
126318|53
126318|54
126318|55
126318|56
126318|57
126318|58
126318|59
126318|60
126318|61
126318|62
126318|63
126318|64
126318|65
126318|66
126465|1
126465|3
126465|4
126465|5
126465|6
126465|7
126465|8
126465|9
126465|10
118340|9
118340|10
114427|49
114544|24
114544|25
114544|26
114544|27
114544|28
114544|29
114544|30
114544|31
114544|32
114544|33
114544|34
114544|35
114544|36
114544|37
114544|38
114544|39
114544|40
114544|41
114544|42
114544|43
114544|44
114544|45
114544|46
114544|47
114544|48
114544|49
114544|50
114544|51
114544|52
114544|53
114544|54
118340|1
118340|2
118340|3
118340|4
118340|5
118340|6
118340|7
118340|8
106178|18
126465|11
126465|12
126465|13
126465|14
126465|15
126465|16
137642|1
137642|2
137642|3
137642|5
137642|6
137642|7
137642|8
137642|9
137642|10
137642|11
137642|12
137642|13
137642|14
68170|54
76824|5
76824|6
76824|7
76824|8
76824|9
76824|10
76824|11
76824|12
76824|13
76824|14
76824|15
76824|16
76824|17
76824|18
76824|19
81260|1
81260|2
81260|3
81260|4
81260|5
81260|6
81260|7
81260|8
81260|9
81260|10
81260|11
81260|12
81260|13
81260|14
81260|15
81260|16
81260|17
81260|18
81260|19
81260|20
81260|21
81260|22
81260|23
81260|24
118340|11
118340|12
118340|13
118340|14
118340|15
118340|16
118340|17
118340|18
118340|19
118340|20
118340|21
118340|22
118340|23
118340|24
118340|25
118340|26
118340|27
118340|28
125855|1
125855|2
125855|3
125855|4
125855|5
125855|6
125855|7
125855|8
125855|9
125855|10
129270|1
129270|2
129270|4
129784|12
137642|15
137642|16
137642|17
137642|18
202|1
202|2
202|3
202|4
202|5
202|6
202|7
202|8
202|9
202|10
202|11
202|12
202|13
202|14
1732|1
1732|2
1732|3
1732|4
1732|5
1732|6
1732|7
1732|8
111386|13
3970|14
81260|25
81260|26
81260|27
81260|28
81260|29
81260|30
81260|31
81260|32
81260|33
81260|34
81260|35
81260|36
81260|37
81260|38
81260|39
81260|40
81260|41
81260|42
81260|43
81260|44
81260|45
81260|46
81260|47
81260|48
81260|49
81260|50
81260|51
81260|52
81260|53
81260|54
81260|55
81260|56
81260|57
81260|58
81260|59
81260|60
81260|61
81260|62
81260|63
81260|64
81260|65
81260|66
81260|67
81260|68
81167|1
81167|2
81167|3
129784|13
135155|20
106215|1
106215|2
106215|3
106215|4
106215|5
106215|6
106215|7
106215|8
106215|9
106215|10
106215|11
106215|12
106215|13
106215|14
106215|15
106215|16
106215|17
106215|18
106215|19
106215|20
106215|21
106215|22
106215|23
106215|24
108627|1
108627|2
108627|3
109085|1
109085|3
109085|4
109085|5
109085|6
109085|7
114427|50
81167|5
81167|6
81167|7
81167|8
81167|9
81167|10
81167|11
81167|12
81167|13
81167|14
81167|15
81167|16
81167|17
81167|18
81167|19
81167|20
81167|21
81167|22
81167|23
81167|24
81167|25
81167|26
81167|27
81167|28
81167|29
86795|1
86795|2
86795|3
86795|4
86795|5
86795|6
135155|18
135155|19
129270|5
129270|6
129270|7
129270|8
129270|9
129270|10
129270|11
129270|12
129270|13
129270|14
129270|15
129270|16
129270|17
129270|18
129270|19
129784|1
129784|3
129784|4
129784|6
129784|7
129784|8
129784|9
129784|10
129784|11
92228|23
86795|7
86795|8
86795|9
86795|10
86795|11
86795|12
86795|13
89295|1
89295|2
89295|3
89295|4
89295|5
89295|6
89295|7
89295|8
89295|9
89295|10
89295|11
89295|12
89295|13
89295|14
89295|15
89295|16
89295|17
89295|18
89295|19
89295|20
89295|21
89295|22
52504|63
129784|14
129784|15
129784|16
129784|17
129784|18
129784|19
129784|20
129784|21
129784|22
129784|23
129784|24
129784|25
129784|26
129784|27
129784|28
129784|29
129784|30
129784|31
129784|32
129784|33
129784|34
129784|35
129784|36
129784|37
129784|38
129784|39
129784|40
129784|41
131812|1
131812|2
131812|3
131812|4
121508|14
109085|8
109085|9
109085|10
109085|11
109085|12
109085|13
109085|14
109085|15
109085|16
109085|17
109085|18
109085|19
109085|20
109085|21
109085|22
109085|23
109085|24
109085|25
109794|1
109794|2
109794|3
109794|4
109794|5
109794|6
109794|7
109794|8
109794|9
109794|10
109794|11
109794|12
109794|13
109794|14
121508|15
89295|23
89295|24
89295|25
89295|26
89295|27
89295|28
89295|29
91900|1
92228|1
92228|3
92228|5
92228|6
92228|7
92228|8
92228|9
92228|10
92228|11
92228|12
92228|13
92228|14
92228|15
92228|16
92228|17
92228|18
92228|19
92228|20
92228|21
92228|22
131812|5
131812|6
131812|7
131812|8
131812|9
131812|10
131812|11
131812|12
131812|13
131812|14
135155|1
135155|2
135155|3
135155|4
135155|5
135155|6
135155|7
135155|8
135155|9
135155|10
135155|11
135155|12
135155|13
135155|14
135155|15
135155|16
135155|17
109794|15
109794|16
109794|17
109794|18
109794|19
109794|20
113468|1
113468|2
113468|3
113468|4
113468|5
113468|6
113468|7
113468|8
113468|9
113468|10
113468|11
113468|12
113468|13
113468|14
113468|15
113468|16
113468|17
113468|18
114427|1
114427|2
114427|44
114427|45
114427|46
114427|47
135155|21
135155|22
135155|23
135155|24
135155|26
135781|1
135781|2
135781|3
135781|4
135781|5
135781|6
135781|7
135781|8
135781|9
135781|10
135781|11
135781|12
135781|13
135781|14
135781|15
135781|16
135781|17
135781|18
135781|19
135781|20
135781|21
138297|1
138297|3
138297|4
138297|5
52504|64
92228|24
92228|25
92228|26
92228|27
92228|28
92228|29
92228|30
92228|31
92228|32
92228|33
92330|1
92330|2
92330|3
92330|4
92330|5
92330|6
92330|7
92330|8
92330|9
92330|10
92330|11
92330|12
92330|13
92330|14
92330|15
121508|16
121508|17
114427|3
114427|4
114427|5
114427|6
114427|7
114427|8
114427|9
114427|10
114427|11
114427|12
114427|13
114427|14
114427|15
114427|16
114427|17
114427|18
114427|19
114427|20
114427|21
114427|22
114427|23
114427|24
114427|25
114427|26
114427|27
114427|28
114427|29
114427|30
114427|31
114427|32
114427|33
114427|34
114427|35
114427|36
114427|37
114427|38
114427|39
114427|40
114427|41
114427|42
114427|43
114427|51
114427|52
114427|53
114427|54
114427|55
114427|56
114427|57
114427|58
114427|59
115306|1
115306|2
115306|3
115306|4
115306|5
115306|6
115306|7
115306|8
115306|9
115306|10
115306|11
115306|12
115306|13
115306|14
115306|15
115306|16
115306|17
115306|18
115306|19
115306|20
115306|21
115306|22
115306|23
115306|24
115306|25
115306|26
115306|27
115306|28
100894|15
92330|16
92330|17
92330|18
92330|19
92330|20
92330|21
92330|22
92330|23
92330|24
92330|25
92330|26
92330|27
92330|28
92330|29
92330|30
92330|31
92330|32
92330|33
92744|1
92744|2
92744|3
92744|4
92744|5
92744|6
92744|7
92744|8
92744|9
92744|10
92744|11
92744|12
92744|13
92744|14
92744|15
92744|16
92744|17
92744|18
92744|19
92744|20
92744|21
92744|22
92744|23
92744|24
92744|25
92744|26
92744|27
92744|28
92744|29
92744|30
92744|31
92744|32
92744|33
92744|34
92744|35
92744|36
92744|37
92744|38
92744|39
92744|40
92744|41
92744|42
92744|43
92744|44
92744|45
92744|46
92744|47
92744|48
92744|49
92744|50
92744|51
92744|52
92744|53
92744|54
92744|55
92744|56
95755|1
95755|2
95755|3
95755|4
95755|5
95755|6
95755|7
95755|8
95755|9
95755|10
95755|11
100894|16
121508|18
121508|19
115306|29
115306|30
115306|31
115306|32
115306|33
115803|1
115803|2
115803|3
115803|4
115803|5
115803|6
115803|7
115803|8
115803|9
115803|10
118144|1
118144|2
118144|3
118144|4
118144|5
118144|6
118144|7
118144|8
118144|9
100894|17
121508|13
95755|12
95755|13
95755|14
95755|15
98015|1
98015|2
98015|3
98015|4
98015|5
98015|6
98015|7
100894|1
100894|2
100894|3
100894|4
100894|5
100894|6
100894|7
100894|8
100894|9
100894|10
100894|11
100894|12
100894|13
100894|14
118144|10
118144|11
118144|12
118144|13
118144|14
118144|15
118144|16
118144|17
118144|18
119699|1
119699|2
119699|3
119699|4
119699|5
119699|6
119699|7
119699|8
119699|9
119699|10
119699|11
119699|12
119699|13
119699|14
121508|1
121508|2
121508|3
121508|4
121508|5
121508|6
121508|7
121508|8
121508|9
121508|10
121508|11
121508|12
72343|47
100894|18
100894|19
100894|20
101136|1
101136|3
101136|4
101136|5
101136|6
101136|7
101136|8
101136|9
101136|10
101136|11
101136|12
101136|13
101136|14
101136|15
101136|16
101136|17
101136|18
101136|19
101136|20
101136|21
101136|22
101136|23
101136|24
101136|25
101136|26
101136|27
101136|28
101136|29
101136|30
101136|31
101136|32
101136|33
101136|34
101178|1
101178|2
101178|3
101178|4
78|1
121508|20
121508|21
121508|22
121508|23
121508|24
121508|25
123104|1
123104|2
123104|3
123104|4
123104|5
123104|6
123104|7
123104|8
123104|9
123104|10
123104|11
123104|12
123104|13
123104|14
123104|15
123104|16
123104|17
123104|18
123104|19
123104|20
123104|21
123104|22
123104|23
123104|24
123104|25
123104|26
123104|27
101178|5
101178|6
101178|7
101178|8
101178|9
101178|10
101178|11
101178|12
101178|13
101178|14
101178|15
101178|16
101178|17
101178|18
101178|19
101178|20
102043|1
102043|3
102043|4
102043|5
102043|6
102043|7
102043|8
102043|9
102043|10
102043|11
102043|12
104532|1
78|2
123104|28
123104|29
123104|30
123104|31
123104|32
123104|33
123104|34
123104|35
123104|36
123104|37
124333|0
124333|2
124333|3
124333|4
124333|5
124333|6
124333|7
124333|8
124333|9
124333|10
124333|11
124333|12
124333|13
124333|14
124333|15
124333|16
124333|17
124333|18
124333|19
124333|20
124333|21
124333|22
124333|23
124333|24
124333|25
124333|26
124333|27
124333|28
124333|29
78|79
124333|30
124333|31
124333|32
124333|33
124333|34
124333|35
124333|36
124333|37
124333|38
124333|39
136107|1
136107|3
136107|4
136107|5
136107|6
136107|7
136107|8
136107|9
136107|10
136107|11
136107|12
136107|13
136107|14
136107|15
136107|16
136107|17
136107|18
136107|19
136107|20
136107|21
136107|22
138401|1
138401|2
138401|3
138401|5
104532|2
104532|3
104532|4
104532|5
104532|6
104532|7
104532|8
104532|9
104532|10
104532|11
104532|12
104532|13
104532|14
104776|1
104776|3
104776|4
104776|5
104776|6
104776|7
104776|8
104776|9
104776|10
105269|1
105269|2
105269|3
105269|4
105269|5
78|3
78|4
78|5
78|6
78|7
78|8
78|9
78|10
78|11
78|12
78|13
78|14
78|15
78|16
78|17
78|18
78|19
78|20
78|21
78|22
78|23
78|24
78|25
78|26
78|27
78|28
78|29
78|30
78|31
78|32
78|33
78|34
78|35
78|36
78|37
78|38
78|39
78|40
78|41
78|42
78|43
78|44
78|45
78|46
78|47
78|48
78|49
78|50
78|51
78|52
78|53
78|54
78|55
78|56
78|57
78|58
78|59
78|60
78|61
78|62
78|63
78|64
78|65
78|66
78|67
78|68
78|69
78|70
78|71
78|72
78|73
78|74
78|75
78|76
78|77
78|78
78|80
78|81
78|82
78|83
78|84
78|85
617|1
617|2
617|3
617|4
617|5
617|6
617|7
617|8
617|9
617|10
617|11
617|12
617|13
617|14
617|15
617|16
617|17
617|18
617|19
617|20
617|21
617|22
617|23
617|24
617|25
617|26
617|27
617|28
617|29
617|30
617|31
617|32
617|33
617|34
617|35
617|36
617|37
617|38
617|39
617|40
617|41
617|42
617|43
617|44
617|45
617|46
617|47
617|48
617|49
617|50
617|51
617|52
617|53
617|54
105269|6
105269|7
105269|8
105269|9
105269|10
105269|11
105269|12
105269|13
105269|14
105269|15
105269|16
105269|17
105269|18
106859|1
106859|3
106859|4
106859|5
106859|6
106859|7
106859|8
106859|9
106859|10
106859|11
106859|12
106859|13
106859|14
106859|15
106859|16
106859|17
106859|18
111152|1
111152|3
5030|95
617|56
617|57
617|58
617|59
617|60
617|61
617|62
617|63
617|64
617|65
617|66
617|67
617|68
617|69
617|70
617|71
617|72
617|73
617|74
617|75
617|76
617|77
617|78
617|79
1281|1
1281|2
1281|3
1281|4
1281|5
1281|6
1281|7
1281|8
1281|9
1281|10
5030|96
1281|11
1281|12
1281|13
1281|14
1281|15
1281|16
1281|17
1431|1
1431|2
1431|3
1431|4
1431|5
1431|6
1431|7
1431|8
1431|9
1431|10
1431|11
1431|12
1431|13
1431|14
1431|15
1431|16
1431|17
1431|18
1431|19
3970|15
111152|4
111152|5
111152|6
111152|7
111152|8
111152|9
111152|10
111152|11
111152|12
111152|13
111152|14
111152|15
111152|16
111152|17
111386|1
111386|2
111386|3
111386|4
111386|5
111386|6
111386|7
111386|8
111386|9
111386|10
111386|11
111386|14
1431|20
1431|21
1431|22
1431|23
1431|24
1431|25
1431|26
1431|27
1431|28
1431|29
1431|30
1431|31
1431|32
1431|33
1431|34
1431|35
1431|36
1431|37
1431|38
1431|39
1431|40
1431|41
1431|42
1431|43
1431|44
1431|45
1431|46
1431|47
1431|48
1431|49
1431|50
1431|51
1431|52
1431|53
1431|54
111386|12
1431|55
1431|56
1431|57
1431|58
1431|59
1431|60
1431|61
1431|62
1431|63
1431|64
1431|65
1431|66
1431|67
1431|68
1431|69
1431|70
1431|71
1431|72
1431|73
1431|74
1431|75
1431|76
1431|77
1431|78
1431|79
1431|80
1431|81
1431|82
1431|83
1431|84
2175|1
2175|2
2175|3
2175|4
5123|17
1732|9
1732|10
1732|11
1732|12
1732|13
1732|14
1732|15
1732|16
1732|17
3672|1
7145|1
7145|3
7145|4
7145|5
7145|6
7145|7
7145|8
7145|9
7145|10
7145|11
7145|12
7145|13
7145|14
7145|15
7145|16
7145|17
7145|18
111386|15
111386|16
111386|17
111386|18
113190|0
113190|1
113190|2
113190|3
113190|4
113190|5
113190|6
113190|7
113190|8
113190|9
113190|10
113190|11
113190|12
113190|13
113190|14
113190|15
113190|16
113190|17
113190|18
113190|19
115145|1
115145|2
115145|3
115145|4
115145|5
116710|19
2175|5
2175|6
2175|7
2175|8
2175|9
2175|10
2175|11
2175|12
2175|13
2175|14
2175|15
2175|16
2175|17
2175|18
3970|1
3970|2
3970|3
3970|4
3970|5
3970|6
3970|7
3970|8
3970|9
3970|10
3970|11
3970|12
3970|13
53842|14
138297|6
138297|7
138297|8
138297|9
138297|10
138297|11
3675|1
3675|2
3675|3
3675|4
3675|5
3675|6
3675|7
3675|8
3675|9
3675|10
3675|11
3675|12
3675|13
3675|14
3675|15
3675|16
3675|17
3675|18
3675|19
3675|20
3675|97
3675|98
3970|16
3970|17
3970|18
3970|19
3970|20
3970|21
3970|22
3970|23
3970|24
4287|1
4287|2
4287|3
4287|4
4287|5
4287|6
4287|7
4287|8
4287|9
4287|10
4287|11
4287|12
4287|13
4287|14
4287|15
4287|16
4287|17
4287|18
4287|19
4287|20
4287|21
116710|20
116710|21
7145|19
7145|20
7145|21
7145|22
7145|23
7145|24
7145|25
7145|26
7145|27
19976|1
19976|2
19976|3
19976|4
19976|5
19976|6
19976|7
19976|8
19976|9
19976|10
19976|11
19976|12
19976|13
19976|14
19976|15
19976|16
19976|17
19976|18
19976|19
19976|20
19976|21
8039|99
5030|97
3675|21
3675|22
3675|23
3675|24
3675|25
3675|26
3675|27
3675|28
3675|29
3675|30
3675|31
3675|32
3675|33
3675|34
3675|35
3675|36
3675|37
3675|38
3675|39
3675|40
3675|41
3675|42
3675|43
3675|99
52088|26
3675|44
3675|45
3675|46
3675|47
3675|48
3675|49
3675|50
3675|51
3675|52
3675|53
3675|54
3675|55
3675|56
3675|57
3675|58
3675|59
3675|60
3675|61
3675|62
3675|63
3675|64
3675|65
3675|66
3675|67
3675|68
3675|69
3675|70
3675|71
52088|27
72304|86
3675|72
3675|73
3675|74
3675|75
3675|76
3675|77
3675|78
3675|79
3675|80
3675|81
3675|82
3675|83
3675|84
3675|85
3675|86
3675|87
3675|88
3675|89
3675|90
3675|91
3675|92
3675|93
3675|94
3675|95
3675|96
5030|98
3675|100
3675|101
3675|102
3675|103
3675|104
3675|105
3675|106
3675|107
3675|108
3675|109
3675|110
3675|111
3675|112
3675|113
3675|114
3675|115
3675|116
3675|117
3675|118
3675|119
3675|120
3675|121
3675|122
56461|1
65167|239
3675|123
4728|0
4728|1
4728|2
4728|3
4728|4
4728|5
4728|6
4728|7
4728|8
4728|9
4728|10
4728|11
4728|12
4728|13
4728|14
4728|15
4728|16
4728|17
4728|18
122168|19
4287|22
4287|23
4287|24
4287|25
4287|26
4287|27
4287|28
4287|29
4287|30
4287|31
4287|32
4287|33
4287|34
4287|35
4287|36
4287|37
4287|38
4287|39
4287|40
4287|41
4287|42
4287|43
4287|44
4287|45
5576|0
5576|2
5576|3
5576|4
5576|5
5576|6
5576|7
5576|8
5576|9
5576|10
5576|11
5576|12
5576|13
115145|6
115145|7
115145|8
115145|9
115145|10
115145|11
115145|12
115145|13
115145|14
115145|15
115145|16
116710|1
116710|2
116710|3
116710|4
116710|5
116710|6
116710|7
116710|8
116710|9
116710|10
116710|11
116710|12
116710|13
116710|14
116710|15
116710|16
32033|228
19976|22
19976|23
19976|24
19976|25
19976|26
19976|27
19976|28
19976|29
19976|30
19976|31
19976|32
19976|33
19976|34
19976|35
19976|36
19976|37
19976|38
19976|39
19976|40
19976|41
19976|42
19976|43
19976|66
74378|71
19976|44
19976|45
19976|46
19976|47
19976|48
19976|49
19976|50
19976|51
19976|52
19976|53
19976|54
19976|55
19976|56
19976|57
19976|58
19976|59
19976|60
19976|61
19976|62
19976|63
19976|64
19976|65
19976|67
19976|68
88675|38
19976|69
19976|70
19976|71
19976|72
19976|73
19976|74
19976|75
19976|76
19976|77
19976|78
19976|79
19976|80
19976|81
19976|82
19976|83
19976|84
19976|85
19976|86
19976|87
19976|88
19976|89
19976|90
19976|91
19976|92
19976|93
19976|94
19976|95
19976|96
19976|97
19976|98
19976|99
19976|100
19976|101
19976|102
19976|103
19976|104
19976|105
19976|106
19976|107
19976|108
19976|109
19976|110
19976|111
19976|112
19976|113
32961|1
32961|2
32961|3
32961|4
32961|5
32961|6
32961|7
32961|8
32961|9
32961|10
32961|11
32961|12
4728|19
4728|20
4728|21
4728|22
4728|23
4728|24
4728|25
4728|26
4728|27
4728|28
4728|29
4728|30
4728|31
4728|32
4728|33
4728|34
4728|35
4728|36
5576|14
5576|15
5576|16
116710|17
116710|18
4728|37
4728|38
4728|39
4728|40
4728|41
4728|42
8150|1
8150|2
8150|3
8150|4
8150|5
8150|6
8150|7
8150|8
8150|9
8150|10
8150|11
8150|12
8150|13
8150|14
8150|15
8150|16
8150|17
8039|1
8039|2
8039|3
8039|4
8039|5
8039|6
8039|7
8039|8
8039|9
8039|10
8039|11
5576|17
5576|18
5576|19
5576|20
5576|21
5576|22
5576|23
5576|24
5576|25
5576|26
5576|27
5576|28
5576|29
5576|30
5576|31
5576|32
5576|33
9351|1
9351|2
9351|3
9351|4
9351|5
9351|6
9351|7
32033|229
32961|13
32961|14
32961|15
32961|16
32961|17
32961|18
32961|19
32961|20
32961|21
32961|22
32961|23
32961|24
32961|25
32961|26
32961|27
32961|28
32961|29
32961|30
32961|31
35003|1
35003|2
35003|3
35003|4
35003|5
35003|6
35003|7
9351|8
9351|9
9351|10
9351|11
9351|12
9351|13
9351|14
9351|15
9351|16
9351|17
9351|18
9351|19
9351|20
9351|21
10596|1
10596|2
10596|3
10596|4
10596|5
10596|6
10596|7
20470|1
20470|27
135433|2
35003|8
35003|9
35003|10
35003|11
35003|12
35003|13
35003|14
35003|15
35003|16
52088|1
52088|2
52088|3
52088|4
52088|5
52088|6
52088|7
52088|8
52088|9
52088|10
52088|11
52088|12
52088|13
52088|14
52088|15
52088|16
52088|17
52088|18
52088|19
52088|20
52088|21
52088|22
52088|23
52088|24
52088|25
32033|230
32033|231
116827|1
116827|2
116827|3
116827|4
116827|5
116827|6
116827|7
116827|8
116827|9
116827|10
116827|11
116827|12
116827|13
116827|14
116827|15
119208|1
119208|3
119208|4
119208|5
119208|6
119208|7
119208|8
119208|9
119208|10
119208|11
119208|12
119208|13
119208|14
119208|15
4712|24
8039|12
8039|13
8039|14
8039|15
8039|16
8039|17
8039|18
8039|19
8039|20
8039|21
8039|22
8039|23
8039|24
8039|25
8039|26
8039|27
8039|28
8039|29
8039|30
8039|31
8039|32
8039|33
8039|34
8039|35
8039|36
8039|37
8039|38
8039|39
8039|40
8039|41
8039|42
8039|43
8039|44
8039|45
8039|46
8039|47
8039|48
8039|49
8039|50
8039|51
8039|52
8039|53
5030|99
8039|54
8039|55
8039|56
8039|57
8039|58
8039|59
8039|60
8039|61
8039|62
8039|63
8039|64
8039|65
8039|66
8039|67
8039|68
8039|69
8039|70
8039|71
8039|72
8039|73
8039|74
8039|75
8039|76
8039|77
8039|78
8039|79
8039|80
8039|81
8039|82
8039|83
8039|84
8039|85
8039|86
8039|87
8039|88
8039|89
8039|90
8039|91
8039|92
8039|93
8039|94
8039|95
8039|96
8039|97
8039|98
32033|232
8039|100
8039|101
8039|102
8039|103
8039|104
8039|105
8039|106
8039|107
8039|108
8039|109
8039|110
8039|111
8039|112
8039|113
8039|114
8039|115
8039|116
8039|117
8039|118
8039|119
8039|120
8039|121
8039|122
8039|123
8039|124
8039|125
8039|126
8039|127
8039|128
8039|129
8039|130
8039|131
8039|132
8039|133
8039|134
8039|135
8039|136
8039|137
8039|138
8039|139
9671|1
9671|2
9671|3
119208|16
119208|17
119208|18
119208|19
119208|20
119208|21
119208|22
119208|23
119208|24
119208|25
119208|26
119208|27
119208|28
119208|29
119208|30
119208|31
119208|32
119208|33
119208|34
119208|35
119208|36
120109|1
120109|3
120109|4
120109|5
120109|6
120109|7
120109|8
120109|9
120109|10
120109|11
120109|12
120109|13
120109|14
120109|15
120109|16
120109|17
120109|18
120109|19
120109|20
32114|45
32114|46
5030|100
9671|4
9671|5
9671|6
9671|7
9671|8
9671|9
9671|10
9671|11
9671|12
9671|13
9671|14
9671|15
9671|16
9671|17
9671|18
9671|19
9671|20
9671|21
9671|22
9671|23
9671|24
9671|25
9671|26
9671|27
9671|28
9671|29
10315|1
10315|2
10315|3
10315|4
10315|5
10315|6
10315|7
10315|8
10315|9
94066|7
56461|2
56461|3
56461|4
56461|5
56461|6
56461|8
56461|9
56461|10
56461|11
56461|12
56461|13
56461|14
56461|15
56461|16
56461|17
56461|18
56461|19
56461|20
56461|21
56461|22
56461|23
56461|24
56461|25
56461|26
56461|27
56461|28
69366|1
69366|2
69366|3
69366|4
69366|5
69366|6
69366|7
69366|8
69366|9
99743|5
20470|2
20470|3
20470|4
20470|5
20470|6
20470|7
20470|8
20470|9
20470|10
20470|11
20470|12
20470|13
20470|14
20470|15
20470|16
20470|17
20470|18
20470|19
20470|20
20470|21
20470|22
20470|23
20470|24
20470|25
20470|26
88675|39
20470|28
20470|29
20470|30
20470|31
20470|32
20470|33
20470|34
20470|35
20470|36
20470|37
20470|38
20470|39
20470|40
20470|41
20470|42
20470|43
20470|44
20470|45
20470|46
20470|47
20470|48
20470|49
20470|50
20470|51
20470|52
20470|53
20470|54
20470|55
20470|56
20470|57
20470|58
20470|59
20470|60
20470|61
20470|62
20470|63
20470|64
20470|65
20470|66
20470|67
20470|68
20470|69
20470|70
20470|71
20470|72
20470|73
20470|74
20470|75
20470|76
20470|77
20470|78
20470|79
32114|1
32114|2
32114|3
32114|4
32114|5
32114|6
32114|7
32114|8
32114|9
32114|10
32114|47
10315|10
10315|11
10315|12
20727|1
20727|2
20727|3
20727|4
20727|5
20727|6
20727|7
20727|8
20727|9
20727|10
20727|11
20727|12
20727|13
20727|14
20727|15
20727|16
122168|20
120109|21
120109|22
120109|23
120109|24
120109|25
120109|26
121148|1
121148|2
121148|3
121148|4
121148|5
121148|6
121148|7
121148|8
121148|9
121148|10
121148|11
121148|12
121148|13
121148|14
121148|15
121148|16
121148|17
121148|18
121148|19
121148|20
121148|21
121148|22
121148|23
121148|24
121148|25
121148|26
121148|28
122168|1
122168|3
122168|4
122168|5
122168|6
122168|7
122168|8
122168|9
122168|10
122168|12
32033|37
99743|6
69366|10
69366|11
69366|12
69366|13
69366|14
69366|15
69366|16
69366|17
69366|18
69366|19
69366|20
69366|21
69366|22
69366|23
69366|24
69366|25
69366|26
69366|27
69366|28
69366|29
69366|30
32114|48
32114|49
32114|50
32114|51
69366|31
69366|32
69366|33
69366|34
69366|35
69366|36
69366|37
69366|38
69366|39
69366|40
69366|41
69366|42
69894|1
69894|2
69894|3
69894|4
69894|5
69894|6
69894|7
69894|8
69894|9
69894|10
69894|11
69894|12
69894|13
77602|1
33703|5
33703|6
32114|11
32114|12
32114|13
32114|14
32114|15
32114|16
32114|17
32114|18
32114|19
32114|20
32114|21
32114|22
32114|23
32114|24
32114|25
32114|26
32114|27
32114|28
32114|29
32114|30
32114|31
32114|32
32114|33
32114|34
32114|35
32114|36
32114|37
32114|38
32114|39
32114|40
32114|41
32114|42
32114|43
32114|44
32114|52
32114|53
32114|54
32114|55
32114|56
32114|57
32114|58
32114|59
32114|60
32114|61
32114|62
32114|63
32114|64
32114|65
32114|66
32114|67
32114|68
32114|69
32114|70
32114|71
32114|72
32114|73
32114|74
33100|1
122168|13
122168|14
74386|39
20727|17
20727|18
20727|19
20727|20
20727|21
20727|22
20727|23
20727|24
20727|25
20727|26
20727|27
20727|28
20727|29
20727|30
20727|31
20727|32
20727|33
20727|34
20727|35
20727|36
20727|37
20727|38
20727|39
20727|40
20727|41
20727|42
20727|43
20727|44
20727|45
20727|46
122168|15
122168|16
20727|47
20727|48
20727|49
20727|50
20727|51
20727|52
20727|53
20727|54
20727|55
20727|56
20727|57
20727|58
20727|59
20727|60
20727|61
20727|62
20727|63
20727|64
20727|65
20727|66
20727|67
20727|68
20727|69
20727|70
20727|71
20727|72
20727|73
122168|17
32033|84
20727|74
20727|75
20727|76
20727|77
20727|78
20727|79
20727|80
20727|81
20727|82
20727|83
20727|84
20727|85
20727|86
20727|87
20727|88
20727|89
20727|90
20727|91
20727|92
20727|93
20727|94
20727|95
20727|96
20727|97
20727|98
20727|99
32033|172
32033|173
20727|100
20727|101
20727|102
20727|103
20727|104
20727|105
20727|106
20727|107
20727|108
20727|109
20727|110
20727|111
20727|112
20727|113
20727|114
20727|115
20727|116
20727|117
20727|118
32033|174
33100|2
33100|3
33100|4
33100|5
33100|6
33100|7
33100|8
33100|9
33100|10
33100|11
33100|12
33100|13
33100|14
33100|15
33100|16
33100|17
33100|18
33100|19
33100|20
33100|21
33100|22
33100|23
33100|24
122168|18
32033|226
33100|25
33100|26
33100|27
33100|28
33100|29
33100|30
33100|31
33100|32
33100|33
33100|34
33100|35
33100|36
33100|37
33100|38
33100|39
33100|40
33100|41
33100|42
33100|43
33100|44
33100|45
33100|46
33100|47
33100|48
33100|49
33703|1
33703|2
33703|3
33703|4
122168|21
122168|22
122168|23
122168|24
122168|25
122168|26
122168|27
122168|28
122168|29
122168|30
122168|31
122168|32
122168|33
122168|34
122168|35
122168|36
122168|37
122168|38
122168|39
122168|40
122168|41
122290|1
122290|2
122290|3
122290|4
122290|5
122290|6
122290|7
122290|8
122290|9
122290|10
122290|11
122290|12
122290|13
122290|14
122290|15
122290|16
122290|17
122290|18
122290|19
122290|20
122290|21
122290|22
122290|23
122290|24
122290|25
88675|40
106779|15
32033|1
32033|2
32033|3
32033|4
32033|5
32033|6
32033|7
32033|8
32033|9
32033|10
32033|11
32033|12
32033|13
32033|14
32033|15
32033|16
32033|17
32033|18
32033|19
32033|20
32033|21
32033|22
32033|23
32033|24
32033|25
32033|26
32033|27
32033|28
32033|29
32033|30
32033|31
32033|32
32033|33
32033|34
32033|35
32033|36
32033|38
32033|39
32033|40
32033|41
32033|42
32033|43
32033|44
32033|45
32033|46
32033|47
32033|48
32033|49
32033|50
32033|51
32033|52
32033|53
32033|54
32033|55
32033|56
32033|57
32033|58
32033|59
32033|60
32033|61
32033|62
32033|63
32033|64
32033|65
32033|66
32033|67
32033|68
32033|69
32033|70
32033|71
32033|72
32033|73
32033|74
32033|75
32033|76
32033|77
32033|78
32033|79
32033|80
32033|81
32033|82
32033|83
32033|85
32033|86
32033|87
32033|88
32033|89
32033|90
32033|91
32033|92
32033|93
32033|94
32033|95
32033|96
32033|97
32033|98
32033|99
32033|100
32033|101
32033|102
32033|103
32033|104
32033|105
32033|106
32033|107
32033|108
32033|109
32033|110
32033|111
32033|112
32033|113
32033|114
32033|115
32033|116
32033|117
32033|118
32033|119
32033|120
32033|121
32033|122
32033|123
32033|124
32033|125
32033|126
32033|127
32033|227
125838|31
32033|128
32033|129
32033|130
32033|131
32033|132
32033|133
32033|134
32033|135
32033|136
32033|137
32033|138
32033|139
32033|140
32033|141
32033|142
32033|143
32033|144
32033|145
32033|146
32033|147
32033|148
32033|149
32033|150
32033|151
32033|152
32033|153
32033|154
32033|155
32033|156
32033|157
32033|158
32033|159
32033|160
32033|161
32033|162
32033|163
32033|164
32033|165
32033|166
32033|167
32033|168
32033|169
32033|170
32033|171
6473|14
32033|175
32033|176
32033|177
32033|178
32033|179
32033|180
32033|181
32033|182
32033|183
32033|184
32033|185
32033|186
32033|187
32033|188
32033|189
32033|190
32033|191
32033|192
32033|193
32033|194
32033|195
32033|196
32033|197
32033|198
32033|199
32033|200
32033|201
32033|202
32033|203
32033|204
32033|205
32033|206
32033|207
32033|208
32033|209
32033|210
32033|211
32033|212
32033|213
32033|214
32033|215
32033|216
32033|217
32033|218
32033|219
32033|220
32033|221
32033|222
32033|223
32033|224
32033|225
32033|233
32033|234
32033|235
32033|236
32033|237
32033|238
32033|239
32033|240
32033|241
32033|242
32033|243
32033|244
32033|245
35210|1
35210|2
35210|3
35210|4
35210|5
35210|6
35210|7
35210|8
35210|9
35210|10
35210|11
35210|12
35210|13
35210|14
35210|15
52297|1
52297|2
77602|2
77602|3
77602|4
77602|5
77602|6
77602|7
77602|8
77602|9
77602|10
77602|11
77602|12
77602|13
77602|14
81097|1
81097|2
81097|3
81097|4
81097|5
81097|6
81097|7
81097|8
81097|9
81097|10
81097|11
81097|12
81097|13
81097|14
81097|15
85015|1
85015|3
85015|4
52499|4
33703|7
33703|8
33703|9
33703|10
33703|11
33703|12
33703|13
33703|14
33703|15
33703|16
33703|17
50458|1
50458|3
50458|4
50458|5
50458|6
50458|7
50458|8
50458|9
50458|10
50458|11
50458|12
50458|13
50458|14
50458|15
50458|16
50458|17
50458|18
52499|1
52499|2
52499|3
52499|5
122290|26
122290|27
122290|28
122290|29
122290|30
122290|31
122290|32
122290|33
122290|34
122290|35
122290|36
124613|1
124613|2
124613|3
124613|4
124613|5
124613|6
124613|7
124613|8
124613|9
124613|10
124613|11
124613|12
124613|13
124613|14
124613|15
124613|16
124613|17
124613|18
124613|19
124613|20
124613|21
125018|1
125018|2
125018|3
85015|5
85015|6
85015|7
85015|8
85015|9
85015|10
85015|11
85015|12
85015|13
85015|14
85015|15
85015|16
85015|17
85015|18
85015|19
85015|20
85015|21
85015|22
85015|23
85015|24
85015|25
85015|26
85015|27
85015|28
85015|29
85015|30
85015|31
85015|32
85015|33
85015|34
85015|35
88675|41
88675|42
63751|409
52297|3
52297|4
52297|5
52297|6
52297|7
52297|8
52297|9
52297|10
52297|11
52297|12
52297|13
52297|14
52297|15
52297|16
52297|17
52297|18
52297|19
52297|20
52297|21
52297|22
52297|23
52297|24
52297|25
52297|26
52297|27
52297|28
52297|29
52297|30
52297|31
52297|32
52297|59
52297|60
52297|33
52297|34
52297|35
52297|36
52297|37
52297|38
52297|39
52297|40
52297|41
52297|42
52297|43
52297|44
52297|45
52297|46
52297|47
52297|48
52297|49
52297|50
52297|51
52297|52
52297|53
52297|54
52297|55
52297|56
52297|57
52297|58
52297|142
52297|61
52297|62
52297|63
52297|64
52297|65
52297|66
52297|67
52297|68
52297|69
52297|70
52297|71
52297|72
52297|73
52297|74
52297|75
52297|76
52297|77
52297|78
52297|79
52297|80
52297|81
52297|82
52297|83
52297|84
52297|85
52297|86
52297|143
52499|6
52499|7
52499|8
52499|9
52499|10
52499|11
52499|12
52499|13
52499|14
52499|15
52499|16
52499|17
52499|18
52499|19
52499|20
52499|21
52499|22
52499|23
52499|24
52499|25
52499|26
57417|1
57417|2
57417|3
57417|4
57417|5
57417|6
57417|7
57417|8
57417|9
57417|10
57417|11
57417|12
57417|13
52297|87
52297|88
52297|89
52297|90
52297|91
52297|92
52297|93
52297|94
52297|95
52297|96
52297|97
52297|98
52297|99
52297|100
52297|101
52297|102
52297|103
52297|104
52297|105
52297|106
52297|107
52297|108
52297|109
52297|110
52297|111
52297|112
52297|113
52297|114
52297|144
88675|43
52297|115
52297|116
52297|117
52297|118
52297|119
52297|120
52297|121
52297|122
52297|123
52297|124
52297|125
52297|126
52297|127
52297|128
52297|129
52297|130
52297|131
52297|132
52297|133
52297|134
52297|135
52297|136
52297|137
52297|138
52297|139
52297|140
52297|141
52297|145
52297|146
52297|147
52297|148
52297|149
52297|150
52297|151
52297|152
52297|153
52297|154
52297|155
52297|156
52297|157
52297|158
52297|159
52297|160
52297|161
52297|162
52297|163
52297|164
52297|165
52297|166
52297|167
52297|168
52297|169
52297|170
52297|171
52297|172
54279|1
54279|3
54279|4
54279|5
54279|6
54279|7
54279|8
115302|7
125018|4
125018|5
125018|6
125018|7
125018|8
125018|9
125018|10
125018|11
125018|12
125018|13
125018|14
125018|15
125018|16
125018|17
125018|18
125018|19
125018|20
125018|21
125018|22
125493|1
125493|2
125493|3
125493|4
125493|5
125493|6
125493|7
125493|8
125493|9
125493|10
125493|11
125493|12
6473|15
88675|1
88675|2
88675|3
88675|4
88675|5
88675|6
88675|7
88675|8
88675|9
88675|10
88675|11
88675|12
88675|13
88675|14
88675|15
88675|16
88675|17
88675|18
88675|19
88675|20
88675|21
88675|22
88675|23
88675|24
88675|25
88675|26
88675|27
88675|28
88675|29
88675|30
88675|31
88675|32
88675|33
88675|34
88675|35
88675|36
88675|37
69042|16
88675|44
88675|45
88675|46
88675|47
88675|48
88675|49
91461|1
95412|1
95412|2
95412|3
95412|4
95412|5
95412|6
95412|7
95412|8
95412|9
95412|10
95412|11
95412|12
95412|13
95412|14
97034|1
97034|2
97034|3
97034|4
97034|5
97034|6
82254|68
57417|14
57417|15
57417|16
57417|17
57417|18
57417|19
57417|20
57417|21
57417|22
57417|23
57417|24
57417|25
60451|1
60451|2
60451|3
60451|4
60451|5
60451|6
60451|7
60451|8
60451|9
60451|10
60451|11
60451|12
60451|13
60451|14
60451|15
60451|16
60451|17
60451|18
60451|19
60451|20
82254|69
54279|9
54279|10
54279|11
54279|12
54279|13
54279|14
54279|15
54279|16
54279|17
54279|18
54279|19
54279|20
54279|21
54279|22
54279|23
54279|24
54279|25
62596|1
62596|2
62596|3
62596|4
62596|5
62596|6
62596|7
62596|8
62596|9
60451|21
60451|22
125493|13
125493|14
125493|15
125493|16
125493|17
125493|18
125493|19
125493|20
125493|21
125493|22
125493|23
125493|24
125493|25
125493|26
125493|27
125493|28
125493|29
125493|30
125493|31
127795|1
127795|2
127795|4
127795|5
127795|6
127795|7
127795|8
127795|9
127795|10
127795|11
127795|12
127795|13
127795|14
127795|15
127795|16
127795|17
127795|18
127795|19
127795|20
127795|21
127795|22
129424|1
138401|6
138401|7
138401|8
138401|9
138401|10
138401|11
138401|12
138401|13
138401|14
138401|15
138401|16
138401|17
138401|18
138401|19
138401|20
8818|1
8818|2
8818|3
8818|4
8818|5
8818|6
8818|7
8818|8
8818|9
8818|10
8818|11
8818|12
8818|13
67000|6
62596|10
62596|11
62596|12
62596|13
62596|14
62596|15
62596|16
62596|17
62596|18
62596|19
62596|20
62596|21
62596|22
62596|23
62596|24
62596|25
62596|26
62596|27
62596|28
62596|29
62596|30
62596|31
62596|32
62596|33
62596|34
62596|35
62596|36
62596|37
62596|38
62596|39
62596|40
62596|41
62596|42
62596|43
62596|44
62596|45
67000|7
82254|70
60451|23
65732|1
65732|2
65732|3
65732|4
65732|5
65732|6
65732|7
65732|8
65732|9
65732|10
65732|11
65732|12
65732|13
65732|14
65732|15
65732|16
65732|17
65732|18
65732|19
67000|1
1888|37
79870|42
8818|14
8818|15
1888|1
1888|2
1888|3
1888|4
1888|5
1888|6
1888|7
1888|8
1888|9
1888|10
1888|11
1888|12
1888|13
1888|14
1888|15
1888|16
2026|9
65732|20
65732|21
65732|22
65732|23
65732|24
65732|25
65732|26
65732|27
65732|28
65732|29
65732|30
65732|31
65732|32
65732|33
65732|34
65732|35
65732|36
65732|37
65732|38
65732|39
65732|40
65732|41
65732|42
65732|43
65732|44
65732|45
65732|46
65732|47
65732|48
65732|49
65732|50
65732|51
65732|52
65732|53
65732|54
65732|55
65732|56
65732|57
65732|58
65732|59
77477|41
65732|60
65732|61
65732|62
65732|63
65732|64
65732|65
65732|66
65732|67
65732|68
65732|69
65732|70
65732|71
65732|72
65732|73
65732|74
65732|75
65732|76
65732|77
67000|2
67000|3
94128|26
65732|78
65732|79
65732|80
65732|81
65732|82
65732|83
65732|84
65732|85
65732|86
65732|87
65732|88
65732|89
65732|90
65732|91
65732|92
65732|93
65732|94
67000|4
67000|5
94128|28
65732|95
65732|96
65732|97
65732|98
65732|99
65732|100
65732|101
65732|102
65732|103
65732|104
65732|105
65732|106
68681|1
68681|2
68681|3
68681|4
68681|5
68681|6
68681|7
94128|29
67000|8
67000|9
67000|10
67000|11
67000|12
67000|13
67000|14
67000|15
67000|16
67000|17
67000|18
67000|19
67140|1
67140|3
67140|5
67140|6
67140|7
67140|8
67140|9
67140|10
67140|11
67140|12
67140|13
70656|1
70656|2
70656|3
70656|4
5030|35
97034|7
97034|8
97034|9
97034|10
97034|11
97034|12
97034|13
97034|14
97034|15
97034|16
97034|17
101370|1
101370|2
101370|3
101370|4
101370|5
101370|6
101370|7
101370|8
101370|9
101370|10
101370|11
101370|12
101370|13
101370|14
101370|15
101370|16
101370|17
101370|18
101370|19
101370|20
101370|21
101370|22
101370|23
101370|24
102680|19
1888|17
1888|18
1888|19
1888|20
1888|21
1888|22
1888|23
1888|24
1888|25
1888|26
1888|27
1888|28
1888|29
1888|30
1888|31
1888|32
1888|33
1888|34
1888|35
1888|36
1888|38
1888|39
1888|40
1888|41
1888|42
1888|43
1888|44
1888|45
1888|46
1888|47
1888|48
1888|49
1888|50
1888|51
1888|52
1888|53
1888|54
1888|55
1888|56
1888|57
1888|58
1888|59
1888|60
2026|1
2026|2
2026|3
2026|4
2026|5
2026|6
2026|7
2026|8
102133|12
129424|2
129424|3
129424|4
129424|5
129424|6
129424|7
129424|8
129424|9
129424|10
129424|11
129424|12
129424|13
129424|14
130237|1
130237|2
130237|3
130237|4
130237|5
130237|6
130237|7
130237|8
130237|9
130237|10
130237|11
130237|12
130237|13
130237|14
130237|15
130237|16
130237|17
130237|18
130237|19
130237|20
130237|21
130237|22
102133|13
70656|5
70656|6
70656|7
70656|8
70656|9
70656|10
70656|11
71281|1
71281|3
71281|4
71281|5
71281|6
71281|7
71281|8
71281|9
71281|10
71281|11
71281|12
71281|13
71281|14
71281|15
71281|16
71281|17
5030|5
5030|36
104616|1
104616|2
104616|3
104616|4
104616|5
104616|6
104616|7
104616|8
104616|9
104616|10
104616|11
104616|12
104616|13
104616|14
104616|15
104616|16
104616|17
104616|18
104616|19
104616|20
104616|21
104616|22
104616|23
104616|24
104616|25
104616|26
104616|27
104616|28
104616|29
104616|30
104616|31
104616|32
104616|33
104616|34
104616|35
104616|36
104616|37
104616|38
104616|39
104616|40
104616|41
104616|42
105658|1
105658|2
105658|3
105658|4
105658|5
105658|6
105658|7
105658|8
105658|9
5030|101
2026|10
2026|11
2026|12
2026|13
2026|14
2026|15
2026|16
2026|17
2026|18
2026|19
2026|20
2026|21
2026|22
2026|23
2026|24
2026|25
2026|26
2026|27
2026|28
2026|29
2026|30
2026|31
5030|1
5030|2
5030|3
5030|4
138071|20
71281|18
71281|19
71281|20
75025|1
75025|2
75025|3
75025|4
75025|5
75025|6
75025|7
75025|8
75025|9
75025|10
75025|11
75025|12
75025|13
75025|14
75025|15
75025|16
75025|17
75025|18
75025|19
75025|20
75025|21
75025|22
75025|23
75025|24
75025|25
75025|26
75025|27
75025|28
75025|29
75025|30
75025|31
74649|11
105658|10
105658|11
105658|12
105658|13
105658|14
111433|1
111433|2
111433|3
111433|4
111433|5
111433|6
111433|7
111433|8
111433|9
111433|10
111433|11
111433|12
111433|13
111433|14
111433|15
111433|16
113965|1
113965|2
113965|3
113965|4
113965|5
113965|6
113965|7
34300|14
59580|17
5030|6
5030|7
5030|8
5030|9
5030|10
5030|11
5030|12
5030|13
5030|14
5030|15
5030|16
5030|17
5030|18
5030|19
5030|20
5030|21
5030|22
5030|23
5030|24
5030|25
5030|26
5030|27
5030|28
5030|29
5030|30
5030|31
5030|32
5030|33
5030|34
5030|128
5030|37
5030|38
5030|39
5030|40
5030|41
5030|42
5030|43
5030|44
5030|45
5030|46
5030|47
5030|48
5030|49
5030|50
5030|51
5030|52
5030|53
5030|54
5030|55
5030|56
5030|57
5030|58
5030|59
5030|60
5030|61
5030|62
5030|90
5030|91
5030|63
5030|64
5030|65
5030|66
5030|67
5030|68
5030|69
5030|70
5030|71
5030|72
5030|73
5030|74
5030|75
5030|76
5030|77
5030|78
5030|79
5030|80
5030|81
5030|82
5030|83
5030|84
5030|85
5030|86
5030|87
5030|88
5030|89
5030|92
5030|93
5030|102
5030|103
5030|104
5030|105
5030|106
5030|107
5030|108
5030|109
5030|110
5030|111
5030|112
5030|113
5030|114
5030|115
5030|116
5030|117
5030|118
5030|119
5030|120
5030|121
5030|122
5030|123
5030|124
5030|125
5030|126
5030|127
115051|16
5030|129
5030|130
5030|131
5030|132
5030|133
5030|134
5030|135
5030|136
6907|1
6907|2
6907|3
6907|4
6907|5
6907|6
6907|7
6907|8
6907|9
6907|10
6907|11
6907|12
6907|13
6907|14
6907|15
10326|1
10326|2
10326|3
10326|4
10326|5
10326|6
10326|7
10326|8
10326|9
10326|10
10326|11
10326|12
10326|13
10326|14
19284|12
131750|1
131750|2
131750|3
131750|4
131750|5
131750|6
131750|7
131750|8
131750|9
131750|10
131750|11
131750|12
131750|13
131750|14
131750|15
131750|16
131750|17
131750|18
131750|19
131750|20
131750|21
138203|1
138203|3
138203|4
138203|5
138203|6
138203|7
138203|8
138203|9
138203|10
138203|11
138203|12
138203|13
138203|14
126960|18
126960|19
75025|32
75025|33
75025|34
75025|35
75025|36
75025|37
75025|38
75025|39
75025|40
75025|41
75025|42
75025|43
75025|44
75025|45
75025|46
75025|47
75025|48
75025|49
75025|50
75025|51
75025|52
75025|53
75025|54
75025|55
75025|56
75025|57
75025|58
75025|59
75025|60
75025|61
75025|62
75025|63
75025|64
75025|65
75025|66
75025|67
75025|68
75025|69
75025|70
75025|71
75025|72
75025|73
75025|74
75025|75
75025|76
75025|77
75025|124
75025|125
75025|78
75025|79
75025|80
75025|81
75025|82
75025|83
75025|84
75025|85
75025|86
75025|87
75025|88
75025|89
75025|90
75025|91
75025|92
75025|93
75025|94
75025|95
75025|96
75025|97
75025|98
75025|99
75025|100
75025|101
75025|102
75025|103
75025|104
75025|105
75025|106
75025|107
75025|108
75025|109
75025|110
75025|111
75025|112
75025|113
75025|114
75025|115
75025|116
75025|117
75025|118
75025|119
75025|120
75025|121
75025|122
75025|123
97200|28
75025|126
75025|127
75025|128
75025|129
75025|130
75025|131
75025|132
75025|133
75025|134
75025|135
75025|136
75025|137
75025|138
75025|139
75025|140
75025|141
75025|142
75025|143
75025|144
75025|145
75025|146
75025|147
75025|148
75025|149
75025|150
75025|151
75025|152
75025|153
75025|154
75025|155
75025|156
75025|157
75025|158
70531|108
75025|159
75025|160
75025|161
75025|162
75025|163
75025|164
75025|165
75025|166
75025|167
75025|168
75025|169
75025|170
88328|1
88328|2
88328|3
88328|4
88328|5
88328|6
88328|7
88328|8
88328|9
88328|10
88328|11
88328|12
88328|13
88328|14
88328|15
88328|16
88328|17
88328|18
88328|19
88328|20
88328|21
88328|22
88328|23
88328|24
129337|15
68681|8
68681|9
68681|10
68681|11
68681|12
68681|13
68681|14
68681|15
68681|16
68681|17
72289|1
72289|2
72289|3
72289|4
72289|5
72289|6
72289|7
72289|8
72289|9
72289|10
72289|11
72289|12
33286|31
121409|37
10326|15
10326|16
10326|17
10326|18
10326|19
10326|20
10326|21
10326|22
10326|23
10326|24
10326|25
10326|26
10326|27
10326|28
10326|29
10326|30
10326|31
10326|32
10326|33
10326|34
10326|35
10326|36
10326|37
10326|38
10326|39
31884|1
31884|2
31884|3
31884|4
31884|5
31884|6
31884|7
31884|8
31884|9
31884|10
31884|11
119737|20
58946|55
88328|25
95849|1
95849|2
95849|3
95849|4
95849|5
95849|6
95849|7
95849|8
95849|9
95849|10
95849|11
95849|12
95849|13
95849|14
95849|15
95849|16
95849|17
95849|18
95849|19
95849|20
95849|21
95849|22
95849|23
97697|1
97697|3
97697|4
97697|5
97697|6
97697|7
97697|8
97697|9
97697|10
97697|11
97697|12
97697|13
97697|14
121409|38
113965|8
113965|9
113965|10
113965|11
113965|12
113965|13
113965|14
113965|15
113965|16
113965|17
113965|18
113965|19
113965|20
113965|21
113965|22
113965|23
113965|24
113965|25
116758|1
116758|3
116758|4
116758|5
31884|12
31884|13
31884|14
31884|15
31884|16
31884|17
31884|18
31884|19
31884|20
31884|21
31884|22
31884|23
31884|24
31884|25
31884|26
33286|0
33286|1
33286|2
33286|3
33286|4
33286|5
33286|6
54131|2
72289|13
72289|14
72289|15
72289|16
72289|17
72787|1
72787|2
72787|3
72787|4
72787|5
72787|6
72787|7
72787|8
72787|9
72787|10
72787|11
72787|12
72787|13
72787|14
72787|15
72787|16
72787|17
72787|18
72787|19
72787|20
72787|21
72787|22
72787|23
72787|24
72787|25
72787|26
97697|15
116758|6
116758|7
116758|8
116758|9
116758|10
116758|11
116758|12
116758|13
116758|14
119737|1
119737|2
119737|3
119737|4
119737|5
119737|6
119737|7
119737|8
119737|9
119737|10
119737|11
119737|12
119737|13
119737|14
119737|15
119737|16
119737|17
119737|18
119737|19
33286|7
33286|8
33286|9
33286|10
33286|11
33286|12
33286|13
33286|14
33286|15
33286|16
33286|17
33286|18
33286|19
33286|20
33286|21
33286|22
33286|23
33286|24
33286|25
33286|26
33286|27
33286|28
33286|29
33286|30
33286|32
33286|33
33286|34
33286|35
33286|36
33286|37
33286|38
33286|39
33286|40
33286|41
33286|42
33286|43
33286|44
33286|45
33286|46
33286|47
33286|48
33286|49
33286|50
33286|51
33286|52
33286|53
33286|54
33286|55
33286|56
33286|57
33286|58
33286|59
33286|60
33286|61
33286|62
33286|63
33286|64
33286|65
33286|66
33286|67
33286|68
33286|69
33286|70
33286|71
33286|72
33286|73
33286|74
33705|1
33705|2
33705|3
33705|4
33705|5
33705|6
33705|7
33705|8
33705|9
33705|10
33705|11
72787|27
72787|28
72787|29
72787|30
72787|31
72787|32
72787|33
72787|34
72787|35
72787|36
72787|37
72787|38
72787|39
72787|40
72787|41
72787|42
72787|43
74649|1
74649|2
74649|3
74649|4
74649|5
74649|6
74649|7
74649|8
74649|9
74649|10
119737|21
119737|22
119737|23
119737|24
119737|25
119737|26
119737|27
119737|28
119737|29
119737|30
119736|1
119736|3
119736|4
119736|5
119736|6
119736|7
119736|8
119736|9
119736|10
119736|11
119736|12
119736|13
119736|14
119736|15
119736|16
119736|17
119736|18
119736|19
119736|20
119736|21
119736|22
119736|23
119736|24
119736|25
119736|26
119736|27
119736|28
119736|29
119736|30
121409|40
33705|12
33705|13
33705|14
33705|15
33705|16
33705|17
33705|18
34300|1
34300|2
34300|3
34300|4
34300|5
34300|6
34300|7
34300|8
34300|9
34300|10
34300|11
34300|12
34300|13
97697|16
97697|17
97697|18
97697|19
97697|20
97697|21
97697|22
97697|23
97697|24
97697|25
97697|26
97697|27
97697|28
97697|29
97697|30
97697|31
97697|32
97697|33
101065|1
101065|2
101065|3
101065|4
101065|5
101065|6
101065|7
101065|8
101065|9
101065|10
101065|11
101065|12
101065|13
101065|14
101065|15
101065|16
101065|17
101065|18
74649|12
74649|13
74649|14
74649|15
74649|16
74649|17
74649|18
74649|19
74649|20
74649|21
74649|22
74649|23
74649|24
74649|25
74649|26
74649|27
74649|28
74649|29
74649|30
74649|31
74649|32
74649|33
74649|34
74649|35
74649|36
74649|37
74649|38
74649|39
34740|1
74649|40
74649|41
74649|42
74649|43
74649|44
74649|45
74649|46
74649|47
74649|48
74649|49
74649|50
74649|51
74649|52
74649|53
74649|54
74649|55
74649|56
74649|57
74649|58
74649|59
74649|60
74649|61
74649|62
74649|63
74649|64
74649|65
74649|66
121409|39
49002|32
76900|1
76900|2
76900|3
76900|4
76900|5
76900|6
76900|7
76900|8
76900|9
76900|10
76900|11
76900|12
76900|13
76900|14
76900|15
76900|16
77519|1
77519|2
77519|3
77519|4
77519|5
77519|6
49002|33
49002|34
54131|1
58946|56
101065|19
101065|20
101065|21
101065|22
101065|23
101065|24
101065|25
101065|26
101065|27
101065|28
101065|29
101065|30
101065|31
101065|32
101065|33
101065|34
101065|35
101065|36
101065|37
101065|38
101065|39
101065|40
106315|0
106315|1
106315|2
106315|3
106315|4
106315|5
106315|6
106315|7
106315|8
106315|9
106315|10
106315|11
122539|23
54131|3
58946|57
121409|1
121409|2
121409|3
121409|4
121409|5
121409|6
121409|7
121409|8
121409|9
121409|10
121409|11
121409|12
121409|13
121409|14
121409|15
121409|16
121409|17
121409|18
121409|19
121409|20
121409|21
121409|22
121409|23
121409|24
121409|25
121409|26
121409|27
121409|28
121409|29
121409|30
121409|31
121409|32
121409|33
121409|34
121409|35
121409|36
52504|65
121409|41
121409|42
121409|43
121409|44
122539|1
122539|2
122539|3
122539|4
122539|5
122539|6
122539|7
122539|8
122539|9
122539|10
122539|11
122539|12
122539|13
122539|14
122539|15
122539|16
122539|17
122539|18
122539|19
122539|20
122539|21
122539|22
34740|2
34740|3
34740|4
34740|5
34740|6
34740|7
34740|8
49002|1
49002|2
49002|3
49002|4
49002|5
49002|6
49002|7
49002|8
49002|9
49002|10
49002|11
49002|12
49002|13
49002|14
49002|15
49002|16
49002|17
49002|18
49002|19
49002|20
49002|21
49002|22
49002|23
49002|24
49002|25
49002|26
49002|27
49002|28
49002|29
49002|30
49002|31
77519|7
77519|8
77519|9
77519|10
77519|11
77519|12
77519|13
77519|14
77519|15
77519|16
77519|17
78347|1
78347|2
78347|3
78347|4
78347|5
78347|6
78347|7
78347|8
78347|9
78347|10
78347|11
78347|12
78347|13
78347|14
78347|15
78347|16
78347|17
78347|18
80205|1
125838|1
126960|20
106315|12
106315|13
106315|14
106315|15
116431|1
116431|2
116431|3
116431|4
116431|5
116431|6
116431|7
116431|8
116431|9
116431|10
116431|11
116431|12
116431|13
116431|14
116431|15
116431|16
116431|17
116431|18
116431|19
119325|1
119325|2
119325|3
119325|4
119325|5
119325|6
119325|7
119325|8
119325|9
119325|10
119325|11
119325|12
119325|13
122080|1
122080|2
54131|4
54131|5
54131|6
54131|7
54131|8
54131|9
54131|10
54131|11
54131|12
54131|13
54131|14
54131|15
54131|16
54131|17
54131|18
54131|19
54131|20
54131|21
54131|22
54131|23
54131|24
54131|25
54131|26
54131|27
55265|1
55265|3
55265|4
55265|5
55265|6
55265|7
55265|8
55265|9
55265|10
55265|11
55265|12
55265|13
57279|9
80205|2
80205|3
80205|4
80205|5
80205|6
80205|7
80205|8
80205|9
80205|10
80205|11
80205|12
80205|13
80205|14
80205|15
80205|16
80205|17
80205|18
80205|19
80205|20
80205|21
80205|22
80205|23
80205|24
80205|25
80205|26
80205|27
80205|28
125838|30
57279|107
80205|29
80205|30
80205|31
80205|32
80205|33
80205|34
80205|35
80205|36
80205|37
80205|38
80205|39
80205|40
80205|41
80205|42
80205|43
80205|44
80205|45
80205|46
80205|47
80205|48
81326|1
94383|9
138203|15
138203|16
138203|17
138203|18
138203|19
138203|20
138203|21
138203|22
138203|23
138203|24
138203|25
138203|26
139782|1
139782|3
139782|4
139782|5
139782|7
139782|8
139782|9
139782|10
139782|11
139782|12
139782|13
139782|14
139782|15
139782|16
139782|17
3962|6
125838|2
125838|3
125838|4
125838|5
125838|6
125838|7
125838|8
125838|9
125838|10
125838|11
125838|12
125838|13
125838|14
125838|15
125838|16
125838|17
125838|18
125838|19
125838|20
125838|21
125838|22
125838|23
125838|24
125838|25
125838|26
125838|27
125838|28
125838|29
125838|32
125838|33
125838|34
125838|35
125838|36
125838|37
125838|38
125838|39
125838|40
125838|41
125838|42
125838|43
126960|1
126960|2
126960|3
126960|4
126960|5
126960|6
126960|7
126960|8
126960|9
126960|10
126960|11
126960|12
126960|13
126960|14
126960|15
126960|16
126960|17
55265|14
55265|15
55265|16
55265|17
55265|18
55265|19
55265|20
55265|21
55265|22
55265|23
55265|24
55265|25
55265|26
55265|27
55265|28
55265|29
55265|30
55265|31
55265|32
55265|33
55265|34
55265|35
55265|36
55265|37
55265|38
55265|39
55265|40
55265|41
55265|42
55265|43
56856|1
81326|2
81326|3
81326|4
81326|5
81326|6
81326|7
81326|8
81326|9
81326|10
81326|11
81326|12
81326|13
81326|14
81326|15
81326|16
81326|17
81326|18
81326|19
81326|20
81326|21
81326|22
81326|23
82329|1
82329|3
82329|4
82329|5
82329|6
82329|7
82329|8
82329|9
82329|10
82329|11
82329|12
82329|13
3329|15
95090|26
122080|3
127914|1
127914|2
127914|3
127914|4
127914|5
127914|6
127914|7
127914|8
127914|9
127914|10
127914|11
127914|12
127914|13
127914|14
127914|15
127914|16
127914|17
127914|18
127914|19
127914|20
127914|21
127914|22
127914|23
127914|24
127914|25
127914|26
127914|27
127914|28
127914|29
127914|30
127914|31
127914|32
127914|33
127914|34
128685|1
128685|3
128685|4
128685|5
128685|6
128685|8
128685|9
139782|18
139782|19
139782|20
139782|21
139782|22
139782|23
139782|24
1389|1
1389|2
1389|3
1389|4
1389|5
1389|6
1389|7
1389|8
1389|9
1389|10
1389|11
1389|12
1389|13
1389|14
1389|15
1389|16
2604|1
2604|2
2604|3
2604|4
95090|27
56856|2
56856|3
56856|4
56856|5
56856|6
56856|7
56856|8
56856|9
56856|10
56856|11
56856|12
56856|13
56856|14
56856|15
56856|16
56856|17
56856|18
56856|19
56856|20
57279|1
57279|2
57279|3
57279|4
57279|5
57279|6
57279|7
57279|8
131339|1
131339|2
131339|4
131339|5
131339|6
131339|7
131339|8
131339|9
131339|10
131339|11
131339|12
131339|13
131339|14
131339|15
134706|1
134706|3
134706|4
134706|5
134706|6
134706|7
134706|8
134706|9
134706|10
134706|11
134706|12
134706|13
71252|6
57279|10
57279|11
57279|12
57279|13
57279|14
57279|15
57279|16
57279|17
57279|18
57279|19
57279|20
57279|21
57279|22
57279|23
57279|24
57279|25
57279|26
57279|27
57279|28
57279|29
57279|30
57279|31
57279|32
57279|33
57279|34
57279|35
57279|36
57279|108
57279|37
57279|38
57279|39
57279|40
57279|41
57279|42
57279|43
57279|44
57279|45
57279|46
57279|47
57279|48
57279|49
57279|50
57279|51
57279|52
57279|53
57279|54
57279|55
57279|56
57279|57
57279|58
57279|59
57279|60
57279|61
57279|62
57279|63
57279|64
57279|65
57279|66
57279|67
57279|68
57279|69
57279|70
57279|71
57279|72
57279|73
57279|74
57279|75
57279|76
2604|5
71252|7
57279|77
57279|78
57279|79
57279|80
57279|81
57279|82
57279|83
57279|84
57279|85
57279|86
57279|87
57279|88
57279|89
57279|90
57279|91
57279|92
57279|93
57279|94
57279|95
57279|96
57279|97
57279|98
57279|99
57279|100
57279|101
57279|102
57279|103
57279|104
57279|105
57279|106
57279|109
57279|110
57279|111
57279|112
57279|113
57279|114
57279|115
57279|116
57279|117
57279|118
57279|119
57279|120
57279|121
57279|122
57279|123
57279|124
57279|125
57279|126
57279|127
57279|128
57279|129
57279|130
58648|1
58648|2
58648|3
58648|4
58648|5
58648|6
85889|1
85889|2
85889|3
85889|4
85889|5
85889|6
85889|7
85889|8
85889|9
85889|10
85889|11
85889|12
85889|13
85889|14
85889|15
85889|16
94383|1
94383|3
94383|4
94383|5
94383|6
94383|7
94383|8
2604|6
2604|7
2604|8
2604|9
2604|10
2604|11
2604|12
2604|13
2604|14
2604|15
2604|16
2604|17
2604|18
2604|19
2604|20
2604|21
2604|22
2604|23
2604|24
3329|1
3329|2
3329|3
3329|4
3329|5
3329|6
3329|7
3329|8
3329|9
3329|10
3329|11
3329|12
3329|13
3329|14
134706|14
134706|15
134706|16
134706|17
134706|18
134706|19
134706|20
134706|21
134706|22
136518|1
136518|2
136518|3
136518|4
136518|5
136518|6
136518|7
136518|8
136518|9
136518|10
136518|11
136518|12
136518|13
136518|14
136518|15
136518|16
137110|1
137110|2
137110|3
137110|5
137110|6
137110|7
121285|27
128685|10
128685|11
128685|12
128685|13
128685|14
128685|15
128685|16
128685|17
128685|18
128685|19
128685|20
128685|21
128685|22
128685|23
128685|24
128685|25
128685|26
128880|1
128880|2
128880|3
128880|4
128880|5
128880|6
128880|7
128880|8
128880|9
128880|10
128880|11
128880|12
128880|13
128880|14
128880|15
128880|16
128880|17
58648|7
58648|8
58648|9
58648|10
58648|11
58648|12
58648|13
58648|14
58648|15
58648|16
58648|17
59112|1
59112|2
59112|3
59112|4
59112|5
59112|6
59112|7
59112|8
59112|9
59112|10
59112|11
59112|12
59112|13
59112|14
59112|15
59112|16
59112|17
59112|18
121285|28
94383|10
94383|11
94383|12
94383|13
94383|14
94383|15
94383|16
94383|17
94383|18
94383|19
94383|20
94383|21
94383|22
94383|23
94383|24
95090|1
95090|2
95090|3
95090|4
95090|5
95090|6
95090|7
95090|8
95090|9
95090|10
95090|11
95090|12
95090|13
95090|14
95090|15
95090|16
95090|17
95090|18
95090|19
95090|20
95090|21
95090|22
95090|23
95090|24
95090|25
121285|29
128880|18
128880|19
128880|20
130208|1
131782|1
131782|3
131782|4
131782|6
131782|7
131782|8
131782|9
131782|10
131782|11
131782|12
131782|13
131782|14
131782|15
131782|16
131782|17
131782|18
131782|19
131782|20
135813|1
135813|3
135813|4
68170|55
3329|16
3329|17
3329|18
3329|19
3329|20
3329|21
3329|22
3329|23
3329|24
3329|25
3329|26
3329|27
3329|28
3329|29
3329|30
3329|31
3329|32
3329|33
3329|34
3329|35
3329|36
3329|37
3329|38
3329|39
3329|40
3329|41
3329|42
59112|19
3329|43
3329|44
3329|45
3329|46
3329|47
3329|48
3329|49
3329|50
3329|51
3329|52
3329|53
3329|54
3329|55
3329|56
3329|57
3329|58
3329|59
6473|1
6473|2
6473|3
6473|4
6473|5
6473|6
6473|7
6473|8
6473|9
6473|10
6473|11
6473|12
6473|13
95090|28
95090|29
95090|30
95090|31
95090|32
95090|33
95090|34
95090|35
95090|36
97055|1
97055|2
97055|3
97055|4
97055|5
97055|6
97055|7
97055|8
97055|9
97055|10
97055|11
97055|12
97055|13
97055|14
97055|15
97055|16
97055|17
97055|18
97055|19
97055|20
97055|21
101796|1
101796|2
101796|3
101796|4
68170|56
137110|8
137110|9
137110|10
137110|11
137110|12
137110|13
137110|14
137110|15
137110|16
137110|17
137110|18
138169|1
138169|2
138169|3
138169|4
138169|5
138169|6
138169|7
138169|8
138169|9
138169|10
138169|11
138169|12
138169|13
115508|17
6473|16
6473|17
6473|18
6473|19
6473|20
9595|1
9595|2
9595|3
9595|4
9595|5
9595|6
9595|7
9595|8
9595|9
9595|10
9595|11
9595|12
9595|13
9595|14
9595|15
9595|16
9595|17
9595|18
9595|19
9595|20
9595|21
9595|22
9595|23
9595|24
9595|25
9595|26
9595|27
9595|28
9595|29
9595|30
9595|31
9595|32
30283|1
52504|105
62119|1
62119|2
62119|3
62119|4
62119|5
62119|6
62119|7
66491|1
66491|2
66491|3
66491|4
66491|5
66491|6
66491|7
66491|8
66491|9
66491|10
66491|11
66491|12
66491|13
66491|14
66491|15
52504|142
66491|16
66491|17
66491|18
66491|19
66657|0
66657|2
66657|3
66657|4
66657|5
66657|6
66657|7
66657|8
66657|9
66657|10
66657|11
66657|12
66657|13
66657|14
66657|15
66657|16
66657|17
67084|1
67084|2
67084|3
67084|4
67084|5
67084|6
67084|7
67084|8
67084|9
71252|8
101796|5
101796|6
101796|7
101796|8
101796|9
101796|10
101796|11
101796|12
101796|13
101796|14
101796|15
101796|16
101796|17
101796|18
101796|19
103456|1
103456|2
103456|3
103456|4
103456|5
103456|6
103456|7
103456|8
103456|9
103456|10
103456|11
103456|12
135813|5
135813|6
135813|7
135813|8
135813|9
135813|10
135813|11
135813|12
135813|13
135813|14
135813|15
135813|16
135813|17
135813|18
136359|1
136359|2
136359|3
136359|4
136359|5
136359|6
136359|7
136359|8
136359|9
136359|10
136359|11
136359|12
136359|13
136359|14
136359|15
136359|16
136359|17
136359|18
136359|19
136359|20
136359|21
136359|22
136359|23
136359|24
136359|25
136359|26
136359|27
136359|28
136359|29
136359|30
136359|31
136359|32
30283|2
30283|3
30283|4
30283|5
30283|6
30283|7
30283|8
30283|9
30283|10
30283|11
30283|12
30283|13
30283|14
30283|15
30283|16
30283|17
30319|1
30319|2
30319|3
30319|4
30319|5
30319|6
30319|7
30319|8
30319|9
30319|10
30319|11
30319|12
30319|13
30319|14
30319|15
71252|9
103456|13
103456|14
103456|15
103456|16
103456|17
103456|18
103456|19
103456|20
104100|1
104100|2
104100|3
104100|4
104100|5
104100|6
104100|7
104100|8
104100|9
104100|10
104100|11
104100|12
104100|13
109899|1
109899|3
109899|4
109899|5
109899|6
109899|7
109899|8
109899|9
109899|10
71252|10
71252|11
136359|33
136359|34
136359|35
136359|36
136359|37
136359|38
136359|39
136359|40
136359|41
136359|42
136359|43
136359|44
136359|45
136359|46
3925|1
3925|2
3925|3
3925|4
3925|5
3925|6
3925|7
3925|8
3925|9
3925|10
3925|11
3925|12
3925|13
3925|14
3925|15
3925|16
3925|17
3962|1
3962|2
3962|3
3962|4
3962|5
30319|16
30319|17
30319|18
30319|19
30319|20
30319|21
30319|22
30319|23
30319|24
30319|25
30319|26
30319|27
30319|28
30319|29
30319|30
30319|31
30319|32
30319|33
30319|34
71252|12
71252|13
30319|35
30319|36
30319|37
30319|38
30319|39
30319|40
30319|41
30319|42
30319|43
30319|44
30319|45
30319|46
30319|47
30319|48
30319|49
30319|50
48775|0
48775|2
48775|4
48775|5
48775|6
48775|7
48775|8
48775|9
48775|10
48775|11
48775|12
48775|13
109899|11
109899|12
52504|143
67084|10
67084|11
67084|12
68153|1
68153|2
68153|3
68153|4
68153|5
68153|6
68153|7
68153|8
68153|9
68748|1
68748|3
68748|4
68748|5
68748|6
68748|7
68748|8
68748|9
68748|10
71252|14
48775|14
48775|15
48775|16
48775|17
48775|18
48775|19
48775|20
48775|21
48775|22
51518|1
51518|2
51518|3
51518|5
51518|6
51518|7
51518|8
51518|9
51518|10
51518|11
51518|12
51518|13
51518|14
52829|40
54595|75
109899|13
109899|14
109899|15
109899|16
109899|17
109899|18
109899|19
109920|1
109920|2
109920|3
109920|4
109920|5
109920|6
109920|7
109920|8
109920|9
109920|10
109920|11
109920|12
109920|13
109920|14
109920|15
109920|16
109920|17
109920|18
109920|19
110264|1
110264|2
110264|3
110264|4
51518|15
51518|16
51518|17
51518|18
51518|19
51518|20
51518|21
51518|22
52829|1
52829|2
52829|3
52829|4
52829|5
52829|6
52829|7
52829|8
52829|9
52829|10
52829|11
52829|12
52829|13
52829|14
52829|15
52829|16
71252|15
68170|57
68748|11
68748|12
68748|13
68748|14
68748|15
68748|16
68748|17
68748|18
68748|19
68748|20
68748|21
68748|22
69042|1
69042|2
69042|3
69042|4
69042|5
69042|6
69042|7
69042|8
69042|9
69042|10
69042|11
69042|12
52829|17
52829|18
52829|19
52829|20
52829|21
52829|22
52829|23
52829|24
52829|25
52829|26
52829|27
52829|28
52829|29
52829|30
52829|31
52829|32
52829|33
52829|34
52829|35
52829|36
52829|37
52829|38
52829|39
71252|16
52829|41
52829|42
52829|43
52829|44
52829|45
52829|46
52829|47
52829|48
52829|49
52829|50
52829|51
52829|52
52829|53
52829|54
52829|55
52829|56
52829|57
52829|58
52829|59
52829|60
52829|61
52829|62
69042|13
69042|14
52829|63
52829|64
52829|65
52829|66
52829|67
56772|1
56772|2
56772|3
56772|4
56772|5
56772|6
56772|7
56772|8
56772|9
56772|10
56772|11
56772|12
56772|13
56772|14
56854|1
56854|2
56854|3
56854|4
56854|5
56854|6
56854|7
56854|8
56854|9
56854|10
56854|11
56854|12
71252|50
71252|51
110264|5
110264|6
110264|7
110264|8
110264|9
110264|10
110264|11
110264|12
110264|13
110264|14
110264|15
110264|16
110264|17
110264|18
110264|19
113631|1
113631|2
113631|3
114528|1
114528|2
114528|3
114528|4
114528|5
114528|6
114528|7
114528|8
114528|9
68170|58
69042|17
69042|18
69042|19
69042|20
69042|21
69042|22
69042|23
69042|24
69042|25
70531|1
70531|2
70531|3
70531|4
70531|5
70531|6
70531|7
70531|8
70531|9
70531|10
70531|11
70531|12
70531|13
70531|14
70531|15
70531|16
70531|17
70531|18
70531|19
70531|20
70531|21
70531|22
70531|23
70531|24
70531|25
70531|26
70531|27
132264|2
70531|28
70531|29
70531|30
70531|31
70531|32
70531|33
70531|34
70531|35
70531|36
70531|37
70531|38
70531|39
70531|40
70531|41
70531|42
70531|43
70531|44
70531|45
70531|46
70531|47
70531|48
70531|49
70531|50
70531|51
70531|52
70531|53
70531|54
70531|55
70531|56
70531|57
70531|58
70531|59
70531|60
70531|61
70531|62
70531|63
70531|64
70531|65
70531|66
70531|67
70531|68
70531|69
70531|70
71252|52
54595|76
70531|71
70531|72
70531|73
70531|74
70531|75
70531|76
70531|77
70531|78
70531|79
70531|80
70531|81
70531|82
70531|83
70531|84
70531|85
70531|86
70531|87
70531|88
70531|89
70531|90
70531|91
70531|92
70531|93
70531|94
70531|95
70531|96
70531|97
70531|98
70531|99
70531|100
70531|101
70531|102
70531|103
70531|104
70531|105
70531|106
70531|107
70531|109
70531|110
70531|111
70531|112
70531|113
70531|114
70531|115
70531|116
70531|117
70531|118
70623|1
70623|2
70623|3
70623|4
70623|5
70623|6
70623|7
70623|8
70623|9
70623|10
70623|11
70623|12
70623|13
70623|14
71252|82
56854|13
56854|14
56854|15
57184|1
57184|2
57184|3
57184|4
57184|5
57184|6
57184|7
57184|8
57184|9
57184|10
57184|11
57184|12
57184|13
57184|14
57184|15
57184|16
57184|17
57184|18
57184|19
57184|20
57184|21
57184|22
57184|23
57184|24
57184|25
57184|26
57184|27
57184|28
57184|29
58070|1
58070|2
58070|3
71252|152
86510|71
114528|10
114528|11
114528|12
114528|13
114528|14
114528|15
116045|0
116045|1
116045|3
116045|4
116045|5
116045|6
116045|7
116045|8
116045|9
116045|10
116045|11
116045|12
116045|13
116045|14
116045|15
116045|16
116045|17
116045|18
116045|19
116045|20
116045|21
116045|22
116045|23
116045|24
116045|25
116045|26
116045|27
70623|15
70623|16
70623|17
70623|18
70623|19
70623|20
70623|21
70623|22
70623|23
70623|24
70623|25
70623|26
70623|27
70623|28
70623|29
70623|30
70623|31
70623|32
70623|33
70623|34
70623|35
70623|36
70623|37
70623|38
70623|39
70623|40
70623|41
70623|42
70623|43
70623|44
70623|45
70623|46
70623|47
70623|48
70623|49
70623|50
70623|51
70623|52
70623|53
70623|54
70623|55
70623|56
70623|57
70623|58
70623|59
70623|60
70623|61
70623|62
70623|63
70623|64
70623|65
70623|66
70623|67
70623|68
70623|69
70623|70
70623|71
70623|72
70623|73
70623|74
70623|75
70623|76
70623|77
70623|78
70623|79
70623|80
70623|81
70623|82
71252|1
71252|2
71252|3
71252|4
71252|5
64098|132
116045|28
116045|29
116045|30
116045|31
116045|32
121285|1
121285|2
121285|3
121285|4
121285|5
121285|6
121285|7
121285|8
121285|9
121285|10
121285|11
121285|12
121285|13
121285|14
121285|15
121285|16
121285|17
121285|18
121285|19
121285|20
121285|21
121285|22
121285|23
121285|24
121285|25
121285|26
64098|133
58070|4
58070|5
58070|6
58070|7
58070|8
58070|9
58070|10
58070|11
58070|12
58070|13
58070|14
58070|15
58070|16
58070|17
68170|1
68170|2
68170|3
68170|4
68170|5
68170|6
68170|7
68170|51
71252|17
71252|18
71252|19
71252|20
71252|21
71252|22
71252|23
71252|24
71252|25
71252|26
71252|27
71252|28
71252|29
71252|30
71252|31
71252|32
71252|33
71252|34
71252|35
71252|36
71252|37
71252|38
71252|39
71252|40
71252|41
71252|42
71252|43
71252|44
71252|45
71252|46
71252|47
71252|48
71252|49
71252|53
71252|54
71252|55
71252|56
71252|57
71252|58
71252|59
71252|60
71252|61
71252|62
71252|63
71252|64
71252|65
71252|66
71252|67
71252|68
71252|69
71252|70
71252|71
71252|72
71252|73
71252|74
71252|75
71252|76
71252|77
71252|78
71252|79
71252|80
71252|81
71252|83
71252|84
71252|85
71252|86
71252|87
71252|88
71252|89
71252|90
71252|91
71252|92
71252|93
71252|94
71252|95
71252|96
71252|97
71252|98
71252|99
71252|100
71252|101
71252|102
71252|103
71252|104
71252|105
71252|106
71252|107
71252|108
71252|109
71252|110
71252|111
71252|112
71252|113
71252|114
71252|115
71252|116
71252|153
71252|117
71252|118
71252|119
71252|120
71252|121
71252|122
71252|123
71252|124
71252|125
71252|126
71252|127
71252|128
71252|129
71252|130
71252|131
71252|132
71252|133
71252|134
71252|135
71252|136
71252|137
71252|138
71252|139
71252|140
71252|141
71252|142
71252|143
71252|144
71252|145
71252|146
71252|147
71252|148
71252|149
71252|150
71252|151
71252|154
71252|155
71252|156
71252|157
71252|158
71252|159
71252|160
71252|161
71252|162
71252|163
71252|164
71252|165
71252|166
71252|167
71252|168
71252|169
71252|170
71252|171
71252|172
71252|173
71252|174
71252|175
71252|176
71252|177
71252|178
71252|179
71252|180
71252|181
71252|182
71252|183
71252|184
71252|185
71252|186
71252|187
71252|188
71252|189
71252|190
71252|191
68170|52
71252|192
71252|193
71252|194
71252|195
71252|196
71252|197
71252|198
71252|199
71252|200
71252|201
71252|202
71252|203
76250|1
76250|3
76250|4
76250|5
76250|6
76250|7
76250|8
81378|1
81378|2
81378|3
81378|5
81378|6
81378|7
81378|8
81378|9
81378|10
81378|11
81378|12
81378|13
81378|14
81378|15
81378|16
81378|17
81378|18
81378|19
81378|20
81378|21
81378|22
68170|8
68170|9
68170|10
68170|11
68170|12
68170|13
68170|14
68170|15
68170|16
68170|17
68170|18
68170|19
68170|20
68170|21
68170|22
68170|23
68170|24
68170|25
68170|26
68170|27
68170|28
68170|29
68170|30
68170|47
68170|48
68170|31
68170|32
68170|33
68170|34
68170|35
68170|36
68170|37
68170|38
68170|39
68170|40
68170|41
68170|42
68170|43
68170|44
68170|45
68170|46
68170|49
68170|50
68170|53
68170|59
68170|60
68170|61
68170|62
68170|63
68170|64
68170|65
68170|66
68905|1
68905|2
68905|3
68905|4
68905|5
68905|6
68905|7
68905|8
68905|9
68905|10
68905|11
68905|12
68905|13
68905|14
68905|15
68905|16
68905|17
68905|18
78365|0
78365|1
121578|1
121578|2
121578|3
121578|4
121578|5
121578|6
121578|7
121578|8
121578|9
121578|10
121578|11
121578|12
121578|13
121578|14
121578|15
121578|16
121578|17
121578|18
121578|19
121578|20
121578|21
121578|22
121578|23
121578|24
121578|25
126028|1
126028|2
126028|3
126028|4
126028|5
126028|6
126028|7
126028|8
126028|9
126028|10
126028|11
126028|12
126028|13
126028|14
126028|15
126028|16
126028|17
81976|24
81378|23
81378|24
81378|25
81378|26
81378|27
81378|28
81378|29
81378|30
81378|31
81378|32
81378|33
81378|34
81378|35
81378|36
95945|1
95945|2
95945|3
95945|4
95945|5
95945|6
95945|7
95945|8
95945|9
95945|10
95945|11
95945|12
111837|6
126028|18
126028|19
126028|20
126028|21
126028|22
126028|23
126028|24
126028|25
126028|26
126028|27
126028|28
132128|1
132128|3
132128|4
132128|5
132128|6
132128|7
132128|8
132128|9
132128|10
132128|11
132128|12
132128|13
132128|14
132128|15
132128|16
132128|17
132128|18
132128|19
132128|20
132128|21
132128|22
132128|23
81976|20
54595|77
78365|2
78365|3
78365|4
78365|5
78365|6
78365|7
78365|8
78365|9
78365|10
78365|11
78365|12
78365|13
78365|14
78365|15
78365|16
78365|17
78365|18
78365|19
78365|20
78365|21
78365|22
78365|23
78365|24
78365|25
78365|26
78365|27
78365|28
78365|29
78365|30
78365|31
79606|1
79606|2
79606|3
79606|4
79606|5
79606|6
79606|7
79606|8
79606|9
79606|10
81976|21
95945|13
95945|14
95945|15
101810|1
101810|2
101810|3
101810|4
101810|5
101810|6
101810|7
101810|8
101810|9
101810|10
101810|11
101810|12
101810|13
101810|14
101810|15
101810|16
101810|17
101810|18
101810|19
101810|20
81976|22
81976|23
79606|11
79606|12
79606|13
79606|14
79606|15
79606|16
79606|17
79606|18
79606|19
79606|20
79606|21
81976|1
81976|2
81976|3
81976|4
81976|5
81976|6
81976|7
81976|8
81976|9
81976|10
81976|11
81976|12
81976|13
81976|14
81976|15
81976|16
81976|17
81976|18
81976|19
132128|24
132128|25
132128|26
132128|27
132128|28
134370|1
134370|3
134370|4
134370|5
134370|6
134370|7
134370|8
134370|9
134370|10
134370|11
134370|12
134370|13
134370|14
134370|15
134370|16
134370|17
134370|18
134370|19
134370|20
134370|21
134370|22
134370|23
134370|24
134370|25
137631|1
137631|2
137631|4
137631|5
137631|6
137631|7
137631|8
137631|9
82254|71
101810|21
101810|22
101810|23
101810|24
101810|25
101810|26
101810|27
101810|28
101810|29
101810|30
101810|31
101810|32
101810|33
101810|34
101810|35
101810|36
101810|37
101810|38
101810|39
101810|40
101810|41
103399|1
103399|2
103399|3
103399|4
103399|5
103399|6
103399|7
103399|8
103399|9
103399|10
103399|11
103399|12
103399|13
103399|14
103399|15
103399|16
103399|17
103399|18
82254|72
81976|25
81976|26
81976|27
81976|28
81976|29
82254|1
82254|2
82254|3
82254|4
82254|5
82254|6
82254|7
82254|8
82254|9
82254|10
82254|11
82254|12
82254|13
82254|14
82254|15
82254|16
82254|17
82254|18
82254|19
82254|20
82254|21
82254|22
82254|23
82254|24
82254|25
82254|73
82254|74
103399|19
103399|20
103399|21
103399|22
103399|23
103399|24
103399|25
103399|26
103399|27
105489|1
105489|2
105489|3
105489|4
105489|5
105489|6
105489|7
105489|8
105489|9
105489|10
105489|11
105489|12
105489|13
105489|14
105489|15
105489|16
105489|17
105489|18
111837|1
111837|3
111837|4
111837|5
82254|75
137631|10
137631|11
137631|12
137631|13
137631|14
137631|15
137631|16
137631|17
137631|18
137631|19
137631|20
137631|21
138338|1
138338|2
138338|4
138338|5
138338|6
138338|7
138338|8
138338|9
138338|10
138338|11
138338|12
138338|13
139735|1
139735|3
139735|4
54595|78
111837|7
111837|8
111837|9
111837|10
111837|11
111837|12
111837|13
111837|14
111837|15
111837|16
111837|17
115508|1
115508|2
115508|3
115508|4
115508|5
115508|6
115508|7
115508|8
115508|9
115508|10
115508|11
115508|12
115508|13
115508|14
115508|15
115508|16
83556|6
138169|14
138169|15
138169|16
138169|17
138169|18
138169|19
140092|1
140092|3
140092|4
140092|6
140092|7
140092|8
140092|9
140092|10
140092|11
140092|12
140092|13
140092|14
140092|15
140092|16
140092|17
140092|18
140092|19
140714|1
140714|3
140714|4
115508|18
115508|19
115508|20
115508|21
118128|0
118128|1
118128|2
118128|3
118128|4
118128|5
118128|6
118128|7
118128|8
118128|9
118128|10
118128|11
118128|12
118128|13
118128|14
118128|15
118128|16
118128|17
118128|18
118128|19
118128|20
118128|21
118128|22
118128|23
118128|24
118128|25
118128|26
118128|27
118447|1
118447|2
118447|3
118447|4
118447|5
3328|34
140714|6
140714|7
140714|8
140714|9
140714|10
140714|11
140714|12
140714|13
140714|14
140714|15
140714|16
140714|17
140714|18
140714|19
140714|20
140714|21
140714|22
140714|23
140714|24
140714|25
140714|26
140714|27
140714|28
140714|29
140714|30
140714|31
140714|32
140714|33
129337|14
3328|35
140714|34
140714|35
140714|36
140714|37
140714|38
140714|39
140714|40
140714|41
2773|1
2773|2
2773|3
2773|4
2773|5
2773|6
2773|7
2773|8
2773|9
2773|10
2773|11
2773|12
2773|13
2773|14
2773|15
2773|16
2773|17
2773|18
2773|19
2773|20
2773|21
2773|22
2773|23
2773|24
2773|25
2773|26
2773|27
2773|28
118447|6
118447|7
118447|8
118447|9
122434|1
126098|1
126098|2
126098|3
126098|4
126098|5
126098|6
126098|7
126098|8
126098|9
126098|10
126654|0
126654|2
126654|3
126654|4
126654|5
126654|6
126654|7
126654|8
126654|9
129337|11
129337|12
126654|10
126654|11
126654|12
126654|13
126654|14
127909|1
127909|2
127909|3
127909|4
127909|5
127909|6
127909|7
127909|8
127909|9
127909|10
127909|11
127909|12
127909|13
127909|14
129337|1
129337|2
129337|3
129337|4
129337|5
129337|6
129337|7
129337|8
129337|9
129337|10
129337|13
139735|6
139735|7
139735|8
139735|9
139735|10
139735|11
139735|12
139735|13
139735|14
139735|15
139735|16
140245|1
140245|2
140245|4
140245|5
140245|6
140245|7
140245|8
140245|9
140245|10
140245|11
140245|12
140245|13
140245|14
140245|15
140245|16
140245|17
355|14
129337|16
129337|17
129337|18
129337|19
133787|1
133787|2
133787|3
133787|4
133787|5
133787|6
133787|7
133787|8
133787|9
133787|10
133787|11
133787|12
133787|13
133787|14
133787|15
133787|16
133787|17
133787|18
134160|1
134160|2
134160|3
134160|4
134160|5
134160|6
134160|7
134160|8
140245|18
140245|19
140245|20
140245|21
140245|22
140245|23
140245|24
140245|25
140245|26
355|1
355|2
355|3
355|4
355|5
355|6
355|7
355|8
355|9
355|10
355|11
355|12
355|13
134160|9
83556|7
355|15
355|16
355|17
4449|1
4449|2
4449|3
4449|4
4449|5
4449|6
4449|7
4449|8
8940|1
8940|2
8940|3
8940|4
8940|5
8940|6
8940|7
8940|8
8940|9
8940|10
8940|11
8940|12
8940|13
134160|10
134160|11
134160|12
134160|13
134160|14
134160|15
138207|1
138207|3
138207|4
138207|5
138207|6
138207|7
138207|8
138207|9
138207|10
138207|11
138207|12
138207|13
138207|14
138207|15
138207|16
138207|17
138207|18
138207|19
138207|20
138207|21
138207|22
138207|23
138207|24
132264|1
82254|26
82254|27
82254|28
82254|29
82254|30
82254|31
82254|32
82254|33
82254|34
82254|35
82254|36
82254|37
82254|38
82254|39
82254|40
82254|41
82254|42
82254|43
82254|44
82254|45
82254|46
82254|47
82254|48
82254|49
82254|50
82254|51
82254|52
82254|53
82254|54
82254|55
82254|56
82254|57
82254|58
82254|59
82254|60
82254|61
82254|62
82254|63
82254|64
82254|65
82254|66
82254|67
82254|76
82254|77
82254|78
82254|79
82254|80
82254|81
82254|82
82254|83
82254|84
82254|85
82254|86
82254|87
82254|88
82254|89
82254|90
82254|91
82254|92
82254|93
82254|94
82254|95
82254|96
82254|97
82254|98
82254|99
82254|100
82254|101
82254|102
82254|103
82254|104
82254|105
82254|106
82254|107
82254|108
82254|109
82254|110
82254|111
82254|112
82254|113
82254|114
82254|115
2773|29
82254|116
82254|117
82254|118
82254|119
82254|120
82254|121
82254|122
82254|123
82254|124
82254|125
82254|126
82254|127
82254|128
82254|129
82254|130
82254|131
82254|132
83556|1
83556|2
83556|3
83556|4
83556|5
2773|30
83556|8
83556|9
83556|10
83556|11
83556|12
83556|13
83556|14
83556|15
85581|1
85581|2
85581|3
85581|4
85581|5
85581|6
85581|7
85581|8
85581|9
85581|10
85581|11
85581|12
85581|13
85581|14
85581|15
85581|16
85581|17
85581|18
85581|19
85581|20
85581|21
85581|22
85581|23
85581|24
85581|25
85581|26
2773|31
2773|32
2773|33
2773|34
2773|35
2773|36
2773|37
2773|38
2773|39
2773|40
2773|41
2773|42
2773|43
2773|44
2773|45
2773|46
2773|47
2773|48
2773|49
2773|50
2773|51
2773|52
2773|53
2908|1
2908|2
2908|3
2908|4
2908|5
2908|6
2908|7
2908|8
2908|9
2908|10
2908|11
2908|12
2908|13
86510|72
3962|7
3962|8
3962|9
3962|10
3962|11
3962|12
3962|13
3962|14
3962|15
3962|16
3962|17
3962|18
3962|19
3962|20
3962|21
6393|1
6393|2
6393|3
6393|4
6393|5
6393|6
6393|7
6393|8
6393|9
8940|14
8940|15
8940|16
8940|17
8940|18
8940|19
8940|20
8940|21
8940|22
8940|23
9923|1
9923|2
9923|3
9923|4
9923|5
9923|6
9923|7
9923|8
9923|9
9923|10
9923|11
9923|12
9923|13
9923|14
9923|15
9923|16
9923|17
9923|18
9923|19
9923|20
3328|36
85706|1
85706|2
85706|3
85706|4
85706|5
85706|6
85706|7
85706|8
85706|9
85706|10
85706|11
85706|12
85706|13
85706|14
85706|15
85706|16
85706|17
85706|18
85706|19
85706|20
85706|21
85706|22
85706|23
85706|24
85706|25
86290|1
86290|2
86290|3
86290|4
86290|5
86290|6
86290|7
86290|8
86290|9
86290|10
86290|11
86510|73
2908|14
2908|15
2908|16
2908|17
2908|18
2908|19
2908|20
2908|21
2908|22
2908|23
2908|24
2908|25
2908|26
2908|27
2908|28
2908|29
2908|30
2908|31
2908|32
2908|33
2908|34
2908|35
2908|36
3343|1
3343|2
3343|3
3343|4
3343|5
3343|6
3343|7
3343|8
3343|9
3343|10
3343|11
3343|12
3343|13
3343|14
3343|15
34878|0
34878|2
34878|3
34878|4
34878|5
34878|6
34878|7
34878|8
34878|9
34878|10
34878|11
34878|12
34878|13
34878|14
86510|74
86510|75
86510|76
86510|77
6393|10
6393|11
6393|12
6393|13
6393|14
6393|15
6393|16
6393|17
6393|18
6393|19
6393|20
6393|21
86510|78
32381|29
6393|22
6393|23
6393|24
6393|25
6393|26
6393|27
6393|28
7717|1
7717|2
7717|3
7717|4
7717|5
7717|6
7717|7
7717|8
7717|9
7717|10
7717|11
7717|12
7717|13
7717|14
7717|15
71034|66
86290|12
86290|13
86290|14
86290|15
86290|16
86290|17
86290|18
86315|1
86315|2
86315|3
86315|4
86315|5
86315|6
86315|7
86315|8
86315|9
86315|10
86315|11
86315|12
86315|13
86315|14
86315|15
86315|16
86510|1
86510|2
86510|3
86510|4
86510|5
86510|6
86510|7
86510|8
86510|9
86510|10
86510|11
86510|12
86510|13
86510|14
86510|15
86510|16
86510|17
7717|16
7717|17
7717|18
7717|19
7717|20
7717|21
7717|22
7717|23
7717|24
7717|25
7717|26
7717|27
7717|28
7717|29
7717|30
7717|31
7717|32
7717|33
5926|17
7717|34
7717|35
7717|36
7717|37
7717|38
7717|39
7717|40
7717|41
7717|42
7717|43
7717|44
7717|45
7717|46
7717|47
7717|48
7717|49
9682|1
9682|2
9682|3
9682|4
9682|5
9682|6
9682|7
9682|8
9682|9
9682|10
9682|11
9682|12
9682|13
10016|1
10016|2
10016|3
10016|4
10016|5
10016|6
10016|7
10016|8
10016|9
10016|10
10016|11
10016|12
10016|13
10016|14
20517|1
20517|2
20517|3
20517|4
20517|5
20517|6
20517|7
20517|8
20517|9
5926|18
132264|3
132264|4
132264|5
132264|6
132264|7
132264|8
132264|9
132264|10
132264|11
132264|12
132264|13
5926|1
5926|2
5926|3
5926|4
5926|5
5926|6
5926|7
5926|8
5926|9
5926|10
5926|11
5926|12
5926|13
5926|14
5926|15
5926|16
34292|3
9682|14
9682|15
9682|16
9682|17
9682|18
9682|19
9682|20
9682|21
33333|1
33333|3
33333|4
33333|5
33333|6
33333|7
33333|8
33333|9
33333|10
33333|11
33333|12
33333|13
33333|14
33333|15
33333|16
33333|17
33333|18
33333|19
33333|20
33333|21
33333|22
33333|23
52230|1
52230|3
34292|5
34878|15
34878|16
34878|17
34878|18
34878|19
34878|20
34878|21
34878|22
34878|23
34878|24
34878|25
34878|26
34878|27
34878|28
35080|1
35080|2
35080|3
35080|4
35080|5
35080|6
35080|7
35080|8
35080|9
35080|10
35080|11
35080|12
35080|13
34292|6
71034|67
20517|10
20517|11
20517|12
20517|13
20517|14
20517|15
20517|16
20517|17
20517|18
20517|19
33112|1
33112|2
33112|3
33112|4
33112|5
33112|6
33112|7
33112|8
33112|9
33112|10
33112|11
33112|12
33112|13
33112|14
33112|15
33112|16
34292|1
34292|7
72878|62
86510|18
86510|19
86510|20
86510|21
86510|22
86510|23
86510|24
86510|25
86510|26
86510|27
86510|28
86510|29
86510|30
86510|31
86510|32
86510|33
86510|34
86510|35
86510|36
86510|37
86510|38
86510|39
86510|40
86510|41
86510|42
86510|43
86510|44
86510|45
86510|46
86510|47
86510|48
86510|49
86510|50
86510|51
86510|52
86510|53
86510|54
86510|55
86510|56
86510|57
86510|58
86510|59
86510|60
86510|61
86510|62
86510|63
86510|64
86510|65
86510|66
86510|67
86510|68
86510|69
86510|70
86510|79
86510|80
86510|81
86510|82
86510|83
86510|84
86510|85
86510|86
86510|87
86510|88
86510|89
86510|90
86510|91
86510|92
86510|93
86510|94
86510|95
86510|96
86510|97
86510|98
86510|99
86510|100
86510|101
86510|102
86510|103
86510|104
86510|105
86510|106
89775|1
89775|2
89775|3
89775|4
89775|5
89775|6
89775|7
89775|8
89775|9
89775|10
89775|11
89775|12
89775|13
72878|66
5926|19
5926|20
5926|21
5926|22
5926|23
5926|24
5926|25
5926|26
5926|27
5926|28
7214|1
7214|2
7214|3
7214|4
7214|5
7214|6
7214|7
7214|8
7214|9
7214|10
7214|11
7214|12
7214|13
7214|14
7214|15
7214|16
7214|17
7214|18
79415|18
35080|14
35080|15
35080|16
35080|17
35080|18
35080|19
35080|20
35080|21
35080|22
35080|23
35080|24
35080|25
35080|26
35080|27
35080|28
35080|29
35080|30
35080|31
35080|32
51751|1
51751|2
51751|3
79415|19
89775|14
89775|15
89775|16
89775|17
89775|18
89775|19
89775|20
89775|21
89775|22
89775|23
89775|24
89775|25
89775|26
89775|27
98699|1
98699|2
98699|3
98699|4
98699|5
98699|6
98699|7
98699|8
98699|9
7214|19
7214|20
7214|21
7214|22
7214|23
7214|24
7214|25
7214|26
7214|27
7214|28
7214|29
7214|30
7214|31
7214|32
7214|33
7214|34
7214|35
7214|36
7214|37
7214|38
7214|39
7214|40
7214|41
7214|42
7214|43
7214|44
7214|45
7214|46
7214|47
64098|134
7214|48
7214|49
7214|50
7214|51
7214|52
7214|53
7214|54
7214|55
7214|56
7214|57
7214|58
7214|59
7214|60
7214|61
7214|62
7214|63
7214|64
7214|65
7214|66
7214|67
7214|68
7214|69
7214|70
7214|71
51751|4
7214|72
7214|73
7214|74
7214|75
7214|76
7214|77
7214|78
7214|79
7214|80
7214|81
7214|82
7214|83
7214|84
7214|85
7214|86
7214|87
7214|88
7214|89
7214|90
7214|91
7214|92
7214|93
7214|94
7214|95
7214|96
7214|97
7214|98
7776|1
7776|2
7776|3
7776|4
51751|5
51751|6
51751|7
51751|8
51751|9
51751|10
51751|11
51751|12
51751|13
51751|14
51751|15
51751|16
51751|17
51751|18
51751|19
51751|20
51751|21
51751|22
54068|1
54068|2
54068|3
54068|4
54068|5
54068|6
54068|7
7776|5
7776|6
52230|4
52230|5
52230|6
52230|7
52230|8
52230|9
52230|10
52230|11
52230|12
52230|13
52230|14
52230|15
52230|16
52230|17
52230|18
52230|19
52230|20
52230|21
52230|22
52230|23
52230|24
52230|25
52230|26
34292|2
50715|3
52230|27
52230|28
52230|29
52230|30
52230|31
57289|1
57289|2
57289|3
57289|4
57289|5
57289|6
57289|7
57289|8
57289|9
57289|10
57289|11
57289|12
57289|13
57289|14
57289|15
57289|16
57289|17
57289|18
57289|19
57289|20
57289|21
57289|22
57289|23
57289|24
57289|25
57289|26
57289|27
63529|1
63529|2
63529|3
51616|1
34292|8
34292|9
34292|10
34292|11
34292|12
34292|13
34292|14
34292|15
34292|16
34292|17
34292|18
34292|19
34292|20
34292|21
34292|22
34292|23
35092|1
35092|2
35092|3
35092|4
35092|5
35092|6
35092|7
35092|8
79415|20
98699|10
98699|11
98699|12
98699|13
98699|14
98699|15
98699|16
98699|17
98699|18
104938|1
104938|2
104938|3
104938|4
104938|5
104938|6
104938|7
104938|8
109187|1
109187|2
109187|3
109187|4
109187|5
109187|6
109187|7
109187|8
109187|9
109187|10
109278|1
109278|2
109278|3
109278|4
109278|5
109278|6
109278|7
109278|8
109278|9
50715|4
54068|8
54068|9
54068|10
54068|11
54068|12
54068|13
54068|14
54068|15
54068|16
54068|17
59129|1
59129|2
59129|3
59129|4
59129|5
59129|6
59129|7
59129|8
59129|9
59129|10
64098|55
64098|56
7776|7
7776|8
7776|9
7776|10
7776|11
7776|12
7776|13
7776|14
7776|15
19442|1
35198|1
35198|2
35198|3
35198|4
35198|5
35198|6
35198|7
35198|8
35198|9
35198|10
35198|11
35198|12
35198|13
35198|14
35198|15
35198|16
35198|17
35198|18
35198|19
35198|20
50715|1
50715|2
59129|11
59129|12
59129|13
59129|14
59129|15
59129|16
59129|17
63577|1
63577|2
63577|3
63577|4
63577|5
63577|6
63577|7
63577|8
63577|9
63577|10
63577|11
63577|12
63577|13
63577|14
63577|15
63577|16
63577|17
63577|18
63577|19
63577|20
63577|21
63577|22
63577|23
63577|24
63577|25
63577|26
63577|27
63577|28
63577|29
63577|30
63529|4
63529|5
63529|6
63529|7
63529|8
63529|9
63529|10
63529|11
63529|12
63529|13
63529|14
63529|15
63529|16
63529|17
63529|18
63529|19
63529|20
63529|21
64098|1
64098|2
64098|3
64098|4
64098|5
64098|6
64098|7
77466|36
51616|2
51616|3
51616|4
51616|5
51616|6
51616|7
51616|8
51616|9
51616|10
51616|11
51616|12
51616|13
51616|14
51616|15
51616|16
51616|17
51616|18
52648|1
52648|2
52648|3
52648|4
63577|31
63577|32
63577|33
63577|34
63577|35
63577|36
63577|37
63577|38
63577|39
63577|40
63577|41
63577|42
63577|43
63577|44
63577|45
63577|46
63577|47
63577|48
63577|49
63577|50
63577|51
63577|52
64427|1
64427|2
64427|3
64427|4
64427|5
64427|6
64427|7
64427|8
64427|9
64427|10
64427|11
64427|12
77466|37
64098|8
64098|9
64098|10
64098|11
64098|12
64098|13
64098|14
64098|15
64098|16
64098|17
64098|18
64098|19
64098|20
64098|21
64098|22
64098|23
64098|24
64098|25
64098|26
64098|27
64098|28
64098|57
77466|38
64098|29
64098|30
64098|31
64098|32
64098|33
64098|34
64098|35
64098|36
64098|37
64098|38
64098|39
64098|40
64098|41
64098|42
64098|43
64098|44
64098|45
64098|46
64098|47
64098|48
64098|49
64098|50
64098|51
64098|52
64098|53
64098|54
77466|107
64098|58
64098|59
64098|60
64098|61
64098|62
64098|63
64098|64
64098|65
64098|66
64098|67
64098|68
64098|69
64098|70
64098|71
64098|72
64098|73
64098|74
64098|75
64098|76
64098|77
64098|78
64098|79
64098|80
64098|81
64098|82
64098|83
64098|84
64098|85
64098|86
64098|87
64098|88
64098|89
64098|90
64098|91
64098|92
64098|93
64098|94
64098|95
64098|96
64098|97
64098|98
64098|99
64098|100
64098|101
64098|102
64098|103
64098|104
64098|105
64098|106
64098|107
64098|108
64098|109
64098|110
64098|111
64098|112
64098|113
64098|114
64098|115
64098|116
64098|117
64098|118
64098|119
64098|120
64098|121
64098|122
64098|123
64098|124
64098|125
64098|126
64098|127
64098|128
64098|129
64098|130
64098|131
64098|135
64098|136
65482|1
65482|2
65482|3
65482|4
65482|5
65482|6
65482|7
65482|8
65482|9
65482|10
65482|11
65482|12
65482|13
65482|14
65482|15
65482|16
65482|17
65482|18
65482|19
65482|20
65482|21
65482|22
65482|23
71166|1
71166|2
71166|3
71166|4
58346|10
109278|10
109278|11
109278|12
109278|13
109278|14
109278|15
109278|16
109278|17
109278|18
109278|19
109278|20
109278|21
109278|22
109278|23
109278|24
109278|25
109278|26
109278|27
109278|28
109278|29
109278|30
109278|31
109278|32
109278|33
109278|34
109278|35
109278|36
109278|37
109278|38
109278|39
109278|40
109278|41
109278|42
109278|43
109278|44
109278|45
109278|46
109278|47
109278|48
109278|49
109278|50
109278|51
109278|52
109278|53
109278|54
109278|55
109278|56
109278|57
109278|58
109278|59
109278|60
109278|61
109278|62
109278|63
109278|64
109278|65
109278|66
109278|67
109278|68
109278|69
109278|70
109278|71
72878|63
109278|72
109278|73
109278|74
109278|75
109278|76
109278|77
109278|78
109278|79
109278|80
109278|81
109278|82
109278|83
109278|84
109278|85
109278|86
109278|87
109278|88
109278|89
109278|90
109278|91
109278|92
109278|93
109278|94
109278|95
109278|96
109278|97
109278|98
109278|99
109278|100
109278|101
109278|102
109278|103
109278|104
109278|105
109278|106
109278|107
109278|108
109278|109
109278|110
109278|111
109278|112
109278|113
109278|114
109278|115
109278|116
109278|117
109278|118
109278|119
109278|120
109278|121
109278|122
109278|123
109278|124
109278|125
109388|1
109388|2
109388|3
109388|4
109388|5
109388|6
109388|7
52648|5
52648|6
52648|7
52648|8
52648|9
52648|10
52648|11
52648|12
52648|13
52648|14
52648|15
52648|16
52648|17
52648|18
52648|19
52648|20
52648|21
52648|22
52648|23
52648|24
52648|25
56604|1
56604|2
56604|3
56604|4
56604|5
56604|6
56604|7
64427|13
64427|14
64791|1
64791|2
64791|3
64791|4
64791|5
64791|6
64791|7
64791|8
64791|9
64791|10
64791|11
64791|12
64791|13
64791|14
64791|15
64791|16
64791|17
64791|18
64791|19
64791|20
64791|21
64791|22
64791|23
66886|1
66886|3
50715|5
50715|6
50715|7
50715|8
50715|9
50715|10
50715|11
50715|12
50715|13
50715|14
50715|15
50715|16
54857|1
54857|2
54857|3
54857|4
54857|5
54857|6
54857|7
54857|8
54857|9
62210|15
72878|64
109388|8
109388|9
109388|10
109388|11
109388|12
109388|13
109388|14
109388|15
109388|16
109388|17
109388|18
109388|19
109388|20
109388|21
113032|1
113032|3
113032|4
113032|5
113032|6
113032|7
113032|8
113032|9
113032|10
113032|11
113032|12
113032|13
113032|14
113032|15
113032|16
113032|17
116268|1
116268|2
56604|8
56604|9
56604|10
56604|11
56604|12
56604|13
56604|14
56604|15
56604|16
56604|17
56604|18
56604|19
56604|20
56604|21
56604|22
56604|23
62210|1
62210|3
62210|4
62210|5
62210|6
62210|7
62210|8
62210|9
62210|10
62210|11
62210|12
62210|13
62210|14
58346|55
71166|5
71166|6
71166|7
71166|8
71166|9
71166|10
71166|11
71166|12
71740|1
71740|3
71740|4
71740|5
71740|6
71740|7
71740|8
71740|9
71740|10
71740|11
71740|12
71740|13
71740|14
71740|15
71740|16
71740|17
71740|18
71740|19
71740|20
71740|21
71740|22
58346|56
54857|10
54857|11
54857|12
54857|13
54857|14
54857|15
54857|16
54857|17
54857|18
54857|19
54857|20
54857|21
54857|22
54857|23
54857|24
54857|25
54857|26
54857|27
54857|28
54857|29
54857|30
54857|31
54857|32
54857|33
54857|34
54857|35
54857|36
54857|37
54857|38
54857|39
54857|40
54857|41
54857|42
54857|43
54857|44
54857|45
54857|46
54857|47
54857|48
54857|49
54857|50
54857|51
54857|52
54857|53
54857|54
54857|55
54857|56
54857|57
54857|58
77466|108
54857|59
54857|60
54857|61
54857|62
54857|63
54857|64
54857|65
54857|66
54857|67
54857|68
54857|69
54857|70
54857|71
54857|72
58346|1
58346|2
58346|3
58346|4
58346|5
58346|6
58346|7
58346|8
58346|9
77466|109
62210|16
62210|17
62210|18
62210|19
62210|20
62210|21
62210|22
64202|1
64202|3
64202|4
64202|5
64202|6
64202|7
64202|8
64202|9
64202|10
64202|11
64202|12
64202|13
64202|14
64202|15
64202|16
64202|17
64202|18
65961|1
65961|2
65961|3
77466|110
66886|4
66886|5
66886|6
66886|7
66886|9
66886|10
66886|11
66886|12
66886|13
66886|14
66886|15
66886|16
66886|17
66886|18
66886|19
66886|20
66886|21
66886|22
66886|23
66886|24
66886|25
66886|26
66886|27
66886|28
66886|29
66886|30
66886|31
66886|32
66886|33
66886|34
66886|35
66886|36
66886|37
66886|38
66886|39
72900|1
57772|60
71740|23
71740|24
71740|25
71740|26
71740|27
71740|28
71740|29
71740|30
71740|31
71740|32
71740|33
71740|34
71740|35
71740|36
73343|1
73343|2
73343|3
73343|4
73343|5
73343|6
73343|7
73343|8
73343|9
73343|10
73343|11
73343|12
73343|13
73343|14
73343|15
73343|16
73343|17
73343|18
73343|19
73343|20
73343|21
73343|22
73343|23
73343|51
57772|61
58346|11
58346|12
58346|13
58346|14
58346|15
58346|16
58346|17
58346|18
58346|19
58346|20
58346|21
58346|22
58346|23
58346|24
58346|25
58346|26
58346|27
58346|28
58346|29
58346|30
58346|31
58346|32
58346|33
58346|34
58346|35
58346|36
58346|37
58346|38
58346|39
58346|40
58346|41
58346|42
58346|43
58346|44
58346|45
58346|46
58346|47
58346|48
58346|49
58346|50
58346|51
58346|52
58346|53
58346|54
76772|12
58346|57
58346|58
58346|59
58346|60
58346|61
58346|62
58346|63
58346|64
58346|65
58346|66
58346|67
58346|68
58346|69
58346|70
58346|71
59129|1
59129|2
59129|3
59129|4
59129|5
59129|6
59129|7
59129|8
59129|9
59129|10
116268|3
116268|4
116268|5
116268|6
116268|7
116268|8
116268|9
116268|10
116268|11
116268|12
116268|13
116268|14
116268|15
116268|16
116268|17
117287|1
117287|2
117287|3
117287|4
117287|5
117287|6
117287|7
117287|8
117287|9
117287|10
117287|11
65961|4
59129|11
59129|12
59129|13
59129|14
59129|15
59129|16
59129|17
63796|1
63796|2
63796|3
63796|4
63796|5
63796|6
63796|7
63796|8
63796|9
63796|10
63796|11
63796|12
63796|13
63796|14
63796|15
63796|16
63796|17
63796|18
63796|19
63796|20
69684|1
69684|2
69684|4
69684|5
69684|6
69684|7
71034|27
57772|86
72900|2
72900|3
72900|4
72900|5
72900|6
72900|7
72900|8
72900|9
72900|10
72900|11
72900|12
72900|13
72900|14
76772|1
76772|2
76772|3
76772|4
76772|5
76772|6
76772|7
76772|8
76772|9
76772|10
76772|11
73343|24
73343|25
73343|26
73343|27
73343|28
73343|29
73343|30
73343|31
73343|32
73343|33
73343|34
73343|35
73343|36
73343|37
73343|38
73343|39
73343|40
73343|41
73343|42
73343|43
73343|44
73343|45
73343|46
73343|47
73343|48
73343|49
73343|50
73343|52
73343|53
73343|54
73343|55
73343|56
73343|57
73343|58
73343|59
73343|60
73343|61
73343|62
73343|63
73343|64
73343|65
73343|66
73343|67
73343|68
73343|69
73343|70
73343|71
73343|72
73343|73
73343|74
73343|75
73343|76
73343|77
73343|78
73343|79
73343|80
73343|81
73343|82
73343|83
73343|84
73343|85
73343|86
73343|87
73343|88
73343|89
73343|90
76772|13
76772|14
65961|5
73343|91
73343|92
73343|93
73343|94
73343|95
73343|96
73343|97
73343|98
73343|99
73343|100
73343|101
73343|102
73343|103
73343|104
75935|1
75935|2
75935|3
75935|4
75935|6
75935|7
75935|8
75935|9
75935|10
75935|11
75935|12
75935|13
75935|14
76772|15
76772|16
76772|17
76772|18
76772|19
76772|20
76772|21
76772|22
76772|23
76772|24
76772|25
76772|26
76772|27
76772|28
76772|29
76772|30
76772|31
76772|32
76772|33
76772|34
76772|35
76772|36
76772|37
76772|38
76772|39
76772|40
76772|41
76772|42
76772|43
76772|44
76772|45
76772|46
76772|47
76772|48
76772|49
71034|63
71034|64
72343|48
117287|12
117287|13
117287|14
117287|15
117287|16
117287|17
117287|18
117287|19
117287|20
117287|21
117287|22
117287|23
117287|24
117287|25
117287|26
117287|27
117287|28
117287|29
117287|30
117287|31
117287|32
117287|33
117287|34
117287|35
120405|1
120405|2
120405|3
120405|4
120405|5
120405|6
65961|6
65961|7
65961|8
65961|9
65961|10
65961|11
65961|12
65961|13
65961|14
65961|15
65961|16
65961|17
65961|18
65961|19
65961|20
65961|21
65961|22
65961|23
65961|24
65961|25
65961|26
65961|27
65961|28
65961|45
65961|46
72343|49
65961|29
65961|30
65961|31
65961|32
65961|33
65961|34
65961|35
65961|36
65961|37
65961|38
65961|39
65961|40
65961|41
65961|42
65961|43
65961|44
75935|15
65961|47
65961|48
65961|49
65961|50
65961|51
65961|52
65961|53
65961|54
65961|55
65961|56
65961|57
65961|58
65961|59
65961|60
65961|61
65961|62
65961|63
65961|64
65961|65
65961|66
65961|67
65961|68
65961|69
65961|70
65961|71
65961|72
65961|73
65961|74
65961|75
65961|76
65961|77
71034|65
74657|145
65961|78
65961|79
65961|80
65961|81
65961|82
65961|83
65961|84
65961|85
65961|86
65961|87
65961|88
65961|89
65961|90
65961|91
65961|92
65961|93
65961|94
65961|95
69684|8
69684|9
65961|96
65961|97
65961|98
65961|99
65961|100
65961|101
70943|1
70943|2
70943|3
70943|4
70943|5
70943|6
70943|7
70943|8
70943|9
70943|10
70943|11
70943|12
70943|13
70943|14
70943|15
70943|16
70943|17
70943|18
70943|19
70943|20
70943|21
70943|22
70943|23
70943|24
70943|25
70943|26
70943|27
70943|28
70943|29
70943|30
72878|1
72878|65
69684|10
69684|11
69684|12
69684|13
69684|14
69684|15
69684|16
69684|17
69684|18
69684|19
69684|20
69684|21
71034|1
71034|2
71034|3
71034|4
71034|5
71034|6
71034|7
71034|8
71034|9
71034|10
71034|11
71034|12
71034|13
71034|14
71034|15
71034|16
71034|17
71034|18
71034|19
71034|20
71034|21
71034|22
71034|23
71034|24
71034|25
71034|26
82139|1
82139|2
82139|3
82139|4
82139|5
82139|6
82139|7
82139|8
82139|9
82139|10
82139|11
82139|12
82139|13
82139|14
82139|15
82139|16
82139|17
82139|18
82139|19
82139|20
82139|21
82139|22
82139|23
82139|24
82139|25
82139|26
82139|27
82139|28
82139|29
82139|30
82139|31
82139|32
84545|1
84545|2
84545|3
84545|4
84545|5
84545|6
120405|7
120405|8
120405|9
120405|10
120405|11
120405|12
120405|13
120405|14
120405|15
120405|16
120405|17
120405|18
120405|19
120405|20
120405|21
120405|22
120405|23
124835|1
124835|2
124835|3
124835|4
124835|5
124835|6
124835|7
124835|8
124835|9
124835|10
124835|11
124835|12
124835|13
124835|14
125845|1
125845|3
101179|21
76254|1
78204|1
78204|2
78204|3
78204|4
78204|5
78204|6
78204|7
78204|8
78204|9
78204|10
78204|11
78204|12
79415|1
79415|2
79415|3
79415|4
79415|5
79415|6
79415|7
79415|8
79415|9
79415|10
79415|11
79415|12
79415|13
79415|14
79415|15
79415|16
79415|17
71034|28
71034|29
71034|30
71034|31
71034|32
71034|33
71034|34
71034|35
71034|36
71034|37
71034|38
71034|39
71034|40
71034|41
71034|42
71034|43
71034|44
71034|45
71034|46
71034|47
71034|48
71034|49
71034|50
71034|51
71034|52
71034|53
71034|54
71034|55
71034|56
71034|57
71034|58
71034|59
71034|60
71034|61
71034|62
71034|68
71034|69
71034|70
71034|71
71034|72
71034|73
71034|74
71034|75
71034|76
71034|77
71034|78
71034|79
71034|80
71034|81
71034|82
71034|83
71034|84
71034|85
71034|86
71034|87
71034|88
71034|89
71034|90
71034|91
71034|92
71034|93
71034|94
71034|95
71034|96
71034|97
71034|98
71034|99
71034|100
71034|101
71034|102
71034|103
71034|104
71034|105
71034|106
71034|107
71034|108
71034|109
71034|110
71034|111
71034|112
71034|113
71034|114
71034|115
71034|116
71034|117
71034|118
71034|119
71034|120
71034|121
71034|122
71034|123
71034|124
71034|125
71034|126
71034|127
71034|128
71034|129
71034|130
71034|131
71034|132
71034|133
71034|134
72452|1
72452|2
72452|3
72452|4
72452|5
72452|6
72452|7
72452|8
72452|9
72452|10
101179|22
84545|7
84545|8
84545|9
84545|10
84545|11
84545|12
85043|1
85043|2
85043|3
85043|4
85043|5
85043|6
85043|7
85043|8
85043|9
85043|10
85043|11
85043|12
85043|13
85170|1
85170|2
85170|3
85170|4
85170|5
85170|6
85170|7
85170|8
85170|9
85170|10
85170|11
85170|12
85170|13
85170|14
72878|2
72878|3
72878|4
72878|5
72878|6
72878|7
72878|8
72878|9
72878|10
72878|11
72878|12
72878|13
72878|14
72878|15
72878|16
72878|17
72878|18
72878|19
72878|20
72878|21
72878|22
72878|23
72878|24
72878|25
72878|26
72878|27
72878|28
72878|29
72878|30
72878|31
72878|32
72878|33
72878|34
72878|35
72878|36
72878|37
72878|38
72878|39
72878|40
72878|41
72878|42
72878|43
72878|44
72878|45
72878|46
72878|47
72878|48
72878|49
72878|50
72878|51
72878|52
72878|53
72878|54
72878|55
72878|56
72878|57
72878|58
72878|59
72878|60
72878|61
72878|67
72878|68
72878|69
72878|70
72878|71
72878|72
72878|73
72878|74
72878|75
72878|76
72878|77
72878|78
72878|79
72878|80
72878|81
72878|82
72878|83
72878|84
72878|85
72878|86
72878|87
72878|88
72878|89
72878|90
72878|91
72878|92
79415|22
72878|93
72878|94
72878|95
72878|96
72878|97
72878|98
72878|99
72878|100
72878|101
72878|102
72878|103
72878|104
72878|105
72878|106
72878|107
72878|108
72878|109
72878|110
72878|111
72878|112
72878|113
72878|114
72878|115
72878|116
72878|117
72878|118
72878|119
72878|120
72878|121
72878|122
72878|123
72878|124
72878|125
72878|126
72878|127
72878|128
72878|129
72878|130
72878|131
72878|132
72878|133
72878|134
72878|135
72878|136
72878|137
72878|138
72878|139
72878|140
72878|141
72878|142
72878|143
72878|144
72878|145
72878|146
72878|147
72878|148
72878|149
72878|150
72878|151
72878|152
72878|153
72878|154
72878|155
72878|156
72878|157
72878|158
72878|159
72878|160
72878|161
72878|162
72878|163
72878|164
72878|165
72878|166
72878|167
72878|168
72878|169
72878|170
72878|171
72878|172
72878|173
72878|174
72878|175
72878|176
72878|177
72878|178
72878|179
72878|180
72878|181
72878|182
72878|183
72878|184
72878|185
72878|186
72878|187
72878|188
72878|189
72878|190
72878|191
72878|192
79415|67
79415|68
72878|193
72878|194
72878|195
72878|196
72878|197
72878|198
72878|199
72878|200
72878|201
72878|202
72878|203
72878|204
72878|205
72878|206
72878|207
72878|208
72878|209
72878|210
72878|211
72878|212
72878|213
72878|214
72878|215
72878|216
72878|217
73616|1
73616|2
73616|3
73616|4
73616|5
73616|6
73616|7
73616|8
73616|9
73616|10
73616|11
73616|12
73616|13
102133|14
72452|11
72452|12
72452|13
72452|14
72452|15
72452|16
72452|17
72452|18
72452|19
72452|20
72452|21
72452|22
72452|23
72452|24
72452|25
72452|26
72452|27
72452|28
72452|29
72452|30
72452|31
72452|32
72452|33
72452|34
72452|35
72452|36
72452|37
79415|69
68081|21
72452|38
72452|39
72452|40
72452|41
72452|42
72452|43
72452|44
72452|45
72452|46
72452|47
72452|48
72452|49
72452|50
72452|51
72452|52
72452|53
72452|54
72452|55
72452|56
72452|57
72452|58
72452|59
72452|60
79415|21
79415|120
71847|13
72452|61
72452|62
72452|63
72452|64
72452|65
72452|66
72452|67
72452|68
72452|69
72452|70
72452|71
72452|72
72452|73
72452|74
72452|75
72452|76
72452|77
72452|78
72452|79
72452|80
72452|81
72452|82
72452|83
72452|84
72452|85
72452|86
72452|87
72452|88
72452|89
72452|90
72452|91
72452|92
72452|93
72452|94
72452|95
72452|96
72452|97
72452|98
72452|99
72452|100
72452|101
72452|102
72452|103
72452|104
72452|105
72452|106
72452|107
72452|108
72452|109
77466|1
77466|2
77466|3
79415|23
79415|24
79415|25
79415|26
79415|27
79415|28
79415|29
79415|30
79415|31
79415|32
79415|33
79415|34
79415|35
79415|36
79415|37
79415|38
79415|39
79415|40
79415|41
79415|42
79415|43
79415|44
79415|45
79415|46
79415|47
79415|48
79415|49
79415|50
79415|51
79415|52
79415|53
79415|54
79415|55
79415|56
79415|57
79415|58
79415|59
79415|60
79415|61
79415|62
79415|63
79415|64
79415|65
79415|66
87557|19
79415|70
79415|71
79415|72
79415|73
79415|74
79415|75
79415|76
79415|77
79415|78
79415|79
79415|80
79415|81
79415|82
79415|83
79415|84
79415|85
79415|86
79415|87
79415|88
79415|89
79415|90
79415|91
79415|92
79415|93
79415|94
79415|95
79415|96
79415|97
79415|98
79415|99
79415|100
79415|101
79415|102
79415|103
79415|104
79415|105
79415|106
79415|107
79415|108
79415|109
79415|110
79415|111
79415|112
79415|113
79415|114
79415|115
79415|116
79415|117
79415|118
79415|119
79415|121
79415|122
79415|123
79415|124
79415|125
79415|126
79415|127
79415|128
79415|129
79415|130
79415|131
79415|132
79415|133
79415|134
79415|135
79415|136
79415|137
79415|138
79415|139
79415|140
79415|141
79415|142
79415|143
79415|144
79415|145
79415|146
79415|147
79415|148
79415|149
79415|150
79415|151
79415|152
79415|153
79415|154
79415|155
79415|156
79415|157
79415|158
79415|159
79415|160
79415|161
79415|162
73616|14
79415|163
79415|164
79415|165
79415|166
79415|167
79415|168
79415|169
79415|170
79415|171
79415|172
79415|173
79415|174
79415|175
79415|176
79415|177
79415|178
79415|179
79415|180
79415|181
79415|182
79415|183
79415|184
79415|185
79415|186
79415|187
79415|188
79415|189
79415|190
79415|191
79415|192
79415|193
79415|194
79415|195
79415|196
77466|34
77466|35
79415|197
79415|198
79415|199
79415|200
79415|201
79415|202
79415|203
79415|204
79415|205
79415|206
79415|207
79415|208
79415|209
79415|210
79415|211
79415|212
79415|213
79415|214
79415|215
80370|1
80370|2
80370|3
80370|4
80370|5
80370|6
80370|7
80370|8
80370|9
75373|4
73616|15
73616|16
73616|17
73616|18
73616|19
73616|20
73616|21
73616|22
73616|23
73616|24
73616|25
73616|26
73616|27
73616|28
73616|29
73616|30
73616|31
73616|32
73616|33
73616|34
73616|35
73616|36
73616|37
73616|38
73616|39
73616|40
73616|41
73616|42
73616|43
73616|44
73616|45
73616|46
73616|47
73616|48
73616|49
73616|50
75373|1
75373|2
75373|3
125845|4
125845|5
125845|6
125845|7
125845|8
125845|9
125845|10
125845|11
125845|12
125845|13
125845|14
125845|15
125845|16
125845|17
125845|18
125845|19
125845|20
126220|1
126220|2
126220|3
126220|4
126220|5
126220|6
126220|7
126220|8
126220|9
126220|10
126220|11
126220|12
126220|13
126220|14
130493|1
77466|4
77466|5
77466|6
77466|7
77466|8
77466|9
77466|10
77466|11
77466|12
77466|13
77466|14
77466|15
77466|16
77466|17
77466|18
77466|19
77466|20
77466|21
77466|22
77466|23
77466|24
77466|25
77466|26
77466|27
77466|28
77466|29
77466|30
77466|31
77466|32
77466|33
77466|39
77466|40
77466|41
77466|42
77466|43
77466|44
77466|45
77466|46
77466|47
77466|48
77466|49
77466|50
77466|51
77466|52
77466|53
77466|54
77466|55
77466|56
77466|57
77466|58
77466|59
77466|60
77466|61
77466|62
77466|63
77466|64
77466|65
77466|66
77466|67
77466|143
77466|68
77466|69
77466|70
77466|71
77466|72
77466|73
77466|74
77466|75
77466|76
77466|77
77466|78
77466|79
77466|80
77466|81
77466|82
77466|83
77466|84
77466|85
77466|86
77466|87
77466|88
77466|89
77466|90
77466|91
77466|92
77466|93
77466|94
77466|95
77466|96
77466|97
77466|98
77466|99
77466|100
77466|101
77466|102
77466|103
77466|104
77466|105
77466|106
77466|111
77466|112
77466|113
77466|114
77466|115
77466|116
77466|117
77466|118
77466|119
77466|120
77466|121
77466|122
77466|123
77466|124
77466|125
77466|126
77466|127
77466|128
77466|129
77466|130
77466|131
77466|132
77466|133
77466|134
77466|135
77466|136
77466|137
77466|138
77466|139
77466|140
77466|141
77466|142
77466|144
77466|145
77466|146
77466|147
77466|148
77466|149
77466|150
77466|151
77466|152
77466|153
77466|154
77466|155
77466|156
77466|157
77466|158
77466|159
77466|160
77654|1
77654|2
77654|3
77654|4
77654|5
77654|6
77654|7
77654|8
77654|10
77654|11
130493|2
79408|165
80370|10
80370|11
80370|12
80370|13
80370|14
80370|15
80370|16
80370|17
80370|18
80370|19
80370|20
80370|21
80370|22
80370|23
80370|24
80370|25
80370|26
80370|27
80370|28
80370|29
80370|30
81551|1
81551|2
81551|3
81551|4
81551|5
81551|6
81551|7
81551|8
79408|166
79408|167
75373|5
75373|6
75373|7
75373|8
75373|9
75373|10
75373|11
75373|12
75373|13
75373|14
75373|15
75373|16
75373|17
75902|1
75902|2
75902|3
75902|5
75902|6
75902|7
75902|8
75902|9
79328|21
85170|15
85170|16
85170|17
85170|18
85170|19
85170|20
85170|21
85170|22
85170|23
85170|24
85170|25
85170|26
85170|27
85170|28
85170|29
85170|30
85170|31
85170|32
85170|33
85170|34
85170|35
85170|36
85170|37
85170|38
85170|39
85170|40
85170|41
85170|42
85170|43
87369|1
87369|2
87369|3
87369|4
87369|5
77654|12
77654|13
77654|14
77654|15
77654|16
77654|17
77654|18
77654|19
77654|20
77654|21
77654|22
79328|1
79328|2
79328|3
79328|4
79328|5
79328|6
79328|7
79328|8
79328|9
79328|10
79328|11
79328|12
79328|13
79328|14
79328|15
79328|16
79328|17
79328|18
79328|19
79328|20
94774|27
130493|3
130493|4
130493|5
130493|6
130493|7
130493|8
130493|9
130493|10
130493|11
130493|12
130493|13
130493|14
130493|15
130493|16
130493|17
130493|18
136355|1
136355|2
136355|3
136355|4
136355|5
136355|6
136355|7
136355|8
1771|1
1771|3
1771|4
1771|5
1771|6
1771|7
1771|34
87557|20
81551|9
81551|10
81551|11
81551|12
81551|13
81551|14
81551|15
81551|16
81551|17
81969|1
81969|3
81969|4
81969|5
81969|6
84436|1
84436|2
84436|3
84436|4
84436|5
84436|6
84436|7
84436|8
84436|9
94128|30
87369|6
87369|7
87369|8
87369|9
87369|10
87369|11
87369|12
87369|13
87369|14
87369|15
87369|16
87369|17
87369|18
87369|19
87369|20
87369|21
87369|22
87369|23
87369|24
87369|25
87369|26
87369|27
87369|28
87369|29
87369|30
89736|1
89736|2
89736|3
89736|4
89736|5
89736|6
89736|7
79408|83
1953|4
75902|10
75902|11
75902|12
75902|13
75902|14
75902|15
75902|16
75902|17
75902|18
75902|19
75902|20
75902|21
75902|22
75902|23
75902|24
75850|1
75850|2
75850|3
75850|4
75850|5
75850|6
75850|7
75850|8
79408|84
84436|10
79328|22
79328|23
79408|1
79408|2
79408|3
79408|4
79408|5
79408|6
79408|8
79408|9
79408|10
79408|11
79408|12
79408|13
79408|14
79408|15
79408|16
79408|17
79408|18
79408|19
79408|20
79408|21
79408|22
79408|23
79408|24
79408|116
79408|117
79408|118
89736|8
89736|9
89736|10
89736|11
89736|12
89736|13
89736|14
89736|15
91335|1
91335|2
91335|3
91335|4
91335|5
91335|6
91335|7
91335|8
91335|9
91335|10
91335|11
91335|12
91335|13
91335|14
91335|15
91335|16
91335|17
91371|1
91371|2
91371|3
91371|4
75850|9
75850|10
75850|11
75850|12
75850|13
75850|14
75850|15
75850|16
77551|1
77551|2
77551|3
77551|4
77551|5
77551|6
77551|7
77551|8
77551|9
77551|10
77551|11
77551|12
77551|13
77551|14
77551|15
77551|16
77551|17
77551|18
77551|19
77551|20
77551|21
77551|22
79156|1
79156|2
79156|3
79156|4
79156|5
79156|6
102133|15
79408|25
79408|26
79408|27
79408|28
79408|29
79408|30
79408|31
79408|32
79408|33
79408|34
79408|35
79408|36
79408|37
79408|38
79408|39
79408|40
79408|41
79408|42
79408|43
79408|44
79408|45
79408|46
79408|47
79408|48
79408|49
79408|50
79408|51
79408|140
102133|16
79408|52
79408|53
79408|54
79408|55
79408|56
79408|57
79408|58
79408|59
79408|60
79408|61
79408|62
79408|63
79408|64
79408|65
79408|66
79408|67
79408|68
79408|69
79408|70
79408|71
79408|72
79408|73
79408|74
79408|75
79408|76
79408|77
79408|78
79408|79
79408|80
79408|81
79408|82
1953|5
79408|85
79408|86
79408|87
79408|88
79408|89
79408|90
79408|91
79408|92
79408|93
79408|94
79408|95
79408|96
79408|97
79408|98
79408|99
79408|100
79408|101
79408|102
79408|103
79408|104
79408|105
79408|106
79408|107
79408|108
79408|109
79408|110
79408|111
79408|112
79408|113
79408|114
79408|115
79408|119
79408|120
79408|121
79408|122
79408|123
79408|124
79408|125
79408|126
79408|127
79408|128
79408|129
79408|130
79408|131
79408|132
79408|133
79408|134
79408|135
79408|136
79408|137
79408|138
79408|139
79408|141
79408|142
79408|143
79408|144
79408|145
79408|146
79408|147
79408|148
79408|149
79408|150
79408|151
79408|152
79408|153
79408|154
79408|155
79408|156
79408|157
79408|158
79408|159
79408|160
79408|161
79408|162
79408|163
79408|164
94128|31
79408|168
79408|169
79408|170
79408|171
79408|172
79408|173
79408|174
79408|175
79408|176
79408|177
79408|178
79408|179
79408|180
79408|181
79408|182
79408|183
79408|184
79408|185
83688|1
83688|2
79156|7
94128|32
84436|11
84436|12
84436|13
84436|14
84436|15
84436|16
84436|17
94774|1
94774|2
94774|3
94774|4
94774|5
94774|6
94774|7
94774|8
94774|9
94774|10
94774|11
94774|12
94774|13
94774|14
94774|15
94774|16
94774|17
94774|18
94774|19
94774|20
94774|21
94774|22
94774|23
94774|24
94774|25
94774|26
94128|33
91371|5
91371|6
91371|7
91371|8
91371|9
91371|10
91371|11
91371|12
91371|13
91371|14
91371|15
91371|16
94128|1
94128|2
94128|3
94128|4
94128|5
94128|6
94128|7
94128|8
94128|9
94128|10
94128|11
94128|12
94128|13
94128|14
94128|15
94128|16
94128|17
94128|18
94128|19
94128|20
94128|21
94128|22
94128|23
94128|24
94128|27
83688|3
83688|4
83688|5
83688|6
83688|7
83688|8
83688|9
83688|10
83688|11
83688|12
83688|13
83688|14
83688|15
83688|16
83688|17
83688|18
83688|19
83688|20
83688|21
83688|22
83688|23
83688|24
83688|25
83688|26
84897|1
84897|2
84897|3
94128|25
79156|8
79156|9
79568|1
79568|2
79568|3
79568|4
79568|5
79568|6
79568|7
79568|8
79568|9
79568|10
79568|11
79568|12
79568|13
79568|14
79568|15
79568|16
79568|17
79568|18
79568|19
79568|20
79568|21
79568|22
94774|28
94774|29
95038|1
95038|2
95038|3
95038|4
95038|5
95038|6
95038|7
95038|8
95038|9
95038|10
95038|11
95038|12
95038|13
95038|14
95038|15
95038|16
95038|17
95038|18
95038|19
95038|20
95038|21
95038|22
95038|23
95038|24
95038|25
95038|26
89449|6
84897|4
84897|5
84897|6
84897|7
84897|8
84897|9
84897|10
84897|11
84897|12
84897|13
84897|14
84897|15
84897|16
84897|17
84897|18
84897|19
84897|20
84897|21
84897|22
84897|23
84897|24
85321|1
85321|2
85321|3
85321|4
85321|5
85321|6
85321|7
85321|8
85321|9
85321|10
85321|11
85321|12
85321|13
85321|14
85321|15
85321|16
85321|17
85321|18
89449|7
94128|34
94128|35
94128|36
94128|37
94128|38
94128|39
94128|40
94128|41
94128|42
94128|43
94128|44
94128|45
94128|46
94128|47
94128|48
94128|49
94128|50
94343|0
94343|1
94343|3
94343|4
94343|5
94343|6
94343|7
94343|8
94343|9
94343|10
94343|11
94343|12
94343|13
94343|14
94343|15
94343|16
94343|17
94343|18
94343|19
94343|20
94343|21
94343|22
94343|23
94343|24
94343|25
94343|26
94343|27
94343|28
94343|29
94343|30
94343|31
89449|8
1953|6
79568|23
79568|24
79568|25
79568|26
79568|27
79568|28
79568|29
79568|30
79568|31
79568|32
79568|33
79568|34
79568|35
79568|36
79568|37
84042|1
84042|2
84042|3
84042|4
84042|5
84042|6
89449|9
89449|10
95038|27
96282|1
96282|2
96282|3
96282|4
96282|5
96282|6
96282|7
96282|8
96282|9
96282|10
96282|11
96282|12
96282|13
96282|14
96282|15
96282|16
97919|1
97919|3
97919|4
97919|5
97919|6
97919|7
97919|8
97919|9
97919|10
97919|11
97919|12
97919|13
97919|14
97919|15
95195|10
85321|19
85321|20
85321|21
85321|22
85321|23
85321|24
85321|25
85321|26
85321|27
85575|1
85575|2
85575|3
85575|4
85575|5
85575|6
85575|7
85575|8
85575|9
85575|10
85575|11
85575|12
85575|13
85575|14
89449|1
89449|3
89449|4
89449|5
84042|7
84042|8
84042|9
84042|10
84042|11
84042|12
84042|13
84042|14
84042|15
84042|16
84042|17
84042|18
84042|19
84042|20
88451|1
88451|2
88451|3
88451|4
88451|5
88451|6
88451|7
88451|8
88451|9
88451|10
88451|11
88451|12
88451|13
97919|16
94343|32
94343|33
94343|34
94343|35
94343|36
94343|37
94343|38
94343|39
94343|40
94343|41
94343|42
94343|43
94343|44
94343|45
94343|46
94343|47
94343|48
94343|49
94343|50
95167|1
95167|2
95167|3
95167|4
95167|5
95167|6
95167|7
95167|8
97919|17
88451|14
88451|15
88451|16
88451|17
88451|18
88451|19
88451|20
88451|21
88451|22
88451|23
88451|24
88451|25
88451|26
88451|27
88451|28
88451|29
88451|30
88451|31
88451|32
92514|1
92514|2
92514|3
92514|4
92514|5
89449|11
89449|12
89449|13
89449|14
89449|15
89449|16
89449|17
89449|18
89449|19
89449|20
89449|21
89449|22
89449|23
89449|24
89449|25
89449|26
89449|27
90241|1
90241|2
90241|3
90241|4
90241|5
90241|6
90241|7
90241|8
90241|9
90241|10
90241|11
90241|12
90241|13
90241|14
90241|15
90241|16
90241|17
90241|18
90241|19
90241|20
90241|21
90241|22
90241|23
91679|1
95167|9
95167|10
95167|11
95167|12
98396|1
98396|3
98396|4
98396|5
98396|6
98396|7
98396|8
98396|9
98396|10
98396|11
98396|12
98396|13
98396|14
98396|15
98396|16
98396|17
98396|18
98396|19
98396|20
99348|1
99348|2
99348|3
99348|4
99348|5
96920|18
97919|18
97919|19
97919|20
97919|21
97919|22
97919|23
97919|24
97919|25
97919|26
97919|27
97919|28
97919|29
97919|30
97919|31
97919|32
97919|33
102680|1
102680|3
102680|4
102680|5
102680|6
102680|7
102680|8
102680|9
102680|10
102680|11
102680|12
102680|13
102680|14
102680|15
102680|16
102680|17
102680|18
92514|6
92514|7
92514|8
92514|9
92514|10
92514|11
92514|12
92514|13
92514|14
92514|15
92514|16
92514|17
92514|18
92514|19
92514|20
92514|21
92514|22
92514|23
92514|24
92514|25
92514|26
92514|27
92514|28
92514|29
92514|30
92514|31
92514|32
92514|33
92514|34
92514|35
92514|36
92514|37
92514|38
92514|39
92514|40
102680|20
102680|21
102680|22
103758|1
103758|2
103758|3
105826|1
105826|2
105826|3
105826|4
105826|5
105826|6
105826|7
105826|8
105826|9
105826|10
105826|11
105826|12
105826|13
105826|14
105826|15
105826|16
105826|17
105826|18
105826|19
105826|20
105826|21
105826|22
105826|23
105826|24
105826|25
105826|26
105826|27
105826|28
105826|29
102133|17
93210|1
93210|2
93210|3
93210|4
93210|5
93210|6
93210|7
93210|8
93210|9
93210|10
93210|11
93210|12
93210|13
93210|14
93210|15
93210|16
93210|17
93210|18
93210|19
93210|20
93423|1
93423|2
93423|3
93423|4
93423|5
93423|6
93423|7
93423|8
93835|1
93835|3
93835|4
93835|5
93835|6
93835|7
93835|8
93835|9
93835|10
93835|11
102133|18
91679|2
91679|3
91679|4
91679|5
91679|6
91679|7
91679|8
91679|9
91679|10
91679|11
91679|12
91679|13
91679|14
91679|15
91679|16
91679|17
91679|18
91679|19
91679|20
91679|21
91679|22
91679|23
91679|24
91679|25
91679|26
91679|27
91679|28
91679|29
91679|30
91679|31
96920|1
96920|2
96920|3
96920|4
96920|5
96920|6
96920|7
96920|8
96920|9
96920|10
96920|11
96920|12
96920|13
96920|14
96920|15
96920|16
96920|17
96920|19
96920|20
99648|15
99348|6
99348|7
99348|8
99348|9
99348|10
106210|1
106210|3
106210|4
106210|5
106210|6
106210|7
106210|8
106210|9
106210|10
106210|11
106210|12
106210|13
106210|14
106210|15
106210|16
106210|17
106210|18
106210|19
106210|20
106210|21
106210|22
106210|23
106210|24
106210|25
106210|26
106210|27
106210|28
106210|29
106210|30
106210|31
106210|32
106210|33
102133|10
96920|21
96920|22
96920|23
96920|24
96920|25
96920|26
96920|27
102023|1
102023|2
102023|3
102023|4
102023|5
102023|6
102023|7
102023|8
102023|9
102023|10
102023|11
102023|12
102023|13
102023|14
102023|15
102023|16
102023|17
102023|18
102023|19
102133|1
102133|2
102133|3
102133|4
102133|5
102133|6
102133|7
102133|11
105826|30
105826|31
105826|32
105826|33
105826|34
105826|35
112498|0
112498|1
112498|2
112498|3
112498|4
112498|5
112498|6
112498|7
114778|1
114778|2
114778|3
114778|4
114778|5
114778|6
114778|7
114778|8
114778|9
114778|10
114778|11
115051|1
115051|3
115051|4
115051|5
115051|6
115051|7
115051|8
115051|9
115051|10
115051|11
115051|13
106210|34
106210|35
106210|36
106210|37
106210|38
106210|39
106210|40
106210|41
106210|42
106210|43
106210|44
106210|45
106210|46
106210|47
106210|48
106210|49
106210|50
106210|51
106210|52
106210|53
106210|54
106210|55
106210|56
106210|57
106210|58
107084|1
107084|3
107084|4
107084|5
107084|6
107084|7
107084|8
107084|9
107084|10
107084|11
107084|12
107084|13
107084|14
107084|15
102133|8
102133|9
93835|12
93835|13
93835|14
93835|15
93835|16
93835|17
93835|18
93835|19
93835|20
93835|21
93835|22
93835|23
93835|24
95720|1
95720|2
95720|3
95720|4
95720|5
95720|6
95720|7
95720|8
95720|9
99648|1
99648|2
99648|3
99648|4
99648|5
99648|6
99648|7
99648|8
99648|9
99648|10
99648|11
99648|12
99648|13
99648|14
115051|14
107084|16
107084|17
107084|18
107084|19
110125|1
110125|3
110125|4
110125|5
110125|6
110125|7
110125|8
110125|9
110125|10
110125|11
110125|12
110125|13
110125|14
110125|15
110125|16
110125|17
110125|18
110125|19
113436|1
113436|2
113436|3
113436|4
113436|5
113436|6
113436|7
102133|19
102133|20
102133|21
102133|22
102133|23
102133|24
102133|25
102133|26
102133|27
102133|28
102133|29
102133|30
102133|31
102133|32
102133|33
102133|34
102133|35
102133|36
102133|37
102133|38
102133|39
102133|40
102133|41
102179|1
102179|3
102179|4
102179|5
102179|6
102179|7
102179|8
102179|9
102179|10
102179|11
102179|12
102179|13
102179|14
102179|15
102179|16
1771|8
1771|9
1771|10
1771|11
1771|12
1771|13
1771|14
1771|15
1771|16
1771|17
1771|18
1771|19
1771|20
1771|21
1771|22
1771|23
1771|24
1771|25
1771|26
1771|27
1771|28
1771|29
1771|30
1771|31
1771|32
1771|33
115051|15
1771|35
1771|36
1771|37
1771|38
1771|39
1771|40
1771|41
1771|42
1771|43
1771|44
1771|45
1771|46
1771|47
1771|48
1771|49
1771|50
1771|51
1771|52
1771|53
1771|54
1771|55
1943|1
1943|2
1943|3
1943|4
1943|5
1943|6
1943|7
1943|8
1943|9
102179|17
102179|18
102179|19
102179|20
102179|21
102179|22
102179|23
102179|24
102179|25
102179|26
102179|27
102179|28
102179|29
102179|30
102179|31
102179|32
102179|33
102179|34
102179|35
102179|36
102179|37
102179|38
102179|39
102179|40
102179|41
102179|42
102179|43
102179|44
102179|45
102179|46
102179|47
102179|48
102179|49
102179|50
102179|51
102179|52
102179|53
102179|54
102179|55
102179|56
102179|57
102518|1
102518|2
102518|3
102518|4
102518|5
102518|6
102518|7
102518|8
102518|9
107495|1
107495|2
107495|3
107495|4
107495|5
107495|6
107495|7
107495|8
107495|9
107495|10
107495|11
107495|12
107495|13
107495|14
107495|15
107495|16
107495|17
107495|18
107495|19
63886|7
99648|16
99648|17
99648|18
99648|19
99648|20
99648|21
99648|22
99648|23
99648|24
99648|25
99648|26
99648|27
99648|28
99648|29
99648|30
99648|31
99648|32
99703|1
99703|2
99703|3
99703|4
99703|5
99703|6
99703|7
99703|8
99703|9
99703|10
99703|11
99703|12
99703|13
99703|15
100184|1
100184|2
100184|3
100184|4
100184|5
100184|6
100184|7
30365|24
115051|17
115051|18
115051|19
115051|20
115051|21
115051|22
115051|23
115051|24
115051|25
115051|27
115051|28
115051|29
115051|30
115051|31
115051|32
116076|1
116076|2
116076|3
116076|4
116076|5
116076|6
116076|7
116076|8
116076|9
116076|10
116076|11
116076|12
116076|13
116076|14
134363|5
113436|8
113436|9
113436|10
113436|11
113436|12
113436|13
113436|14
113436|15
120116|1
120116|2
120116|3
120116|4
120116|5
120116|6
120116|7
120116|8
120116|9
120116|10
120116|11
120116|12
120116|13
120116|14
120116|15
120116|16
120116|17
120116|18
120116|19
120116|20
120116|21
120116|22
120116|23
120116|24
105223|25
116076|15
116076|16
116076|17
119967|1
119967|2
119967|3
119967|4
119967|5
119967|6
119967|7
119967|8
119967|9
119967|10
119967|11
119967|12
119967|13
119967|14
119967|15
119967|16
119967|17
120615|1
120615|3
120615|4
120615|5
120615|6
120615|7
120615|8
120615|9
120615|10
120615|11
105223|27
1943|10
1943|11
1943|12
1943|13
1943|14
1943|15
1943|16
1943|17
1943|18
1943|19
1943|20
1943|21
1943|22
1943|23
1943|24
1943|25
1943|26
1943|27
1943|28
1943|29
1943|30
1943|31
1943|32
1943|33
1943|34
1943|35
1943|36
1943|37
1943|38
1943|39
1943|40
1943|41
1943|42
1943|43
1943|44
1943|45
1943|46
1943|47
1943|48
1943|49
1943|50
121660|16
1943|51
1943|52
1943|53
1943|54
1943|55
1943|56
2328|1
2328|2
2328|3
2328|4
2328|5
2328|6
2328|7
2328|8
2328|9
2328|10
2328|11
2328|12
2328|13
2328|14
2328|15
2328|16
2328|17
2328|18
2328|19
2328|20
2328|21
2328|22
120116|25
120116|26
120116|27
120116|28
120116|29
120116|30
120116|31
120116|32
120116|33
120116|34
120116|35
120116|36
120116|37
120116|38
120116|39
120116|40
120116|41
120116|42
120116|43
120116|44
120116|45
120116|46
120116|47
120116|48
120116|49
120116|50
120116|51
120526|1
120526|2
120526|3
120526|4
120526|5
120526|6
63886|8
100184|8
100184|9
100184|10
100184|11
100184|12
100184|13
100184|14
100184|15
100184|16
100184|17
100184|18
100184|19
100184|20
100184|21
100184|22
100184|23
100184|24
100184|25
105966|1
105966|3
105966|4
105966|5
105966|6
105966|7
105966|8
105966|9
105966|10
105966|11
105966|12
105966|13
105966|14
105966|15
2328|23
2328|24
2328|25
2328|26
2328|27
2328|28
2328|29
2328|30
2328|31
2328|32
2328|33
2328|34
2328|35
2328|36
2328|37
2328|38
2328|39
2328|40
2328|41
2328|42
2328|43
2328|44
2328|45
2328|46
2328|47
2328|48
2328|49
2328|50
2328|51
2328|52
2328|53
2328|54
2328|55
2328|56
2328|57
2328|58
2328|59
2328|60
2328|61
2328|62
2328|63
2328|64
2328|65
2328|66
2328|67
2328|68
2328|69
2328|70
2328|71
2328|72
2328|73
2328|74
2328|75
2328|76
2328|77
2328|78
2328|79
2328|80
2328|81
2328|82
2328|83
2328|84
2328|85
2328|86
2328|87
2328|88
2328|89
2328|90
2328|91
2328|92
2328|93
2328|94
2328|95
2328|96
2328|97
2328|98
2328|99
2328|100
2328|101
2328|102
2328|103
2328|104
2328|105
2328|136
2328|106
2328|107
2328|108
2328|109
2328|110
2328|111
2328|112
2328|113
2328|114
2328|115
2328|116
2328|117
2328|118
2328|119
2328|120
2328|121
2328|122
2328|123
2328|124
2328|125
2328|126
2328|127
2328|128
2328|129
2328|130
2328|131
2328|132
2328|133
2328|134
2328|135
107495|20
8924|7
2328|137
2328|138
2328|139
2328|140
2328|141
8194|1
8194|2
8194|3
8194|4
8194|5
8194|6
8194|7
8194|8
8194|9
8194|10
8194|11
8194|12
8194|13
8194|14
8194|15
8194|16
8194|17
8194|18
8665|1
8665|3
8665|4
8665|5
8665|6
8665|7
8665|8
8665|9
8665|10
8665|11
8665|12
8665|13
108841|12
107495|21
107495|22
107495|23
107495|24
107495|25
107495|26
107495|27
107495|28
107495|29
107495|30
107786|1
107786|2
107786|3
107786|4
107786|5
107786|6
107786|7
107786|8
107786|9
107786|10
107786|11
107786|12
107786|13
107786|14
108841|1
108841|3
108841|4
108841|5
108841|6
108841|7
108841|8
108841|9
108841|10
108841|11
105223|28
120526|7
120526|8
120526|9
120526|10
120526|11
120526|12
120526|13
120526|14
120526|15
123734|1
123734|3
123734|4
123734|5
123734|6
123734|7
123734|8
123734|9
123734|10
123734|11
123734|12
123734|13
123734|14
123734|15
123734|16
123734|17
105223|29
105966|16
105966|17
105966|18
105966|19
105966|20
105966|21
105966|22
105966|23
105966|24
105966|25
105966|26
105966|27
105966|28
105966|29
105966|30
105966|31
105966|32
105966|33
105966|34
105966|35
105966|36
113056|1
113056|2
113056|3
113056|4
116540|1
116540|2
116540|3
108841|13
108841|14
120615|12
120615|13
120615|14
120615|15
120615|16
120615|17
120615|18
120615|19
120615|20
120615|21
128232|1
128232|2
128232|3
128232|4
128232|5
128232|6
128232|7
128232|8
128232|9
128232|10
128232|11
128232|12
128232|13
128232|14
128232|15
10451|12
123734|18
123734|19
123734|20
123734|21
123734|22
123734|23
123734|24
123734|25
123734|26
128498|1
128498|2
128498|3
128498|4
128498|5
128498|6
128498|7
128498|8
128498|9
128498|10
128498|11
128498|12
129342|1
129342|2
129342|3
129342|4
129342|5
129342|6
129342|7
129342|8
58236|15
128232|16
128232|17
128232|18
128232|19
129746|1
129746|2
129746|3
129746|4
129746|5
129746|6
129746|7
129746|8
129746|9
129746|10
130205|1
130205|2
130205|3
130205|4
130205|5
130205|6
130205|7
130205|8
130205|9
134305|1
114137|4
114137|5
8665|14
8665|15
8665|16
8665|17
8665|18
8665|19
8665|20
8665|21
8665|22
8665|23
8665|24
8665|25
8665|26
8665|27
8665|28
8665|29
8665|30
8665|31
10451|1
10451|2
10451|3
10451|4
10451|5
10451|6
10451|7
10451|8
10451|9
10451|10
10451|11
116540|4
116540|5
116540|6
116540|7
116540|8
116540|9
116540|10
116540|11
116540|12
123461|1
123461|2
123461|3
123461|4
123461|5
123461|6
123461|7
123461|8
123461|9
123461|10
123461|11
123461|12
123461|13
123461|14
108841|15
108841|16
108841|17
108841|18
108841|19
108841|20
108841|21
108841|22
108841|23
108841|24
108841|25
111354|1
111354|2
111354|3
111354|4
111354|5
111354|6
111354|7
111354|8
111354|9
111354|10
111354|11
111354|12
111354|13
114137|1
114137|2
114137|3
10451|13
10451|14
10451|15
10451|16
10451|17
10451|18
10451|19
10451|20
10451|21
18917|1
18917|2
18917|3
18917|4
18917|5
18917|6
18917|7
18917|8
18917|9
18917|10
18917|11
18917|12
18917|13
18917|14
18917|15
18917|16
18917|17
18917|18
30365|1
30365|2
30365|3
30365|4
30365|5
30365|6
30365|7
30365|8
30365|9
30365|10
30365|11
30365|12
30365|13
30365|14
30365|15
30365|16
30365|17
30365|18
30365|19
30365|20
30365|21
30365|22
30365|23
58236|16
123461|15
123461|16
124231|1
124231|2
124231|3
124231|4
124231|5
124231|6
124231|7
124231|8
124231|9
124231|10
124231|11
124231|12
124231|13
124231|14
124231|15
124231|16
124231|17
124231|18
124231|19
124231|20
124231|21
125850|0
125850|1
125850|2
125850|3
125850|4
125850|5
125850|6
125850|7
125850|9
125850|10
125850|11
70369|10
129342|9
129342|10
129342|11
129342|12
129342|13
129342|14
129342|15
130158|1
130158|2
130158|3
130158|4
130158|5
130158|6
130158|7
130158|8
130158|9
130158|10
130158|11
130158|12
130158|13
130158|14
130158|15
130158|16
130158|17
130158|18
130158|19
130158|20
130158|21
130158|22
130158|23
134363|1
134363|3
134363|4
134305|2
134305|3
134305|4
134305|5
134305|6
134305|7
134305|8
134305|9
134305|10
134305|11
134305|12
134305|13
134305|14
134305|15
134305|16
134305|17
134305|18
134305|19
134305|20
134305|21
134305|22
134305|23
134305|24
134305|25
134305|26
134305|27
134305|28
134305|29
134305|30
134305|31
134305|32
134305|33
134305|34
134305|35
134305|36
134305|37
134305|38
134305|39
114137|6
134305|40
134305|41
134305|42
134305|43
134305|44
138437|1
138437|2
138437|3
138437|5
138437|6
138437|7
138437|8
138437|9
138437|10
138437|11
138437|12
138437|13
138437|14
138437|15
138437|16
138437|17
138437|18
138437|19
138437|20
138437|21
138437|22
138501|1
138501|2
138501|3
138501|4
138501|5
59057|6
114137|7
114137|8
114137|9
114137|10
114137|11
114137|12
114137|13
114137|14
114137|15
114137|16
114137|17
114137|18
114137|19
114137|20
114137|21
114137|22
115305|1
115305|2
115305|3
115305|4
115305|5
115305|6
115305|7
115305|8
115305|9
115305|10
115305|11
115305|12
115305|13
115305|14
115305|15
115305|16
10053|3
30365|25
30365|26
30365|27
30365|28
30365|29
30365|30
30365|31
30365|32
30365|33
30365|34
30365|35
30365|36
30365|37
30365|38
30365|39
30365|40
30365|41
30365|42
30365|43
30365|44
30365|45
30365|46
33418|1
33418|2
33418|3
33418|4
33418|5
33418|6
33418|7
33418|8
33418|9
33418|10
33418|11
33418|12
33418|13
33418|14
33418|15
33418|16
33418|17
33418|18
34928|1
121660|15
134363|6
134363|7
134363|8
134363|9
134363|10
134363|11
134363|12
134363|13
134363|14
134363|15
134363|16
134363|17
134363|18
136574|1
136574|2
136574|3
136574|4
136574|5
136574|6
136574|7
136574|8
136574|9
136574|10
136574|11
136574|12
136574|13
136574|14
115305|17
115305|18
115305|19
117588|1
117588|3
117588|4
117588|5
117588|6
117588|7
117588|8
117588|9
117588|10
117588|11
117588|12
117588|13
117588|14
117588|15
117588|16
117588|17
117588|18
118043|1
118043|3
105223|30
125850|12
126308|1
126308|2
126308|3
126308|4
126308|5
126308|6
126308|7
126308|8
126308|9
126308|10
126308|11
126308|12
126308|13
126308|14
126308|15
126308|16
126308|17
126308|18
126308|19
126308|20
126308|21
126308|22
126308|23
126308|24
126308|25
126308|26
126308|27
126308|28
126308|29
126995|1
126995|2
126995|3
126995|4
126995|5
58236|168
136574|15
136574|16
136574|17
136574|18
136574|19
136574|20
136574|21
136574|22
136574|23
136574|24
136574|25
136574|26
136627|1
136627|2
136627|3
136627|4
136627|5
136627|6
136627|7
136627|8
136627|9
136627|10
136627|11
136627|12
136627|13
136627|14
136627|15
136627|16
136627|17
136627|18
59915|1
58236|169
118043|4
118043|5
118043|6
118043|7
118043|8
118043|9
118043|10
118043|11
118043|12
118043|13
118043|14
118043|15
121660|0
121660|2
121660|3
121660|4
121660|5
121660|6
121660|7
121660|8
121660|9
121660|10
121660|11
121660|12
121660|13
121660|14
134220|1
51870|1
51870|2
51870|3
51870|4
51870|5
51870|6
51870|7
51870|8
51870|9
51870|10
51870|11
51870|12
51870|13
51870|14
51870|15
51870|16
51870|17
51870|18
51870|19
51870|20
51870|21
51870|22
51870|23
52364|1
52364|2
52364|3
52364|4
52364|5
52364|6
52364|7
52364|8
52364|9
52364|10
52364|11
52364|12
54783|1
7639|9
126995|6
126995|7
126995|8
126995|9
126995|10
126995|11
126995|12
126995|13
126995|14
126995|15
126995|16
126995|17
126995|18
126995|19
131286|1
131286|2
131286|3
131286|4
131286|5
131286|6
131286|7
131286|8
131286|9
131286|10
131286|11
131286|12
131286|13
131286|14
131286|15
131286|16
131286|17
131286|18
7639|13
121660|17
121660|18
121660|19
121660|20
121660|21
121660|22
121660|23
121660|24
121660|25
121660|26
121660|27
121660|28
121660|29
121660|30
121660|31
121660|32
121660|33
121660|34
125310|1
125310|2
125310|3
125310|4
125310|5
125310|6
125310|7
125310|8
125310|9
125310|10
125310|11
125310|12
7639|14
7639|15
131286|19
131286|20
131286|21
136590|1
136590|2
136590|3
136590|4
136590|5
136590|6
136590|7
136590|8
136590|9
136590|10
136590|11
136590|12
136590|13
136590|14
136590|15
136590|16
136590|17
136590|18
136590|19
70369|11
70369|12
9950|9
125310|13
125310|14
125310|15
125310|16
126412|1
126412|2
126412|3
126412|4
126412|5
126412|6
126412|7
126412|8
126412|9
126412|10
126412|11
126412|12
126412|13
126412|14
126412|15
126412|16
126412|17
126412|18
126412|19
126412|20
129211|1
129211|2
129211|3
129211|4
129211|5
130414|1
54783|2
54783|3
54783|4
54783|5
54783|6
54783|7
54783|8
54783|9
54783|10
54783|11
54783|12
54783|13
54783|14
54783|15
54783|16
54783|17
54783|18
54783|19
54783|20
54783|21
54783|22
54783|23
54783|24
54783|25
54783|26
54783|27
54783|28
54783|29
54783|30
70369|1
70369|2
70369|3
70369|4
70369|5
70369|6
70369|7
70369|8
70369|9
8731|18
136590|20
136590|21
136590|22
136590|23
136590|24
136590|25
136590|26
136590|27
136590|28
136590|29
136590|30
138878|1
138878|2
138878|3
138878|4
138878|5
138878|6
138878|7
138878|8
138878|9
138878|10
138878|11
138878|12
8731|19
8731|20
8731|21
70369|13
71411|1
71411|2
71411|3
71411|4
71411|5
71411|6
71411|7
71411|8
71411|9
71411|10
71411|11
71411|12
71411|13
71411|14
71411|15
77733|1
77733|2
77733|4
77733|5
77733|6
77733|7
77733|8
77733|9
77733|10
77733|11
77733|12
77733|13
77733|14
77733|15
77733|16
77733|17
77733|18
77733|19
77733|20
77733|21
77733|22
77733|23
77733|24
77733|25
82794|1
82794|2
82794|3
82794|4
82794|5
82794|6
82794|7
82794|8
82794|9
82794|10
82794|11
82794|12
82794|13
82995|1
82995|2
82995|3
82995|4
8731|64
8731|65
130414|3
130414|4
130414|5
130414|6
130414|7
130414|8
130414|9
130414|10
130414|11
130414|12
130414|13
130414|14
130414|15
130414|16
130414|17
130414|18
134463|1
134463|2
134463|3
134463|4
134463|5
134463|6
134463|7
134463|8
134463|9
13290|7
134463|10
134463|11
134463|12
134463|13
134463|14
916|1
916|2
916|3
916|4
916|5
916|6
916|7
916|8
916|9
916|10
916|11
916|12
916|13
916|14
916|15
916|16
916|17
916|18
916|19
916|20
34119|16
134220|3
82995|5
82995|6
82995|7
82995|8
82995|9
82995|10
82995|11
82995|12
82995|13
82995|14
82995|15
82995|16
82995|17
82995|18
82995|19
82995|20
82995|21
82995|22
82995|23
82995|24
82995|25
82995|26
82995|27
82995|28
82995|29
82995|30
82995|31
82995|32
82995|33
82995|34
82995|35
82995|36
82995|37
82995|38
82995|39
82995|40
82995|41
83642|1
83642|3
54595|79
83642|4
83642|5
83642|6
83642|7
83642|8
83642|9
83642|10
83642|11
83642|12
83642|13
83642|14
84286|1
84286|2
84286|3
84286|5
84286|6
84286|7
84286|8
84286|9
84286|10
84286|11
84286|12
84286|13
8731|101
138878|13
6934|1
6934|2
6934|3
6934|4
6934|5
6934|6
6934|7
6934|8
6934|9
6934|10
6934|11
6934|12
6934|13
6934|14
6934|15
8731|1
8731|2
8731|3
8731|4
8731|5
8731|6
8731|7
8731|8
8731|9
8731|10
8731|11
8731|12
8731|13
8731|14
8731|15
8731|16
8731|17
84286|14
84286|15
84286|16
84286|17
85463|1
87815|1
87815|2
87815|3
87815|4
87815|6
87815|7
87815|8
87815|9
87815|10
87815|11
87815|12
87815|13
87815|14
87815|15
87815|16
87815|17
87815|18
87815|19
87815|20
87815|21
87815|22
87815|23
87815|24
87815|25
87815|26
87815|27
87815|28
87815|29
87815|30
87815|31
87815|32
87815|33
87815|34
87815|35
87815|36
87815|37
87815|38
87815|39
87815|40
87815|41
87815|42
87815|43
87815|44
87815|45
87815|46
87815|47
87906|1
87906|2
87906|3
87906|4
87906|5
87906|6
87906|7
87906|8
87906|9
87906|10
87906|11
87906|12
88813|1
88813|2
54595|80
8731|22
8731|23
8731|24
8731|25
8731|26
8731|27
8731|28
8731|29
8731|30
8731|31
8731|32
8731|33
8731|34
8731|35
8731|36
8731|37
8731|38
8731|39
8731|40
8731|41
8731|42
8731|43
8731|44
8731|45
8731|46
8731|47
8731|48
8731|49
8731|50
8731|51
8731|52
8731|53
8731|54
8731|55
8731|56
8731|57
8731|58
8731|59
8731|60
8731|61
8731|62
8731|63
8731|66
8731|67
8731|68
8731|69
8731|70
8731|71
8731|72
8731|73
8731|74
8731|75
8731|76
8731|77
8731|78
8731|79
8731|80
8731|81
8731|82
8731|83
8731|84
8731|85
8731|86
8731|87
8731|88
8731|89
8731|90
8731|91
8731|92
8731|93
8731|94
8731|95
8731|96
8731|97
8731|98
8731|99
8731|100
8731|102
8731|103
8731|104
8731|105
8731|106
8731|107
8731|108
8731|109
8731|110
8731|111
8731|112
8731|113
8731|114
8731|115
8731|116
8731|117
8731|118
8731|119
8731|120
8731|121
8731|122
8731|123
8731|124
8731|125
138501|6
8731|126
8731|127
8731|128
8731|129
8731|130
8731|131
8731|132
8731|133
8731|134
8731|135
8731|136
8731|137
8731|138
8731|139
8731|140
8731|141
8731|142
8731|143
8731|144
8731|145
8731|146
8731|147
8731|148
8731|149
8731|150
138501|7
138501|8
138501|9
7639|10
8731|151
8731|152
8731|153
8731|154
8731|155
8731|156
8731|157
8731|158
8731|159
8731|160
8731|161
8731|162
8731|163
8731|164
8731|165
8731|166
8731|167
8731|168
8731|169
8731|170
8731|171
8731|172
8731|173
8731|174
8731|175
8731|176
8731|177
8924|1
8924|2
8924|3
8924|4
8924|5
8924|6
7639|11
138501|10
138501|11
138501|12
138501|13
138501|14
138501|15
138501|16
138501|17
138501|18
138501|19
138501|20
138501|21
138501|22
138501|23
138501|24
138501|25
138501|26
64323|1
64323|2
64323|3
64323|4
64323|5
64323|6
64323|7
64323|8
64323|9
64323|10
64323|11
64323|12
64323|13
64323|14
64323|15
64323|16
64323|17
88851|14
8924|8
8924|9
8924|10
8924|11
8924|12
8924|13
8924|14
8924|15
8924|16
8924|17
8924|18
8924|19
9929|1
9929|2
9929|3
9929|4
9929|5
9929|6
9929|7
9929|8
9929|9
9929|10
9929|11
9929|12
9929|13
9929|14
9929|15
9929|16
9929|17
9929|18
10053|1
10053|2
64323|18
64323|19
64323|20
64323|21
64323|22
64323|23
97410|1
97410|2
97410|3
97410|4
97410|5
97410|6
97410|7
97410|8
97410|9
97410|10
2759|1
2759|2
2759|3
2759|4
2759|5
2759|6
2759|7
2759|8
2759|9
2759|10
2759|11
2759|31
2759|32
88813|3
88813|4
88813|5
88813|6
88813|7
88813|8
88813|9
88813|10
88813|11
88813|12
88813|13
88813|14
88813|15
88813|16
88813|17
88813|18
88813|19
88813|20
88851|1
88851|2
88851|3
88851|4
88851|5
88851|6
88851|7
88851|8
88851|9
88851|10
88851|11
88851|12
88851|13
10053|4
10053|5
10053|6
10053|7
10053|8
10053|9
10053|10
10053|11
10053|12
10053|13
10053|14
10053|15
10053|16
15861|1
15861|2
15861|3
15861|4
15861|5
15861|6
15861|7
15861|8
15861|9
15861|10
15861|11
15861|12
15861|13
92104|7
7639|12
2759|12
2759|13
2759|14
2759|15
2759|16
2759|17
2759|18
2759|19
2759|20
2759|21
2759|22
2759|23
2759|24
2759|25
2759|26
2759|27
2759|28
2759|29
2759|30
7639|7
7639|8
2759|33
2759|34
2759|35
2759|36
2759|37
2759|38
2759|39
2759|40
2759|41
2759|42
2759|43
2759|44
2759|45
2759|46
3416|1
3416|2
3416|3
3416|4
3416|5
3416|6
3416|7
3416|8
3416|9
3416|10
15861|14
15861|15
15861|16
15861|17
15861|18
15861|19
15861|20
15861|21
15861|22
15861|23
15861|24
15861|25
15861|26
15861|27
15861|28
15861|29
15861|30
15861|31
15861|32
15861|33
15861|34
30006|1
30006|2
30006|3
30006|4
30006|5
30006|6
30006|7
30006|8
30006|9
30006|10
30006|11
30006|12
30006|13
30006|14
30006|15
30006|16
30006|17
30006|18
30006|19
54595|81
91811|1
91811|2
91811|3
91811|4
91811|5
91811|6
91811|7
91811|8
91811|9
91811|10
91811|11
91811|12
91811|13
91811|14
91811|15
91811|16
91811|17
91811|18
91811|19
91811|20
91811|21
91811|22
91811|23
91811|24
91811|25
91811|26
91811|27
91811|28
91811|29
92104|1
92104|2
92104|3
92104|4
92104|5
92104|6
3416|11
3416|12
3416|13
3416|14
3416|15
3416|16
3416|17
3416|18
3416|19
3416|20
3416|21
3416|22
3416|23
3416|24
3416|25
3416|26
3416|27
3416|28
7639|1
7639|2
7639|3
7639|4
7639|5
7639|6
59915|2
59915|3
59915|4
59915|5
59915|6
59915|7
59915|8
59915|9
59915|10
59915|11
59915|12
59915|13
59915|14
59915|15
59915|16
59915|17
59915|18
59915|19
59915|20
59915|21
59915|22
59915|23
59915|24
59915|25
59915|26
59915|27
59915|28
59915|29
1061|1
1061|2
1061|3
1061|4
1061|5
34948|11
34948|12
30006|20
33346|1
33346|2
33346|3
33346|4
33346|5
33346|6
33346|7
33346|8
33346|9
33346|10
33346|11
33346|12
33346|13
33346|14
33346|15
33346|16
33346|17
33346|18
33346|19
33346|20
33346|21
34948|1
34948|3
34948|4
34948|5
34948|6
34948|7
34948|8
34948|9
34948|10
92104|8
92104|9
92104|10
92104|11
92104|12
92104|13
92104|14
92104|15
92104|16
92104|17
92104|18
92104|19
92104|20
92104|21
92104|22
92104|23
92104|24
92104|25
92104|26
92104|27
92104|28
92104|29
92104|30
96906|1
96906|2
96906|3
96906|4
96906|5
96906|6
96906|7
96906|8
96906|9
96906|10
96906|11
96906|12
96906|13
57354|23
7639|16
7639|17
7639|18
7639|19
7639|20
7639|21
7639|22
7639|23
7639|24
7639|25
7639|26
7639|27
7639|28
7639|29
7639|30
7639|31
7639|32
7639|33
7639|34
7639|35
7639|36
7639|37
7639|38
7639|39
7639|40
7639|41
7639|42
7639|43
7639|44
7639|45
7639|46
7639|47
7639|48
7639|49
9950|1
9950|2
9950|3
9950|4
9950|5
9950|6
9950|7
9950|8
1061|6
1061|7
1061|8
1061|9
1061|10
1061|11
1061|12
1061|13
1061|14
1061|15
1061|16
1061|17
1061|18
1061|19
1061|20
2453|1
2453|2
2453|3
2453|4
2453|5
2453|6
2453|7
2453|8
3212|88
57354|118
96906|14
96906|15
96906|16
96906|17
96906|18
96906|19
97200|1
97200|3
97200|4
97200|5
97200|6
97200|7
97200|8
97200|9
97200|10
97200|11
97200|12
97200|13
97200|14
97200|15
97200|16
97200|17
97200|18
97200|19
97200|20
97200|21
97200|22
97200|23
97200|24
97200|25
97200|26
3212|89
57354|119
916|21
916|22
916|23
916|24
916|25
916|26
916|27
916|28
916|29
916|30
916|31
916|32
916|33
916|34
916|35
916|36
916|37
916|38
916|39
916|40
916|41
916|42
916|43
916|44
916|45
34948|13
57354|120
916|46
916|47
916|48
916|49
916|50
916|51
916|52
916|53
916|54
916|55
916|56
916|57
916|58
916|59
916|60
916|61
916|62
916|63
916|64
916|65
916|66
916|67
916|68
916|69
916|70
916|71
2150|1
134758|55
9950|10
9950|11
9950|12
9950|13
9950|14
9950|15
9950|16
9950|17
9950|18
9950|19
9950|20
9950|21
9950|22
32132|1
32132|2
32132|3
32132|4
32132|5
32132|6
32132|7
32132|8
3212|90
34948|14
34948|15
34948|16
34948|17
34948|18
34948|19
34948|20
34948|21
34948|22
34948|23
34948|24
34948|25
34948|26
34948|27
34948|28
34948|29
34948|30
34948|31
34948|32
34948|33
34948|34
34948|35
34948|36
34948|37
34948|38
34948|39
34948|40
34948|41
34948|42
34948|43
34948|44
34948|45
34948|46
34948|47
34948|48
34948|49
97200|27
34948|50
34948|51
34948|52
34948|53
34948|54
56174|1
56174|3
56174|4
56174|5
56174|6
56174|7
56174|8
56174|9
56174|10
56174|11
56174|12
56174|13
56174|14
56174|15
56174|16
56174|17
56174|18
56174|19
56174|20
56174|21
56174|22
56174|23
56174|24
56174|25
56174|26
56174|27
56174|28
2150|2
2150|3
2150|4
2150|5
2150|6
2150|7
2150|8
2150|9
2150|10
2150|11
2150|12
2150|13
2150|14
2150|15
2150|16
2150|17
2150|18
2150|19
56174|29
76523|13
2150|20
2150|21
2150|22
2150|23
2150|24
2150|25
2150|26
6689|1
6689|2
6689|3
6689|4
6689|5
6689|6
6689|7
6689|8
6689|9
6689|10
6689|11
6689|12
6689|13
32132|9
32132|10
32132|11
32132|12
32132|13
32132|14
32132|15
32032|1
32032|2
32032|3
32032|4
32032|5
32032|6
32032|7
32032|8
32032|9
32032|10
32032|11
32032|12
32032|13
32032|14
32032|15
32032|16
32032|17
32032|18
32032|19
59057|5
3212|1
3212|2
3212|3
3212|4
3212|5
3212|6
3212|7
3212|8
3212|9
3212|10
3212|11
3212|12
3212|13
3212|14
3212|15
3212|16
3212|17
3212|18
3212|19
3212|20
3212|21
3212|22
3212|23
3212|24
3212|25
3212|26
3212|27
134758|56
3212|28
3212|29
3212|30
3212|31
3212|32
3212|33
3212|34
3212|35
3212|36
3212|37
3212|38
3212|39
3212|40
3212|41
3212|42
3212|43
3212|44
3212|45
3212|46
3212|47
3212|48
3212|49
3212|50
3212|51
3212|52
3212|53
3212|54
3212|55
99748|1
3212|56
3212|57
3212|58
3212|59
3212|60
3212|61
3212|62
3212|63
3212|64
3212|65
3212|66
3212|67
3212|68
3212|69
3212|70
3212|71
3212|72
3212|73
3212|74
3212|75
3212|76
3212|77
3212|78
3212|79
3212|80
3212|81
3212|82
3212|83
3212|84
3212|85
3212|86
3212|87
58946|47
3212|91
3212|92
3212|93
3212|94
3212|95
3212|96
3212|97
3212|98
3212|99
3212|100
3212|101
3212|102
3212|103
6075|0
6075|1
6075|2
6075|3
6075|4
6075|5
6075|6
6075|7
6075|8
6075|9
6075|10
59057|1
59057|2
59057|3
6689|14
6689|15
6689|16
6689|17
6774|1
7527|1
7527|2
7527|3
7527|4
7527|5
7527|6
7527|7
7527|8
7527|9
7527|10
7527|11
7527|12
7527|13
7527|14
7527|15
7527|16
7527|17
7527|18
7527|19
7527|20
8110|1
8110|2
8110|3
58946|48
99748|2
99748|3
99748|4
99748|5
99748|6
99748|7
99748|8
99748|9
106254|1
106254|2
106254|3
106254|4
106254|5
106254|6
106254|7
106254|8
106254|9
106254|10
106254|11
106254|12
106254|13
106254|14
106254|15
106254|16
106254|17
106254|18
106254|19
106254|20
106254|21
106254|22
106254|23
106254|24
34119|59
34119|60
32032|20
32032|21
32032|22
32032|23
32032|24
32032|25
32032|26
32032|27
32032|28
32032|29
32032|30
32032|31
32032|32
32032|33
32032|34
32032|35
32032|36
32032|37
32032|38
32032|39
32032|40
59057|4
32032|41
32032|42
32032|43
32032|44
32032|45
32032|46
32032|47
32032|48
32032|49
32032|50
32032|51
32032|52
32032|53
32032|54
32032|55
32032|56
32032|57
32032|58
32032|59
32032|60
32032|61
32032|62
34119|61
6075|11
6075|12
6075|13
6075|14
8107|1
8107|2
8107|3
8107|4
8107|5
8107|6
8107|7
8107|8
8107|9
8107|10
8107|11
8107|12
8107|13
8107|14
13290|1
13290|2
13290|3
13290|4
13290|5
13290|6
59057|7
59057|8
59057|9
59057|10
59057|11
59057|12
59057|13
59057|14
59057|15
59057|16
59057|17
59057|18
59057|19
59057|20
63688|1
63688|2
63688|3
63688|4
63688|5
63688|6
63688|7
63688|8
63688|9
63688|10
63688|11
63688|12
63688|13
63688|14
63688|15
63688|16
33619|1
33619|2
33619|3
33619|4
33619|5
33619|6
33619|7
33619|8
33619|9
33619|10
33619|11
33619|12
33619|13
33619|14
33619|15
33619|16
33619|17
33619|18
33619|19
33619|20
33619|21
33619|22
33619|23
33619|24
33619|25
33619|26
49528|1
49528|2
49528|3
49528|4
49528|5
49528|6
49528|7
49528|8
49528|9
49528|10
49528|11
49528|12
8110|4
63688|17
63688|18
63688|19
63688|20
63688|21
63688|22
63688|23
69746|1
69746|2
69746|3
69746|4
69746|5
69746|6
69746|7
69746|8
69746|9
69746|10
69746|11
69746|12
69746|13
69746|14
69746|15
69746|16
69746|17
69746|18
69746|19
69746|20
69746|21
69746|22
69746|23
69746|24
75899|1
75899|2
75899|4
75899|5
50367|11
50367|12
108440|1
108440|2
108440|3
108440|4
108440|5
108440|6
108440|7
108440|8
108440|9
108440|10
108440|11
108440|12
108440|13
108440|14
108440|15
108440|16
108440|17
108440|18
108440|19
108440|20
108440|21
108440|22
108440|23
108440|24
109999|1
109999|2
109999|3
109999|4
109999|5
109999|6
109999|7
109999|8
109999|9
34119|62
34119|63
34119|64
49528|13
49528|14
49528|15
49528|16
49528|17
49528|18
49528|19
49528|20
49528|21
49528|22
50393|1
50393|2
50393|3
50393|4
50393|5
50393|6
50393|7
50393|8
50393|9
50393|10
50393|11
50393|12
50393|13
50393|14
50393|15
50393|16
50393|17
50393|18
50367|8
50367|9
8110|5
8110|6
8110|7
8110|8
8110|9
8110|10
8110|11
8110|12
8110|13
8110|14
8110|15
8110|16
8110|17
8110|18
8110|19
8110|20
8110|21
8110|22
8110|23
8110|24
8110|25
8110|26
8110|27
8110|28
34119|0
34119|1
34119|2
34119|3
34119|4
34119|5
34119|6
34119|7
34119|8
34119|9
34119|10
34119|11
34119|12
34119|13
34119|14
34119|15
13290|8
13290|9
13290|10
13290|11
13290|12
13290|13
13290|14
13290|15
29672|1
29672|2
29672|3
29672|4
29672|5
29672|6
29672|7
29672|8
29672|9
29672|10
29672|11
29672|12
29672|13
29672|14
29672|15
29672|16
30501|1
30501|2
30501|3
30501|4
30501|5
30501|6
30501|7
58946|49
109999|10
109999|11
109999|12
109999|13
109999|14
109999|15
109999|16
109999|17
109999|18
109999|19
111538|1
111538|2
111538|3
111538|4
111538|5
111538|6
111538|7
111538|8
111538|9
114520|1
114520|2
114520|3
114520|4
114520|5
114520|6
114520|7
114520|8
114520|9
114520|10
114520|11
114520|12
114520|13
114520|14
50393|19
50393|20
50393|21
50393|22
50393|23
50393|24
50393|25
50393|26
50393|27
50393|28
50393|29
50393|30
50393|31
50393|32
50393|33
50393|34
50393|35
57756|1
57756|2
57756|3
57756|4
57756|5
57756|6
57756|7
57756|8
57756|9
57756|10
57756|11
57756|12
57756|13
58946|1
58946|50
58946|51
58946|52
58946|53
34119|17
34119|18
34119|19
34119|20
34119|21
34119|22
34119|23
34119|24
34119|25
34119|26
34119|27
34119|28
34119|29
34119|30
34119|31
34119|32
34119|33
34119|34
34119|35
34119|36
34119|37
34119|38
34119|39
34119|40
34119|41
34119|42
34119|43
34119|44
34119|45
34119|46
34119|47
34119|48
34119|49
34119|50
34119|51
34119|52
34119|53
34119|54
34119|55
34119|56
34119|57
34119|58
34119|65
34119|66
34119|67
34119|68
34119|69
34119|70
34119|71
34119|72
34119|73
34119|74
34119|75
34119|76
34119|77
34119|78
34119|79
34119|80
34119|81
34119|82
34119|83
34119|84
34119|85
34119|86
34119|87
34119|88
34119|89
34119|90
34119|91
34119|92
34119|93
34119|94
34119|95
34119|96
34119|97
34119|98
34119|99
34119|100
34119|101
34119|102
34119|103
34119|104
34119|105
34119|106
34119|107
34119|108
34119|109
34119|110
34119|111
34119|112
34119|113
34119|114
34119|115
34119|116
34119|117
34119|118
34119|119
34119|120
34119|121
34119|122
34119|123
34119|124
34119|125
34119|126
34119|127
34119|128
34119|129
34119|130
34119|131
34119|132
34119|133
34119|134
34119|135
34119|136
34119|137
34119|138
34119|139
34119|140
34119|141
34119|142
34119|143
34119|144
34119|145
34119|146
34119|147
34119|148
34119|149
34119|150
34119|151
50367|10
50367|13
58946|54
34119|152
34119|153
34119|154
34119|155
34119|156
34119|157
34119|158
34119|159
34119|160
34119|161
34119|162
34119|163
34119|164
34119|165
34119|166
34119|167
34119|168
34119|169
34119|170
50367|1
50367|2
50367|3
50367|4
50367|5
50367|6
50367|7
75899|6
75899|7
75899|8
75899|9
75899|10
75899|11
75899|12
75899|13
75899|14
75899|15
75899|16
75899|17
75899|18
76523|1
76523|2
76523|3
76523|4
76523|5
76523|6
76523|7
76523|8
76523|9
76523|10
76523|11
76523|12
50367|14
50367|15
50367|16
50367|17
50367|18
50367|19
50367|20
50367|21
50367|22
50367|23
50367|24
50367|25
50367|26
50367|27
50367|28
50367|29
50367|30
50367|31
50367|32
50367|33
50367|34
50367|35
50367|36
50367|37
50367|38
50367|39
50367|40
50367|41
50367|42
50367|43
50367|44
50367|45
50367|46
50367|47
50367|48
50367|49
50367|50
50367|51
50367|52
50367|53
50367|54
50367|55
33719|21
33719|23
30501|8
30501|9
30501|10
30501|11
30501|12
30501|13
30501|14
30501|15
30501|16
33719|0
33719|1
33719|2
33719|3
33719|4
33719|5
33719|6
33719|7
33719|8
33719|9
33719|10
33719|11
33719|12
33719|13
33719|14
33719|15
33719|16
33719|17
33719|18
33719|19
33719|20
33719|96
76523|14
76523|15
76523|16
76523|17
76523|18
76523|19
76523|20
78193|1
78193|2
78193|3
78193|4
78193|5
78193|6
78193|7
78193|8
78386|1
78386|2
78386|3
78386|4
78386|5
65083|27
114520|15
114520|16
114520|17
114520|18
114520|19
114520|20
116173|1
116173|2
116173|3
116173|4
116173|5
116173|6
116173|7
116173|8
116173|9
116173|10
116173|11
116173|12
116173|13
116173|14
120039|1
120039|3
120039|4
120039|5
120039|6
120039|7
120039|8
120039|9
120039|10
120039|11
120039|12
120039|13
120039|14
120039|15
58946|2
58946|3
58946|4
58946|5
58946|6
58946|7
58946|8
58946|9
58946|10
58946|11
58946|12
58946|13
58946|14
58946|15
58946|16
58946|17
58946|18
58946|19
58946|20
58946|21
58946|22
58946|23
58946|24
58946|25
58946|26
58946|27
58946|28
58946|29
58946|30
58946|31
58946|32
58946|33
58946|34
58946|35
58946|36
58946|37
58946|38
58946|39
58946|40
58946|41
58946|42
58946|43
58946|44
58946|45
58946|46
58946|58
58946|59
58946|60
58946|61
58946|62
58946|63
58946|64
58946|65
58946|66
58946|67
58946|68
58946|69
58946|70
58946|71
58946|72
58946|73
58946|74
58946|75
58946|76
58946|77
58946|78
58946|79
58946|80
58946|81
58946|82
58946|83
58946|84
58946|85
58946|86
58946|87
58946|88
58946|89
58946|90
58946|91
58946|92
58946|93
58946|94
58946|95
58946|96
115673|5
58946|97
58946|98
58946|99
58946|100
58946|101
58946|102
58946|103
58946|104
58946|105
58946|106
58946|107
58946|108
58946|109
58946|110
58946|111
58946|112
58946|113
58946|114
58946|115
58946|116
58946|117
58946|118
58946|119
58946|120
58946|121
58946|122
58946|123
58946|124
58946|125
58946|126
58946|127
58946|128
58946|129
58946|130
58946|131
58946|132
58946|133
58946|134
58946|135
58946|136
58946|137
58946|138
58946|139
58946|140
58946|141
33719|22
58946|142
58946|143
58946|144
58946|145
58946|146
58946|147
58946|148
58946|149
58946|150
58946|151
58946|152
58946|153
58946|154
58946|155
58946|156
58946|157
58946|158
58946|159
58946|160
58946|161
58946|162
58946|163
58946|164
58946|165
58946|166
58946|167
58946|168
58946|169
58946|170
58946|171
58946|172
58946|173
58946|174
58946|175
58946|176
58946|177
58946|178
58946|179
58946|180
58946|181
62161|1
62161|2
62161|3
62161|125
62161|126
51598|1
52282|1
52282|2
52282|3
52282|4
52282|5
52282|6
52282|7
52282|8
52282|9
52282|10
52282|11
52282|12
52282|13
52282|14
52282|15
52282|16
52282|17
52282|18
52282|19
52282|20
52282|21
52282|22
52282|72
33719|24
33719|25
33719|26
33719|27
33719|28
33719|29
33719|30
33719|31
33719|32
33719|33
33719|34
33719|35
33719|36
33719|37
33719|38
33719|39
33719|40
33719|41
33719|42
33719|43
33719|44
33719|45
62161|127
33719|46
33719|47
33719|48
33719|49
33719|50
33719|51
33719|52
33719|53
33719|54
33719|55
33719|56
33719|57
33719|58
33719|59
33719|60
33719|61
33719|62
33719|63
33719|64
33719|65
33719|66
33719|67
33719|68
33719|69
33719|70
33719|71
33719|72
33719|73
33719|74
33719|75
33719|76
33719|77
33719|78
33719|79
33719|80
33719|81
33719|82
33719|83
33719|84
33719|85
33719|86
33719|87
33719|88
33719|89
33719|90
33719|91
33719|92
33719|93
33719|94
33719|95
33719|97
33719|98
33719|99
33719|100
33719|101
33719|102
33719|103
33719|104
33719|105
33719|106
33719|107
33719|108
33719|109
33719|110
33719|111
33719|112
33719|113
33719|114
33719|115
33719|116
33719|117
33719|118
33719|119
33719|120
33719|121
33719|122
33719|123
33719|124
33719|125
33719|126
33719|127
33719|128
33719|129
33719|130
33719|131
33719|132
33719|133
33719|134
34317|1
34317|2
34317|3
34317|4
34317|5
34317|6
34317|7
34317|8
34317|9
34317|10
34317|11
34317|12
34317|13
34317|14
10514|10
62161|4
62161|5
62161|6
62161|7
62161|8
62161|9
62161|10
62161|11
62161|12
62161|13
62161|14
62161|15
62161|16
62161|17
62161|18
62161|19
62161|20
62161|21
62161|22
62161|23
62161|24
62161|25
62161|26
62161|27
62161|28
62161|29
62161|30
62161|31
62161|32
62161|33
62161|128
62161|129
62161|130
62161|34
62161|35
62161|36
62161|37
62161|38
62161|39
62161|40
62161|41
62161|42
62161|43
62161|44
62161|45
62161|46
62161|47
62161|48
62161|49
62161|50
62161|51
62161|52
62161|53
62161|54
62161|131
62161|132
52282|73
62161|55
62161|56
62161|57
62161|58
62161|59
62161|60
62161|61
62161|62
62161|63
62161|64
62161|65
62161|66
62161|67
62161|68
62161|69
62161|70
62161|71
62161|72
62161|73
62161|74
62161|75
62161|76
62161|77
62161|78
62161|133
62161|134
62161|79
62161|80
62161|81
62161|82
62161|83
62161|84
62161|85
62161|86
62161|87
62161|88
62161|89
62161|90
62161|91
62161|92
62161|93
62161|94
62161|95
62161|96
62161|97
62161|98
62161|135
62161|136
62161|137
62161|138
62161|99
62161|100
62161|101
62161|102
62161|103
62161|104
62161|105
62161|106
62161|107
62161|108
62161|109
62161|110
62161|111
62161|112
62161|113
62161|114
62161|115
62161|116
62161|117
62161|118
62161|119
62161|120
62161|121
62161|122
62161|123
62161|124
62161|139
62161|140
62161|141
62161|142
62161|143
62161|144
62161|145
62161|146
62161|147
62161|148
62161|149
62161|150
62161|151
62161|152
62161|153
62161|154
62161|155
62161|156
62161|157
62161|158
62161|159
62161|160
62161|161
62161|162
62161|163
62161|164
62161|165
62161|166
62161|167
62161|168
78386|6
62161|169
62161|170
62161|171
62161|172
62161|173
62161|174
62161|175
62161|176
62161|177
62161|178
62161|179
62161|180
62161|181
62161|182
62161|183
62161|184
62161|185
62161|186
62161|187
62161|188
62161|189
62161|190
62161|191
62161|192
62161|193
62161|194
62161|195
62161|196
62161|197
62161|198
62161|199
62161|200
62161|201
62161|202
62161|203
62161|204
62161|205
62161|206
62549|1
62549|2
62549|3
62549|4
62549|5
62549|6
62549|7
62549|8
62549|9
62549|10
62549|11
62549|12
62549|13
62549|14
62549|15
62549|16
62549|17
62549|18
62549|19
62549|20
62549|21
62549|22
62549|23
62549|24
62549|25
62549|26
62549|27
62549|28
62549|29
62549|30
62549|31
62549|32
62549|33
62549|34
62549|35
62549|36
62549|37
62549|38
62549|39
62549|40
62549|41
62549|42
62549|43
62549|44
62549|45
62549|46
62549|47
62549|48
62549|49
62549|50
62549|51
62549|52
62549|53
62549|54
125012|31
78386|7
78386|8
78386|9
78386|10
78386|11
78386|12
78386|13
78386|14
78386|15
80510|1
80510|2
80510|3
80510|4
80510|5
80510|6
80510|7
80510|8
80510|9
80510|10
80510|11
80510|12
80510|13
80510|14
63886|3
63886|4
52282|23
52282|24
52282|25
52282|26
52282|27
52282|28
52282|29
52282|30
52282|31
52282|32
52282|33
52282|34
52282|35
52282|36
52282|37
52282|38
52282|39
52282|40
52282|41
52282|42
52282|43
52282|44
52282|45
52282|74
52282|75
52282|46
52282|47
52282|48
52282|49
52282|50
52282|51
52282|52
52282|53
52282|54
52282|55
52282|56
52282|57
52282|58
52282|59
52282|60
52282|61
52282|62
52282|63
52282|64
52282|65
52282|66
52282|67
52282|68
52282|69
52282|70
52282|71
81467|24
52282|76
52282|77
52282|78
52282|79
52282|80
52282|81
52282|82
52282|83
52282|84
52282|85
52282|86
52282|87
52282|88
52282|89
52282|90
52282|91
52282|92
52282|93
52282|94
52282|95
52282|96
52282|97
52282|98
52282|99
52282|100
52282|101
58236|104
52282|102
52282|103
52282|104
52282|105
52282|106
52282|107
52282|108
52282|109
52282|110
52282|111
52282|112
52282|113
52282|114
52282|115
52282|116
52282|117
52282|118
52282|119
52282|120
52282|121
52282|122
52282|123
52282|124
52282|125
52282|126
52282|127
52282|128
58236|166
52282|129
52282|130
52282|131
52457|1
52457|3
52457|4
52457|5
52457|6
52457|7
52457|8
52457|9
52457|10
52457|11
52457|12
52457|13
52457|14
52457|15
52457|16
52457|17
52457|18
52457|19
52457|20
52457|21
52457|22
52457|23
52504|1
52504|2
52504|3
52504|4
52504|5
52504|6
52504|7
52504|8
52504|9
52504|10
52504|11
52504|12
52504|13
52504|14
52504|15
52504|16
52504|17
52504|18
54595|82
34317|15
34317|16
34317|17
34317|18
34317|19
34317|20
34317|21
34317|22
34317|23
34317|24
34317|25
34317|26
34317|27
54365|1
54365|2
54365|3
54365|4
54365|5
54365|6
54365|7
54365|8
54365|9
54365|10
54365|11
54365|12
54365|13
54365|14
54365|15
54365|16
54365|17
54365|18
81467|25
120039|16
120039|17
120039|18
120039|19
120039|20
120039|21
120039|22
120039|23
120039|24
120039|25
120039|26
120039|27
120039|28
120039|29
120630|1
120630|2
120630|3
120630|4
120630|5
120630|6
120630|7
120630|8
120630|9
120630|10
120630|11
120630|12
120630|13
120630|14
120630|15
120630|16
63886|5
54595|83
62549|55
62549|56
62549|57
62549|58
62549|59
62549|60
62549|61
62549|62
62549|63
62549|64
62549|65
62549|66
62549|67
63865|1
63865|2
63865|3
63865|4
63865|5
63865|6
63865|7
63865|8
63865|9
63865|10
63865|11
63865|12
63865|13
63865|14
63865|15
63886|1
63886|2
63886|6
54365|19
54365|20
54365|21
54365|22
54365|23
54365|24
54365|25
54365|26
54365|27
54365|28
54365|29
54365|30
54365|31
54365|32
54365|33
54365|34
54365|35
54365|36
54365|37
54365|38
54365|39
54365|40
54365|41
54365|42
54365|43
54365|44
54365|45
54365|46
54365|47
54365|48
54365|49
54365|50
54365|51
54365|52
54365|53
54365|54
54365|55
54365|56
54365|57
54365|58
54365|59
54365|60
54365|61
54365|62
54365|63
54365|64
54365|65
54365|66
54365|67
54365|68
54365|69
54365|70
54365|71
54365|72
52504|174
54365|73
54365|74
54365|75
54365|76
54365|77
54365|78
54365|79
54365|80
54365|81
54365|82
54365|83
54365|84
54365|85
54365|86
54365|87
54365|88
54365|89
54365|90
54365|91
54365|92
54365|93
54365|94
54365|95
54365|96
54365|97
54365|98
54365|99
54365|100
54365|101
54365|102
54365|103
54365|104
54365|105
54365|106
54365|107
54365|108
54365|109
54365|110
54365|111
54365|112
54365|113
54365|114
54365|115
54365|116
54365|117
54365|118
54365|119
52504|19
54365|120
54365|121
54365|122
54365|123
54365|124
54365|125
54365|126
54365|127
54365|128
55704|1
55704|2
55704|3
55704|4
55704|5
55704|6
55704|7
55704|8
55704|9
55704|10
55704|11
55704|12
55704|13
55704|14
55704|15
58236|1
58236|2
58236|3
58236|4
58236|5
58236|6
58236|7
58236|8
58236|9
58236|10
58236|11
58236|12
58236|13
58236|14
80510|15
80510|16
80510|17
80510|18
80510|19
80510|20
80510|21
80510|22
80510|23
80510|24
80510|25
80510|26
80510|27
80510|28
80510|29
80510|30
80510|31
80510|32
80510|33
52504|61
52504|62
80510|34
80510|35
80510|36
80510|37
80510|38
80510|39
80510|40
81467|1
81467|2
81467|3
81467|4
81467|5
81467|6
81467|7
81467|8
81467|9
81467|10
81467|11
81467|12
81467|13
81467|14
81467|15
81467|16
81467|17
81467|18
81467|19
81467|20
81467|21
81467|22
81467|23
120630|17
120630|18
120630|19
120630|20
120630|21
120630|22
120630|23
120630|24
120630|25
125012|1
125012|2
125012|3
125012|4
125012|5
125012|6
125012|7
125012|8
125012|9
125012|10
125012|11
125012|12
125012|13
125012|14
125012|15
125012|16
125012|17
125012|18
125012|19
125012|20
125012|21
125012|22
125012|23
125012|24
125012|25
125012|26
125012|27
125012|28
125012|29
125012|30
52504|20
52504|21
52504|22
52504|23
52504|24
52504|25
52504|26
52504|27
52504|28
52504|29
52504|30
52504|31
52504|32
52504|33
52504|34
52504|35
52504|36
52504|37
52504|38
52504|39
52504|40
52504|41
52504|42
52504|43
52504|44
52504|45
52504|46
52504|47
52504|48
52504|49
52504|50
52504|51
52504|52
52504|53
52504|54
52504|55
52504|56
52504|57
52504|58
52504|59
52504|60
52504|66
52504|67
52504|68
52504|69
52504|70
52504|71
52504|72
52504|73
52504|74
52504|75
52504|76
52504|77
52504|78
52504|79
52504|80
52504|81
52504|82
52504|83
52504|84
52504|85
52504|86
52504|87
52504|88
52504|89
52504|90
52504|91
52504|92
52504|93
52504|94
52504|95
52504|96
52504|97
52504|98
52504|99
52504|100
52504|101
52504|102
52504|103
52504|104
52504|106
52504|107
52504|108
52504|109
52504|110
52504|111
52504|112
52504|113
52504|114
52504|115
52504|116
52504|117
52504|118
52504|119
52504|120
52504|121
52504|122
52504|123
52504|124
52504|125
52504|126
52504|127
52504|128
52504|129
52504|130
52504|131
52504|132
52504|133
52504|134
52504|135
52504|136
52504|137
52504|138
52504|139
52504|140
52504|141
52504|144
52504|145
52504|146
52504|147
52504|148
52504|149
52504|150
52504|151
52504|152
52504|153
52504|154
52504|155
52504|156
52504|157
52504|158
52504|159
52504|160
52504|161
52504|162
52504|163
52504|164
52504|165
52504|166
52504|167
52504|168
52504|169
52504|170
52504|171
52504|172
52504|173
52504|175
52504|176
52504|177
52504|178
52504|179
52504|180
52504|181
52504|182
52504|183
52504|184
52504|185
52504|186
52504|187
52504|188
52504|189
52504|190
52504|191
52504|192
52504|193
52504|194
53990|1
53990|2
53990|3
53990|4
53990|5
53990|6
53990|7
53990|8
53990|9
53990|10
53990|11
53990|12
87341|1
87341|2
87341|3
87341|4
87341|5
87341|6
87341|7
87341|8
87341|9
87341|10
87341|11
87341|12
87341|13
87931|1
87931|2
87931|3
87931|4
87931|5
87931|6
87931|7
87931|8
87931|9
87931|10
87931|11
87931|12
87931|13
69323|41
63886|9
63886|10
63886|11
63886|12
63886|13
63886|14
63886|15
63886|16
63886|17
63886|18
63886|19
63886|20
63886|21
63886|22
63886|23
63886|24
63886|25
63886|26
63886|27
63886|28
63886|29
63886|30
66428|1
66428|2
66428|3
66428|4
66428|5
54595|33
58236|17
58236|18
58236|19
58236|20
58236|21
58236|22
58236|23
58236|24
58236|25
58236|26
58236|27
58236|28
58236|29
58236|30
58236|31
58236|32
58236|33
58236|34
58236|35
58236|36
58236|37
58236|38
58236|39
58236|40
58236|41
58236|42
58236|43
58236|44
58236|45
58236|46
58236|47
58236|48
58236|49
58236|50
58236|51
58236|52
58236|53
58236|54
58236|55
58236|56
58236|57
58236|58
58236|59
58236|60
58236|61
58236|62
58236|63
58236|64
58236|65
58236|66
58236|67
58236|68
58236|69
58236|70
58236|71
58236|72
58236|73
58236|74
58236|75
58236|76
58236|77
58236|78
58236|79
58236|80
58236|81
58236|82
58236|83
58236|84
58236|85
58236|86
58236|87
58236|88
58236|89
58236|90
58236|91
58236|92
58236|93
58236|94
58236|95
58236|96
58236|97
58236|98
58236|99
58236|100
58236|101
58236|102
58236|103
58236|105
58236|106
58236|107
58236|108
58236|109
58236|110
58236|111
58236|112
58236|113
58236|114
58236|115
58236|116
58236|117
58236|118
58236|119
58236|120
58236|121
58236|122
58236|123
58236|124
58236|125
58236|126
58236|127
58236|128
58236|129
58236|130
58236|131
58236|132
58236|133
58236|134
58236|135
58236|167
58236|136
58236|137
58236|138
58236|139
58236|140
58236|141
58236|142
58236|143
58236|144
58236|145
58236|146
58236|147
58236|148
58236|149
58236|150
58236|151
58236|152
58236|153
58236|154
58236|155
58236|156
58236|157
58236|158
58236|159
58236|160
58236|161
58236|162
58236|163
58236|164
58236|165
58236|170
58236|171
58236|172
58236|173
58236|174
58236|175
58236|176
58236|177
58236|178
58236|179
58236|180
58236|181
58236|182
58236|183
58236|184
58236|185
58236|186
58236|187
58236|188
58236|189
58236|190
58236|191
58236|192
58236|193
58236|194
58236|195
58236|196
58236|197
58236|198
69323|42
58236|199
58236|200
58236|201
58236|202
58236|203
58236|204
58236|205
58236|206
58236|207
58236|208
58236|209
58236|210
58236|211
58236|212
58236|213
58236|214
58236|215
58236|216
58236|217
58236|218
58883|1
58883|2
58883|3
58883|4
58883|5
58883|6
58883|7
58883|8
58883|9
53990|13
53990|14
53990|15
53990|16
53990|17
53990|18
53990|19
53990|20
53990|21
53990|22
54595|1
54595|2
54595|3
54595|4
54595|5
54595|6
54595|7
54595|8
54595|9
54595|10
54595|11
54595|12
54595|13
54595|14
54595|15
54595|16
54595|17
54595|18
54595|19
54595|20
54595|21
54595|22
54595|23
54595|24
54595|25
54595|26
54595|27
54595|28
54595|29
54595|30
54595|31
54595|32
54595|34
87931|14
87931|15
87931|16
88018|1
88018|2
88018|3
88018|4
88018|5
88018|6
88018|7
88018|8
88018|9
88018|10
88018|11
88018|12
88018|13
88018|14
88018|15
88018|16
88018|17
88018|18
88018|19
88018|20
88824|1
88824|3
88824|4
88824|5
88824|6
88824|7
88824|8
88824|9
88824|10
88824|11
88824|12
57354|21
57354|22
134220|4
134220|5
134220|6
134220|7
134220|8
134220|9
134220|10
134220|11
134220|12
134220|13
134220|14
134220|15
134220|16
134220|17
134220|18
134220|19
134220|20
134220|21
134220|22
134220|23
134220|24
134220|25
134220|26
134220|27
136475|1
136475|3
136475|4
136475|5
136475|6
136475|7
136475|8
136475|9
136475|10
136475|11
136475|12
136475|13
66428|6
66428|7
66428|8
66428|9
69323|1
69323|2
69323|3
69323|4
69323|5
69323|6
69323|7
69323|8
69323|9
69323|10
69323|11
69323|12
69323|13
69323|14
69323|15
69323|16
69323|17
69323|18
69323|19
69323|20
69323|21
69323|22
69323|23
69323|24
69323|25
69323|26
69323|27
69323|28
69323|29
69323|30
69323|31
69323|32
69323|33
69323|34
69323|35
69323|36
69323|37
69323|38
69323|39
69323|40
58883|10
58883|11
58883|12
58883|13
58883|14
58883|15
58883|16
58883|17
60964|1
60964|2
60964|3
60964|4
60964|5
60964|6
60964|7
60964|8
60964|9
60964|10
60964|11
60964|12
60964|13
60964|14
60964|15
60964|16
60964|17
60964|18
60964|19
60964|20
60964|21
60964|22
60964|23
60964|24
60964|25
60964|26
60964|27
60964|28
60964|29
60964|30
60964|31
60964|32
60964|33
60964|34
60964|35
60964|36
60964|37
60964|38
60964|39
60964|40
60964|41
60964|42
60964|43
60964|44
62408|1
62408|2
62408|3
62408|4
62408|5
54595|35
54595|36
54595|37
54595|38
54595|39
54595|40
54595|41
54595|42
54595|43
54595|44
54595|45
54595|46
54595|47
54595|48
54595|49
54595|50
54595|51
54595|52
54595|53
54595|54
54595|55
54595|56
54595|57
54595|58
54595|59
54595|60
54595|61
54595|62
54595|63
54595|64
54595|65
54595|66
54595|67
54595|68
54595|69
54595|70
54595|71
54595|72
54595|73
54595|74
54595|84
55674|1
55674|2
55674|3
55674|4
55674|5
55674|6
55674|7
55674|8
55674|9
55674|10
55674|11
55674|12
57354|1
57354|2
57354|3
57354|4
57354|5
57354|6
57354|7
57354|8
57354|9
57354|10
57354|11
57354|12
57354|13
57354|14
57354|15
57354|16
57354|17
57354|18
57354|19
57354|20
136475|14
136475|15
136475|16
136475|17
136475|18
136475|19
136475|20
136475|21
136475|22
136475|23
136475|24
136475|25
136475|26
136475|27
136475|28
136475|29
136475|30
136475|31
136475|32
136475|33
136475|34
136475|35
136475|36
136475|37
136475|38
136475|39
136475|40
136475|41
136475|42
3328|1
3328|2
3328|3
3328|4
3328|5
3328|6
69591|1
69591|2
69591|3
69591|4
69591|5
69591|6
69591|7
69591|8
70364|1
70364|2
70364|3
70364|4
70364|5
70364|6
70364|7
70364|8
70364|9
70364|10
70364|11
70364|12
70364|13
70364|14
70364|15
70364|16
70364|17
70364|18
70364|19
70364|20
70364|21
62408|6
62408|7
62408|8
62408|9
62408|10
62408|11
62408|12
62408|13
62408|14
62408|15
62408|16
62408|17
62408|18
62408|19
62408|20
62408|21
62408|22
63383|1
63383|2
63383|3
63383|4
63383|5
63383|6
63383|7
63383|8
75069|19
75069|20
88824|13
88824|14
88824|15
88824|16
88824|17
88824|18
88824|19
88824|20
88824|21
88824|22
88824|23
88824|24
88824|25
88824|26
88824|27
88824|28
88824|29
88824|30
88824|31
88824|32
88824|33
88824|34
88824|35
88824|36
88824|37
88824|38
88824|39
88824|40
88824|41
88824|42
89072|1
89072|2
89072|3
89072|4
89072|5
89072|6
89072|7
89072|8
89072|9
89072|10
89072|11
89072|12
75069|21
9188|0
57354|24
57354|25
57354|26
57354|27
57354|28
57354|29
57354|30
57354|31
57354|32
57354|33
57354|34
57354|35
57354|36
57354|37
57354|38
57354|39
57354|40
57354|41
57354|42
57354|43
57354|44
57354|45
57354|46
57354|47
57354|48
57354|49
57354|50
57354|51
57354|52
57354|53
57354|54
57354|55
57354|56
57354|57
57354|58
57354|59
57354|60
57354|61
57354|62
57354|63
57354|64
57354|65
57354|66
57354|67
57354|68
57354|69
57354|70
57354|71
57354|72
57354|73
57354|74
57354|75
57354|76
57354|77
57354|78
57354|79
57354|80
57354|81
57354|82
57354|83
57354|84
57354|85
57354|86
57354|87
57354|88
57354|89
57354|90
57354|91
57354|92
57354|93
57354|94
57354|95
57354|96
57354|97
57354|98
57354|99
57354|100
57354|101
57354|102
57354|103
57354|104
57354|105
57354|106
57354|107
57354|108
57354|109
57354|110
57354|111
57354|112
57354|113
57354|114
57354|115
57354|116
57354|117
57354|121
57354|122
57354|123
57354|124
57354|125
57354|126
57354|127
57354|128
57354|129
57354|130
57354|131
57354|132
57354|133
57354|134
57354|135
57939|1
57939|2
57939|3
57939|4
57939|5
57939|6
57939|7
57939|8
57939|9
57939|10
57939|11
59625|23
70364|22
70364|23
70364|24
70364|25
70364|26
70364|27
70364|28
75069|1
75069|2
75069|3
75069|4
75069|5
75069|7
75069|8
75069|9
75069|10
75069|11
75069|12
75069|13
75069|14
75069|15
75069|16
75069|17
75069|18
89072|13
89072|14
89072|15
89072|16
89072|17
89072|18
89072|19
89072|20
89072|21
89072|22
89072|23
89072|24
89072|25
89072|26
89072|27
92688|1
92688|2
92688|3
